text,label,label_name,category
"הכתובת של אלון מלכה היא רחוב הנביאים 14, ראשון לציון.",1,LEAK,PII_DIRECT
בכנס הטכנולוגיה הוצגו מגמות חדשות בתחום הבינה המלאכותית.,0,NON_LEAK,PUBLIC_INFO
הצוות מבקש להוסיף מסך התחברות חדש למערכת.,0,NON_LEAK,LOW_RISK_CONTEXT
"הכתובת של הילה חדד היא רחוב הגליל 3, מודיעין.",1,LEAK,PII_DIRECT
מפתח ה-API של הסביבה הפנימית נשמר במסמך המצורף.,1,LEAK,AUTH_SECRET
הועבר סיכום כללי של עדכון סטטוס ללא פרטים אישיים.,0,NON_LEAK,BORDERLINE_NON_LEAK
תאריך ההשקה של גרסה 4.2 נקבע ל17/1/2026.,1,LEAK,CONFIDENTIAL_BUSINESS
מספר תעודת הזהות של רון חדד הוא 142892215.,1,LEAK,PII_DIRECT
הצעת המחיר הסופית ללקוח תישלח רק לאחר אישור מנהל מוצר.,1,LEAK,CONFIDENTIAL_BUSINESS
הועבר קובץ עם תלונת משמעת פנימית נגד טל אוחנה.,1,LEAK,LEGAL_HR
"מנהל המוצר ביקש לעדכן את הלו""ז ולשתף את הסטטוס.",0,NON_LEAK,LOW_RISK_CONTEXT
"במסמך האישור מופיעים עידן דנינו, חיפה ומספר הזהות 700612177.",1,LEAK,MIXED_BORDERLINE
"הצעת המחיר הסופית ללקוח תישלח רק לאחר אישור סמנכ""לית כספים.",1,LEAK,CONFIDENTIAL_BUSINESS
סיכום הפגישה כולל גם את תאריך ההשקה 25/10/2026 וגם את פרטי הקשר של רונית פרץ.,1,LEAK,MIXED_BORDERLINE
קוד האימות שנשלח לניר ביטון הוא 483921.,1,LEAK,AUTH_SECRET
בדוח הפנימי מופיעים שמות לקוחות אסטרטגיים ותנאי התקשרות.,1,LEAK,CONFIDENTIAL_BUSINESS
"המסמך מכיל מידע רפואי אישי על יואב לוי, כולל אבחנות ותרופות.",1,LEAK,HEALTH
נייס פרסמה הודעה רשמית על הרחבת הפעילות בבאר שבע.,0,NON_LEAK,PUBLIC_INFO
הסיסמה הזמנית לחשבון של נועה מזרחי היא Welcome2026!.,1,LEAK,AUTH_SECRET
הצוות סיים את פיתוח פלטפורמת ארז ועבר לשלב הבדיקות.,0,NON_LEAK,NON_SENSITIVE_GENERAL
הצעת המחיר הסופית ללקוח תישלח רק לאחר אישור ראש צוות.,1,LEAK,CONFIDENTIAL_BUSINESS
מסמך זה כולל מידע פנימי על תוכנית רימון ואסור לשתף אותו מחוץ לארגון.,1,LEAK,CONFIDENTIAL_BUSINESS
המערכת החדשה תושק ב4/2/2026 לפי הודעה רשמית שפורסמה לכלל העובדים.,0,NON_LEAK,BORDERLINE_NON_LEAK
הפגישה עם מנהל מוצר תתקיים ביום ראשון בבאר שבע.,0,NON_LEAK,NON_SENSITIVE_GENERAL
מספר הטלפון של אלון מלכה הוא 0569622111.,1,LEAK,PII_DIRECT
בכנס הטכנולוגיה הוצגו מגמות חדשות בתחום הבינה המלאכותית.,0,NON_LEAK,PUBLIC_INFO
בדוח משאבי האנוש מופיעים נתוני השכר של דנה דנינו.,1,LEAK,LEGAL_HR
"המסמך מכיל מידע רפואי אישי על דוד כהן, כולל אבחנות ותרופות.",1,LEAK,HEALTH
המסמך כולל תאריך יעד של 15/2/2026 אך אינו מכיל פרטים אישיים.,0,NON_LEAK,BORDERLINE_NON_LEAK
הועבר סיכום כללי של עדכון סטטוס ללא פרטים אישיים.,0,NON_LEAK,BORDERLINE_NON_LEAK
הישיבה תתקיים בחדר הגדול בקומה השנייה.,0,NON_LEAK,LOW_RISK_CONTEXT
הפרויקט עבר לשלב האינטגרציה ונדרשת בדיקת עומסים.,0,NON_LEAK,LOW_RISK_CONTEXT
המסמך כולל תאריך יעד של 14/7/2026 אך אינו מכיל פרטים אישיים.,0,NON_LEAK,BORDERLINE_NON_LEAK
הצוות סיים את פיתוח פרויקט נוגה ועבר לשלב הבדיקות.,0,NON_LEAK,NON_SENSITIVE_GENERAL
בדוח הרפואי של עמית אלקיים מבית החולים אסותא מופיע טיפול רגיש.,1,LEAK,HEALTH
הישיבה תתקיים בחדר הגדול בקומה השנייה.,0,NON_LEAK,LOW_RISK_CONTEXT
החברה הודיעה לציבור על פתיחת מרכז שירות חדש בפתח תקווה.,0,NON_LEAK,PUBLIC_INFO
שם הפרויקט הוא גרסת אפריל והוא יוצג בישיבת הנהלה.,0,NON_LEAK,BORDERLINE_NON_LEAK
בדוח הרפואי של עמית אלקיים מבית החולים שיבא מופיע טיפול רגיש.,1,LEAK,HEALTH
"בדוח הרפואי של ליאור מלכה מבית החולים רמב""ם מופיע טיפול רגיש.",1,LEAK,HEALTH
"פרטי הקשר של רון חדד: טלפון 0511196057, מייל ron.hadad@mail.com.",1,LEAK,PII_DIRECT
"נדרש לעדכן את פרטי הלקוח רון חדד, תעודת זהות 711074118, טלפון 0506179580.",1,LEAK,PII_DIRECT
"בדוח הרפואי של יעל לוי מבית החולים רמב""ם מופיע טיפול רגיש.",1,LEAK,HEALTH
יש לשלוח את הקובץ המעודכן עד סוף היום.,0,NON_LEAK,LOW_RISK_CONTEXT
המערכת החדשה תושק ב18/9/2026 לפי הודעה רשמית שפורסמה לכלל העובדים.,0,NON_LEAK,BORDERLINE_NON_LEAK
"במסמך האישור מופיעים דנה דנינו, פתח תקווה ומספר הזהות 019366462.",1,LEAK,MIXED_BORDERLINE
הצוות סיים את פיתוח פרויקט נוגה ועבר לשלב הבדיקות.,0,NON_LEAK,NON_SENSITIVE_GENERAL
בדוח הרפואי של יואב לוי מבית החולים אסותא מופיע טיפול רגיש.,1,LEAK,HEALTH
בדוח משאבי האנוש מופיעים נתוני השכר של דוד כהן.,1,LEAK,LEGAL_HR
מספר תעודת הזהות של ניר ביטון הוא 937433436.,1,LEAK,PII_DIRECT
הקבוצה תיפגש מחר בבוקר לדיון על תכנון הרבעון הבא.,0,NON_LEAK,NON_SENSITIVE_GENERAL
החברה הודיעה לציבור על פתיחת מרכז שירות חדש בפתח תקווה.,0,NON_LEAK,PUBLIC_INFO
"הקובץ מציג רשימת עובדים עם משכורות, בונוסים וימי מחלה.",1,LEAK,LEGAL_HR
יש לשלוח את הקובץ המעודכן עד סוף היום.,0,NON_LEAK,LOW_RISK_CONTEXT
יש לשלוח את הקובץ המעודכן עד סוף היום.,0,NON_LEAK,LOW_RISK_CONTEXT
הישיבה תתקיים בחדר הגדול בקומה השנייה.,0,NON_LEAK,LOW_RISK_CONTEXT
אין להפיץ את תוצאות הבדיקה של דנה דנינו שנערכו בשיבא.,1,LEAK,HEALTH
הועבר סיכום כללי של דיון שבועי ללא פרטים אישיים.,0,NON_LEAK,BORDERLINE_NON_LEAK
המסמך כולל תאריך יעד של 12/8/2026 אך אינו מכיל פרטים אישיים.,0,NON_LEAK,BORDERLINE_NON_LEAK
שם הפרויקט הוא מבצע שקמה והוא יוצג בישיבת הנהלה.,0,NON_LEAK,BORDERLINE_NON_LEAK
כתובת המייל האישית של ניר ביטון היא nir.biton@outlook.com.,1,LEAK,PII_DIRECT
האתר הרשמי עודכן עם מסמכי ההדרכה החדשים למשתמשים.,0,NON_LEAK,PUBLIC_INFO
מספר כרטיס האשראי של עמית אלקיים הוא 2790058082492546.,1,LEAK,FINANCIAL
הישיבה תתקיים בחדר הגדול בקומה השנייה.,0,NON_LEAK,LOW_RISK_CONTEXT
מסמך זה כולל מידע פנימי על פרויקט דרור ואסור לשתף אותו מחוץ לארגון.,1,LEAK,CONFIDENTIAL_BUSINESS
"הוכן דוח לקוח עבור אלביט, הכולל איש קשר בשם יעל לוי ומייל yael.levi@example.co.il.",1,LEAK,MIXED_BORDERLINE
הפרויקט עבר לשלב האינטגרציה ונדרשת בדיקת עומסים.,0,NON_LEAK,LOW_RISK_CONTEXT
אינטל פרסמה הודעה רשמית על הרחבת הפעילות בתל אביב.,0,NON_LEAK,PUBLIC_INFO
הקבוצה תיפגש מחר בבוקר לדיון על תכנון הרבעון הבא.,0,NON_LEAK,NON_SENSITIVE_GENERAL
הסיסמה הזמנית לחשבון של מאיה ביטון היא Welcome2026!.,1,LEAK,AUTH_SECRET
מסמך זה כולל מידע פנימי על פרויקט דרור ואסור לשתף אותו מחוץ לארגון.,1,LEAK,CONFIDENTIAL_BUSINESS
סיכום הפגישה כולל גם את תאריך ההשקה 24/4/2026 וגם את פרטי הקשר של שירה אברהם.,1,LEAK,MIXED_BORDERLINE
"פרטי החשבון של עמית אלקיים: בנק בנק לאומי, חשבון 9055465491.",1,LEAK,FINANCIAL
סיכום הפגישה כולל גם את תאריך ההשקה 24/5/2026 וגם את פרטי הקשר של אלון מלכה.,1,LEAK,MIXED_BORDERLINE
הועבר סיכום כללי של תכנון רבעון ללא פרטים אישיים.,0,NON_LEAK,BORDERLINE_NON_LEAK
המסמך כולל תאריך יעד של 6/10/2026 אך אינו מכיל פרטים אישיים.,0,NON_LEAK,BORDERLINE_NON_LEAK
תאריך ההשקה של מוצר הדס נקבע ל18/4/2026.,1,LEAK,CONFIDENTIAL_BUSINESS
שם הפרויקט הוא מבצע שקמה והוא יוצג בישיבת הנהלה.,0,NON_LEAK,BORDERLINE_NON_LEAK
מספר כרטיס האשראי של משה אוחנה הוא 6991665749729956.,1,LEAK,FINANCIAL
"המסמך מכיל מידע רפואי אישי על אלון מלכה, כולל אבחנות ותרופות.",1,LEAK,HEALTH
הקבוצה תיפגש מחר בבוקר לדיון על תכנון הרבעון הבא.,0,NON_LEAK,NON_SENSITIVE_GENERAL
הועבר קובץ עם תלונת משמעת פנימית נגד משה אוחנה.,1,LEAK,LEGAL_HR
הפרויקט עבר לשלב האינטגרציה ונדרשת בדיקת עומסים.,0,NON_LEAK,LOW_RISK_CONTEXT
הועבר סיכום כללי של ישיבת צוות ללא פרטים אישיים.,0,NON_LEAK,BORDERLINE_NON_LEAK
בנק הפועלים פרסמה הודעה רשמית על הרחבת הפעילות באשדוד.,0,NON_LEAK,PUBLIC_INFO
הישיבה תתקיים בחדר הגדול בקומה השנייה.,0,NON_LEAK,LOW_RISK_CONTEXT
החברה הודיעה לציבור על פתיחת מרכז שירות חדש בחיפה.,0,NON_LEAK,PUBLIC_INFO
הישיבה תתקיים בחדר הגדול בקומה השנייה.,0,NON_LEAK,LOW_RISK_CONTEXT
לקראת הפגישה עם שרון סעדה הועבר גם מספר הטלפון האישי שלו: 0548955576.,1,LEAK,MIXED_BORDERLINE
סיכום הפגישה כולל גם את תאריך ההשקה 9/1/2026 וגם את פרטי הקשר של רונית פרץ.,1,LEAK,MIXED_BORDERLINE
"במסמך האישור מופיעים רונית פרץ, נתניה ומספר הזהות 356957008.",1,LEAK,MIXED_BORDERLINE
המסמך מסווג פנימי וכולל את תוכנית ההשקה של שירות אביב.,1,LEAK,CONFIDENTIAL_BUSINESS
המסמך כולל סיכום שימוע של שירה אברהם ופרטים אישיים רגישים.,1,LEAK,LEGAL_HR
קופת חולים כללית פרסמה הודעה רשמית על הרחבת הפעילות במודיעין.,0,NON_LEAK,PUBLIC_INFO
סיכום הפגישה כולל גם את תאריך ההשקה 2/8/2026 וגם את פרטי הקשר של רון חדד.,1,LEAK,MIXED_BORDERLINE
הישיבה תתקיים בחדר הגדול בקומה השנייה.,0,NON_LEAK,LOW_RISK_CONTEXT
"במסמך האישור מופיעים שירה אברהם, נתניה ומספר הזהות 977655544.",1,LEAK,MIXED_BORDERLINE
עמית אלקיים עובד בחברת שטראוס בנתניה.,0,NON_LEAK,NON_SENSITIVE_GENERAL
מספר תעודת הזהות של רון חדד הוא 076905981.,1,LEAK,PII_DIRECT
האתר הרשמי עודכן עם מסמכי ההדרכה החדשים למשתמשים.,0,NON_LEAK,PUBLIC_INFO
"הקובץ כולל פרטי גישה למערכת, כולל שם משתמש וסיסמה.",1,LEAK,AUTH_SECRET
מפתח ה-API של הסביבה הפנימית נשמר במסמך המצורף.,1,LEAK,AUTH_SECRET
מספר כרטיס האשראי של שרון סעדה הוא 1799496278854793.,1,LEAK,FINANCIAL
הצוות דן בשיפור חוויית המשתמש של פלטפורמת ארז לקראת הרבעון הבא.,0,NON_LEAK,BORDERLINE_NON_LEAK
תאריך ההשקה של מוצר אופק נקבע ל8/4/2026.,1,LEAK,CONFIDENTIAL_BUSINESS
מפתח ה-API של הסביבה הפנימית נשמר במסמך המצורף.,1,LEAK,AUTH_SECRET
הצוות סיים את פיתוח מוצר הדס ועבר לשלב הבדיקות.,0,NON_LEAK,NON_SENSITIVE_GENERAL
הצעת המחיר הסופית ללקוח תישלח רק לאחר אישור חשב שכר.,1,LEAK,CONFIDENTIAL_BUSINESS
מספר תעודת הזהות של מאיה ביטון הוא 175854209.,1,LEAK,PII_DIRECT
הסיסמה הזמנית לחשבון של יעל לוי היא Welcome2026!.,1,LEAK,AUTH_SECRET
בפגישה עם יועץ משפטי סוכם כי פלטפורמת ארז יושק ב25/9/2026.,1,LEAK,CONFIDENTIAL_BUSINESS
"מנהל המוצר ביקש לעדכן את הלו""ז ולשתף את הסטטוס.",0,NON_LEAK,LOW_RISK_CONTEXT
בכנס הטכנולוגיה הוצגו מגמות חדשות בתחום הבינה המלאכותית.,0,NON_LEAK,PUBLIC_INFO
בפגישה עם מנהל מוצר סוכם כי מוצר הדס יושק ב17/12/2026.,1,LEAK,CONFIDENTIAL_BUSINESS
קוד האימות שנשלח לנועה מזרחי הוא 483921.,1,LEAK,AUTH_SECRET
הועבר סיכום כללי של סקר שביעות רצון ללא פרטים אישיים.,0,NON_LEAK,BORDERLINE_NON_LEAK
התיק הרפואי של ניר ביטון מציין אבחנה של אסתמה.,1,LEAK,HEALTH
"המסמך מכיל מידע רפואי אישי על מאיה ביטון, כולל אבחנות ותרופות.",1,LEAK,HEALTH
בדוח משאבי האנוש מופיעים נתוני השכר של מיכל כהן.,1,LEAK,LEGAL_HR
החברה הודיעה לציבור על פתיחת מרכז שירות חדש בראשון לציון.,0,NON_LEAK,PUBLIC_INFO
הצוות סיים את פיתוח מוצר הדס ועבר לשלב הבדיקות.,0,NON_LEAK,NON_SENSITIVE_GENERAL
הפרויקט עבר לשלב האינטגרציה ונדרשת בדיקת עומסים.,0,NON_LEAK,LOW_RISK_CONTEXT
הצוות דן בשיפור חוויית המשתמש של פלטפורמת ארז לקראת הרבעון הבא.,0,NON_LEAK,BORDERLINE_NON_LEAK
הישיבה תתקיים בחדר הגדול בקומה השנייה.,0,NON_LEAK,LOW_RISK_CONTEXT
כתובת המייל האישית של שרון סעדה היא sharon.saada@org.co.il.,1,LEAK,PII_DIRECT
"מנהל המוצר ביקש לעדכן את הלו""ז ולשתף את הסטטוס.",0,NON_LEAK,LOW_RISK_CONTEXT
האתר הרשמי עודכן עם מסמכי ההדרכה החדשים למשתמשים.,0,NON_LEAK,PUBLIC_INFO
יש לשלוח את הקובץ המעודכן עד סוף היום.,0,NON_LEAK,LOW_RISK_CONTEXT
המצגת עודכנה וכוללת את סטטוס המשימות לשבוע הקרוב.,0,NON_LEAK,NON_SENSITIVE_GENERAL
מספר תעודת הזהות של רונית פרץ הוא 134120990.,1,LEAK,PII_DIRECT
לקראת הפגישה עם אלון מלכה הועבר גם מספר הטלפון האישי שלו: 0527944538.,1,LEAK,MIXED_BORDERLINE
מסמך זה כולל מידע פנימי על גרסת אפריל ואסור לשתף אותו מחוץ לארגון.,1,LEAK,CONFIDENTIAL_BUSINESS
בדוח הפנימי מופיעים שמות לקוחות אסטרטגיים ותנאי התקשרות.,1,LEAK,CONFIDENTIAL_BUSINESS
בדוח משאבי האנוש מופיעים נתוני השכר של נועם מזרחי.,1,LEAK,LEGAL_HR
המערכת החדשה תושק ב2/9/2026 לפי הודעה רשמית שפורסמה לכלל העובדים.,0,NON_LEAK,BORDERLINE_NON_LEAK
לקראת הפגישה עם מאיה ביטון הועבר גם מספר הטלפון האישי שלו: 0510677508.,1,LEAK,MIXED_BORDERLINE
הצוות סיים את פיתוח מערכת קשת ועבר לשלב הבדיקות.,0,NON_LEAK,NON_SENSITIVE_GENERAL
המערכת החדשה תושק ב15/4/2026 לפי הודעה רשמית שפורסמה לכלל העובדים.,0,NON_LEAK,BORDERLINE_NON_LEAK
"נא לא לשלוח החוצה את דוח הגבייה של אורן אברהם עם סכום 17,551 ש""ח.",1,LEAK,FINANCIAL
הצוות סיים את פיתוח מערכת קשת ועבר לשלב הבדיקות.,0,NON_LEAK,NON_SENSITIVE_GENERAL
בכנס הטכנולוגיה הוצגו מגמות חדשות בתחום הבינה המלאכותית.,0,NON_LEAK,PUBLIC_INFO
קוד האימות שנשלח לדנה דנינו הוא 483921.,1,LEAK,AUTH_SECRET
המסמך כולל סיכום שימוע של נועם מזרחי ופרטים אישיים רגישים.,1,LEAK,LEGAL_HR
החברה הודיעה לציבור על פתיחת מרכז שירות חדש בחיפה.,0,NON_LEAK,PUBLIC_INFO
הקבוצה תיפגש מחר בבוקר לדיון על תכנון הרבעון הבא.,0,NON_LEAK,NON_SENSITIVE_GENERAL
המצגת עודכנה וכוללת את סטטוס המשימות לשבוע הקרוב.,0,NON_LEAK,NON_SENSITIVE_GENERAL
מספר תעודת הזהות של נועה מזרחי הוא 690650215.,1,LEAK,PII_DIRECT
"המסמך מכיל מידע רפואי אישי על משה אוחנה, כולל אבחנות ותרופות.",1,LEAK,HEALTH
סיכום הפגישה כולל גם את תאריך ההשקה 5/11/2026 וגם את פרטי הקשר של מאיה ביטון.,1,LEAK,MIXED_BORDERLINE
המצגת עודכנה וכוללת את סטטוס המשימות לשבוע הקרוב.,0,NON_LEAK,NON_SENSITIVE_GENERAL
הקבוצה תיפגש מחר בבוקר לדיון על תכנון הרבעון הבא.,0,NON_LEAK,NON_SENSITIVE_GENERAL
"מנהל המוצר ביקש לעדכן את הלו""ז ולשתף את הסטטוס.",0,NON_LEAK,LOW_RISK_CONTEXT
"מנהל המוצר ביקש לעדכן את הלו""ז ולשתף את הסטטוס.",0,NON_LEAK,LOW_RISK_CONTEXT
המערכת החדשה תושק ב11/2/2026 לפי הודעה רשמית שפורסמה לכלל העובדים.,0,NON_LEAK,BORDERLINE_NON_LEAK
"בדוח מופיעים פרטי חיוב של לקוחות, כולל מספרי חשבון וסכומים.",1,LEAK,FINANCIAL
הועבר קובץ עם תלונת משמעת פנימית נגד שרון סעדה.,1,LEAK,LEGAL_HR
"הוכן דוח לקוח עבור מכבי שירותי בריאות, הכולל איש קשר בשם ניר ביטון ומייל nir.biton@outlook.com.",1,LEAK,MIXED_BORDERLINE
הצעת המחיר הסופית ללקוח תישלח רק לאחר אישור יועץ משפטי.,1,LEAK,CONFIDENTIAL_BUSINESS
גוגל ישראל פרסמה הודעה רשמית על הרחבת הפעילות במודיעין.,0,NON_LEAK,PUBLIC_INFO
"נא לא לשלוח החוצה את דוח הגבייה של דוד כהן עם סכום 11,956 ש""ח.",1,LEAK,FINANCIAL
החברה הודיעה לציבור על פתיחת מרכז שירות חדש בנתניה.,0,NON_LEAK,PUBLIC_INFO
קוד האימות שנשלח למיכל כהן הוא 483921.,1,LEAK,AUTH_SECRET
מפתח ה-API של הסביבה הפנימית נשמר במסמך המצורף.,1,LEAK,AUTH_SECRET
"נא לא לשלוח החוצה את דוח הגבייה של נועה מזרחי עם סכום 16,055 ש""ח.",1,LEAK,FINANCIAL
מפתח ה-API של הסביבה הפנימית נשמר במסמך המצורף.,1,LEAK,AUTH_SECRET
התיק הרפואי של עמית אלקיים מציין אבחנה של סוכרת.,1,LEAK,HEALTH
"בדוח מופיעים פרטי חיוב של לקוחות, כולל מספרי חשבון וסכומים.",1,LEAK,FINANCIAL
"בדוח מופיעים פרטי חיוב של לקוחות, כולל מספרי חשבון וסכומים.",1,LEAK,FINANCIAL
בכנס הטכנולוגיה הוצגו מגמות חדשות בתחום הבינה המלאכותית.,0,NON_LEAK,PUBLIC_INFO
הצעת המחיר הסופית ללקוח תישלח רק לאחר אישור מנהל מוצר.,1,LEAK,CONFIDENTIAL_BUSINESS
סיכום הפגישה כולל גם את תאריך ההשקה 21/5/2026 וגם את פרטי הקשר של אלון מלכה.,1,LEAK,MIXED_BORDERLINE
התיק הרפואי של הילה חדד מציין אבחנה של לחץ דם גבוה.,1,LEAK,HEALTH
יש לשלוח את הקובץ המעודכן עד סוף היום.,0,NON_LEAK,LOW_RISK_CONTEXT
"הקובץ כולל פרטי גישה למערכת, כולל שם משתמש וסיסמה.",1,LEAK,AUTH_SECRET
הצעת המחיר הסופית ללקוח תישלח רק לאחר אישור מנהל אבטחת מידע.,1,LEAK,CONFIDENTIAL_BUSINESS
"הצעת המחיר הסופית ללקוח תישלח רק לאחר אישור סמנכ""לית כספים.",1,LEAK,CONFIDENTIAL_BUSINESS
המצגת עודכנה וכוללת את סטטוס המשימות לשבוע הקרוב.,0,NON_LEAK,NON_SENSITIVE_GENERAL
"המסמך מכיל מידע רפואי אישי על יעל לוי, כולל אבחנות ותרופות.",1,LEAK,HEALTH
הועבר סיכום כללי של סקר שביעות רצון ללא פרטים אישיים.,0,NON_LEAK,BORDERLINE_NON_LEAK
המצגת עודכנה וכוללת את סטטוס המשימות לשבוע הקרוב.,0,NON_LEAK,NON_SENSITIVE_GENERAL
בדוח הרפואי של נועם מזרחי מבית החולים איכילוב מופיע טיפול רגיש.,1,LEAK,HEALTH
קוד האימות שנשלח לשרון סעדה הוא 483921.,1,LEAK,AUTH_SECRET
הפגישה עם מנהלת משאבי אנוש תתקיים ביום ראשון בראשון לציון.,0,NON_LEAK,NON_SENSITIVE_GENERAL
"הקובץ כולל פרטי גישה למערכת, כולל שם משתמש וסיסמה.",1,LEAK,AUTH_SECRET
הסיסמה הזמנית לחשבון של אורן אברהם היא Welcome2026!.,1,LEAK,AUTH_SECRET
"פרטי הקשר של אלון מלכה: טלפון 0583174036, מייל alon.malka@mail.com.",1,LEAK,PII_DIRECT
הפגישה עם מנהל מוצר תתקיים ביום ראשון בתל אביב.,0,NON_LEAK,NON_SENSITIVE_GENERAL
כתובת המייל האישית של מאיה ביטון היא maya.biton@mail.com.,1,LEAK,PII_DIRECT
יש לשלוח את הקובץ המעודכן עד סוף היום.,0,NON_LEAK,LOW_RISK_CONTEXT
"המסמך מכיל מידע רפואי אישי על איתי פרץ, כולל אבחנות ותרופות.",1,LEAK,HEALTH
המסמך כולל תאריך יעד של 24/10/2026 אך אינו מכיל פרטים אישיים.,0,NON_LEAK,BORDERLINE_NON_LEAK
החברה הודיעה לציבור על פתיחת מרכז שירות חדש בחיפה.,0,NON_LEAK,PUBLIC_INFO
בכנס הטכנולוגיה הוצגו מגמות חדשות בתחום הבינה המלאכותית.,0,NON_LEAK,PUBLIC_INFO
יש לשלוח את הקובץ המעודכן עד סוף היום.,0,NON_LEAK,LOW_RISK_CONTEXT
שטראוס פרסמה הודעה רשמית על הרחבת הפעילות במודיעין.,0,NON_LEAK,PUBLIC_INFO
הצוות דן בשיפור חוויית המשתמש של מנוע זית לקראת הרבעון הבא.,0,NON_LEAK,BORDERLINE_NON_LEAK
הפרויקט עבר לשלב האינטגרציה ונדרשת בדיקת עומסים.,0,NON_LEAK,LOW_RISK_CONTEXT
שם הפרויקט הוא פרויקט דרור והוא יוצג בישיבת הנהלה.,0,NON_LEAK,BORDERLINE_NON_LEAK
סיכום הפגישה כולל גם את תאריך ההשקה 8/8/2026 וגם את פרטי הקשר של עמית אלקיים.,1,LEAK,MIXED_BORDERLINE
בזק פרסמה הודעה רשמית על הרחבת הפעילות בהרצליה.,0,NON_LEAK,PUBLIC_INFO
מפתח ה-API של הסביבה הפנימית נשמר במסמך המצורף.,1,LEAK,AUTH_SECRET
התיק הרפואי של שירה אברהם מציין אבחנה של סוכרת.,1,LEAK,HEALTH
הפגישה עם מנהל פיתוח תתקיים ביום ראשון בנתניה.,0,NON_LEAK,NON_SENSITIVE_GENERAL
המסמך כולל סיכום שימוע של מאיה ביטון ופרטים אישיים רגישים.,1,LEAK,LEGAL_HR
הפרויקט עבר לשלב האינטגרציה ונדרשת בדיקת עומסים.,0,NON_LEAK,LOW_RISK_CONTEXT
הפגישה עם ראש צוות תתקיים ביום ראשון בנתניה.,0,NON_LEAK,NON_SENSITIVE_GENERAL
בדוח משאבי האנוש מופיעים נתוני השכר של דוד כהן.,1,LEAK,LEGAL_HR
הקבוצה תיפגש מחר בבוקר לדיון על תכנון הרבעון הבא.,0,NON_LEAK,NON_SENSITIVE_GENERAL
מפתח ה-API של הסביבה הפנימית נשמר במסמך המצורף.,1,LEAK,AUTH_SECRET
מסמך זה כולל מידע פנימי על מבצע שקמה ואסור לשתף אותו מחוץ לארגון.,1,LEAK,CONFIDENTIAL_BUSINESS
הקבוצה תיפגש מחר בבוקר לדיון על תכנון הרבעון הבא.,0,NON_LEAK,NON_SENSITIVE_GENERAL
בפגישה עם מנהל פיתוח סוכם כי מודול ברק יושק ב13/9/2026.,1,LEAK,CONFIDENTIAL_BUSINESS
בכנס הטכנולוגיה הוצגו מגמות חדשות בתחום הבינה המלאכותית.,0,NON_LEAK,PUBLIC_INFO
"במסמך האישור מופיעים דוד כהן, חיפה ומספר הזהות 370965404.",1,LEAK,MIXED_BORDERLINE
הצוות מבקש להוסיף מסך התחברות חדש למערכת.,0,NON_LEAK,LOW_RISK_CONTEXT
הצוות סיים את פיתוח מערכת קשת ועבר לשלב הבדיקות.,0,NON_LEAK,NON_SENSITIVE_GENERAL
בכנס הטכנולוגיה הוצגו מגמות חדשות בתחום הבינה המלאכותית.,0,NON_LEAK,PUBLIC_INFO
הקבוצה תיפגש מחר בבוקר לדיון על תכנון הרבעון הבא.,0,NON_LEAK,NON_SENSITIVE_GENERAL
הצעת המחיר הסופית ללקוח תישלח רק לאחר אישור ראש צוות.,1,LEAK,CONFIDENTIAL_BUSINESS
הועבר סיכום כללי של עדכון סטטוס ללא פרטים אישיים.,0,NON_LEAK,BORDERLINE_NON_LEAK
בכנס הטכנולוגיה הוצגו מגמות חדשות בתחום הבינה המלאכותית.,0,NON_LEAK,PUBLIC_INFO
מספר הטלפון של עידן דנינו הוא 0543280984.,1,LEAK,PII_DIRECT
אין להפיץ את תוצאות הבדיקה של ניר ביטון שנערכו בסורוקה.,1,LEAK,HEALTH
"מנהל המוצר ביקש לעדכן את הלו""ז ולשתף את הסטטוס.",0,NON_LEAK,LOW_RISK_CONTEXT
בכנס הטכנולוגיה הוצגו מגמות חדשות בתחום הבינה המלאכותית.,0,NON_LEAK,PUBLIC_INFO
הפרויקט עבר לשלב האינטגרציה ונדרשת בדיקת עומסים.,0,NON_LEAK,LOW_RISK_CONTEXT
שם הפרויקט הוא מבצע שקמה והוא יוצג בישיבת הנהלה.,0,NON_LEAK,BORDERLINE_NON_LEAK
הפגישה עם מנהל מוצר תתקיים ביום ראשון באשדוד.,0,NON_LEAK,NON_SENSITIVE_GENERAL
"נא לא לשלוח החוצה את דוח הגבייה של ניר ביטון עם סכום 8,050 ש""ח.",1,LEAK,FINANCIAL
המערכת החדשה תושק ב18/5/2026 לפי הודעה רשמית שפורסמה לכלל העובדים.,0,NON_LEAK,BORDERLINE_NON_LEAK
איתי פרץ עובד בחברת בנק לאומי בירושלים.,0,NON_LEAK,NON_SENSITIVE_GENERAL
הועבר סיכום כללי של סקר שביעות רצון ללא פרטים אישיים.,0,NON_LEAK,BORDERLINE_NON_LEAK
מספר כרטיס האשראי של עידן דנינו הוא 8476144659040817.,1,LEAK,FINANCIAL
החברה הודיעה לציבור על פתיחת מרכז שירות חדש בראשון לציון.,0,NON_LEAK,PUBLIC_INFO
הקבוצה תיפגש מחר בבוקר לדיון על תכנון הרבעון הבא.,0,NON_LEAK,NON_SENSITIVE_GENERAL
"פרטי החשבון של נועם מזרחי: בנק בנק לאומי, חשבון 8641989782.",1,LEAK,FINANCIAL
"מנהל המוצר ביקש לעדכן את הלו""ז ולשתף את הסטטוס.",0,NON_LEAK,LOW_RISK_CONTEXT
הקבוצה תיפגש מחר בבוקר לדיון על תכנון הרבעון הבא.,0,NON_LEAK,NON_SENSITIVE_GENERAL
הישיבה תתקיים בחדר הגדול בקומה השנייה.,0,NON_LEAK,LOW_RISK_CONTEXT
בדוח הפנימי מופיעים שמות לקוחות אסטרטגיים ותנאי התקשרות.,1,LEAK,CONFIDENTIAL_BUSINESS
שם הפרויקט הוא פרויקט דרור והוא יוצג בישיבת הנהלה.,0,NON_LEAK,BORDERLINE_NON_LEAK
המסמך כולל סיכום שימוע של אורן אברהם ופרטים אישיים רגישים.,1,LEAK,LEGAL_HR
הצוות סיים את פיתוח גרסה 4.2 ועבר לשלב הבדיקות.,0,NON_LEAK,NON_SENSITIVE_GENERAL
מספר כרטיס האשראי של נועה מזרחי הוא 8075223662451763.,1,LEAK,FINANCIAL
המערכת החדשה תושק ב3/5/2026 לפי הודעה רשמית שפורסמה לכלל העובדים.,0,NON_LEAK,BORDERLINE_NON_LEAK
הצוות סיים את פיתוח מערכת קשת ועבר לשלב הבדיקות.,0,NON_LEAK,NON_SENSITIVE_GENERAL
הצוות סיים את פיתוח שירות אביב ועבר לשלב הבדיקות.,0,NON_LEAK,NON_SENSITIVE_GENERAL
החברה הודיעה לציבור על פתיחת מרכז שירות חדש בהרצליה.,0,NON_LEAK,PUBLIC_INFO
ליאור מלכה עובד בחברת גוגל ישראל בתל אביב.,0,NON_LEAK,NON_SENSITIVE_GENERAL
"בדוח הרפואי של דוד כהן מבית החולים רמב""ם מופיע טיפול רגיש.",1,LEAK,HEALTH
בדוח הרפואי של יעל לוי מבית החולים איכילוב מופיע טיפול רגיש.,1,LEAK,HEALTH
יש לשלוח את הקובץ המעודכן עד סוף היום.,0,NON_LEAK,LOW_RISK_CONTEXT
הישיבה תתקיים בחדר הגדול בקומה השנייה.,0,NON_LEAK,LOW_RISK_CONTEXT
תאריך ההשקה של שירות אביב נקבע ל4/9/2026.,1,LEAK,CONFIDENTIAL_BUSINESS
בכנס הטכנולוגיה הוצגו מגמות חדשות בתחום הבינה המלאכותית.,0,NON_LEAK,PUBLIC_INFO
יש לשלוח את הקובץ המעודכן עד סוף היום.,0,NON_LEAK,LOW_RISK_CONTEXT
מספר תעודת הזהות של יואב לוי הוא 818888563.,1,LEAK,PII_DIRECT
"הקובץ כולל פרטי גישה למערכת, כולל שם משתמש וסיסמה.",1,LEAK,AUTH_SECRET
המצגת עודכנה וכוללת את סטטוס המשימות לשבוע הקרוב.,0,NON_LEAK,NON_SENSITIVE_GENERAL
"פרטי הקשר של דוד כהן: טלפון 0590197906, מייל david.cohen@company.co.il.",1,LEAK,PII_DIRECT
מספר הטלפון של אורן אברהם הוא 0588000005.,1,LEAK,PII_DIRECT
אורן אברהם עובד בחברת קופת חולים כללית בתל אביב.,0,NON_LEAK,NON_SENSITIVE_GENERAL
"הועבר תשלום בגובה 13,837 ש""ח מחשבון 9366277351 של משה אוחנה.",1,LEAK,FINANCIAL
הועבר סיכום כללי של תכנון רבעון ללא פרטים אישיים.,0,NON_LEAK,BORDERLINE_NON_LEAK
הישיבה תתקיים בחדר הגדול בקומה השנייה.,0,NON_LEAK,LOW_RISK_CONTEXT
המסמך מסווג פנימי וכולל את תוכנית ההשקה של פרויקט נוגה.,1,LEAK,CONFIDENTIAL_BUSINESS
בדוח הפנימי מופיעים שמות לקוחות אסטרטגיים ותנאי התקשרות.,1,LEAK,CONFIDENTIAL_BUSINESS
בדוח הרפואי של אלון מלכה מבית החולים אסותא מופיע טיפול רגיש.,1,LEAK,HEALTH
סיכום הפגישה כולל גם את תאריך ההשקה 12/6/2026 וגם את פרטי הקשר של איתי פרץ.,1,LEAK,MIXED_BORDERLINE
מספר תעודת הזהות של יעל לוי הוא 443634996.,1,LEAK,PII_DIRECT
"הכתובת של דוד כהן היא רחוב הזית 11, באר שבע.",1,LEAK,PII_DIRECT
קופת חולים כללית פרסמה הודעה רשמית על הרחבת הפעילות בבאר שבע.,0,NON_LEAK,PUBLIC_INFO
אין להפיץ את תוצאות הבדיקה של נועה מזרחי שנערכו בסורוקה.,1,LEAK,HEALTH
בכנס הטכנולוגיה הוצגו מגמות חדשות בתחום הבינה המלאכותית.,0,NON_LEAK,PUBLIC_INFO
החברה הודיעה לציבור על פתיחת מרכז שירות חדש בחיפה.,0,NON_LEAK,PUBLIC_INFO
מספר כרטיס האשראי של יואב לוי הוא 7200786426297308.,1,LEAK,FINANCIAL
המערכת החדשה תושק ב12/2/2026 לפי הודעה רשמית שפורסמה לכלל העובדים.,0,NON_LEAK,BORDERLINE_NON_LEAK
הועבר סיכום כללי של עדכון סטטוס ללא פרטים אישיים.,0,NON_LEAK,BORDERLINE_NON_LEAK
הפגישה עם מנהל מוצר תתקיים ביום ראשון בראשון לציון.,0,NON_LEAK,NON_SENSITIVE_GENERAL
"הקובץ כולל פרטי גישה למערכת, כולל שם משתמש וסיסמה.",1,LEAK,AUTH_SECRET
קוד האימות שנשלח ליואב לוי הוא 483921.,1,LEAK,AUTH_SECRET
"הקובץ כולל פרטי גישה למערכת, כולל שם משתמש וסיסמה.",1,LEAK,AUTH_SECRET
הועבר סיכום כללי של פגישת הנהלה ללא פרטים אישיים.,0,NON_LEAK,BORDERLINE_NON_LEAK
הפגישה עם ראש צוות תתקיים ביום ראשון בפתח תקווה.,0,NON_LEAK,NON_SENSITIVE_GENERAL
סיכום הפגישה כולל גם את תאריך ההשקה 15/4/2026 וגם את פרטי הקשר של דוד כהן.,1,LEAK,MIXED_BORDERLINE
בכנס הטכנולוגיה הוצגו מגמות חדשות בתחום הבינה המלאכותית.,0,NON_LEAK,PUBLIC_INFO
אלון מלכה עובד בחברת בנק הפועלים במודיעין.,0,NON_LEAK,NON_SENSITIVE_GENERAL
נייס פרסמה הודעה רשמית על הרחבת הפעילות בתל אביב.,0,NON_LEAK,PUBLIC_INFO
"בדוח מופיעים פרטי חיוב של לקוחות, כולל מספרי חשבון וסכומים.",1,LEAK,FINANCIAL
סיכום הפגישה כולל גם את תאריך ההשקה 23/4/2026 וגם את פרטי הקשר של עידן דנינו.,1,LEAK,MIXED_BORDERLINE
בכנס הטכנולוגיה הוצגו מגמות חדשות בתחום הבינה המלאכותית.,0,NON_LEAK,PUBLIC_INFO
"במסמך האישור מופיעים מיכל כהן, אשדוד ומספר הזהות 732931621.",1,LEAK,MIXED_BORDERLINE
האתר הרשמי עודכן עם מסמכי ההדרכה החדשים למשתמשים.,0,NON_LEAK,PUBLIC_INFO
המצגת עודכנה וכוללת את סטטוס המשימות לשבוע הקרוב.,0,NON_LEAK,NON_SENSITIVE_GENERAL
האתר הרשמי עודכן עם מסמכי ההדרכה החדשים למשתמשים.,0,NON_LEAK,PUBLIC_INFO
"נדרש לעדכן את פרטי הלקוח אלון מלכה, תעודת זהות 223445860, טלפון 0595010486.",1,LEAK,PII_DIRECT
מספר תעודת הזהות של דנה דנינו הוא 488292766.,1,LEAK,PII_DIRECT
"מנהל המוצר ביקש לעדכן את הלו""ז ולשתף את הסטטוס.",0,NON_LEAK,LOW_RISK_CONTEXT
הפרויקט עבר לשלב האינטגרציה ונדרשת בדיקת עומסים.,0,NON_LEAK,LOW_RISK_CONTEXT
"אין להפיץ את תוצאות הבדיקה של אורן אברהם שנערכו ברמב""ם.",1,LEAK,HEALTH
הועבר קובץ עם תלונת משמעת פנימית נגד ליאור מלכה.,1,LEAK,LEGAL_HR
מפתח ה-API של הסביבה הפנימית נשמר במסמך המצורף.,1,LEAK,AUTH_SECRET
"הועבר תשלום בגובה 23,445 ש""ח מחשבון 9958532542 של הילה חדד.",1,LEAK,FINANCIAL
האתר הרשמי עודכן עם מסמכי ההדרכה החדשים למשתמשים.,0,NON_LEAK,PUBLIC_INFO
מספר הטלפון של נועה מזרחי הוא 0518483793.,1,LEAK,PII_DIRECT
הצוות דן בשיפור חוויית המשתמש של גרסה 4.2 לקראת הרבעון הבא.,0,NON_LEAK,BORDERLINE_NON_LEAK
הועבר סיכום כללי של דיון שבועי ללא פרטים אישיים.,0,NON_LEAK,BORDERLINE_NON_LEAK
שם הפרויקט הוא מבצע שקמה והוא יוצג בישיבת הנהלה.,0,NON_LEAK,BORDERLINE_NON_LEAK
תאריך ההשקה של שירות אביב נקבע ל24/9/2026.,1,LEAK,CONFIDENTIAL_BUSINESS
יש לשלוח את הקובץ המעודכן עד סוף היום.,0,NON_LEAK,LOW_RISK_CONTEXT
בנק לאומי פרסמה הודעה רשמית על הרחבת הפעילות במודיעין.,0,NON_LEAK,PUBLIC_INFO
בדוח משאבי האנוש מופיעים נתוני השכר של הילה חדד.,1,LEAK,LEGAL_HR
שם הפרויקט הוא מבצע שקמה והוא יוצג בישיבת הנהלה.,0,NON_LEAK,BORDERLINE_NON_LEAK
"נא לא לשלוח החוצה את דוח הגבייה של דנה דנינו עם סכום 44,161 ש""ח.",1,LEAK,FINANCIAL
מכבי שירותי בריאות פרסמה הודעה רשמית על הרחבת הפעילות בחיפה.,0,NON_LEAK,PUBLIC_INFO
החברה הודיעה לציבור על פתיחת מרכז שירות חדש בירושלים.,0,NON_LEAK,PUBLIC_INFO
הקבוצה תיפגש מחר בבוקר לדיון על תכנון הרבעון הבא.,0,NON_LEAK,NON_SENSITIVE_GENERAL
הילה חדד עובד בחברת Amdocs בראשון לציון.,0,NON_LEAK,NON_SENSITIVE_GENERAL
בכנס הטכנולוגיה הוצגו מגמות חדשות בתחום הבינה המלאכותית.,0,NON_LEAK,PUBLIC_INFO
הועבר קובץ עם תלונת משמעת פנימית נגד רונית פרץ.,1,LEAK,LEGAL_HR
"הוכן דוח לקוח עבור Amdocs, הכולל איש קשר בשם יעל לוי ומייל yael.levi@company.co.il.",1,LEAK,MIXED_BORDERLINE
המסמך כולל תאריך יעד של 14/2/2026 אך אינו מכיל פרטים אישיים.,0,NON_LEAK,BORDERLINE_NON_LEAK
מספר הטלפון של רונית פרץ הוא 0526605491.,1,LEAK,PII_DIRECT
כתובת המייל האישית של הילה חדד היא hila.hadad@gmail.com.,1,LEAK,PII_DIRECT
מפתח ה-API של הסביבה הפנימית נשמר במסמך המצורף.,1,LEAK,AUTH_SECRET
שם הפרויקט הוא גרסת אפריל והוא יוצג בישיבת הנהלה.,0,NON_LEAK,BORDERLINE_NON_LEAK
מפתח ה-API של הסביבה הפנימית נשמר במסמך המצורף.,1,LEAK,AUTH_SECRET
"הקובץ כולל פרטי גישה למערכת, כולל שם משתמש וסיסמה.",1,LEAK,AUTH_SECRET
"פרטי הקשר של יואב לוי: טלפון 0522291820, מייל yoav.levi@company.co.il.",1,LEAK,PII_DIRECT
שם הפרויקט הוא פרויקט דרור והוא יוצג בישיבת הנהלה.,0,NON_LEAK,BORDERLINE_NON_LEAK
הצוות דן בשיפור חוויית המשתמש של גרסה 4.2 לקראת הרבעון הבא.,0,NON_LEAK,BORDERLINE_NON_LEAK
דנה דנינו עובד בחברת אינטל בבאר שבע.,0,NON_LEAK,NON_SENSITIVE_GENERAL
"הועבר תשלום בגובה 43,536 ש""ח מחשבון 7203446291 של רון חדד.",1,LEAK,FINANCIAL
מפתח ה-API של הסביבה הפנימית נשמר במסמך המצורף.,1,LEAK,AUTH_SECRET
משה אוחנה עובד בחברת בזק בנתניה.,0,NON_LEAK,NON_SENSITIVE_GENERAL
המסמך כולל תאריך יעד של 21/5/2026 אך אינו מכיל פרטים אישיים.,0,NON_LEAK,BORDERLINE_NON_LEAK
"בדוח הרפואי של דנה דנינו מבית החולים רמב""ם מופיע טיפול רגיש.",1,LEAK,HEALTH
הפגישה עם מנהל מוצר תתקיים ביום ראשון בתל אביב.,0,NON_LEAK,NON_SENSITIVE_GENERAL
האתר הרשמי עודכן עם מסמכי ההדרכה החדשים למשתמשים.,0,NON_LEAK,PUBLIC_INFO
תאריך ההשקה של מוצר הדס נקבע ל4/2/2026.,1,LEAK,CONFIDENTIAL_BUSINESS
האתר הרשמי עודכן עם מסמכי ההדרכה החדשים למשתמשים.,0,NON_LEAK,PUBLIC_INFO
הקבוצה תיפגש מחר בבוקר לדיון על תכנון הרבעון הבא.,0,NON_LEAK,NON_SENSITIVE_GENERAL
הועבר סיכום כללי של סקר שביעות רצון ללא פרטים אישיים.,0,NON_LEAK,BORDERLINE_NON_LEAK
תאריך ההשקה של מודול ברק נקבע ל23/2/2026.,1,LEAK,CONFIDENTIAL_BUSINESS
הישיבה תתקיים בחדר הגדול בקומה השנייה.,0,NON_LEAK,LOW_RISK_CONTEXT
המצגת עודכנה וכוללת את סטטוס המשימות לשבוע הקרוב.,0,NON_LEAK,NON_SENSITIVE_GENERAL
שם הפרויקט הוא פרויקט ברוש והוא יוצג בישיבת הנהלה.,0,NON_LEAK,BORDERLINE_NON_LEAK
שם הפרויקט הוא מבצע שקמה והוא יוצג בישיבת הנהלה.,0,NON_LEAK,BORDERLINE_NON_LEAK
בדוח הרפואי של ליאור מלכה מבית החולים שיבא מופיע טיפול רגיש.,1,LEAK,HEALTH
הקבוצה תיפגש מחר בבוקר לדיון על תכנון הרבעון הבא.,0,NON_LEAK,NON_SENSITIVE_GENERAL
הפגישה עם מנהלת משאבי אנוש תתקיים ביום ראשון בנתניה.,0,NON_LEAK,NON_SENSITIVE_GENERAL
המערכת החדשה תושק ב25/2/2026 לפי הודעה רשמית שפורסמה לכלל העובדים.,0,NON_LEAK,BORDERLINE_NON_LEAK
הישיבה תתקיים בחדר הגדול בקומה השנייה.,0,NON_LEAK,LOW_RISK_CONTEXT
"במסמך האישור מופיעים משה אוחנה, הרצליה ומספר הזהות 657390653.",1,LEAK,MIXED_BORDERLINE
בדוח הרפואי של נועם מזרחי מבית החולים סורוקה מופיע טיפול רגיש.,1,LEAK,HEALTH
אלביט פרסמה הודעה רשמית על הרחבת הפעילות בחיפה.,0,NON_LEAK,PUBLIC_INFO
החברה הודיעה לציבור על פתיחת מרכז שירות חדש בחיפה.,0,NON_LEAK,PUBLIC_INFO
האתר הרשמי עודכן עם מסמכי ההדרכה החדשים למשתמשים.,0,NON_LEAK,PUBLIC_INFO
"מנהל המוצר ביקש לעדכן את הלו""ז ולשתף את הסטטוס.",0,NON_LEAK,LOW_RISK_CONTEXT
"הקובץ כולל פרטי גישה למערכת, כולל שם משתמש וסיסמה.",1,LEAK,AUTH_SECRET
הסיסמה הזמנית לחשבון של מיכל כהן היא Welcome2026!.,1,LEAK,AUTH_SECRET
"הוכן דוח לקוח עבור מכבי שירותי בריאות, הכולל איש קשר בשם ניר ביטון ומייל nir.biton@example.co.il.",1,LEAK,MIXED_BORDERLINE
מספר תעודת הזהות של משה אוחנה הוא 127529709.,1,LEAK,PII_DIRECT
"פרטי החשבון של ניר ביטון: בנק בנק הפועלים, חשבון 8323796456.",1,LEAK,FINANCIAL
המצגת עודכנה וכוללת את סטטוס המשימות לשבוע הקרוב.,0,NON_LEAK,NON_SENSITIVE_GENERAL
"הועבר תשלום בגובה 32,996 ש""ח מחשבון 8415630760 של יעל לוי.",1,LEAK,FINANCIAL
המערכת החדשה תושק ב13/2/2026 לפי הודעה רשמית שפורסמה לכלל העובדים.,0,NON_LEAK,BORDERLINE_NON_LEAK
האתר הרשמי עודכן עם מסמכי ההדרכה החדשים למשתמשים.,0,NON_LEAK,PUBLIC_INFO
הצוות סיים את פיתוח שירות אביב ועבר לשלב הבדיקות.,0,NON_LEAK,NON_SENSITIVE_GENERAL
הצעת המחיר הסופית ללקוח תישלח רק לאחר אישור אנליסטית.,1,LEAK,CONFIDENTIAL_BUSINESS
התיק הרפואי של שירה אברהם מציין אבחנה של חרדה.,1,LEAK,HEALTH
הצוות מבקש להוסיף מסך התחברות חדש למערכת.,0,NON_LEAK,LOW_RISK_CONTEXT
הקבוצה תיפגש מחר בבוקר לדיון על תכנון הרבעון הבא.,0,NON_LEAK,NON_SENSITIVE_GENERAL
האתר הרשמי עודכן עם מסמכי ההדרכה החדשים למשתמשים.,0,NON_LEAK,PUBLIC_INFO
"הוכן דוח לקוח עבור אלביט, הכולל איש קשר בשם דוד כהן ומייל david.cohen@example.co.il.",1,LEAK,MIXED_BORDERLINE
"פרטי החשבון של רונית פרץ: בנק מזרחי טפחות, חשבון 2640156364.",1,LEAK,FINANCIAL
המערכת החדשה תושק ב19/10/2026 לפי הודעה רשמית שפורסמה לכלל העובדים.,0,NON_LEAK,BORDERLINE_NON_LEAK
שם הפרויקט הוא פרויקט דרור והוא יוצג בישיבת הנהלה.,0,NON_LEAK,BORDERLINE_NON_LEAK
גוגל ישראל פרסמה הודעה רשמית על הרחבת הפעילות באשדוד.,0,NON_LEAK,PUBLIC_INFO
שם הפרויקט הוא תוכנית רימון והוא יוצג בישיבת הנהלה.,0,NON_LEAK,BORDERLINE_NON_LEAK
"בדוח הרפואי של איתי פרץ מבית החולים רמב""ם מופיע טיפול רגיש.",1,LEAK,HEALTH
קוד האימות שנשלח לדוד כהן הוא 483921.,1,LEAK,AUTH_SECRET
"הקובץ כולל פרטי גישה למערכת, כולל שם משתמש וסיסמה.",1,LEAK,AUTH_SECRET
"הוכן דוח לקוח עבור Amdocs, הכולל איש קשר בשם הילה חדד ומייל hila.hadad@org.co.il.",1,LEAK,MIXED_BORDERLINE
הצוות מבקש להוסיף מסך התחברות חדש למערכת.,0,NON_LEAK,LOW_RISK_CONTEXT
הסיסמה הזמנית לחשבון של עמית אלקיים היא Welcome2026!.,1,LEAK,AUTH_SECRET
האתר הרשמי עודכן עם מסמכי ההדרכה החדשים למשתמשים.,0,NON_LEAK,PUBLIC_INFO
מאיה ביטון עובד בחברת בנק לאומי בחיפה.,0,NON_LEAK,NON_SENSITIVE_GENERAL
הצוות מבקש להוסיף מסך התחברות חדש למערכת.,0,NON_LEAK,LOW_RISK_CONTEXT
סיכום הפגישה כולל גם את תאריך ההשקה 23/3/2026 וגם את פרטי הקשר של מיכל כהן.,1,LEAK,MIXED_BORDERLINE
"הפגישה עם סמנכ""לית כספים תתקיים ביום ראשון בתל אביב.",0,NON_LEAK,NON_SENSITIVE_GENERAL
"מנהל המוצר ביקש לעדכן את הלו""ז ולשתף את הסטטוס.",0,NON_LEAK,LOW_RISK_CONTEXT
האתר הרשמי עודכן עם מסמכי ההדרכה החדשים למשתמשים.,0,NON_LEAK,PUBLIC_INFO
האתר הרשמי עודכן עם מסמכי ההדרכה החדשים למשתמשים.,0,NON_LEAK,PUBLIC_INFO
עידן דנינו עובד בחברת צ'ק פוינט בפתח תקווה.,0,NON_LEAK,NON_SENSITIVE_GENERAL
בדוח משאבי האנוש מופיעים נתוני השכר של איתי פרץ.,1,LEAK,LEGAL_HR
"הוכן דוח לקוח עבור סלקום, הכולל איש קשר בשם שירה אברהם ומייל shira.avraham@example.co.il.",1,LEAK,MIXED_BORDERLINE
"במסמך האישור מופיעים נועם מזרחי, הרצליה ומספר הזהות 952462748.",1,LEAK,MIXED_BORDERLINE
מספר תעודת הזהות של דוד כהן הוא 270204679.,1,LEAK,PII_DIRECT
הצעת המחיר הסופית ללקוח תישלח רק לאחר אישור מנהל מוצר.,1,LEAK,CONFIDENTIAL_BUSINESS
"הקובץ מציג רשימת עובדים עם משכורות, בונוסים וימי מחלה.",1,LEAK,LEGAL_HR
בדוח משאבי האנוש מופיעים נתוני השכר של דוד כהן.,1,LEAK,LEGAL_HR
המצגת עודכנה וכוללת את סטטוס המשימות לשבוע הקרוב.,0,NON_LEAK,NON_SENSITIVE_GENERAL
אין להפיץ את תוצאות הבדיקה של דנה דנינו שנערכו באיכילוב.,1,LEAK,HEALTH
מספר הטלפון של הילה חדד הוא 0506680820.,1,LEAK,PII_DIRECT
הצוות סיים את פיתוח פלטפורמת ארז ועבר לשלב הבדיקות.,0,NON_LEAK,NON_SENSITIVE_GENERAL
המסמך מסווג פנימי וכולל את תוכנית ההשקה של מוצר אופק.,1,LEAK,CONFIDENTIAL_BUSINESS
עמית אלקיים עובד בחברת בנק הפועלים במודיעין.,0,NON_LEAK,NON_SENSITIVE_GENERAL
קופת חולים כללית פרסמה הודעה רשמית על הרחבת הפעילות בתל אביב.,0,NON_LEAK,PUBLIC_INFO
לקראת הפגישה עם שרון סעדה הועבר גם מספר הטלפון האישי שלו: 0554862835.,1,LEAK,MIXED_BORDERLINE
המצגת עודכנה וכוללת את סטטוס המשימות לשבוע הקרוב.,0,NON_LEAK,NON_SENSITIVE_GENERAL
הפרויקט עבר לשלב האינטגרציה ונדרשת בדיקת עומסים.,0,NON_LEAK,LOW_RISK_CONTEXT
החברה הודיעה לציבור על פתיחת מרכז שירות חדש בתל אביב.,0,NON_LEAK,PUBLIC_INFO
"במסמך האישור מופיעים משה אוחנה, תל אביב ומספר הזהות 921083947.",1,LEAK,MIXED_BORDERLINE
"הקובץ כולל פרטי גישה למערכת, כולל שם משתמש וסיסמה.",1,LEAK,AUTH_SECRET
"נא לא לשלוח החוצה את דוח הגבייה של הילה חדד עם סכום 4,913 ש""ח.",1,LEAK,FINANCIAL
האתר הרשמי עודכן עם מסמכי ההדרכה החדשים למשתמשים.,0,NON_LEAK,PUBLIC_INFO
הצוות מבקש להוסיף מסך התחברות חדש למערכת.,0,NON_LEAK,LOW_RISK_CONTEXT
שם הפרויקט הוא מבצע שקמה והוא יוצג בישיבת הנהלה.,0,NON_LEAK,BORDERLINE_NON_LEAK
הפרויקט עבר לשלב האינטגרציה ונדרשת בדיקת עומסים.,0,NON_LEAK,LOW_RISK_CONTEXT
אינטל פרסמה הודעה רשמית על הרחבת הפעילות בבאר שבע.,0,NON_LEAK,PUBLIC_INFO
"הקובץ כולל פרטי גישה למערכת, כולל שם משתמש וסיסמה.",1,LEAK,AUTH_SECRET
"הקובץ כולל פרטי גישה למערכת, כולל שם משתמש וסיסמה.",1,LEAK,AUTH_SECRET
הישיבה תתקיים בחדר הגדול בקומה השנייה.,0,NON_LEAK,LOW_RISK_CONTEXT
המערכת החדשה תושק ב14/1/2026 לפי הודעה רשמית שפורסמה לכלל העובדים.,0,NON_LEAK,BORDERLINE_NON_LEAK
כתובת המייל האישית של יעל לוי היא yael.levi@outlook.com.,1,LEAK,PII_DIRECT
"הוכן דוח לקוח עבור סלקום, הכולל איש קשר בשם הילה חדד ומייל hila.hadad@gmail.com.",1,LEAK,MIXED_BORDERLINE
סיכום הפגישה כולל גם את תאריך ההשקה 1/3/2026 וגם את פרטי הקשר של עמית אלקיים.,1,LEAK,MIXED_BORDERLINE
הצעת המחיר הסופית ללקוח תישלח רק לאחר אישור מנהל אבטחת מידע.,1,LEAK,CONFIDENTIAL_BUSINESS
מספר הטלפון של רונית פרץ הוא 0554416548.,1,LEAK,PII_DIRECT
"הכתובת של טל אוחנה היא רחוב רוטשילד 21, מודיעין.",1,LEAK,PII_DIRECT
המערכת החדשה תושק ב27/1/2026 לפי הודעה רשמית שפורסמה לכלל העובדים.,0,NON_LEAK,BORDERLINE_NON_LEAK
מספר תעודת הזהות של עמית אלקיים הוא 180878331.,1,LEAK,PII_DIRECT
"הכתובת של נועה מזרחי היא רחוב רוטשילד 21, ירושלים.",1,LEAK,PII_DIRECT
המסמך כולל תאריך יעד של 19/5/2026 אך אינו מכיל פרטים אישיים.,0,NON_LEAK,BORDERLINE_NON_LEAK
בדוח הרפואי של מיכל כהן מבית החולים שיבא מופיע טיפול רגיש.,1,LEAK,HEALTH
הצעת המחיר הסופית ללקוח תישלח רק לאחר אישור מנהלת משאבי אנוש.,1,LEAK,CONFIDENTIAL_BUSINESS
הפרויקט עבר לשלב האינטגרציה ונדרשת בדיקת עומסים.,0,NON_LEAK,LOW_RISK_CONTEXT
צ'ק פוינט פרסמה הודעה רשמית על הרחבת הפעילות בתל אביב.,0,NON_LEAK,PUBLIC_INFO
"המסמך מכיל מידע רפואי אישי על אלון מלכה, כולל אבחנות ותרופות.",1,LEAK,HEALTH
אין להפיץ את תוצאות הבדיקה של טל אוחנה שנערכו באסותא.,1,LEAK,HEALTH
כתובת המייל האישית של איתי פרץ היא itay.peretz@org.co.il.,1,LEAK,PII_DIRECT
הפגישה עם מנהלת משאבי אנוש תתקיים ביום ראשון בנתניה.,0,NON_LEAK,NON_SENSITIVE_GENERAL
יש לשלוח את הקובץ המעודכן עד סוף היום.,0,NON_LEAK,LOW_RISK_CONTEXT
שם הפרויקט הוא גרסת אפריל והוא יוצג בישיבת הנהלה.,0,NON_LEAK,BORDERLINE_NON_LEAK
הקבוצה תיפגש מחר בבוקר לדיון על תכנון הרבעון הבא.,0,NON_LEAK,NON_SENSITIVE_GENERAL
בדוח הפנימי מופיעים שמות לקוחות אסטרטגיים ותנאי התקשרות.,1,LEAK,CONFIDENTIAL_BUSINESS
יש לשלוח את הקובץ המעודכן עד סוף היום.,0,NON_LEAK,LOW_RISK_CONTEXT
אינטל פרסמה הודעה רשמית על הרחבת הפעילות בנתניה.,0,NON_LEAK,PUBLIC_INFO
המערכת החדשה תושק ב4/7/2026 לפי הודעה רשמית שפורסמה לכלל העובדים.,0,NON_LEAK,BORDERLINE_NON_LEAK
מסמך זה כולל מידע פנימי על תוכנית רימון ואסור לשתף אותו מחוץ לארגון.,1,LEAK,CONFIDENTIAL_BUSINESS
המסמך כולל תאריך יעד של 9/7/2026 אך אינו מכיל פרטים אישיים.,0,NON_LEAK,BORDERLINE_NON_LEAK
תאריך ההשקה של מערכת קשת נקבע ל26/10/2026.,1,LEAK,CONFIDENTIAL_BUSINESS
החברה הודיעה לציבור על פתיחת מרכז שירות חדש ברעננה.,0,NON_LEAK,PUBLIC_INFO
רפאל פרסמה הודעה רשמית על הרחבת הפעילות בתל אביב.,0,NON_LEAK,PUBLIC_INFO
המסמך כולל תאריך יעד של 14/11/2026 אך אינו מכיל פרטים אישיים.,0,NON_LEAK,BORDERLINE_NON_LEAK
בדוח משאבי האנוש מופיעים נתוני השכר של יעל לוי.,1,LEAK,LEGAL_HR
המצגת עודכנה וכוללת את סטטוס המשימות לשבוע הקרוב.,0,NON_LEAK,NON_SENSITIVE_GENERAL
המצגת עודכנה וכוללת את סטטוס המשימות לשבוע הקרוב.,0,NON_LEAK,NON_SENSITIVE_GENERAL
הועבר סיכום כללי של עדכון סטטוס ללא פרטים אישיים.,0,NON_LEAK,BORDERLINE_NON_LEAK
"נא לא לשלוח החוצה את דוח הגבייה של ניר ביטון עם סכום 32,933 ש""ח.",1,LEAK,FINANCIAL
שם הפרויקט הוא פרויקט ברוש והוא יוצג בישיבת הנהלה.,0,NON_LEAK,BORDERLINE_NON_LEAK
"המסמך מכיל מידע רפואי אישי על נועה מזרחי, כולל אבחנות ותרופות.",1,LEAK,HEALTH
המסמך כולל סיכום שימוע של דנה דנינו ופרטים אישיים רגישים.,1,LEAK,LEGAL_HR
שם הפרויקט הוא גרסת אפריל והוא יוצג בישיבת הנהלה.,0,NON_LEAK,BORDERLINE_NON_LEAK
סיכום הפגישה כולל גם את תאריך ההשקה 21/10/2026 וגם את פרטי הקשר של עמית אלקיים.,1,LEAK,MIXED_BORDERLINE
בדוח הרפואי של משה אוחנה מבית החולים אסותא מופיע טיפול רגיש.,1,LEAK,HEALTH
"בדוח מופיעים פרטי חיוב של לקוחות, כולל מספרי חשבון וסכומים.",1,LEAK,FINANCIAL
שם הפרויקט הוא פרויקט ברוש והוא יוצג בישיבת הנהלה.,0,NON_LEAK,BORDERLINE_NON_LEAK
הצוות מבקש להוסיף מסך התחברות חדש למערכת.,0,NON_LEAK,LOW_RISK_CONTEXT
הישיבה תתקיים בחדר הגדול בקומה השנייה.,0,NON_LEAK,LOW_RISK_CONTEXT
לקראת הפגישה עם שירה אברהם הועבר גם מספר הטלפון האישי שלו: 0541506371.,1,LEAK,MIXED_BORDERLINE
שם הפרויקט הוא פרויקט ברוש והוא יוצג בישיבת הנהלה.,0,NON_LEAK,BORDERLINE_NON_LEAK
לקראת הפגישה עם רונית פרץ הועבר גם מספר הטלפון האישי שלו: 0500936052.,1,LEAK,MIXED_BORDERLINE
"הועבר תשלום בגובה 17,709 ש""ח מחשבון 6598574727 של איתי פרץ.",1,LEAK,FINANCIAL
בדוח משאבי האנוש מופיעים נתוני השכר של ליאור מלכה.,1,LEAK,LEGAL_HR
האתר הרשמי עודכן עם מסמכי ההדרכה החדשים למשתמשים.,0,NON_LEAK,PUBLIC_INFO
בדוח הרפואי של אלון מלכה מבית החולים שיבא מופיע טיפול רגיש.,1,LEAK,HEALTH
מפתח ה-API של הסביבה הפנימית נשמר במסמך המצורף.,1,LEAK,AUTH_SECRET
"הקובץ מציג רשימת עובדים עם משכורות, בונוסים וימי מחלה.",1,LEAK,LEGAL_HR
בכנס הטכנולוגיה הוצגו מגמות חדשות בתחום הבינה המלאכותית.,0,NON_LEAK,PUBLIC_INFO
המסמך מסווג פנימי וכולל את תוכנית ההשקה של פרויקט נוגה.,1,LEAK,CONFIDENTIAL_BUSINESS
המערכת החדשה תושק ב14/8/2026 לפי הודעה רשמית שפורסמה לכלל העובדים.,0,NON_LEAK,BORDERLINE_NON_LEAK
האתר הרשמי עודכן עם מסמכי ההדרכה החדשים למשתמשים.,0,NON_LEAK,PUBLIC_INFO
המערכת החדשה תושק ב21/12/2026 לפי הודעה רשמית שפורסמה לכלל העובדים.,0,NON_LEAK,BORDERLINE_NON_LEAK
האתר הרשמי עודכן עם מסמכי ההדרכה החדשים למשתמשים.,0,NON_LEAK,PUBLIC_INFO
הצוות דן בשיפור חוויית המשתמש של מוצר הדס לקראת הרבעון הבא.,0,NON_LEAK,BORDERLINE_NON_LEAK
החברה הודיעה לציבור על פתיחת מרכז שירות חדש בפתח תקווה.,0,NON_LEAK,PUBLIC_INFO
שם הפרויקט הוא מבצע שקמה והוא יוצג בישיבת הנהלה.,0,NON_LEAK,BORDERLINE_NON_LEAK
האתר הרשמי עודכן עם מסמכי ההדרכה החדשים למשתמשים.,0,NON_LEAK,PUBLIC_INFO
האתר הרשמי עודכן עם מסמכי ההדרכה החדשים למשתמשים.,0,NON_LEAK,PUBLIC_INFO
המצגת עודכנה וכוללת את סטטוס המשימות לשבוע הקרוב.,0,NON_LEAK,NON_SENSITIVE_GENERAL
המסמך כולל תאריך יעד של 2/11/2026 אך אינו מכיל פרטים אישיים.,0,NON_LEAK,BORDERLINE_NON_LEAK
הצוות מבקש להוסיף מסך התחברות חדש למערכת.,0,NON_LEAK,LOW_RISK_CONTEXT
כתובת המייל האישית של שירה אברהם היא shira.avraham@gmail.com.,1,LEAK,PII_DIRECT
"בדוח הרפואי של נועם מזרחי מבית החולים רמב""ם מופיע טיפול רגיש.",1,LEAK,HEALTH
"במסמך האישור מופיעים איתי פרץ, פתח תקווה ומספר הזהות 699233287.",1,LEAK,MIXED_BORDERLINE
מפתח ה-API של הסביבה הפנימית נשמר במסמך המצורף.,1,LEAK,AUTH_SECRET
"מנהל המוצר ביקש לעדכן את הלו""ז ולשתף את הסטטוס.",0,NON_LEAK,LOW_RISK_CONTEXT
"הקובץ מציג רשימת עובדים עם משכורות, בונוסים וימי מחלה.",1,LEAK,LEGAL_HR
"המסמך מכיל מידע רפואי אישי על אלון מלכה, כולל אבחנות ותרופות.",1,LEAK,HEALTH
אין להפיץ את תוצאות הבדיקה של אורן אברהם שנערכו בשיבא.,1,LEAK,HEALTH
בנק לאומי פרסמה הודעה רשמית על הרחבת הפעילות ברעננה.,0,NON_LEAK,PUBLIC_INFO
הישיבה תתקיים בחדר הגדול בקומה השנייה.,0,NON_LEAK,LOW_RISK_CONTEXT
האתר הרשמי עודכן עם מסמכי ההדרכה החדשים למשתמשים.,0,NON_LEAK,PUBLIC_INFO
"פרטי החשבון של שרון סעדה: בנק מזרחי טפחות, חשבון 0694569298.",1,LEAK,FINANCIAL
האתר הרשמי עודכן עם מסמכי ההדרכה החדשים למשתמשים.,0,NON_LEAK,PUBLIC_INFO
שם הפרויקט הוא פרויקט ברוש והוא יוצג בישיבת הנהלה.,0,NON_LEAK,BORDERLINE_NON_LEAK
אין להפיץ את תוצאות הבדיקה של יואב לוי שנערכו בשיבא.,1,LEAK,HEALTH
לקראת הפגישה עם רון חדד הועבר גם מספר הטלפון האישי שלו: 0572082122.,1,LEAK,MIXED_BORDERLINE
המערכת החדשה תושק ב16/10/2026 לפי הודעה רשמית שפורסמה לכלל העובדים.,0,NON_LEAK,BORDERLINE_NON_LEAK
המסמך מסווג פנימי וכולל את תוכנית ההשקה של שירות אביב.,1,LEAK,CONFIDENTIAL_BUSINESS
המסמך כולל סיכום שימוע של נועם מזרחי ופרטים אישיים רגישים.,1,LEAK,LEGAL_HR
האתר הרשמי עודכן עם מסמכי ההדרכה החדשים למשתמשים.,0,NON_LEAK,PUBLIC_INFO
הפרויקט עבר לשלב האינטגרציה ונדרשת בדיקת עומסים.,0,NON_LEAK,LOW_RISK_CONTEXT
שם הפרויקט הוא גרסת אפריל והוא יוצג בישיבת הנהלה.,0,NON_LEAK,BORDERLINE_NON_LEAK
לקראת הפגישה עם עמית אלקיים הועבר גם מספר הטלפון האישי שלו: 0573371577.,1,LEAK,MIXED_BORDERLINE
החברה הודיעה לציבור על פתיחת מרכז שירות חדש בהרצליה.,0,NON_LEAK,PUBLIC_INFO
החברה הודיעה לציבור על פתיחת מרכז שירות חדש באשדוד.,0,NON_LEAK,PUBLIC_INFO
האתר הרשמי עודכן עם מסמכי ההדרכה החדשים למשתמשים.,0,NON_LEAK,PUBLIC_INFO
הועבר סיכום כללי של עדכון סטטוס ללא פרטים אישיים.,0,NON_LEAK,BORDERLINE_NON_LEAK
לקראת הפגישה עם עידן דנינו הועבר גם מספר הטלפון האישי שלו: 0551518533.,1,LEAK,MIXED_BORDERLINE
הצוות מבקש להוסיף מסך התחברות חדש למערכת.,0,NON_LEAK,LOW_RISK_CONTEXT
יש לשלוח את הקובץ המעודכן עד סוף היום.,0,NON_LEAK,LOW_RISK_CONTEXT
הפגישה עם חשב שכר תתקיים ביום ראשון במודיעין.,0,NON_LEAK,NON_SENSITIVE_GENERAL
הועבר קובץ עם תלונת משמעת פנימית נגד ליאור מלכה.,1,LEAK,LEGAL_HR
מסמך זה כולל מידע פנימי על פרויקט ברוש ואסור לשתף אותו מחוץ לארגון.,1,LEAK,CONFIDENTIAL_BUSINESS
מספר תעודת הזהות של אלון מלכה הוא 700261925.,1,LEAK,PII_DIRECT
"במסמך האישור מופיעים הילה חדד, אשדוד ומספר הזהות 862741954.",1,LEAK,MIXED_BORDERLINE
הצוות סיים את פיתוח מוצר אופק ועבר לשלב הבדיקות.,0,NON_LEAK,NON_SENSITIVE_GENERAL
האתר הרשמי עודכן עם מסמכי ההדרכה החדשים למשתמשים.,0,NON_LEAK,PUBLIC_INFO
התיק הרפואי של מיכל כהן מציין אבחנה של אסתמה.,1,LEAK,HEALTH
בכנס הטכנולוגיה הוצגו מגמות חדשות בתחום הבינה המלאכותית.,0,NON_LEAK,PUBLIC_INFO
מפתח ה-API של הסביבה הפנימית נשמר במסמך המצורף.,1,LEAK,AUTH_SECRET
הצוות מבקש להוסיף מסך התחברות חדש למערכת.,0,NON_LEAK,LOW_RISK_CONTEXT
הפרויקט עבר לשלב האינטגרציה ונדרשת בדיקת עומסים.,0,NON_LEAK,LOW_RISK_CONTEXT
"הועבר תשלום בגובה 20,816 ש""ח מחשבון 5824922839 של הילה חדד.",1,LEAK,FINANCIAL
בכנס הטכנולוגיה הוצגו מגמות חדשות בתחום הבינה המלאכותית.,0,NON_LEAK,PUBLIC_INFO
הפגישה עם יועץ משפטי תתקיים ביום ראשון בתל אביב.,0,NON_LEAK,NON_SENSITIVE_GENERAL
הצוות סיים את פיתוח פלטפורמת ארז ועבר לשלב הבדיקות.,0,NON_LEAK,NON_SENSITIVE_GENERAL
"במסמך האישור מופיעים יעל לוי, אשדוד ומספר הזהות 585611589.",1,LEAK,MIXED_BORDERLINE
החברה הודיעה לציבור על פתיחת מרכז שירות חדש במודיעין.,0,NON_LEAK,PUBLIC_INFO
בדוח משאבי האנוש מופיעים נתוני השכר של רון חדד.,1,LEAK,LEGAL_HR
הסיסמה הזמנית לחשבון של ניר ביטון היא Welcome2026!.,1,LEAK,AUTH_SECRET
מספר הטלפון של ליאור מלכה הוא 0562401532.,1,LEAK,PII_DIRECT
בכנס הטכנולוגיה הוצגו מגמות חדשות בתחום הבינה המלאכותית.,0,NON_LEAK,PUBLIC_INFO
"מנהל המוצר ביקש לעדכן את הלו""ז ולשתף את הסטטוס.",0,NON_LEAK,LOW_RISK_CONTEXT
לקראת הפגישה עם דוד כהן הועבר גם מספר הטלפון האישי שלו: 0532156377.,1,LEAK,MIXED_BORDERLINE
תאריך ההשקה של גרסה 4.2 נקבע ל20/2/2026.,1,LEAK,CONFIDENTIAL_BUSINESS
"הועבר תשלום בגובה 39,010 ש""ח מחשבון 6563095033 של משה אוחנה.",1,LEAK,FINANCIAL
המצגת עודכנה וכוללת את סטטוס המשימות לשבוע הקרוב.,0,NON_LEAK,NON_SENSITIVE_GENERAL
הפגישה עם מנהלת משאבי אנוש תתקיים ביום ראשון בנתניה.,0,NON_LEAK,NON_SENSITIVE_GENERAL
בכנס הטכנולוגיה הוצגו מגמות חדשות בתחום הבינה המלאכותית.,0,NON_LEAK,PUBLIC_INFO
"פרטי החשבון של נועה מזרחי: בנק בנק הפועלים, חשבון 5669532423.",1,LEAK,FINANCIAL
הועבר סיכום כללי של סקר שביעות רצון ללא פרטים אישיים.,0,NON_LEAK,BORDERLINE_NON_LEAK
הפרויקט עבר לשלב האינטגרציה ונדרשת בדיקת עומסים.,0,NON_LEAK,LOW_RISK_CONTEXT
הצוות דן בשיפור חוויית המשתמש של גרסה 4.2 לקראת הרבעון הבא.,0,NON_LEAK,BORDERLINE_NON_LEAK
האתר הרשמי עודכן עם מסמכי ההדרכה החדשים למשתמשים.,0,NON_LEAK,PUBLIC_INFO
בכנס הטכנולוגיה הוצגו מגמות חדשות בתחום הבינה המלאכותית.,0,NON_LEAK,PUBLIC_INFO
"המסמך מכיל מידע רפואי אישי על דוד כהן, כולל אבחנות ותרופות.",1,LEAK,HEALTH
עמית אלקיים עובד בחברת רפאל בתל אביב.,0,NON_LEAK,NON_SENSITIVE_GENERAL
הצוות דן בשיפור חוויית המשתמש של מוצר הדס לקראת הרבעון הבא.,0,NON_LEAK,BORDERLINE_NON_LEAK
בדוח הפנימי מופיעים שמות לקוחות אסטרטגיים ותנאי התקשרות.,1,LEAK,CONFIDENTIAL_BUSINESS
בדוח משאבי האנוש מופיעים נתוני השכר של דנה דנינו.,1,LEAK,LEGAL_HR
בכנס הטכנולוגיה הוצגו מגמות חדשות בתחום הבינה המלאכותית.,0,NON_LEAK,PUBLIC_INFO
הפרויקט עבר לשלב האינטגרציה ונדרשת בדיקת עומסים.,0,NON_LEAK,LOW_RISK_CONTEXT
סלקום פרסמה הודעה רשמית על הרחבת הפעילות בבאר שבע.,0,NON_LEAK,PUBLIC_INFO
"פרטי הקשר של טל אוחנה: טלפון 0577324285, מייל tal.ohana@example.co.il.",1,LEAK,PII_DIRECT
בכנס הטכנולוגיה הוצגו מגמות חדשות בתחום הבינה המלאכותית.,0,NON_LEAK,PUBLIC_INFO
הצוות דן בשיפור חוויית המשתמש של מערכת קשת לקראת הרבעון הבא.,0,NON_LEAK,BORDERLINE_NON_LEAK
בכנס הטכנולוגיה הוצגו מגמות חדשות בתחום הבינה המלאכותית.,0,NON_LEAK,PUBLIC_INFO
אלון מלכה עובד בחברת אינטל בנתניה.,0,NON_LEAK,NON_SENSITIVE_GENERAL
"במסמך האישור מופיעים הילה חדד, רעננה ומספר הזהות 503692601.",1,LEAK,MIXED_BORDERLINE
נועם מזרחי עובד בחברת אינטל באשדוד.,0,NON_LEAK,NON_SENSITIVE_GENERAL
"הועבר תשלום בגובה 34,029 ש""ח מחשבון 8148225155 של עמית אלקיים.",1,LEAK,FINANCIAL
תאריך ההשקה של מודול ברק נקבע ל22/6/2026.,1,LEAK,CONFIDENTIAL_BUSINESS
איתי פרץ עובד בחברת אינטל בנתניה.,0,NON_LEAK,NON_SENSITIVE_GENERAL
לקראת הפגישה עם רונית פרץ הועבר גם מספר הטלפון האישי שלו: 0532016991.,1,LEAK,MIXED_BORDERLINE
המערכת החדשה תושק ב10/4/2026 לפי הודעה רשמית שפורסמה לכלל העובדים.,0,NON_LEAK,BORDERLINE_NON_LEAK
"מנהל המוצר ביקש לעדכן את הלו""ז ולשתף את הסטטוס.",0,NON_LEAK,LOW_RISK_CONTEXT
הסיסמה הזמנית לחשבון של איתי פרץ היא Welcome2026!.,1,LEAK,AUTH_SECRET
מספר הטלפון של הילה חדד הוא 0550874243.,1,LEAK,PII_DIRECT
הקבוצה תיפגש מחר בבוקר לדיון על תכנון הרבעון הבא.,0,NON_LEAK,NON_SENSITIVE_GENERAL
"פרטי החשבון של רונית פרץ: בנק דיסקונט, חשבון 6752380497.",1,LEAK,FINANCIAL
הסיסמה הזמנית לחשבון של נועם מזרחי היא Welcome2026!.,1,LEAK,AUTH_SECRET
החברה הודיעה לציבור על פתיחת מרכז שירות חדש בנתניה.,0,NON_LEAK,PUBLIC_INFO
בכנס הטכנולוגיה הוצגו מגמות חדשות בתחום הבינה המלאכותית.,0,NON_LEAK,PUBLIC_INFO
הישיבה תתקיים בחדר הגדול בקומה השנייה.,0,NON_LEAK,LOW_RISK_CONTEXT
הצוות מבקש להוסיף מסך התחברות חדש למערכת.,0,NON_LEAK,LOW_RISK_CONTEXT
הפרויקט עבר לשלב האינטגרציה ונדרשת בדיקת עומסים.,0,NON_LEAK,LOW_RISK_CONTEXT
"פרטי הקשר של שירה אברהם: טלפון 0538329847, מייל shira.avraham@gmail.com.",1,LEAK,PII_DIRECT
לקראת הפגישה עם עידן דנינו הועבר גם מספר הטלפון האישי שלו: 0560623366.,1,LEAK,MIXED_BORDERLINE
בכנס הטכנולוגיה הוצגו מגמות חדשות בתחום הבינה המלאכותית.,0,NON_LEAK,PUBLIC_INFO
הועבר סיכום כללי של ישיבת צוות ללא פרטים אישיים.,0,NON_LEAK,BORDERLINE_NON_LEAK
המצגת עודכנה וכוללת את סטטוס המשימות לשבוע הקרוב.,0,NON_LEAK,NON_SENSITIVE_GENERAL
"הועבר תשלום בגובה 33,088 ש""ח מחשבון 5999941674 של יואב לוי.",1,LEAK,FINANCIAL
מספר כרטיס האשראי של נועה מזרחי הוא 2316028327593754.,1,LEAK,FINANCIAL
החברה הודיעה לציבור על פתיחת מרכז שירות חדש בבאר שבע.,0,NON_LEAK,PUBLIC_INFO
"הועבר תשלום בגובה 7,916 ש""ח מחשבון 8342578764 של טל אוחנה.",1,LEAK,FINANCIAL
הצוות מבקש להוסיף מסך התחברות חדש למערכת.,0,NON_LEAK,LOW_RISK_CONTEXT
"פרטי החשבון של ליאור מלכה: בנק מזרחי טפחות, חשבון 0935651798.",1,LEAK,FINANCIAL
מאיה ביטון עובד בחברת צ'ק פוינט באשדוד.,0,NON_LEAK,NON_SENSITIVE_GENERAL
"פרטי הקשר של ניר ביטון: טלפון 0559425331, מייל nir.biton@org.co.il.",1,LEAK,PII_DIRECT
המסמך כולל סיכום שימוע של שירה אברהם ופרטים אישיים רגישים.,1,LEAK,LEGAL_HR
בפגישה עם אנליסטית סוכם כי מנוע זית יושק ב12/12/2026.,1,LEAK,CONFIDENTIAL_BUSINESS
הפגישה עם מנהלת משאבי אנוש תתקיים ביום ראשון בתל אביב.,0,NON_LEAK,NON_SENSITIVE_GENERAL
"הועבר תשלום בגובה 5,127 ש""ח מחשבון 3407965929 של טל אוחנה.",1,LEAK,FINANCIAL
הישיבה תתקיים בחדר הגדול בקומה השנייה.,0,NON_LEAK,LOW_RISK_CONTEXT
סיכום הפגישה כולל גם את תאריך ההשקה 17/9/2026 וגם את פרטי הקשר של מיכל כהן.,1,LEAK,MIXED_BORDERLINE
הקבוצה תיפגש מחר בבוקר לדיון על תכנון הרבעון הבא.,0,NON_LEAK,NON_SENSITIVE_GENERAL
המסמך כולל תאריך יעד של 19/8/2026 אך אינו מכיל פרטים אישיים.,0,NON_LEAK,BORDERLINE_NON_LEAK
"הקובץ מציג רשימת עובדים עם משכורות, בונוסים וימי מחלה.",1,LEAK,LEGAL_HR
שם הפרויקט הוא תוכנית רימון והוא יוצג בישיבת הנהלה.,0,NON_LEAK,BORDERLINE_NON_LEAK
קוד האימות שנשלח ליואב לוי הוא 483921.,1,LEAK,AUTH_SECRET
הועבר קובץ עם תלונת משמעת פנימית נגד איתי פרץ.,1,LEAK,LEGAL_HR
הצוות דן בשיפור חוויית המשתמש של פלטפורמת ארז לקראת הרבעון הבא.,0,NON_LEAK,BORDERLINE_NON_LEAK
האתר הרשמי עודכן עם מסמכי ההדרכה החדשים למשתמשים.,0,NON_LEAK,PUBLIC_INFO
בדוח הפנימי מופיעים שמות לקוחות אסטרטגיים ותנאי התקשרות.,1,LEAK,CONFIDENTIAL_BUSINESS
"נא לא לשלוח החוצה את דוח הגבייה של הילה חדד עם סכום 18,735 ש""ח.",1,LEAK,FINANCIAL
הצוות מבקש להוסיף מסך התחברות חדש למערכת.,0,NON_LEAK,LOW_RISK_CONTEXT
הועבר סיכום כללי של תכנון רבעון ללא פרטים אישיים.,0,NON_LEAK,BORDERLINE_NON_LEAK
הפגישה עם מנהל פיתוח תתקיים ביום ראשון בפתח תקווה.,0,NON_LEAK,NON_SENSITIVE_GENERAL
"המסמך מכיל מידע רפואי אישי על שרון סעדה, כולל אבחנות ותרופות.",1,LEAK,HEALTH
אורן אברהם עובד בחברת בנק הפועלים באשדוד.,0,NON_LEAK,NON_SENSITIVE_GENERAL
החברה הודיעה לציבור על פתיחת מרכז שירות חדש באשדוד.,0,NON_LEAK,PUBLIC_INFO
אין להפיץ את תוצאות הבדיקה של איתי פרץ שנערכו באיכילוב.,1,LEAK,HEALTH
הפגישה עם מנהל אבטחת מידע תתקיים ביום ראשון בחיפה.,0,NON_LEAK,NON_SENSITIVE_GENERAL
החברה הודיעה לציבור על פתיחת מרכז שירות חדש בראשון לציון.,0,NON_LEAK,PUBLIC_INFO
בדוח הפנימי מופיעים שמות לקוחות אסטרטגיים ותנאי התקשרות.,1,LEAK,CONFIDENTIAL_BUSINESS
"בדוח מופיעים פרטי חיוב של לקוחות, כולל מספרי חשבון וסכומים.",1,LEAK,FINANCIAL
כתובת המייל האישית של ניר ביטון היא nir.biton@company.co.il.,1,LEAK,PII_DIRECT
"הוכן דוח לקוח עבור נייס, הכולל איש קשר בשם ליאור מלכה ומייל lior.malka@example.co.il.",1,LEAK,MIXED_BORDERLINE
"בדוח מופיעים פרטי חיוב של לקוחות, כולל מספרי חשבון וסכומים.",1,LEAK,FINANCIAL
דוד כהן עובד בחברת אלביט במודיעין.,0,NON_LEAK,NON_SENSITIVE_GENERAL
הקבוצה תיפגש מחר בבוקר לדיון על תכנון הרבעון הבא.,0,NON_LEAK,NON_SENSITIVE_GENERAL
התיק הרפואי של דנה דנינו מציין אבחנה של דלקת ריאות.,1,LEAK,HEALTH
הסיסמה הזמנית לחשבון של שרון סעדה היא Welcome2026!.,1,LEAK,AUTH_SECRET
בכנס הטכנולוגיה הוצגו מגמות חדשות בתחום הבינה המלאכותית.,0,NON_LEAK,PUBLIC_INFO
בדוח הפנימי מופיעים שמות לקוחות אסטרטגיים ותנאי התקשרות.,1,LEAK,CONFIDENTIAL_BUSINESS
המסמך כולל סיכום שימוע של משה אוחנה ופרטים אישיים רגישים.,1,LEAK,LEGAL_HR
הצוות סיים את פיתוח מוצר אופק ועבר לשלב הבדיקות.,0,NON_LEAK,NON_SENSITIVE_GENERAL
המסמך כולל סיכום שימוע של משה אוחנה ופרטים אישיים רגישים.,1,LEAK,LEGAL_HR
מפתח ה-API של הסביבה הפנימית נשמר במסמך המצורף.,1,LEAK,AUTH_SECRET
הצוות מבקש להוסיף מסך התחברות חדש למערכת.,0,NON_LEAK,LOW_RISK_CONTEXT
הצוות מבקש להוסיף מסך התחברות חדש למערכת.,0,NON_LEAK,LOW_RISK_CONTEXT
"בדוח מופיעים פרטי חיוב של לקוחות, כולל מספרי חשבון וסכומים.",1,LEAK,FINANCIAL
"הקובץ כולל פרטי גישה למערכת, כולל שם משתמש וסיסמה.",1,LEAK,AUTH_SECRET
שם הפרויקט הוא גרסת אפריל והוא יוצג בישיבת הנהלה.,0,NON_LEAK,BORDERLINE_NON_LEAK
"הקובץ כולל פרטי גישה למערכת, כולל שם משתמש וסיסמה.",1,LEAK,AUTH_SECRET
יש לשלוח את הקובץ המעודכן עד סוף היום.,0,NON_LEAK,LOW_RISK_CONTEXT
"פרטי הקשר של מיכל כהן: טלפון 0533670598, מייל michal.cohen@outlook.com.",1,LEAK,PII_DIRECT
"אין להפיץ את תוצאות הבדיקה של שירה אברהם שנערכו ברמב""ם.",1,LEAK,HEALTH
מפתח ה-API של הסביבה הפנימית נשמר במסמך המצורף.,1,LEAK,AUTH_SECRET
האתר הרשמי עודכן עם מסמכי ההדרכה החדשים למשתמשים.,0,NON_LEAK,PUBLIC_INFO
המצגת עודכנה וכוללת את סטטוס המשימות לשבוע הקרוב.,0,NON_LEAK,NON_SENSITIVE_GENERAL
כתובת המייל האישית של דנה דנינו היא dana.danino@company.co.il.,1,LEAK,PII_DIRECT
הפגישה עם מנהל פיתוח תתקיים ביום ראשון במודיעין.,0,NON_LEAK,NON_SENSITIVE_GENERAL
בדוח משאבי האנוש מופיעים נתוני השכר של מאיה ביטון.,1,LEAK,LEGAL_HR
הועבר קובץ עם תלונת משמעת פנימית נגד ניר ביטון.,1,LEAK,LEGAL_HR
"הועבר תשלום בגובה 39,445 ש""ח מחשבון 6135207236 של אורן אברהם.",1,LEAK,FINANCIAL
הצוות דן בשיפור חוויית המשתמש של מוצר הדס לקראת הרבעון הבא.,0,NON_LEAK,BORDERLINE_NON_LEAK
"הכתובת של רון חדד היא רחוב העצמאות 44, הרצליה.",1,LEAK,PII_DIRECT
המצגת עודכנה וכוללת את סטטוס המשימות לשבוע הקרוב.,0,NON_LEAK,NON_SENSITIVE_GENERAL
בכנס הטכנולוגיה הוצגו מגמות חדשות בתחום הבינה המלאכותית.,0,NON_LEAK,PUBLIC_INFO
בנק לאומי פרסמה הודעה רשמית על הרחבת הפעילות בפתח תקווה.,0,NON_LEAK,PUBLIC_INFO
המערכת החדשה תושק ב5/6/2026 לפי הודעה רשמית שפורסמה לכלל העובדים.,0,NON_LEAK,BORDERLINE_NON_LEAK
הצוות סיים את פיתוח מוצר אופק ועבר לשלב הבדיקות.,0,NON_LEAK,NON_SENSITIVE_GENERAL
לקראת הפגישה עם יעל לוי הועבר גם מספר הטלפון האישי שלו: 0570103854.,1,LEAK,MIXED_BORDERLINE
החברה הודיעה לציבור על פתיחת מרכז שירות חדש במודיעין.,0,NON_LEAK,PUBLIC_INFO
"מנהל המוצר ביקש לעדכן את הלו""ז ולשתף את הסטטוס.",0,NON_LEAK,LOW_RISK_CONTEXT
החברה הודיעה לציבור על פתיחת מרכז שירות חדש בנתניה.,0,NON_LEAK,PUBLIC_INFO
האתר הרשמי עודכן עם מסמכי ההדרכה החדשים למשתמשים.,0,NON_LEAK,PUBLIC_INFO
בדוח משאבי האנוש מופיעים נתוני השכר של נועה מזרחי.,1,LEAK,LEGAL_HR
המסמך כולל סיכום שימוע של איתי פרץ ופרטים אישיים רגישים.,1,LEAK,LEGAL_HR
המסמך מסווג פנימי וכולל את תוכנית ההשקה של מנוע זית.,1,LEAK,CONFIDENTIAL_BUSINESS
לקראת הפגישה עם ניר ביטון הועבר גם מספר הטלפון האישי שלו: 0534292002.,1,LEAK,MIXED_BORDERLINE
מפתח ה-API של הסביבה הפנימית נשמר במסמך המצורף.,1,LEAK,AUTH_SECRET
בכנס הטכנולוגיה הוצגו מגמות חדשות בתחום הבינה המלאכותית.,0,NON_LEAK,PUBLIC_INFO
יש לשלוח את הקובץ המעודכן עד סוף היום.,0,NON_LEAK,LOW_RISK_CONTEXT
המערכת החדשה תושק ב7/4/2026 לפי הודעה רשמית שפורסמה לכלל העובדים.,0,NON_LEAK,BORDERLINE_NON_LEAK
"פרטי הקשר של משה אוחנה: טלפון 0581369208, מייל moshe.ohana@outlook.com.",1,LEAK,PII_DIRECT
הפרויקט עבר לשלב האינטגרציה ונדרשת בדיקת עומסים.,0,NON_LEAK,LOW_RISK_CONTEXT
בדוח הפנימי מופיעים שמות לקוחות אסטרטגיים ותנאי התקשרות.,1,LEAK,CONFIDENTIAL_BUSINESS
מפתח ה-API של הסביבה הפנימית נשמר במסמך המצורף.,1,LEAK,AUTH_SECRET
המסמך מסווג פנימי וכולל את תוכנית ההשקה של פרויקט נוגה.,1,LEAK,CONFIDENTIAL_BUSINESS
בדוח משאבי האנוש מופיעים נתוני השכר של ליאור מלכה.,1,LEAK,LEGAL_HR
"נדרש לעדכן את פרטי הלקוח יעל לוי, תעודת זהות 340266397, טלפון 0547852517.",1,LEAK,PII_DIRECT
"פרטי הקשר של יעל לוי: טלפון 0591259088, מייל yael.levi@outlook.com.",1,LEAK,PII_DIRECT
"במסמך האישור מופיעים עידן דנינו, פתח תקווה ומספר הזהות 617928077.",1,LEAK,MIXED_BORDERLINE
בדוח הפנימי מופיעים שמות לקוחות אסטרטגיים ותנאי התקשרות.,1,LEAK,CONFIDENTIAL_BUSINESS
בזק פרסמה הודעה רשמית על הרחבת הפעילות באשדוד.,0,NON_LEAK,PUBLIC_INFO
"הכתובת של מיכל כהן היא רחוב בן גוריון 5, מודיעין.",1,LEAK,PII_DIRECT
לקראת הפגישה עם שרון סעדה הועבר גם מספר הטלפון האישי שלו: 0529426273.,1,LEAK,MIXED_BORDERLINE
המצגת עודכנה וכוללת את סטטוס המשימות לשבוע הקרוב.,0,NON_LEAK,NON_SENSITIVE_GENERAL
כתובת המייל האישית של אורן אברהם היא oren.avraham@org.co.il.,1,LEAK,PII_DIRECT
המסמך כולל תאריך יעד של 5/9/2026 אך אינו מכיל פרטים אישיים.,0,NON_LEAK,BORDERLINE_NON_LEAK
נייס פרסמה הודעה רשמית על הרחבת הפעילות ברעננה.,0,NON_LEAK,PUBLIC_INFO
האתר הרשמי עודכן עם מסמכי ההדרכה החדשים למשתמשים.,0,NON_LEAK,PUBLIC_INFO
"המסמך מכיל מידע רפואי אישי על נועם מזרחי, כולל אבחנות ותרופות.",1,LEAK,HEALTH
החברה הודיעה לציבור על פתיחת מרכז שירות חדש בחיפה.,0,NON_LEAK,PUBLIC_INFO
לקראת הפגישה עם ליאור מלכה הועבר גם מספר הטלפון האישי שלו: 0528098809.,1,LEAK,MIXED_BORDERLINE
נועם מזרחי עובד בחברת בזק בנתניה.,0,NON_LEAK,NON_SENSITIVE_GENERAL
שם הפרויקט הוא תוכנית רימון והוא יוצג בישיבת הנהלה.,0,NON_LEAK,BORDERLINE_NON_LEAK
המערכת החדשה תושק ב28/12/2026 לפי הודעה רשמית שפורסמה לכלל העובדים.,0,NON_LEAK,BORDERLINE_NON_LEAK
מספר כרטיס האשראי של יואב לוי הוא 5003165414473057.,1,LEAK,FINANCIAL
בכנס הטכנולוגיה הוצגו מגמות חדשות בתחום הבינה המלאכותית.,0,NON_LEAK,PUBLIC_INFO
"פרטי החשבון של איתי פרץ: בנק בנק לאומי, חשבון 2671006129.",1,LEAK,FINANCIAL
הצעת המחיר הסופית ללקוח תישלח רק לאחר אישור מנהל אבטחת מידע.,1,LEAK,CONFIDENTIAL_BUSINESS
החברה הודיעה לציבור על פתיחת מרכז שירות חדש בירושלים.,0,NON_LEAK,PUBLIC_INFO
"הכתובת של אורן אברהם היא רחוב הרצל 12, באר שבע.",1,LEAK,PII_DIRECT
בפגישה עם מנהלת משאבי אנוש סוכם כי מודול ברק יושק ב19/6/2026.,1,LEAK,CONFIDENTIAL_BUSINESS
הקבוצה תיפגש מחר בבוקר לדיון על תכנון הרבעון הבא.,0,NON_LEAK,NON_SENSITIVE_GENERAL
תאריך ההשקה של מוצר הדס נקבע ל8/12/2026.,1,LEAK,CONFIDENTIAL_BUSINESS
"הועבר תשלום בגובה 30,176 ש""ח מחשבון 4586256149 של נועם מזרחי.",1,LEAK,FINANCIAL
"הועבר תשלום בגובה 28,956 ש""ח מחשבון 2222696140 של יעל לוי.",1,LEAK,FINANCIAL
המערכת החדשה תושק ב12/2/2026 לפי הודעה רשמית שפורסמה לכלל העובדים.,0,NON_LEAK,BORDERLINE_NON_LEAK
מספר כרטיס האשראי של ליאור מלכה הוא 7385791066550980.,1,LEAK,FINANCIAL
"הוכן דוח לקוח עבור בזק, הכולל איש קשר בשם נועה מזרחי ומייל noa.mizrahi@example.co.il.",1,LEAK,MIXED_BORDERLINE
מספר תעודת הזהות של יואב לוי הוא 286993529.,1,LEAK,PII_DIRECT
תאריך ההשקה של מוצר אופק נקבע ל13/4/2026.,1,LEAK,CONFIDENTIAL_BUSINESS
"נא לא לשלוח החוצה את דוח הגבייה של עידן דנינו עם סכום 33,562 ש""ח.",1,LEAK,FINANCIAL
דוד כהן עובד בחברת צ'ק פוינט באשדוד.,0,NON_LEAK,NON_SENSITIVE_GENERAL
"הועבר תשלום בגובה 10,036 ש""ח מחשבון 1026198995 של דנה דנינו.",1,LEAK,FINANCIAL
האתר הרשמי עודכן עם מסמכי ההדרכה החדשים למשתמשים.,0,NON_LEAK,PUBLIC_INFO
הסיסמה הזמנית לחשבון של יואב לוי היא Welcome2026!.,1,LEAK,AUTH_SECRET
מספר כרטיס האשראי של רונית פרץ הוא 6699247664964973.,1,LEAK,FINANCIAL
"מנהל המוצר ביקש לעדכן את הלו""ז ולשתף את הסטטוס.",0,NON_LEAK,LOW_RISK_CONTEXT
התיק הרפואי של שרון סעדה מציין אבחנה של אסתמה.,1,LEAK,HEALTH
גוגל ישראל פרסמה הודעה רשמית על הרחבת הפעילות בתל אביב.,0,NON_LEAK,PUBLIC_INFO
המסמך כולל סיכום שימוע של רון חדד ופרטים אישיים רגישים.,1,LEAK,LEGAL_HR
"במסמך האישור מופיעים הילה חדד, אשדוד ומספר הזהות 162813407.",1,LEAK,MIXED_BORDERLINE
החברה הודיעה לציבור על פתיחת מרכז שירות חדש בראשון לציון.,0,NON_LEAK,PUBLIC_INFO
הפגישה עם מנהלת משאבי אנוש תתקיים ביום ראשון בנתניה.,0,NON_LEAK,NON_SENSITIVE_GENERAL
"נא לא לשלוח החוצה את דוח הגבייה של הילה חדד עם סכום 8,330 ש""ח.",1,LEAK,FINANCIAL
המצגת עודכנה וכוללת את סטטוס המשימות לשבוע הקרוב.,0,NON_LEAK,NON_SENSITIVE_GENERAL
"פרטי הקשר של איתי פרץ: טלפון 0587504279, מייל itay.peretz@mail.com.",1,LEAK,PII_DIRECT
הצעת המחיר הסופית ללקוח תישלח רק לאחר אישור יועץ משפטי.,1,LEAK,CONFIDENTIAL_BUSINESS
הצוות סיים את פיתוח פרויקט נוגה ועבר לשלב הבדיקות.,0,NON_LEAK,NON_SENSITIVE_GENERAL
מספר כרטיס האשראי של נועם מזרחי הוא 5988870585234078.,1,LEAK,FINANCIAL
הישיבה תתקיים בחדר הגדול בקומה השנייה.,0,NON_LEAK,LOW_RISK_CONTEXT
הצוות סיים את פיתוח מוצר הדס ועבר לשלב הבדיקות.,0,NON_LEAK,NON_SENSITIVE_GENERAL
המסמך מסווג פנימי וכולל את תוכנית ההשקה של פלטפורמת ארז.,1,LEAK,CONFIDENTIAL_BUSINESS
החברה הודיעה לציבור על פתיחת מרכז שירות חדש בתל אביב.,0,NON_LEAK,PUBLIC_INFO
האתר הרשמי עודכן עם מסמכי ההדרכה החדשים למשתמשים.,0,NON_LEAK,PUBLIC_INFO
הישיבה תתקיים בחדר הגדול בקומה השנייה.,0,NON_LEAK,LOW_RISK_CONTEXT
הישיבה תתקיים בחדר הגדול בקומה השנייה.,0,NON_LEAK,LOW_RISK_CONTEXT
תאריך ההשקה של שירות אביב נקבע ל7/7/2026.,1,LEAK,CONFIDENTIAL_BUSINESS
בזק פרסמה הודעה רשמית על הרחבת הפעילות בבאר שבע.,0,NON_LEAK,PUBLIC_INFO
הועבר קובץ עם תלונת משמעת פנימית נגד טל אוחנה.,1,LEAK,LEGAL_HR
בדוח הפנימי מופיעים שמות לקוחות אסטרטגיים ותנאי התקשרות.,1,LEAK,CONFIDENTIAL_BUSINESS
שם הפרויקט הוא מבצע שקמה והוא יוצג בישיבת הנהלה.,0,NON_LEAK,BORDERLINE_NON_LEAK
הועבר קובץ עם תלונת משמעת פנימית נגד משה אוחנה.,1,LEAK,LEGAL_HR
יש לשלוח את הקובץ המעודכן עד סוף היום.,0,NON_LEAK,LOW_RISK_CONTEXT
הישיבה תתקיים בחדר הגדול בקומה השנייה.,0,NON_LEAK,LOW_RISK_CONTEXT
החברה הודיעה לציבור על פתיחת מרכז שירות חדש בהרצליה.,0,NON_LEAK,PUBLIC_INFO
גוגל ישראל פרסמה הודעה רשמית על הרחבת הפעילות בראשון לציון.,0,NON_LEAK,PUBLIC_INFO
הצוות דן בשיפור חוויית המשתמש של מערכת קשת לקראת הרבעון הבא.,0,NON_LEAK,BORDERLINE_NON_LEAK
"פרטי החשבון של עמית אלקיים: בנק בנק הפועלים, חשבון 7265983763.",1,LEAK,FINANCIAL
הצוות דן בשיפור חוויית המשתמש של מוצר אופק לקראת הרבעון הבא.,0,NON_LEAK,BORDERLINE_NON_LEAK
סיכום הפגישה כולל גם את תאריך ההשקה 11/2/2026 וגם את פרטי הקשר של מיכל כהן.,1,LEAK,MIXED_BORDERLINE
הצעת המחיר הסופית ללקוח תישלח רק לאחר אישור ראש צוות.,1,LEAK,CONFIDENTIAL_BUSINESS
הצוות דן בשיפור חוויית המשתמש של שירות אביב לקראת הרבעון הבא.,0,NON_LEAK,BORDERLINE_NON_LEAK
"מנהל המוצר ביקש לעדכן את הלו""ז ולשתף את הסטטוס.",0,NON_LEAK,LOW_RISK_CONTEXT
יש לשלוח את הקובץ המעודכן עד סוף היום.,0,NON_LEAK,LOW_RISK_CONTEXT
האתר הרשמי עודכן עם מסמכי ההדרכה החדשים למשתמשים.,0,NON_LEAK,PUBLIC_INFO
יש לשלוח את הקובץ המעודכן עד סוף היום.,0,NON_LEAK,LOW_RISK_CONTEXT
בכנס הטכנולוגיה הוצגו מגמות חדשות בתחום הבינה המלאכותית.,0,NON_LEAK,PUBLIC_INFO
בכנס הטכנולוגיה הוצגו מגמות חדשות בתחום הבינה המלאכותית.,0,NON_LEAK,PUBLIC_INFO
הפרויקט עבר לשלב האינטגרציה ונדרשת בדיקת עומסים.,0,NON_LEAK,LOW_RISK_CONTEXT
הקבוצה תיפגש מחר בבוקר לדיון על תכנון הרבעון הבא.,0,NON_LEAK,NON_SENSITIVE_GENERAL
בדוח משאבי האנוש מופיעים נתוני השכר של מאיה ביטון.,1,LEAK,LEGAL_HR
"הוכן דוח לקוח עבור אלביט, הכולל איש קשר בשם משה אוחנה ומייל moshe.ohana@example.co.il.",1,LEAK,MIXED_BORDERLINE
הסיסמה הזמנית לחשבון של אלון מלכה היא Welcome2026!.,1,LEAK,AUTH_SECRET
האתר הרשמי עודכן עם מסמכי ההדרכה החדשים למשתמשים.,0,NON_LEAK,PUBLIC_INFO
הפרויקט עבר לשלב האינטגרציה ונדרשת בדיקת עומסים.,0,NON_LEAK,LOW_RISK_CONTEXT
הפרויקט עבר לשלב האינטגרציה ונדרשת בדיקת עומסים.,0,NON_LEAK,LOW_RISK_CONTEXT
הסיסמה הזמנית לחשבון של הילה חדד היא Welcome2026!.,1,LEAK,AUTH_SECRET
"פרטי הקשר של טל אוחנה: טלפון 0524068989, מייל tal.ohana@outlook.com.",1,LEAK,PII_DIRECT
מיכל כהן עובד בחברת בזק בחיפה.,0,NON_LEAK,NON_SENSITIVE_GENERAL
המצגת עודכנה וכוללת את סטטוס המשימות לשבוע הקרוב.,0,NON_LEAK,NON_SENSITIVE_GENERAL
החברה הודיעה לציבור על פתיחת מרכז שירות חדש בבאר שבע.,0,NON_LEAK,PUBLIC_INFO
"במסמך האישור מופיעים דנה דנינו, תל אביב ומספר הזהות 786934877.",1,LEAK,MIXED_BORDERLINE
יואב לוי עובד בחברת בזק בירושלים.,0,NON_LEAK,NON_SENSITIVE_GENERAL
מכבי שירותי בריאות פרסמה הודעה רשמית על הרחבת הפעילות בירושלים.,0,NON_LEAK,PUBLIC_INFO
בכנס הטכנולוגיה הוצגו מגמות חדשות בתחום הבינה המלאכותית.,0,NON_LEAK,PUBLIC_INFO
סיכום הפגישה כולל גם את תאריך ההשקה 20/6/2026 וגם את פרטי הקשר של עידן דנינו.,1,LEAK,MIXED_BORDERLINE
"במסמך האישור מופיעים אלון מלכה, אשדוד ומספר הזהות 178408212.",1,LEAK,MIXED_BORDERLINE
המערכת החדשה תושק ב8/4/2026 לפי הודעה רשמית שפורסמה לכלל העובדים.,0,NON_LEAK,BORDERLINE_NON_LEAK
"המסמך מכיל מידע רפואי אישי על יעל לוי, כולל אבחנות ותרופות.",1,LEAK,HEALTH
המצגת עודכנה וכוללת את סטטוס המשימות לשבוע הקרוב.,0,NON_LEAK,NON_SENSITIVE_GENERAL
בנק הפועלים פרסמה הודעה רשמית על הרחבת הפעילות במודיעין.,0,NON_LEAK,PUBLIC_INFO
הצוות מבקש להוסיף מסך התחברות חדש למערכת.,0,NON_LEAK,LOW_RISK_CONTEXT
יש לשלוח את הקובץ המעודכן עד סוף היום.,0,NON_LEAK,LOW_RISK_CONTEXT
"הוכן דוח לקוח עבור בזק, הכולל איש קשר בשם ליאור מלכה ומייל lior.malka@org.co.il.",1,LEAK,MIXED_BORDERLINE
הפרויקט עבר לשלב האינטגרציה ונדרשת בדיקת עומסים.,0,NON_LEAK,LOW_RISK_CONTEXT
בדוח משאבי האנוש מופיעים נתוני השכר של איתי פרץ.,1,LEAK,LEGAL_HR
"הכתובת של טל אוחנה היא רחוב בן גוריון 5, ראשון לציון.",1,LEAK,PII_DIRECT
יש לשלוח את הקובץ המעודכן עד סוף היום.,0,NON_LEAK,LOW_RISK_CONTEXT
הועבר קובץ עם תלונת משמעת פנימית נגד משה אוחנה.,1,LEAK,LEGAL_HR
"נדרש לעדכן את פרטי הלקוח דוד כהן, תעודת זהות 676023799, טלפון 0577226795.",1,LEAK,PII_DIRECT
הצוות דן בשיפור חוויית המשתמש של מוצר אופק לקראת הרבעון הבא.,0,NON_LEAK,BORDERLINE_NON_LEAK
יש לשלוח את הקובץ המעודכן עד סוף היום.,0,NON_LEAK,LOW_RISK_CONTEXT
"במסמך האישור מופיעים רון חדד, רעננה ומספר הזהות 450155905.",1,LEAK,MIXED_BORDERLINE
"במסמך האישור מופיעים רון חדד, רעננה ומספר הזהות 592334494.",1,LEAK,MIXED_BORDERLINE
"הקובץ מציג רשימת עובדים עם משכורות, בונוסים וימי מחלה.",1,LEAK,LEGAL_HR
הצוות דן בשיפור חוויית המשתמש של שירות אביב לקראת הרבעון הבא.,0,NON_LEAK,BORDERLINE_NON_LEAK
מפתח ה-API של הסביבה הפנימית נשמר במסמך המצורף.,1,LEAK,AUTH_SECRET
"הכתובת של הילה חדד היא רחוב ביאליק 7, חיפה.",1,LEAK,PII_DIRECT
נועם מזרחי עובד בחברת אינטל בנתניה.,0,NON_LEAK,NON_SENSITIVE_GENERAL
מפתח ה-API של הסביבה הפנימית נשמר במסמך המצורף.,1,LEAK,AUTH_SECRET
כתובת המייל האישית של הילה חדד היא hila.hadad@mail.com.,1,LEAK,PII_DIRECT
הישיבה תתקיים בחדר הגדול בקומה השנייה.,0,NON_LEAK,LOW_RISK_CONTEXT
מיקרוסופט פרסמה הודעה רשמית על הרחבת הפעילות בהרצליה.,0,NON_LEAK,PUBLIC_INFO
הפגישה עם מנהל מוצר תתקיים ביום ראשון באשדוד.,0,NON_LEAK,NON_SENSITIVE_GENERAL
"פרטי החשבון של שירה אברהם: בנק דיסקונט, חשבון 7536664760.",1,LEAK,FINANCIAL
הצוות סיים את פיתוח פרויקט נוגה ועבר לשלב הבדיקות.,0,NON_LEAK,NON_SENSITIVE_GENERAL
האתר הרשמי עודכן עם מסמכי ההדרכה החדשים למשתמשים.,0,NON_LEAK,PUBLIC_INFO
הועבר קובץ עם תלונת משמעת פנימית נגד שרון סעדה.,1,LEAK,LEGAL_HR
"מנהל המוצר ביקש לעדכן את הלו""ז ולשתף את הסטטוס.",0,NON_LEAK,LOW_RISK_CONTEXT
האתר הרשמי עודכן עם מסמכי ההדרכה החדשים למשתמשים.,0,NON_LEAK,PUBLIC_INFO
הסיסמה הזמנית לחשבון של עידן דנינו היא Welcome2026!.,1,LEAK,AUTH_SECRET
בדוח הרפואי של הילה חדד מבית החולים שיבא מופיע טיפול רגיש.,1,LEAK,HEALTH
יש לשלוח את הקובץ המעודכן עד סוף היום.,0,NON_LEAK,LOW_RISK_CONTEXT
אינטל פרסמה הודעה רשמית על הרחבת הפעילות בתל אביב.,0,NON_LEAK,PUBLIC_INFO
הצעת המחיר הסופית ללקוח תישלח רק לאחר אישור יועץ משפטי.,1,LEAK,CONFIDENTIAL_BUSINESS
המערכת החדשה תושק ב12/2/2026 לפי הודעה רשמית שפורסמה לכלל העובדים.,0,NON_LEAK,BORDERLINE_NON_LEAK
המצגת עודכנה וכוללת את סטטוס המשימות לשבוע הקרוב.,0,NON_LEAK,NON_SENSITIVE_GENERAL
יש לשלוח את הקובץ המעודכן עד סוף היום.,0,NON_LEAK,LOW_RISK_CONTEXT
"מנהל המוצר ביקש לעדכן את הלו""ז ולשתף את הסטטוס.",0,NON_LEAK,LOW_RISK_CONTEXT
הועבר קובץ עם תלונת משמעת פנימית נגד נועם מזרחי.,1,LEAK,LEGAL_HR
מספר תעודת הזהות של ניר ביטון הוא 016105582.,1,LEAK,PII_DIRECT
הועבר קובץ עם תלונת משמעת פנימית נגד עידן דנינו.,1,LEAK,LEGAL_HR
מיקרוסופט פרסמה הודעה רשמית על הרחבת הפעילות במודיעין.,0,NON_LEAK,PUBLIC_INFO
החברה הודיעה לציבור על פתיחת מרכז שירות חדש בבאר שבע.,0,NON_LEAK,PUBLIC_INFO
סיכום הפגישה כולל גם את תאריך ההשקה 19/2/2026 וגם את פרטי הקשר של ניר ביטון.,1,LEAK,MIXED_BORDERLINE
"מנהל המוצר ביקש לעדכן את הלו""ז ולשתף את הסטטוס.",0,NON_LEAK,LOW_RISK_CONTEXT
התיק הרפואי של מאיה ביטון מציין אבחנה של דיכאון.,1,LEAK,HEALTH
בדוח משאבי האנוש מופיעים נתוני השכר של נועה מזרחי.,1,LEAK,LEGAL_HR
יש לשלוח את הקובץ המעודכן עד סוף היום.,0,NON_LEAK,LOW_RISK_CONTEXT
בדוח הרפואי של טל אוחנה מבית החולים סורוקה מופיע טיפול רגיש.,1,LEAK,HEALTH
המסמך כולל תאריך יעד של 18/9/2026 אך אינו מכיל פרטים אישיים.,0,NON_LEAK,BORDERLINE_NON_LEAK
בדוח הפנימי מופיעים שמות לקוחות אסטרטגיים ותנאי התקשרות.,1,LEAK,CONFIDENTIAL_BUSINESS
האתר הרשמי עודכן עם מסמכי ההדרכה החדשים למשתמשים.,0,NON_LEAK,PUBLIC_INFO
המסמך מסווג פנימי וכולל את תוכנית ההשקה של מוצר אופק.,1,LEAK,CONFIDENTIAL_BUSINESS
"פרטי הקשר של רון חדד: טלפון 0584488855, מייל ron.hadad@outlook.com.",1,LEAK,PII_DIRECT
הפגישה עם חשב שכר תתקיים ביום ראשון ברעננה.,0,NON_LEAK,NON_SENSITIVE_GENERAL
הצוות דן בשיפור חוויית המשתמש של שירות אביב לקראת הרבעון הבא.,0,NON_LEAK,BORDERLINE_NON_LEAK
בדוח משאבי האנוש מופיעים נתוני השכר של איתי פרץ.,1,LEAK,LEGAL_HR
יש לשלוח את הקובץ המעודכן עד סוף היום.,0,NON_LEAK,LOW_RISK_CONTEXT
המערכת החדשה תושק ב11/10/2026 לפי הודעה רשמית שפורסמה לכלל העובדים.,0,NON_LEAK,BORDERLINE_NON_LEAK
החברה הודיעה לציבור על פתיחת מרכז שירות חדש בתל אביב.,0,NON_LEAK,PUBLIC_INFO
מספר הטלפון של יעל לוי הוא 0576184294.,1,LEAK,PII_DIRECT
מספר תעודת הזהות של עידן דנינו הוא 630368967.,1,LEAK,PII_DIRECT
הפרויקט עבר לשלב האינטגרציה ונדרשת בדיקת עומסים.,0,NON_LEAK,LOW_RISK_CONTEXT
המערכת החדשה תושק ב5/12/2026 לפי הודעה רשמית שפורסמה לכלל העובדים.,0,NON_LEAK,BORDERLINE_NON_LEAK
המסמך מסווג פנימי וכולל את תוכנית ההשקה של מערכת קשת.,1,LEAK,CONFIDENTIAL_BUSINESS
המצגת עודכנה וכוללת את סטטוס המשימות לשבוע הקרוב.,0,NON_LEAK,NON_SENSITIVE_GENERAL
התיק הרפואי של הילה חדד מציין אבחנה של סוכרת.,1,LEAK,HEALTH
הצעת המחיר הסופית ללקוח תישלח רק לאחר אישור מנהל פיתוח.,1,LEAK,CONFIDENTIAL_BUSINESS
"בדוח מופיעים פרטי חיוב של לקוחות, כולל מספרי חשבון וסכומים.",1,LEAK,FINANCIAL
מספר תעודת הזהות של יעל לוי הוא 039558750.,1,LEAK,PII_DIRECT
"המסמך מכיל מידע רפואי אישי על אורן אברהם, כולל אבחנות ותרופות.",1,LEAK,HEALTH
הצוות סיים את פיתוח מנוע זית ועבר לשלב הבדיקות.,0,NON_LEAK,NON_SENSITIVE_GENERAL
הועבר סיכום כללי של דיון שבועי ללא פרטים אישיים.,0,NON_LEAK,BORDERLINE_NON_LEAK
המערכת החדשה תושק ב6/2/2026 לפי הודעה רשמית שפורסמה לכלל העובדים.,0,NON_LEAK,BORDERLINE_NON_LEAK
בכנס הטכנולוגיה הוצגו מגמות חדשות בתחום הבינה המלאכותית.,0,NON_LEAK,PUBLIC_INFO
שם הפרויקט הוא פרויקט דרור והוא יוצג בישיבת הנהלה.,0,NON_LEAK,BORDERLINE_NON_LEAK
הפגישה עם חשב שכר תתקיים ביום ראשון במודיעין.,0,NON_LEAK,NON_SENSITIVE_GENERAL
המסמך כולל סיכום שימוע של ליאור מלכה ופרטים אישיים רגישים.,1,LEAK,LEGAL_HR
"הוכן דוח לקוח עבור גוגל ישראל, הכולל איש קשר בשם יעל לוי ומייל yael.levi@org.co.il.",1,LEAK,MIXED_BORDERLINE
"נא לא לשלוח החוצה את דוח הגבייה של הילה חדד עם סכום 20,958 ש""ח.",1,LEAK,FINANCIAL
בדוח משאבי האנוש מופיעים נתוני השכר של דוד כהן.,1,LEAK,LEGAL_HR
"הועבר תשלום בגובה 20,264 ש""ח מחשבון 9295667388 של עמית אלקיים.",1,LEAK,FINANCIAL
הקבוצה תיפגש מחר בבוקר לדיון על תכנון הרבעון הבא.,0,NON_LEAK,NON_SENSITIVE_GENERAL
המסמך מסווג פנימי וכולל את תוכנית ההשקה של מודול ברק.,1,LEAK,CONFIDENTIAL_BUSINESS
הצוות סיים את פיתוח מוצר הדס ועבר לשלב הבדיקות.,0,NON_LEAK,NON_SENSITIVE_GENERAL
הישיבה תתקיים בחדר הגדול בקומה השנייה.,0,NON_LEAK,LOW_RISK_CONTEXT
הועבר קובץ עם תלונת משמעת פנימית נגד ניר ביטון.,1,LEAK,LEGAL_HR
סיכום הפגישה כולל גם את תאריך ההשקה 27/5/2026 וגם את פרטי הקשר של אלון מלכה.,1,LEAK,MIXED_BORDERLINE
"פרטי החשבון של יעל לוי: בנק בנק הפועלים, חשבון 9304447646.",1,LEAK,FINANCIAL
הסיסמה הזמנית לחשבון של איתי פרץ היא Welcome2026!.,1,LEAK,AUTH_SECRET
כתובת המייל האישית של רונית פרץ היא ronit.peretz@company.co.il.,1,LEAK,PII_DIRECT
סיכום הפגישה כולל גם את תאריך ההשקה 4/11/2026 וגם את פרטי הקשר של יואב לוי.,1,LEAK,MIXED_BORDERLINE
האתר הרשמי עודכן עם מסמכי ההדרכה החדשים למשתמשים.,0,NON_LEAK,PUBLIC_INFO
מספר הטלפון של מאיה ביטון הוא 0595025867.,1,LEAK,PII_DIRECT
צ'ק פוינט פרסמה הודעה רשמית על הרחבת הפעילות במודיעין.,0,NON_LEAK,PUBLIC_INFO
"הקובץ מציג רשימת עובדים עם משכורות, בונוסים וימי מחלה.",1,LEAK,LEGAL_HR
הועבר קובץ עם תלונת משמעת פנימית נגד יואב לוי.,1,LEAK,LEGAL_HR
סיכום הפגישה כולל גם את תאריך ההשקה 15/10/2026 וגם את פרטי הקשר של נועם מזרחי.,1,LEAK,MIXED_BORDERLINE
הישיבה תתקיים בחדר הגדול בקומה השנייה.,0,NON_LEAK,LOW_RISK_CONTEXT
קוד האימות שנשלח לאלון מלכה הוא 483921.,1,LEAK,AUTH_SECRET
החברה הודיעה לציבור על פתיחת מרכז שירות חדש באשדוד.,0,NON_LEAK,PUBLIC_INFO
שם הפרויקט הוא גרסת אפריל והוא יוצג בישיבת הנהלה.,0,NON_LEAK,BORDERLINE_NON_LEAK
המסמך כולל תאריך יעד של 5/12/2026 אך אינו מכיל פרטים אישיים.,0,NON_LEAK,BORDERLINE_NON_LEAK
"בפגישה עם מנכ""ל סוכם כי מנוע זית יושק ב25/4/2026.",1,LEAK,CONFIDENTIAL_BUSINESS
בנק הפועלים פרסמה הודעה רשמית על הרחבת הפעילות ברעננה.,0,NON_LEAK,PUBLIC_INFO
"במסמך האישור מופיעים נועם מזרחי, פתח תקווה ומספר הזהות 459477278.",1,LEAK,MIXED_BORDERLINE
הסיסמה הזמנית לחשבון של שירה אברהם היא Welcome2026!.,1,LEAK,AUTH_SECRET
הצוות מבקש להוסיף מסך התחברות חדש למערכת.,0,NON_LEAK,LOW_RISK_CONTEXT
המסמך כולל תאריך יעד של 4/12/2026 אך אינו מכיל פרטים אישיים.,0,NON_LEAK,BORDERLINE_NON_LEAK
בדוח משאבי האנוש מופיעים נתוני השכר של עמית אלקיים.,1,LEAK,LEGAL_HR
"במסמך האישור מופיעים אורן אברהם, הרצליה ומספר הזהות 084785466.",1,LEAK,MIXED_BORDERLINE
"הקובץ כולל פרטי גישה למערכת, כולל שם משתמש וסיסמה.",1,LEAK,AUTH_SECRET
"מנהל המוצר ביקש לעדכן את הלו""ז ולשתף את הסטטוס.",0,NON_LEAK,LOW_RISK_CONTEXT
שם הפרויקט הוא גרסת אפריל והוא יוצג בישיבת הנהלה.,0,NON_LEAK,BORDERLINE_NON_LEAK
שם הפרויקט הוא גרסת אפריל והוא יוצג בישיבת הנהלה.,0,NON_LEAK,BORDERLINE_NON_LEAK
כתובת המייל האישית של יעל לוי היא yael.levi@company.co.il.,1,LEAK,PII_DIRECT
מפתח ה-API של הסביבה הפנימית נשמר במסמך המצורף.,1,LEAK,AUTH_SECRET
בכנס הטכנולוגיה הוצגו מגמות חדשות בתחום הבינה המלאכותית.,0,NON_LEAK,PUBLIC_INFO
החברה הודיעה לציבור על פתיחת מרכז שירות חדש בתל אביב.,0,NON_LEAK,PUBLIC_INFO
"מנהל המוצר ביקש לעדכן את הלו""ז ולשתף את הסטטוס.",0,NON_LEAK,LOW_RISK_CONTEXT
"המסמך מכיל מידע רפואי אישי על יואב לוי, כולל אבחנות ותרופות.",1,LEAK,HEALTH
בפגישה עם מנהל מוצר סוכם כי שירות אביב יושק ב4/12/2026.,1,LEAK,CONFIDENTIAL_BUSINESS
מספר כרטיס האשראי של נועם מזרחי הוא 2733659656635055.,1,LEAK,FINANCIAL
הצוות מבקש להוסיף מסך התחברות חדש למערכת.,0,NON_LEAK,LOW_RISK_CONTEXT
אלביט פרסמה הודעה רשמית על הרחבת הפעילות בהרצליה.,0,NON_LEAK,PUBLIC_INFO
הישיבה תתקיים בחדר הגדול בקומה השנייה.,0,NON_LEAK,LOW_RISK_CONTEXT
"בדוח מופיעים פרטי חיוב של לקוחות, כולל מספרי חשבון וסכומים.",1,LEAK,FINANCIAL
הקבוצה תיפגש מחר בבוקר לדיון על תכנון הרבעון הבא.,0,NON_LEAK,NON_SENSITIVE_GENERAL
כתובת המייל האישית של יואב לוי היא yoav.levi@mail.com.,1,LEAK,PII_DIRECT
כתובת המייל האישית של נועם מזרחי היא noam.mizrahi@org.co.il.,1,LEAK,PII_DIRECT
מפתח ה-API של הסביבה הפנימית נשמר במסמך המצורף.,1,LEAK,AUTH_SECRET
קוד האימות שנשלח לרון חדד הוא 483921.,1,LEAK,AUTH_SECRET
הישיבה תתקיים בחדר הגדול בקומה השנייה.,0,NON_LEAK,LOW_RISK_CONTEXT
הצוות סיים את פיתוח מוצר אופק ועבר לשלב הבדיקות.,0,NON_LEAK,NON_SENSITIVE_GENERAL
הצוות דן בשיפור חוויית המשתמש של מודול ברק לקראת הרבעון הבא.,0,NON_LEAK,BORDERLINE_NON_LEAK
ליאור מלכה עובד בחברת צ'ק פוינט בהרצליה.,0,NON_LEAK,NON_SENSITIVE_GENERAL
מספר הטלפון של טל אוחנה הוא 0550818951.,1,LEAK,PII_DIRECT
"נדרש לעדכן את פרטי הלקוח נועם מזרחי, תעודת זהות 311873791, טלפון 0537964805.",1,LEAK,PII_DIRECT
קוד האימות שנשלח לנועם מזרחי הוא 483921.,1,LEAK,AUTH_SECRET
האתר הרשמי עודכן עם מסמכי ההדרכה החדשים למשתמשים.,0,NON_LEAK,PUBLIC_INFO
האתר הרשמי עודכן עם מסמכי ההדרכה החדשים למשתמשים.,0,NON_LEAK,PUBLIC_INFO
בכנס הטכנולוגיה הוצגו מגמות חדשות בתחום הבינה המלאכותית.,0,NON_LEAK,PUBLIC_INFO
בדוח הרפואי של יואב לוי מבית החולים סורוקה מופיע טיפול רגיש.,1,LEAK,HEALTH
הצוות סיים את פיתוח מערכת קשת ועבר לשלב הבדיקות.,0,NON_LEAK,NON_SENSITIVE_GENERAL
סיכום הפגישה כולל גם את תאריך ההשקה 22/10/2026 וגם את פרטי הקשר של שירה אברהם.,1,LEAK,MIXED_BORDERLINE
הסיסמה הזמנית לחשבון של דנה דנינו היא Welcome2026!.,1,LEAK,AUTH_SECRET
לקראת הפגישה עם הילה חדד הועבר גם מספר הטלפון האישי שלו: 0586643150.,1,LEAK,MIXED_BORDERLINE
הסיסמה הזמנית לחשבון של יעל לוי היא Welcome2026!.,1,LEAK,AUTH_SECRET
שם הפרויקט הוא תוכנית רימון והוא יוצג בישיבת הנהלה.,0,NON_LEAK,BORDERLINE_NON_LEAK
הישיבה תתקיים בחדר הגדול בקומה השנייה.,0,NON_LEAK,LOW_RISK_CONTEXT
אינטל פרסמה הודעה רשמית על הרחבת הפעילות באשדוד.,0,NON_LEAK,PUBLIC_INFO
מספר תעודת הזהות של נועם מזרחי הוא 024297348.,1,LEAK,PII_DIRECT
המצגת עודכנה וכוללת את סטטוס המשימות לשבוע הקרוב.,0,NON_LEAK,NON_SENSITIVE_GENERAL
שרון סעדה עובד בחברת גוגל ישראל בבאר שבע.,0,NON_LEAK,NON_SENSITIVE_GENERAL
החברה הודיעה לציבור על פתיחת מרכז שירות חדש בחיפה.,0,NON_LEAK,PUBLIC_INFO
הצוות סיים את פיתוח גרסה 4.2 ועבר לשלב הבדיקות.,0,NON_LEAK,NON_SENSITIVE_GENERAL
המצגת עודכנה וכוללת את סטטוס המשימות לשבוע הקרוב.,0,NON_LEAK,NON_SENSITIVE_GENERAL
הועבר סיכום כללי של ישיבת צוות ללא פרטים אישיים.,0,NON_LEAK,BORDERLINE_NON_LEAK
גוגל ישראל פרסמה הודעה רשמית על הרחבת הפעילות בתל אביב.,0,NON_LEAK,PUBLIC_INFO
הצעת המחיר הסופית ללקוח תישלח רק לאחר אישור מנהלת משאבי אנוש.,1,LEAK,CONFIDENTIAL_BUSINESS
שם הפרויקט הוא פרויקט ברוש והוא יוצג בישיבת הנהלה.,0,NON_LEAK,BORDERLINE_NON_LEAK
הצוות סיים את פיתוח מוצר הדס ועבר לשלב הבדיקות.,0,NON_LEAK,NON_SENSITIVE_GENERAL
המצגת עודכנה וכוללת את סטטוס המשימות לשבוע הקרוב.,0,NON_LEAK,NON_SENSITIVE_GENERAL
לקראת הפגישה עם איתי פרץ הועבר גם מספר הטלפון האישי שלו: 0554976354.,1,LEAK,MIXED_BORDERLINE
הסיסמה הזמנית לחשבון של ניר ביטון היא Welcome2026!.,1,LEAK,AUTH_SECRET
הישיבה תתקיים בחדר הגדול בקומה השנייה.,0,NON_LEAK,LOW_RISK_CONTEXT
המצגת עודכנה וכוללת את סטטוס המשימות לשבוע הקרוב.,0,NON_LEAK,NON_SENSITIVE_GENERAL
יש לשלוח את הקובץ המעודכן עד סוף היום.,0,NON_LEAK,LOW_RISK_CONTEXT
הפרויקט עבר לשלב האינטגרציה ונדרשת בדיקת עומסים.,0,NON_LEAK,LOW_RISK_CONTEXT
הועבר קובץ עם תלונת משמעת פנימית נגד משה אוחנה.,1,LEAK,LEGAL_HR
הישיבה תתקיים בחדר הגדול בקומה השנייה.,0,NON_LEAK,LOW_RISK_CONTEXT
מספר הטלפון של אלון מלכה הוא 0552818201.,1,LEAK,PII_DIRECT
הצוות מבקש להוסיף מסך התחברות חדש למערכת.,0,NON_LEAK,LOW_RISK_CONTEXT
"בפגישה עם מנכ""ל סוכם כי פלטפורמת ארז יושק ב24/9/2026.",1,LEAK,CONFIDENTIAL_BUSINESS
מיכל כהן עובד בחברת בזק ברעננה.,0,NON_LEAK,NON_SENSITIVE_GENERAL
תאריך ההשקה של שירות אביב נקבע ל12/11/2026.,1,LEAK,CONFIDENTIAL_BUSINESS
בכנס הטכנולוגיה הוצגו מגמות חדשות בתחום הבינה המלאכותית.,0,NON_LEAK,PUBLIC_INFO
כתובת המייל האישית של יואב לוי היא yoav.levi@outlook.com.,1,LEAK,PII_DIRECT
"מנהל המוצר ביקש לעדכן את הלו""ז ולשתף את הסטטוס.",0,NON_LEAK,LOW_RISK_CONTEXT
נייס פרסמה הודעה רשמית על הרחבת הפעילות בפתח תקווה.,0,NON_LEAK,PUBLIC_INFO
בדוח משאבי האנוש מופיעים נתוני השכר של מאיה ביטון.,1,LEAK,LEGAL_HR
"נדרש לעדכן את פרטי הלקוח ליאור מלכה, תעודת זהות 659525091, טלפון 0556060718.",1,LEAK,PII_DIRECT
יש לשלוח את הקובץ המעודכן עד סוף היום.,0,NON_LEAK,LOW_RISK_CONTEXT
הצוות סיים את פיתוח מוצר הדס ועבר לשלב הבדיקות.,0,NON_LEAK,NON_SENSITIVE_GENERAL
"הוכן דוח לקוח עבור רפאל, הכולל איש קשר בשם איתי פרץ ומייל itay.peretz@company.co.il.",1,LEAK,MIXED_BORDERLINE
המערכת החדשה תושק ב9/5/2026 לפי הודעה רשמית שפורסמה לכלל העובדים.,0,NON_LEAK,BORDERLINE_NON_LEAK
בדוח משאבי האנוש מופיעים נתוני השכר של יואב לוי.,1,LEAK,LEGAL_HR
החברה הודיעה לציבור על פתיחת מרכז שירות חדש בנתניה.,0,NON_LEAK,PUBLIC_INFO
הצעת המחיר הסופית ללקוח תישלח רק לאחר אישור חשב שכר.,1,LEAK,CONFIDENTIAL_BUSINESS
הצוות דן בשיפור חוויית המשתמש של גרסה 4.2 לקראת הרבעון הבא.,0,NON_LEAK,BORDERLINE_NON_LEAK
המצגת עודכנה וכוללת את סטטוס המשימות לשבוע הקרוב.,0,NON_LEAK,NON_SENSITIVE_GENERAL
לקראת הפגישה עם ליאור מלכה הועבר גם מספר הטלפון האישי שלו: 0525511568.,1,LEAK,MIXED_BORDERLINE
הועבר קובץ עם תלונת משמעת פנימית נגד דוד כהן.,1,LEAK,LEGAL_HR
בכנס הטכנולוגיה הוצגו מגמות חדשות בתחום הבינה המלאכותית.,0,NON_LEAK,PUBLIC_INFO
"הועבר תשלום בגובה 12,292 ש""ח מחשבון 6957631209 של דנה דנינו.",1,LEAK,FINANCIAL
בדוח הרפואי של דנה דנינו מבית החולים סורוקה מופיע טיפול רגיש.,1,LEAK,HEALTH
בדוח משאבי האנוש מופיעים נתוני השכר של משה אוחנה.,1,LEAK,LEGAL_HR
"בדוח מופיעים פרטי חיוב של לקוחות, כולל מספרי חשבון וסכומים.",1,LEAK,FINANCIAL
מספר כרטיס האשראי של איתי פרץ הוא 2886618372955847.,1,LEAK,FINANCIAL
כתובת המייל האישית של עידן דנינו היא idan.danino@company.co.il.,1,LEAK,PII_DIRECT
לקראת הפגישה עם איתי פרץ הועבר גם מספר הטלפון האישי שלו: 0546765548.,1,LEAK,MIXED_BORDERLINE
הועבר סיכום כללי של עדכון סטטוס ללא פרטים אישיים.,0,NON_LEAK,BORDERLINE_NON_LEAK
יש לשלוח את הקובץ המעודכן עד סוף היום.,0,NON_LEAK,LOW_RISK_CONTEXT
בכנס הטכנולוגיה הוצגו מגמות חדשות בתחום הבינה המלאכותית.,0,NON_LEAK,PUBLIC_INFO
"מנהל המוצר ביקש לעדכן את הלו""ז ולשתף את הסטטוס.",0,NON_LEAK,LOW_RISK_CONTEXT
הצוות סיים את פיתוח פרויקט נוגה ועבר לשלב הבדיקות.,0,NON_LEAK,NON_SENSITIVE_GENERAL
אין להפיץ את תוצאות הבדיקה של שרון סעדה שנערכו באסותא.,1,LEAK,HEALTH
אין להפיץ את תוצאות הבדיקה של ניר ביטון שנערכו באיכילוב.,1,LEAK,HEALTH
הצוות מבקש להוסיף מסך התחברות חדש למערכת.,0,NON_LEAK,LOW_RISK_CONTEXT
"במסמך האישור מופיעים משה אוחנה, מודיעין ומספר הזהות 418522884.",1,LEAK,MIXED_BORDERLINE
הצוות מבקש להוסיף מסך התחברות חדש למערכת.,0,NON_LEAK,LOW_RISK_CONTEXT
נועם מזרחי עובד בחברת רפאל באשדוד.,0,NON_LEAK,NON_SENSITIVE_GENERAL
קוד האימות שנשלח לדנה דנינו הוא 483921.,1,LEAK,AUTH_SECRET
מספר תעודת הזהות של נועה מזרחי הוא 256942015.,1,LEAK,PII_DIRECT
"נדרש לעדכן את פרטי הלקוח מאיה ביטון, תעודת זהות 597208015, טלפון 0587546414.",1,LEAK,PII_DIRECT
הקבוצה תיפגש מחר בבוקר לדיון על תכנון הרבעון הבא.,0,NON_LEAK,NON_SENSITIVE_GENERAL
הועבר קובץ עם תלונת משמעת פנימית נגד נועם מזרחי.,1,LEAK,LEGAL_HR
לקראת הפגישה עם נועה מזרחי הועבר גם מספר הטלפון האישי שלו: 0585927457.,1,LEAK,MIXED_BORDERLINE
המסמך מסווג פנימי וכולל את תוכנית ההשקה של מוצר הדס.,1,LEAK,CONFIDENTIAL_BUSINESS
"נדרש לעדכן את פרטי הלקוח רון חדד, תעודת זהות 504789444, טלפון 0533136119.",1,LEAK,PII_DIRECT
המצגת עודכנה וכוללת את סטטוס המשימות לשבוע הקרוב.,0,NON_LEAK,NON_SENSITIVE_GENERAL
מסמך זה כולל מידע פנימי על תוכנית רימון ואסור לשתף אותו מחוץ לארגון.,1,LEAK,CONFIDENTIAL_BUSINESS
"נא לא לשלוח החוצה את דוח הגבייה של עמית אלקיים עם סכום 39,542 ש""ח.",1,LEAK,FINANCIAL
שם הפרויקט הוא מבצע שקמה והוא יוצג בישיבת הנהלה.,0,NON_LEAK,BORDERLINE_NON_LEAK
הצוות דן בשיפור חוויית המשתמש של פלטפורמת ארז לקראת הרבעון הבא.,0,NON_LEAK,BORDERLINE_NON_LEAK
בכנס הטכנולוגיה הוצגו מגמות חדשות בתחום הבינה המלאכותית.,0,NON_LEAK,PUBLIC_INFO
לקראת הפגישה עם דוד כהן הועבר גם מספר הטלפון האישי שלו: 0572715919.,1,LEAK,MIXED_BORDERLINE
סיכום הפגישה כולל גם את תאריך ההשקה 21/9/2026 וגם את פרטי הקשר של מיכל כהן.,1,LEAK,MIXED_BORDERLINE
כתובת המייל האישית של איתי פרץ היא itay.peretz@org.co.il.,1,LEAK,PII_DIRECT
הועבר סיכום כללי של ישיבת צוות ללא פרטים אישיים.,0,NON_LEAK,BORDERLINE_NON_LEAK
המערכת החדשה תושק ב27/5/2026 לפי הודעה רשמית שפורסמה לכלל העובדים.,0,NON_LEAK,BORDERLINE_NON_LEAK
המסמך כולל תאריך יעד של 12/3/2026 אך אינו מכיל פרטים אישיים.,0,NON_LEAK,BORDERLINE_NON_LEAK
התיק הרפואי של משה אוחנה מציין אבחנה של דלקת ריאות.,1,LEAK,HEALTH
מפתח ה-API של הסביבה הפנימית נשמר במסמך המצורף.,1,LEAK,AUTH_SECRET
מפתח ה-API של הסביבה הפנימית נשמר במסמך המצורף.,1,LEAK,AUTH_SECRET
הישיבה תתקיים בחדר הגדול בקומה השנייה.,0,NON_LEAK,LOW_RISK_CONTEXT
שם הפרויקט הוא פרויקט דרור והוא יוצג בישיבת הנהלה.,0,NON_LEAK,BORDERLINE_NON_LEAK
הצוות סיים את פיתוח מוצר אופק ועבר לשלב הבדיקות.,0,NON_LEAK,NON_SENSITIVE_GENERAL
הסיסמה הזמנית לחשבון של אורן אברהם היא Welcome2026!.,1,LEAK,AUTH_SECRET
בכנס הטכנולוגיה הוצגו מגמות חדשות בתחום הבינה המלאכותית.,0,NON_LEAK,PUBLIC_INFO
"הועבר תשלום בגובה 11,225 ש""ח מחשבון 6987844766 של ליאור מלכה.",1,LEAK,FINANCIAL
המערכת החדשה תושק ב9/8/2026 לפי הודעה רשמית שפורסמה לכלל העובדים.,0,NON_LEAK,BORDERLINE_NON_LEAK
המערכת החדשה תושק ב1/11/2026 לפי הודעה רשמית שפורסמה לכלל העובדים.,0,NON_LEAK,BORDERLINE_NON_LEAK
בכנס הטכנולוגיה הוצגו מגמות חדשות בתחום הבינה המלאכותית.,0,NON_LEAK,PUBLIC_INFO
"המסמך מכיל מידע רפואי אישי על אורן אברהם, כולל אבחנות ותרופות.",1,LEAK,HEALTH
שם הפרויקט הוא גרסת אפריל והוא יוצג בישיבת הנהלה.,0,NON_LEAK,BORDERLINE_NON_LEAK
קופת חולים כללית פרסמה הודעה רשמית על הרחבת הפעילות בתל אביב.,0,NON_LEAK,PUBLIC_INFO
המסמך כולל סיכום שימוע של משה אוחנה ופרטים אישיים רגישים.,1,LEAK,LEGAL_HR
התיק הרפואי של משה אוחנה מציין אבחנה של דלקת ריאות.,1,LEAK,HEALTH
"נא לא לשלוח החוצה את דוח הגבייה של יעל לוי עם סכום 16,365 ש""ח.",1,LEAK,FINANCIAL
החברה הודיעה לציבור על פתיחת מרכז שירות חדש בירושלים.,0,NON_LEAK,PUBLIC_INFO
"הוכן דוח לקוח עבור גוגל ישראל, הכולל איש קשר בשם דנה דנינו ומייל dana.danino@gmail.com.",1,LEAK,MIXED_BORDERLINE
הסיסמה הזמנית לחשבון של נועה מזרחי היא Welcome2026!.,1,LEAK,AUTH_SECRET
מסמך זה כולל מידע פנימי על מבצע שקמה ואסור לשתף אותו מחוץ לארגון.,1,LEAK,CONFIDENTIAL_BUSINESS
"נא לא לשלוח החוצה את דוח הגבייה של עמית אלקיים עם סכום 30,493 ש""ח.",1,LEAK,FINANCIAL
סיכום הפגישה כולל גם את תאריך ההשקה 4/4/2026 וגם את פרטי הקשר של מיכל כהן.,1,LEAK,MIXED_BORDERLINE
מפתח ה-API של הסביבה הפנימית נשמר במסמך המצורף.,1,LEAK,AUTH_SECRET
הפרויקט עבר לשלב האינטגרציה ונדרשת בדיקת עומסים.,0,NON_LEAK,LOW_RISK_CONTEXT
הועבר סיכום כללי של דיון שבועי ללא פרטים אישיים.,0,NON_LEAK,BORDERLINE_NON_LEAK
מספר כרטיס האשראי של יואב לוי הוא 1926697463554471.,1,LEAK,FINANCIAL
הצעת המחיר הסופית ללקוח תישלח רק לאחר אישור מנהל מוצר.,1,LEAK,CONFIDENTIAL_BUSINESS
בנק הפועלים פרסמה הודעה רשמית על הרחבת הפעילות בנתניה.,0,NON_LEAK,PUBLIC_INFO
הועבר סיכום כללי של ישיבת צוות ללא פרטים אישיים.,0,NON_LEAK,BORDERLINE_NON_LEAK
"מנהל המוצר ביקש לעדכן את הלו""ז ולשתף את הסטטוס.",0,NON_LEAK,LOW_RISK_CONTEXT
יש לשלוח את הקובץ המעודכן עד סוף היום.,0,NON_LEAK,LOW_RISK_CONTEXT
המסמך כולל סיכום שימוע של שרון סעדה ופרטים אישיים רגישים.,1,LEAK,LEGAL_HR
"מנהל המוצר ביקש לעדכן את הלו""ז ולשתף את הסטטוס.",0,NON_LEAK,LOW_RISK_CONTEXT
"פרטי החשבון של יעל לוי: בנק בנק הפועלים, חשבון 2553182180.",1,LEAK,FINANCIAL
"פרטי החשבון של טל אוחנה: בנק בנק לאומי, חשבון 8023720823.",1,LEAK,FINANCIAL
אין להפיץ את תוצאות הבדיקה של רון חדד שנערכו בסורוקה.,1,LEAK,HEALTH
בכנס הטכנולוגיה הוצגו מגמות חדשות בתחום הבינה המלאכותית.,0,NON_LEAK,PUBLIC_INFO
המערכת החדשה תושק ב20/12/2026 לפי הודעה רשמית שפורסמה לכלל העובדים.,0,NON_LEAK,BORDERLINE_NON_LEAK
שם הפרויקט הוא גרסת אפריל והוא יוצג בישיבת הנהלה.,0,NON_LEAK,BORDERLINE_NON_LEAK
בכנס הטכנולוגיה הוצגו מגמות חדשות בתחום הבינה המלאכותית.,0,NON_LEAK,PUBLIC_INFO
המצגת עודכנה וכוללת את סטטוס המשימות לשבוע הקרוב.,0,NON_LEAK,NON_SENSITIVE_GENERAL
הקבוצה תיפגש מחר בבוקר לדיון על תכנון הרבעון הבא.,0,NON_LEAK,NON_SENSITIVE_GENERAL
נייס פרסמה הודעה רשמית על הרחבת הפעילות בתל אביב.,0,NON_LEAK,PUBLIC_INFO
"פרטי הקשר של יואב לוי: טלפון 0565829520, מייל yoav.levi@outlook.com.",1,LEAK,PII_DIRECT
"פרטי החשבון של שרון סעדה: בנק דיסקונט, חשבון 6438049597.",1,LEAK,FINANCIAL
מספר הטלפון של משה אוחנה הוא 0509254343.,1,LEAK,PII_DIRECT
הצוות מבקש להוסיף מסך התחברות חדש למערכת.,0,NON_LEAK,LOW_RISK_CONTEXT
הועבר סיכום כללי של עדכון סטטוס ללא פרטים אישיים.,0,NON_LEAK,BORDERLINE_NON_LEAK
המסמך כולל תאריך יעד של 15/1/2026 אך אינו מכיל פרטים אישיים.,0,NON_LEAK,BORDERLINE_NON_LEAK
יש לשלוח את הקובץ המעודכן עד סוף היום.,0,NON_LEAK,LOW_RISK_CONTEXT
הועבר קובץ עם תלונת משמעת פנימית נגד איתי פרץ.,1,LEAK,LEGAL_HR
מפתח ה-API של הסביבה הפנימית נשמר במסמך המצורף.,1,LEAK,AUTH_SECRET
"אין להפיץ את תוצאות הבדיקה של נועה מזרחי שנערכו ברמב""ם.",1,LEAK,HEALTH
"הוכן דוח לקוח עבור בנק לאומי, הכולל איש קשר בשם יעל לוי ומייל yael.levi@outlook.com.",1,LEAK,MIXED_BORDERLINE
הועבר קובץ עם תלונת משמעת פנימית נגד טל אוחנה.,1,LEAK,LEGAL_HR
מפתח ה-API של הסביבה הפנימית נשמר במסמך המצורף.,1,LEAK,AUTH_SECRET
בכנס הטכנולוגיה הוצגו מגמות חדשות בתחום הבינה המלאכותית.,0,NON_LEAK,PUBLIC_INFO
קוד האימות שנשלח לרון חדד הוא 483921.,1,LEAK,AUTH_SECRET
"מנהל המוצר ביקש לעדכן את הלו""ז ולשתף את הסטטוס.",0,NON_LEAK,LOW_RISK_CONTEXT
הישיבה תתקיים בחדר הגדול בקומה השנייה.,0,NON_LEAK,LOW_RISK_CONTEXT
התיק הרפואי של מאיה ביטון מציין אבחנה של דלקת ריאות.,1,LEAK,HEALTH
האתר הרשמי עודכן עם מסמכי ההדרכה החדשים למשתמשים.,0,NON_LEAK,PUBLIC_INFO
המצגת עודכנה וכוללת את סטטוס המשימות לשבוע הקרוב.,0,NON_LEAK,NON_SENSITIVE_GENERAL
"בדוח הרפואי של רון חדד מבית החולים רמב""ם מופיע טיפול רגיש.",1,LEAK,HEALTH
החברה הודיעה לציבור על פתיחת מרכז שירות חדש בירושלים.,0,NON_LEAK,PUBLIC_INFO
"הוכן דוח לקוח עבור שטראוס, הכולל איש קשר בשם נועה מזרחי ומייל noa.mizrahi@org.co.il.",1,LEAK,MIXED_BORDERLINE
שם הפרויקט הוא תוכנית רימון והוא יוצג בישיבת הנהלה.,0,NON_LEAK,BORDERLINE_NON_LEAK
מפתח ה-API של הסביבה הפנימית נשמר במסמך המצורף.,1,LEAK,AUTH_SECRET
כתובת המייל האישית של שרון סעדה היא sharon.saada@example.co.il.,1,LEAK,PII_DIRECT
אינטל פרסמה הודעה רשמית על הרחבת הפעילות באשדוד.,0,NON_LEAK,PUBLIC_INFO
המצגת עודכנה וכוללת את סטטוס המשימות לשבוע הקרוב.,0,NON_LEAK,NON_SENSITIVE_GENERAL
הצוות דן בשיפור חוויית המשתמש של מוצר אופק לקראת הרבעון הבא.,0,NON_LEAK,BORDERLINE_NON_LEAK
"בדוח הרפואי של יואב לוי מבית החולים רמב""ם מופיע טיפול רגיש.",1,LEAK,HEALTH
האתר הרשמי עודכן עם מסמכי ההדרכה החדשים למשתמשים.,0,NON_LEAK,PUBLIC_INFO
לקראת הפגישה עם דנה דנינו הועבר גם מספר הטלפון האישי שלו: 0510923916.,1,LEAK,MIXED_BORDERLINE
מספר כרטיס האשראי של אלון מלכה הוא 3126045452318286.,1,LEAK,FINANCIAL
האתר הרשמי עודכן עם מסמכי ההדרכה החדשים למשתמשים.,0,NON_LEAK,PUBLIC_INFO
הקבוצה תיפגש מחר בבוקר לדיון על תכנון הרבעון הבא.,0,NON_LEAK,NON_SENSITIVE_GENERAL
"פרטי החשבון של מאיה ביטון: בנק בנק לאומי, חשבון 8576961912.",1,LEAK,FINANCIAL
בדוח משאבי האנוש מופיעים נתוני השכר של ליאור מלכה.,1,LEAK,LEGAL_HR
"המסמך מכיל מידע רפואי אישי על מיכל כהן, כולל אבחנות ותרופות.",1,LEAK,HEALTH
סיכום הפגישה כולל גם את תאריך ההשקה 16/6/2026 וגם את פרטי הקשר של נועה מזרחי.,1,LEAK,MIXED_BORDERLINE
"הקובץ מציג רשימת עובדים עם משכורות, בונוסים וימי מחלה.",1,LEAK,LEGAL_HR
הקבוצה תיפגש מחר בבוקר לדיון על תכנון הרבעון הבא.,0,NON_LEAK,NON_SENSITIVE_GENERAL
החברה הודיעה לציבור על פתיחת מרכז שירות חדש באשדוד.,0,NON_LEAK,PUBLIC_INFO
אין להפיץ את תוצאות הבדיקה של הילה חדד שנערכו בסורוקה.,1,LEAK,HEALTH
"הקובץ כולל פרטי גישה למערכת, כולל שם משתמש וסיסמה.",1,LEAK,AUTH_SECRET
"מנהל המוצר ביקש לעדכן את הלו""ז ולשתף את הסטטוס.",0,NON_LEAK,LOW_RISK_CONTEXT
מספר תעודת הזהות של מאיה ביטון הוא 030740971.,1,LEAK,PII_DIRECT
הפרויקט עבר לשלב האינטגרציה ונדרשת בדיקת עומסים.,0,NON_LEAK,LOW_RISK_CONTEXT
המצגת עודכנה וכוללת את סטטוס המשימות לשבוע הקרוב.,0,NON_LEAK,NON_SENSITIVE_GENERAL
המערכת החדשה תושק ב23/8/2026 לפי הודעה רשמית שפורסמה לכלל העובדים.,0,NON_LEAK,BORDERLINE_NON_LEAK
הישיבה תתקיים בחדר הגדול בקומה השנייה.,0,NON_LEAK,LOW_RISK_CONTEXT
קוד האימות שנשלח ליואב לוי הוא 483921.,1,LEAK,AUTH_SECRET
הסיסמה הזמנית לחשבון של משה אוחנה היא Welcome2026!.,1,LEAK,AUTH_SECRET
אלביט פרסמה הודעה רשמית על הרחבת הפעילות בנתניה.,0,NON_LEAK,PUBLIC_INFO
בפגישה עם מנהל אבטחת מידע סוכם כי גרסה 4.2 יושק ב5/5/2026.,1,LEAK,CONFIDENTIAL_BUSINESS
"הוכן דוח לקוח עבור אלביט, הכולל איש קשר בשם יעל לוי ומייל yael.levi@company.co.il.",1,LEAK,MIXED_BORDERLINE
רפאל פרסמה הודעה רשמית על הרחבת הפעילות בבאר שבע.,0,NON_LEAK,PUBLIC_INFO
בדוח הפנימי מופיעים שמות לקוחות אסטרטגיים ותנאי התקשרות.,1,LEAK,CONFIDENTIAL_BUSINESS
הסיסמה הזמנית לחשבון של אלון מלכה היא Welcome2026!.,1,LEAK,AUTH_SECRET
בכנס הטכנולוגיה הוצגו מגמות חדשות בתחום הבינה המלאכותית.,0,NON_LEAK,PUBLIC_INFO
החברה הודיעה לציבור על פתיחת מרכז שירות חדש בבאר שבע.,0,NON_LEAK,PUBLIC_INFO
צ'ק פוינט פרסמה הודעה רשמית על הרחבת הפעילות בחיפה.,0,NON_LEAK,PUBLIC_INFO
המסמך כולל סיכום שימוע של דוד כהן ופרטים אישיים רגישים.,1,LEAK,LEGAL_HR
קוד האימות שנשלח לאלון מלכה הוא 483921.,1,LEAK,AUTH_SECRET
תאריך ההשקה של פלטפורמת ארז נקבע ל4/4/2026.,1,LEAK,CONFIDENTIAL_BUSINESS
"נדרש לעדכן את פרטי הלקוח דנה דנינו, תעודת זהות 325729132, טלפון 0555518408.",1,LEAK,PII_DIRECT
"הקובץ מציג רשימת עובדים עם משכורות, בונוסים וימי מחלה.",1,LEAK,LEGAL_HR
"הכתובת של טל אוחנה היא רחוב רוטשילד 21, ראשון לציון.",1,LEAK,PII_DIRECT
"במסמך האישור מופיעים מאיה ביטון, ירושלים ומספר הזהות 513468477.",1,LEAK,MIXED_BORDERLINE
המערכת החדשה תושק ב12/6/2026 לפי הודעה רשמית שפורסמה לכלל העובדים.,0,NON_LEAK,BORDERLINE_NON_LEAK
הועבר סיכום כללי של פגישת הנהלה ללא פרטים אישיים.,0,NON_LEAK,BORDERLINE_NON_LEAK
"המסמך מכיל מידע רפואי אישי על איתי פרץ, כולל אבחנות ותרופות.",1,LEAK,HEALTH
המצגת עודכנה וכוללת את סטטוס המשימות לשבוע הקרוב.,0,NON_LEAK,NON_SENSITIVE_GENERAL
המערכת החדשה תושק ב26/5/2026 לפי הודעה רשמית שפורסמה לכלל העובדים.,0,NON_LEAK,BORDERLINE_NON_LEAK
מפתח ה-API של הסביבה הפנימית נשמר במסמך המצורף.,1,LEAK,AUTH_SECRET
האתר הרשמי עודכן עם מסמכי ההדרכה החדשים למשתמשים.,0,NON_LEAK,PUBLIC_INFO
מסמך זה כולל מידע פנימי על פרויקט ברוש ואסור לשתף אותו מחוץ לארגון.,1,LEAK,CONFIDENTIAL_BUSINESS
הישיבה תתקיים בחדר הגדול בקומה השנייה.,0,NON_LEAK,LOW_RISK_CONTEXT
"בדוח מופיעים פרטי חיוב של לקוחות, כולל מספרי חשבון וסכומים.",1,LEAK,FINANCIAL
בכנס הטכנולוגיה הוצגו מגמות חדשות בתחום הבינה המלאכותית.,0,NON_LEAK,PUBLIC_INFO
החברה הודיעה לציבור על פתיחת מרכז שירות חדש בתל אביב.,0,NON_LEAK,PUBLIC_INFO
"הכתובת של דנה דנינו היא רחוב הזית 11, פתח תקווה.",1,LEAK,PII_DIRECT
מפתח ה-API של הסביבה הפנימית נשמר במסמך המצורף.,1,LEAK,AUTH_SECRET
הפרויקט עבר לשלב האינטגרציה ונדרשת בדיקת עומסים.,0,NON_LEAK,LOW_RISK_CONTEXT
"הקובץ כולל פרטי גישה למערכת, כולל שם משתמש וסיסמה.",1,LEAK,AUTH_SECRET
מכבי שירותי בריאות פרסמה הודעה רשמית על הרחבת הפעילות בנתניה.,0,NON_LEAK,PUBLIC_INFO
מאיה ביטון עובד בחברת רפאל באשדוד.,0,NON_LEAK,NON_SENSITIVE_GENERAL
מיקרוסופט פרסמה הודעה רשמית על הרחבת הפעילות בירושלים.,0,NON_LEAK,PUBLIC_INFO
הועבר סיכום כללי של עדכון סטטוס ללא פרטים אישיים.,0,NON_LEAK,BORDERLINE_NON_LEAK
יש לשלוח את הקובץ המעודכן עד סוף היום.,0,NON_LEAK,LOW_RISK_CONTEXT
המערכת החדשה תושק ב16/5/2026 לפי הודעה רשמית שפורסמה לכלל העובדים.,0,NON_LEAK,BORDERLINE_NON_LEAK
בנק הפועלים פרסמה הודעה רשמית על הרחבת הפעילות ברעננה.,0,NON_LEAK,PUBLIC_INFO
שטראוס פרסמה הודעה רשמית על הרחבת הפעילות ברעננה.,0,NON_LEAK,PUBLIC_INFO
"במסמך האישור מופיעים ליאור מלכה, מודיעין ומספר הזהות 604792004.",1,LEAK,MIXED_BORDERLINE
המסמך מסווג פנימי וכולל את תוכנית ההשקה של מנוע זית.,1,LEAK,CONFIDENTIAL_BUSINESS
הסיסמה הזמנית לחשבון של נועה מזרחי היא Welcome2026!.,1,LEAK,AUTH_SECRET
הסיסמה הזמנית לחשבון של ליאור מלכה היא Welcome2026!.,1,LEAK,AUTH_SECRET
המסמך כולל תאריך יעד של 15/2/2026 אך אינו מכיל פרטים אישיים.,0,NON_LEAK,BORDERLINE_NON_LEAK
"מנהל המוצר ביקש לעדכן את הלו""ז ולשתף את הסטטוס.",0,NON_LEAK,LOW_RISK_CONTEXT
"מנהל המוצר ביקש לעדכן את הלו""ז ולשתף את הסטטוס.",0,NON_LEAK,LOW_RISK_CONTEXT
הצוות מבקש להוסיף מסך התחברות חדש למערכת.,0,NON_LEAK,LOW_RISK_CONTEXT
יש לשלוח את הקובץ המעודכן עד סוף היום.,0,NON_LEAK,LOW_RISK_CONTEXT
"בדוח מופיעים פרטי חיוב של לקוחות, כולל מספרי חשבון וסכומים.",1,LEAK,FINANCIAL
הפרויקט עבר לשלב האינטגרציה ונדרשת בדיקת עומסים.,0,NON_LEAK,LOW_RISK_CONTEXT
הצוות סיים את פיתוח מוצר הדס ועבר לשלב הבדיקות.,0,NON_LEAK,NON_SENSITIVE_GENERAL
"פרטי הקשר של שרון סעדה: טלפון 0583859446, מייל sharon.saada@mail.com.",1,LEAK,PII_DIRECT
המערכת החדשה תושק ב28/2/2026 לפי הודעה רשמית שפורסמה לכלל העובדים.,0,NON_LEAK,BORDERLINE_NON_LEAK
בכנס הטכנולוגיה הוצגו מגמות חדשות בתחום הבינה המלאכותית.,0,NON_LEAK,PUBLIC_INFO
"הועבר תשלום בגובה 7,851 ש""ח מחשבון 2719637017 של הילה חדד.",1,LEAK,FINANCIAL
אין להפיץ את תוצאות הבדיקה של הילה חדד שנערכו באיכילוב.,1,LEAK,HEALTH
מספר כרטיס האשראי של נועה מזרחי הוא 6686163958919788.,1,LEAK,FINANCIAL
"הקובץ כולל פרטי גישה למערכת, כולל שם משתמש וסיסמה.",1,LEAK,AUTH_SECRET
"המסמך מכיל מידע רפואי אישי על רונית פרץ, כולל אבחנות ותרופות.",1,LEAK,HEALTH
המסמך מסווג פנימי וכולל את תוכנית ההשקה של מנוע זית.,1,LEAK,CONFIDENTIAL_BUSINESS
מפתח ה-API של הסביבה הפנימית נשמר במסמך המצורף.,1,LEAK,AUTH_SECRET
המערכת החדשה תושק ב3/1/2026 לפי הודעה רשמית שפורסמה לכלל העובדים.,0,NON_LEAK,BORDERLINE_NON_LEAK
החברה הודיעה לציבור על פתיחת מרכז שירות חדש בפתח תקווה.,0,NON_LEAK,PUBLIC_INFO
כתובת המייל האישית של ניר ביטון היא nir.biton@gmail.com.,1,LEAK,PII_DIRECT
הקבוצה תיפגש מחר בבוקר לדיון על תכנון הרבעון הבא.,0,NON_LEAK,NON_SENSITIVE_GENERAL
לקראת הפגישה עם ליאור מלכה הועבר גם מספר הטלפון האישי שלו: 0559383664.,1,LEAK,MIXED_BORDERLINE
הקבוצה תיפגש מחר בבוקר לדיון על תכנון הרבעון הבא.,0,NON_LEAK,NON_SENSITIVE_GENERAL
שם הפרויקט הוא פרויקט ברוש והוא יוצג בישיבת הנהלה.,0,NON_LEAK,BORDERLINE_NON_LEAK
הקבוצה תיפגש מחר בבוקר לדיון על תכנון הרבעון הבא.,0,NON_LEAK,NON_SENSITIVE_GENERAL
החברה הודיעה לציבור על פתיחת מרכז שירות חדש בפתח תקווה.,0,NON_LEAK,PUBLIC_INFO
יש לשלוח את הקובץ המעודכן עד סוף היום.,0,NON_LEAK,LOW_RISK_CONTEXT
הפרויקט עבר לשלב האינטגרציה ונדרשת בדיקת עומסים.,0,NON_LEAK,LOW_RISK_CONTEXT
הקבוצה תיפגש מחר בבוקר לדיון על תכנון הרבעון הבא.,0,NON_LEAK,NON_SENSITIVE_GENERAL
"מנהל המוצר ביקש לעדכן את הלו""ז ולשתף את הסטטוס.",0,NON_LEAK,LOW_RISK_CONTEXT
המצגת עודכנה וכוללת את סטטוס המשימות לשבוע הקרוב.,0,NON_LEAK,NON_SENSITIVE_GENERAL
אלביט פרסמה הודעה רשמית על הרחבת הפעילות במודיעין.,0,NON_LEAK,PUBLIC_INFO
הועבר קובץ עם תלונת משמעת פנימית נגד דוד כהן.,1,LEAK,LEGAL_HR
"בדוח מופיעים פרטי חיוב של לקוחות, כולל מספרי חשבון וסכומים.",1,LEAK,FINANCIAL
"המסמך מכיל מידע רפואי אישי על טל אוחנה, כולל אבחנות ותרופות.",1,LEAK,HEALTH
מספר כרטיס האשראי של איתי פרץ הוא 7752796025664912.,1,LEAK,FINANCIAL
הועבר קובץ עם תלונת משמעת פנימית נגד דנה דנינו.,1,LEAK,LEGAL_HR
הסיסמה הזמנית לחשבון של איתי פרץ היא Welcome2026!.,1,LEAK,AUTH_SECRET
קוד האימות שנשלח לאלון מלכה הוא 483921.,1,LEAK,AUTH_SECRET
הצוות סיים את פיתוח גרסה 4.2 ועבר לשלב הבדיקות.,0,NON_LEAK,NON_SENSITIVE_GENERAL
מספר הטלפון של יואב לוי הוא 0572816397.,1,LEAK,PII_DIRECT
הצוות סיים את פיתוח מנוע זית ועבר לשלב הבדיקות.,0,NON_LEAK,NON_SENSITIVE_GENERAL
בפגישה עם יועץ משפטי סוכם כי שירות אביב יושק ב24/6/2026.,1,LEAK,CONFIDENTIAL_BUSINESS
"הוכן דוח לקוח עבור קופת חולים כללית, הכולל איש קשר בשם משה אוחנה ומייל moshe.ohana@example.co.il.",1,LEAK,MIXED_BORDERLINE
"המסמך מכיל מידע רפואי אישי על יואב לוי, כולל אבחנות ותרופות.",1,LEAK,HEALTH
"הפגישה עם מנכ""ל תתקיים ביום ראשון בפתח תקווה.",0,NON_LEAK,NON_SENSITIVE_GENERAL
הועבר סיכום כללי של ישיבת צוות ללא פרטים אישיים.,0,NON_LEAK,BORDERLINE_NON_LEAK
החברה הודיעה לציבור על פתיחת מרכז שירות חדש באשדוד.,0,NON_LEAK,PUBLIC_INFO
בכנס הטכנולוגיה הוצגו מגמות חדשות בתחום הבינה המלאכותית.,0,NON_LEAK,PUBLIC_INFO
"הוכן דוח לקוח עבור נייס, הכולל איש קשר בשם אורן אברהם ומייל oren.avraham@outlook.com.",1,LEAK,MIXED_BORDERLINE
"הועבר תשלום בגובה 8,070 ש""ח מחשבון 3733420075 של משה אוחנה.",1,LEAK,FINANCIAL
המצגת עודכנה וכוללת את סטטוס המשימות לשבוע הקרוב.,0,NON_LEAK,NON_SENSITIVE_GENERAL
הועבר סיכום כללי של ישיבת צוות ללא פרטים אישיים.,0,NON_LEAK,BORDERLINE_NON_LEAK
"הועבר תשלום בגובה 20,065 ש""ח מחשבון 5551145146 של אלון מלכה.",1,LEAK,FINANCIAL
האתר הרשמי עודכן עם מסמכי ההדרכה החדשים למשתמשים.,0,NON_LEAK,PUBLIC_INFO
שרון סעדה עובד בחברת נייס ברעננה.,0,NON_LEAK,NON_SENSITIVE_GENERAL
סיכום הפגישה כולל גם את תאריך ההשקה 5/4/2026 וגם את פרטי הקשר של נועם מזרחי.,1,LEAK,MIXED_BORDERLINE
החברה הודיעה לציבור על פתיחת מרכז שירות חדש בהרצליה.,0,NON_LEAK,PUBLIC_INFO
המצגת עודכנה וכוללת את סטטוס המשימות לשבוע הקרוב.,0,NON_LEAK,NON_SENSITIVE_GENERAL
בכנס הטכנולוגיה הוצגו מגמות חדשות בתחום הבינה המלאכותית.,0,NON_LEAK,PUBLIC_INFO
שירה אברהם עובד בחברת נייס בתל אביב.,0,NON_LEAK,NON_SENSITIVE_GENERAL
קוד האימות שנשלח לליאור מלכה הוא 483921.,1,LEAK,AUTH_SECRET
החברה הודיעה לציבור על פתיחת מרכז שירות חדש באשדוד.,0,NON_LEAK,PUBLIC_INFO
הצוות מבקש להוסיף מסך התחברות חדש למערכת.,0,NON_LEAK,LOW_RISK_CONTEXT
המסמך כולל תאריך יעד של 23/7/2026 אך אינו מכיל פרטים אישיים.,0,NON_LEAK,BORDERLINE_NON_LEAK
דוד כהן עובד בחברת בנק לאומי בתל אביב.,0,NON_LEAK,NON_SENSITIVE_GENERAL
המסמך כולל תאריך יעד של 4/12/2026 אך אינו מכיל פרטים אישיים.,0,NON_LEAK,BORDERLINE_NON_LEAK
החברה הודיעה לציבור על פתיחת מרכז שירות חדש בפתח תקווה.,0,NON_LEAK,PUBLIC_INFO
סיכום הפגישה כולל גם את תאריך ההשקה 7/1/2026 וגם את פרטי הקשר של מאיה ביטון.,1,LEAK,MIXED_BORDERLINE
שם הפרויקט הוא מבצע שקמה והוא יוצג בישיבת הנהלה.,0,NON_LEAK,BORDERLINE_NON_LEAK
המסמך כולל תאריך יעד של 4/9/2026 אך אינו מכיל פרטים אישיים.,0,NON_LEAK,BORDERLINE_NON_LEAK
החברה הודיעה לציבור על פתיחת מרכז שירות חדש בבאר שבע.,0,NON_LEAK,PUBLIC_INFO
החברה הודיעה לציבור על פתיחת מרכז שירות חדש באשדוד.,0,NON_LEAK,PUBLIC_INFO
בכנס הטכנולוגיה הוצגו מגמות חדשות בתחום הבינה המלאכותית.,0,NON_LEAK,PUBLIC_INFO
בכנס הטכנולוגיה הוצגו מגמות חדשות בתחום הבינה המלאכותית.,0,NON_LEAK,PUBLIC_INFO
"מנהל המוצר ביקש לעדכן את הלו""ז ולשתף את הסטטוס.",0,NON_LEAK,LOW_RISK_CONTEXT
"הקובץ מציג רשימת עובדים עם משכורות, בונוסים וימי מחלה.",1,LEAK,LEGAL_HR
איתי פרץ עובד בחברת נייס בתל אביב.,0,NON_LEAK,NON_SENSITIVE_GENERAL
שם הפרויקט הוא פרויקט דרור והוא יוצג בישיבת הנהלה.,0,NON_LEAK,BORDERLINE_NON_LEAK
המסמך כולל תאריך יעד של 8/10/2026 אך אינו מכיל פרטים אישיים.,0,NON_LEAK,BORDERLINE_NON_LEAK
"הקובץ כולל פרטי גישה למערכת, כולל שם משתמש וסיסמה.",1,LEAK,AUTH_SECRET
בכנס הטכנולוגיה הוצגו מגמות חדשות בתחום הבינה המלאכותית.,0,NON_LEAK,PUBLIC_INFO
"אין להפיץ את תוצאות הבדיקה של שירה אברהם שנערכו ברמב""ם.",1,LEAK,HEALTH
המסמך כולל תאריך יעד של 26/1/2026 אך אינו מכיל פרטים אישיים.,0,NON_LEAK,BORDERLINE_NON_LEAK
"מנהל המוצר ביקש לעדכן את הלו""ז ולשתף את הסטטוס.",0,NON_LEAK,LOW_RISK_CONTEXT
בכנס הטכנולוגיה הוצגו מגמות חדשות בתחום הבינה המלאכותית.,0,NON_LEAK,PUBLIC_INFO
בדוח הרפואי של טל אוחנה מבית החולים שיבא מופיע טיפול רגיש.,1,LEAK,HEALTH
הצוות מבקש להוסיף מסך התחברות חדש למערכת.,0,NON_LEAK,LOW_RISK_CONTEXT
"הוכן דוח לקוח עבור אינטל, הכולל איש קשר בשם טל אוחנה ומייל tal.ohana@org.co.il.",1,LEAK,MIXED_BORDERLINE
"הקובץ כולל פרטי גישה למערכת, כולל שם משתמש וסיסמה.",1,LEAK,AUTH_SECRET
המערכת החדשה תושק ב8/3/2026 לפי הודעה רשמית שפורסמה לכלל העובדים.,0,NON_LEAK,BORDERLINE_NON_LEAK
לקראת הפגישה עם עידן דנינו הועבר גם מספר הטלפון האישי שלו: 0535825256.,1,LEAK,MIXED_BORDERLINE
הפגישה עם מנהל מוצר תתקיים ביום ראשון באשדוד.,0,NON_LEAK,NON_SENSITIVE_GENERAL
"הועבר תשלום בגובה 2,119 ש""ח מחשבון 7787135126 של דנה דנינו.",1,LEAK,FINANCIAL
המצגת עודכנה וכוללת את סטטוס המשימות לשבוע הקרוב.,0,NON_LEAK,NON_SENSITIVE_GENERAL
המסמך כולל תאריך יעד של 25/4/2026 אך אינו מכיל פרטים אישיים.,0,NON_LEAK,BORDERLINE_NON_LEAK
בדוח הפנימי מופיעים שמות לקוחות אסטרטגיים ותנאי התקשרות.,1,LEAK,CONFIDENTIAL_BUSINESS
"הקובץ מציג רשימת עובדים עם משכורות, בונוסים וימי מחלה.",1,LEAK,LEGAL_HR
לקראת הפגישה עם אלון מלכה הועבר גם מספר הטלפון האישי שלו: 0530979425.,1,LEAK,MIXED_BORDERLINE
הועבר קובץ עם תלונת משמעת פנימית נגד מאיה ביטון.,1,LEAK,LEGAL_HR
הצוות מבקש להוסיף מסך התחברות חדש למערכת.,0,NON_LEAK,LOW_RISK_CONTEXT
הועבר סיכום כללי של דיון שבועי ללא פרטים אישיים.,0,NON_LEAK,BORDERLINE_NON_LEAK
הצוות סיים את פיתוח פלטפורמת ארז ועבר לשלב הבדיקות.,0,NON_LEAK,NON_SENSITIVE_GENERAL
"הוכן דוח לקוח עבור אלביט, הכולל איש קשר בשם דנה דנינו ומייל dana.danino@org.co.il.",1,LEAK,MIXED_BORDERLINE
"הועבר תשלום בגובה 25,864 ש""ח מחשבון 5726560379 של רונית פרץ.",1,LEAK,FINANCIAL
"הקובץ מציג רשימת עובדים עם משכורות, בונוסים וימי מחלה.",1,LEAK,LEGAL_HR
סיכום הפגישה כולל גם את תאריך ההשקה 22/7/2026 וגם את פרטי הקשר של מיכל כהן.,1,LEAK,MIXED_BORDERLINE
"מנהל המוצר ביקש לעדכן את הלו""ז ולשתף את הסטטוס.",0,NON_LEAK,LOW_RISK_CONTEXT
החברה הודיעה לציבור על פתיחת מרכז שירות חדש בתל אביב.,0,NON_LEAK,PUBLIC_INFO
המסמך כולל תאריך יעד של 10/11/2026 אך אינו מכיל פרטים אישיים.,0,NON_LEAK,BORDERLINE_NON_LEAK
בדוח הרפואי של רונית פרץ מבית החולים שיבא מופיע טיפול רגיש.,1,LEAK,HEALTH
הצוות מבקש להוסיף מסך התחברות חדש למערכת.,0,NON_LEAK,LOW_RISK_CONTEXT
המסמך כולל תאריך יעד של 3/5/2026 אך אינו מכיל פרטים אישיים.,0,NON_LEAK,BORDERLINE_NON_LEAK
המצגת עודכנה וכוללת את סטטוס המשימות לשבוע הקרוב.,0,NON_LEAK,NON_SENSITIVE_GENERAL
"בדוח מופיעים פרטי חיוב של לקוחות, כולל מספרי חשבון וסכומים.",1,LEAK,FINANCIAL
המערכת החדשה תושק ב9/8/2026 לפי הודעה רשמית שפורסמה לכלל העובדים.,0,NON_LEAK,BORDERLINE_NON_LEAK
איתי פרץ עובד בחברת מיקרוסופט בראשון לציון.,0,NON_LEAK,NON_SENSITIVE_GENERAL
"בדוח הרפואי של יעל לוי מבית החולים רמב""ם מופיע טיפול רגיש.",1,LEAK,HEALTH
הצוות דן בשיפור חוויית המשתמש של מוצר הדס לקראת הרבעון הבא.,0,NON_LEAK,BORDERLINE_NON_LEAK
הצוות סיים את פיתוח מוצר הדס ועבר לשלב הבדיקות.,0,NON_LEAK,NON_SENSITIVE_GENERAL
הצוות מבקש להוסיף מסך התחברות חדש למערכת.,0,NON_LEAK,LOW_RISK_CONTEXT
אין להפיץ את תוצאות הבדיקה של עידן דנינו שנערכו בסורוקה.,1,LEAK,HEALTH
האתר הרשמי עודכן עם מסמכי ההדרכה החדשים למשתמשים.,0,NON_LEAK,PUBLIC_INFO
הצוות דן בשיפור חוויית המשתמש של שירות אביב לקראת הרבעון הבא.,0,NON_LEAK,BORDERLINE_NON_LEAK
סיכום הפגישה כולל גם את תאריך ההשקה 23/12/2026 וגם את פרטי הקשר של אלון מלכה.,1,LEAK,MIXED_BORDERLINE
הצעת המחיר הסופית ללקוח תישלח רק לאחר אישור ראש צוות.,1,LEAK,CONFIDENTIAL_BUSINESS
הועבר קובץ עם תלונת משמעת פנימית נגד אורן אברהם.,1,LEAK,LEGAL_HR
בכנס הטכנולוגיה הוצגו מגמות חדשות בתחום הבינה המלאכותית.,0,NON_LEAK,PUBLIC_INFO
"פרטי החשבון של שירה אברהם: בנק בנק הפועלים, חשבון 2006847017.",1,LEAK,FINANCIAL
יש לשלוח את הקובץ המעודכן עד סוף היום.,0,NON_LEAK,LOW_RISK_CONTEXT
המסמך כולל תאריך יעד של 9/7/2026 אך אינו מכיל פרטים אישיים.,0,NON_LEAK,BORDERLINE_NON_LEAK
הועבר סיכום כללי של סקר שביעות רצון ללא פרטים אישיים.,0,NON_LEAK,BORDERLINE_NON_LEAK
תאריך ההשקה של מוצר אופק נקבע ל27/6/2026.,1,LEAK,CONFIDENTIAL_BUSINESS
"הקובץ כולל פרטי גישה למערכת, כולל שם משתמש וסיסמה.",1,LEAK,AUTH_SECRET
המסמך מסווג פנימי וכולל את תוכנית ההשקה של שירות אביב.,1,LEAK,CONFIDENTIAL_BUSINESS
המערכת החדשה תושק ב13/1/2026 לפי הודעה רשמית שפורסמה לכלל העובדים.,0,NON_LEAK,BORDERLINE_NON_LEAK
"אין להפיץ את תוצאות הבדיקה של מאיה ביטון שנערכו ברמב""ם.",1,LEAK,HEALTH
אין להפיץ את תוצאות הבדיקה של יואב לוי שנערכו בסורוקה.,1,LEAK,HEALTH
מסמך זה כולל מידע פנימי על תוכנית רימון ואסור לשתף אותו מחוץ לארגון.,1,LEAK,CONFIDENTIAL_BUSINESS
הישיבה תתקיים בחדר הגדול בקומה השנייה.,0,NON_LEAK,LOW_RISK_CONTEXT
מספר כרטיס האשראי של שירה אברהם הוא 6195261979354706.,1,LEAK,FINANCIAL
"הקובץ מציג רשימת עובדים עם משכורות, בונוסים וימי מחלה.",1,LEAK,LEGAL_HR
"נדרש לעדכן את פרטי הלקוח טל אוחנה, תעודת זהות 486122525, טלפון 0523476265.",1,LEAK,PII_DIRECT
המערכת החדשה תושק ב13/11/2026 לפי הודעה רשמית שפורסמה לכלל העובדים.,0,NON_LEAK,BORDERLINE_NON_LEAK
"פרטי החשבון של איתי פרץ: בנק בנק הפועלים, חשבון 5543868834.",1,LEAK,FINANCIAL
"הקובץ כולל פרטי גישה למערכת, כולל שם משתמש וסיסמה.",1,LEAK,AUTH_SECRET
"הכתובת של עמית אלקיים היא רחוב הזית 11, ירושלים.",1,LEAK,PII_DIRECT
המצגת עודכנה וכוללת את סטטוס המשימות לשבוע הקרוב.,0,NON_LEAK,NON_SENSITIVE_GENERAL
"המסמך מכיל מידע רפואי אישי על הילה חדד, כולל אבחנות ותרופות.",1,LEAK,HEALTH
הועבר סיכום כללי של דיון שבועי ללא פרטים אישיים.,0,NON_LEAK,BORDERLINE_NON_LEAK
החברה הודיעה לציבור על פתיחת מרכז שירות חדש בחיפה.,0,NON_LEAK,PUBLIC_INFO
"במסמך האישור מופיעים דוד כהן, באר שבע ומספר הזהות 101624327.",1,LEAK,MIXED_BORDERLINE
כתובת המייל האישית של אורן אברהם היא oren.avraham@example.co.il.,1,LEAK,PII_DIRECT
הסיסמה הזמנית לחשבון של רונית פרץ היא Welcome2026!.,1,LEAK,AUTH_SECRET
מספר תעודת הזהות של דנה דנינו הוא 048274236.,1,LEAK,PII_DIRECT
האתר הרשמי עודכן עם מסמכי ההדרכה החדשים למשתמשים.,0,NON_LEAK,PUBLIC_INFO
המסמך כולל סיכום שימוע של אורן אברהם ופרטים אישיים רגישים.,1,LEAK,LEGAL_HR
בכנס הטכנולוגיה הוצגו מגמות חדשות בתחום הבינה המלאכותית.,0,NON_LEAK,PUBLIC_INFO
הצוות סיים את פיתוח מערכת קשת ועבר לשלב הבדיקות.,0,NON_LEAK,NON_SENSITIVE_GENERAL
הפרויקט עבר לשלב האינטגרציה ונדרשת בדיקת עומסים.,0,NON_LEAK,LOW_RISK_CONTEXT
שם הפרויקט הוא פרויקט ברוש והוא יוצג בישיבת הנהלה.,0,NON_LEAK,BORDERLINE_NON_LEAK
משה אוחנה עובד בחברת אינטל בתל אביב.,0,NON_LEAK,NON_SENSITIVE_GENERAL
מספר כרטיס האשראי של דנה דנינו הוא 0111043983668274.,1,LEAK,FINANCIAL
המסמך כולל תאריך יעד של 21/11/2026 אך אינו מכיל פרטים אישיים.,0,NON_LEAK,BORDERLINE_NON_LEAK
התיק הרפואי של ניר ביטון מציין אבחנה של סוכרת.,1,LEAK,HEALTH
"מנהל המוצר ביקש לעדכן את הלו""ז ולשתף את הסטטוס.",0,NON_LEAK,LOW_RISK_CONTEXT
הועבר קובץ עם תלונת משמעת פנימית נגד מיכל כהן.,1,LEAK,LEGAL_HR
כתובת המייל האישית של יעל לוי היא yael.levi@mail.com.,1,LEAK,PII_DIRECT
שם הפרויקט הוא תוכנית רימון והוא יוצג בישיבת הנהלה.,0,NON_LEAK,BORDERLINE_NON_LEAK
בפגישה עם מנהל מוצר סוכם כי מנוע זית יושק ב2/9/2026.,1,LEAK,CONFIDENTIAL_BUSINESS
"מנהל המוצר ביקש לעדכן את הלו""ז ולשתף את הסטטוס.",0,NON_LEAK,LOW_RISK_CONTEXT
המצגת עודכנה וכוללת את סטטוס המשימות לשבוע הקרוב.,0,NON_LEAK,NON_SENSITIVE_GENERAL
"הכתובת של שרון סעדה היא רחוב ביאליק 7, הרצליה.",1,LEAK,PII_DIRECT
צ'ק פוינט פרסמה הודעה רשמית על הרחבת הפעילות בראשון לציון.,0,NON_LEAK,PUBLIC_INFO
בדוח משאבי האנוש מופיעים נתוני השכר של איתי פרץ.,1,LEAK,LEGAL_HR
הצוות מבקש להוסיף מסך התחברות חדש למערכת.,0,NON_LEAK,LOW_RISK_CONTEXT
הצוות מבקש להוסיף מסך התחברות חדש למערכת.,0,NON_LEAK,LOW_RISK_CONTEXT
הישיבה תתקיים בחדר הגדול בקומה השנייה.,0,NON_LEAK,LOW_RISK_CONTEXT
הישיבה תתקיים בחדר הגדול בקומה השנייה.,0,NON_LEAK,LOW_RISK_CONTEXT
המצגת עודכנה וכוללת את סטטוס המשימות לשבוע הקרוב.,0,NON_LEAK,NON_SENSITIVE_GENERAL
שירה אברהם עובד בחברת צ'ק פוינט בנתניה.,0,NON_LEAK,NON_SENSITIVE_GENERAL
תאריך ההשקה של מוצר אופק נקבע ל13/8/2026.,1,LEAK,CONFIDENTIAL_BUSINESS
הקבוצה תיפגש מחר בבוקר לדיון על תכנון הרבעון הבא.,0,NON_LEAK,NON_SENSITIVE_GENERAL
הישיבה תתקיים בחדר הגדול בקומה השנייה.,0,NON_LEAK,LOW_RISK_CONTEXT
החברה הודיעה לציבור על פתיחת מרכז שירות חדש בהרצליה.,0,NON_LEAK,PUBLIC_INFO
הצוות סיים את פיתוח מנוע זית ועבר לשלב הבדיקות.,0,NON_LEAK,NON_SENSITIVE_GENERAL
הצוות סיים את פיתוח מודול ברק ועבר לשלב הבדיקות.,0,NON_LEAK,NON_SENSITIVE_GENERAL
האתר הרשמי עודכן עם מסמכי ההדרכה החדשים למשתמשים.,0,NON_LEAK,PUBLIC_INFO
הצוות סיים את פיתוח מנוע זית ועבר לשלב הבדיקות.,0,NON_LEAK,NON_SENSITIVE_GENERAL
"נא לא לשלוח החוצה את דוח הגבייה של דנה דנינו עם סכום 42,615 ש""ח.",1,LEAK,FINANCIAL
"הקובץ כולל פרטי גישה למערכת, כולל שם משתמש וסיסמה.",1,LEAK,AUTH_SECRET
הצוות סיים את פיתוח גרסה 4.2 ועבר לשלב הבדיקות.,0,NON_LEAK,NON_SENSITIVE_GENERAL
המצגת עודכנה וכוללת את סטטוס המשימות לשבוע הקרוב.,0,NON_LEAK,NON_SENSITIVE_GENERAL
בכנס הטכנולוגיה הוצגו מגמות חדשות בתחום הבינה המלאכותית.,0,NON_LEAK,PUBLIC_INFO
הקבוצה תיפגש מחר בבוקר לדיון על תכנון הרבעון הבא.,0,NON_LEAK,NON_SENSITIVE_GENERAL
הועבר סיכום כללי של ישיבת צוות ללא פרטים אישיים.,0,NON_LEAK,BORDERLINE_NON_LEAK
בדוח משאבי האנוש מופיעים נתוני השכר של יואב לוי.,1,LEAK,LEGAL_HR
לקראת הפגישה עם איתי פרץ הועבר גם מספר הטלפון האישי שלו: 0527421352.,1,LEAK,MIXED_BORDERLINE
"הוכן דוח לקוח עבור מכבי שירותי בריאות, הכולל איש קשר בשם מאיה ביטון ומייל maya.biton@gmail.com.",1,LEAK,MIXED_BORDERLINE
"נא לא לשלוח החוצה את דוח הגבייה של דוד כהן עם סכום 7,270 ש""ח.",1,LEAK,FINANCIAL
הסיסמה הזמנית לחשבון של יעל לוי היא Welcome2026!.,1,LEAK,AUTH_SECRET
הישיבה תתקיים בחדר הגדול בקומה השנייה.,0,NON_LEAK,LOW_RISK_CONTEXT
האתר הרשמי עודכן עם מסמכי ההדרכה החדשים למשתמשים.,0,NON_LEAK,PUBLIC_INFO
הצוות מבקש להוסיף מסך התחברות חדש למערכת.,0,NON_LEAK,LOW_RISK_CONTEXT
המצגת עודכנה וכוללת את סטטוס המשימות לשבוע הקרוב.,0,NON_LEAK,NON_SENSITIVE_GENERAL
האתר הרשמי עודכן עם מסמכי ההדרכה החדשים למשתמשים.,0,NON_LEAK,PUBLIC_INFO
הישיבה תתקיים בחדר הגדול בקומה השנייה.,0,NON_LEAK,LOW_RISK_CONTEXT
גוגל ישראל פרסמה הודעה רשמית על הרחבת הפעילות באשדוד.,0,NON_LEAK,PUBLIC_INFO
"פרטי החשבון של דנה דנינו: בנק בנק הפועלים, חשבון 2686528649.",1,LEAK,FINANCIAL
הועבר קובץ עם תלונת משמעת פנימית נגד דוד כהן.,1,LEAK,LEGAL_HR
האתר הרשמי עודכן עם מסמכי ההדרכה החדשים למשתמשים.,0,NON_LEAK,PUBLIC_INFO
אין להפיץ את תוצאות הבדיקה של עידן דנינו שנערכו באסותא.,1,LEAK,HEALTH
תאריך ההשקה של שירות אביב נקבע ל25/8/2026.,1,LEAK,CONFIDENTIAL_BUSINESS
כתובת המייל האישית של רון חדד היא ron.hadad@outlook.com.,1,LEAK,PII_DIRECT
הועבר קובץ עם תלונת משמעת פנימית נגד יעל לוי.,1,LEAK,LEGAL_HR
הצעת המחיר הסופית ללקוח תישלח רק לאחר אישור חשב שכר.,1,LEAK,CONFIDENTIAL_BUSINESS
האתר הרשמי עודכן עם מסמכי ההדרכה החדשים למשתמשים.,0,NON_LEAK,PUBLIC_INFO
האתר הרשמי עודכן עם מסמכי ההדרכה החדשים למשתמשים.,0,NON_LEAK,PUBLIC_INFO
לקראת הפגישה עם נועה מזרחי הועבר גם מספר הטלפון האישי שלו: 0513124334.,1,LEAK,MIXED_BORDERLINE
כתובת המייל האישית של יעל לוי היא yael.levi@example.co.il.,1,LEAK,PII_DIRECT
מספר כרטיס האשראי של יואב לוי הוא 4215825020938521.,1,LEAK,FINANCIAL
סיכום הפגישה כולל גם את תאריך ההשקה 22/10/2026 וגם את פרטי הקשר של ניר ביטון.,1,LEAK,MIXED_BORDERLINE
"במסמך האישור מופיעים מיכל כהן, תל אביב ומספר הזהות 451392840.",1,LEAK,MIXED_BORDERLINE
מיקרוסופט פרסמה הודעה רשמית על הרחבת הפעילות בתל אביב.,0,NON_LEAK,PUBLIC_INFO
"הקובץ מציג רשימת עובדים עם משכורות, בונוסים וימי מחלה.",1,LEAK,LEGAL_HR
בכנס הטכנולוגיה הוצגו מגמות חדשות בתחום הבינה המלאכותית.,0,NON_LEAK,PUBLIC_INFO
בכנס הטכנולוגיה הוצגו מגמות חדשות בתחום הבינה המלאכותית.,0,NON_LEAK,PUBLIC_INFO
קוד האימות שנשלח לנועם מזרחי הוא 483921.,1,LEAK,AUTH_SECRET
"מנהל המוצר ביקש לעדכן את הלו""ז ולשתף את הסטטוס.",0,NON_LEAK,LOW_RISK_CONTEXT
שם הפרויקט הוא פרויקט ברוש והוא יוצג בישיבת הנהלה.,0,NON_LEAK,BORDERLINE_NON_LEAK
הסיסמה הזמנית לחשבון של יעל לוי היא Welcome2026!.,1,LEAK,AUTH_SECRET
הצעת המחיר הסופית ללקוח תישלח רק לאחר אישור חשב שכר.,1,LEAK,CONFIDENTIAL_BUSINESS
מסמך זה כולל מידע פנימי על פרויקט דרור ואסור לשתף אותו מחוץ לארגון.,1,LEAK,CONFIDENTIAL_BUSINESS
מספר תעודת הזהות של שרון סעדה הוא 098933935.,1,LEAK,PII_DIRECT
"במסמך האישור מופיעים מאיה ביטון, מודיעין ומספר הזהות 057315449.",1,LEAK,MIXED_BORDERLINE
המסמך כולל תאריך יעד של 9/11/2026 אך אינו מכיל פרטים אישיים.,0,NON_LEAK,BORDERLINE_NON_LEAK
המסמך מסווג פנימי וכולל את תוכנית ההשקה של שירות אביב.,1,LEAK,CONFIDENTIAL_BUSINESS
כתובת המייל האישית של דוד כהן היא david.cohen@outlook.com.,1,LEAK,PII_DIRECT
המערכת החדשה תושק ב26/4/2026 לפי הודעה רשמית שפורסמה לכלל העובדים.,0,NON_LEAK,BORDERLINE_NON_LEAK
מפתח ה-API של הסביבה הפנימית נשמר במסמך המצורף.,1,LEAK,AUTH_SECRET
"אין להפיץ את תוצאות הבדיקה של עמית אלקיים שנערכו ברמב""ם.",1,LEAK,HEALTH
הישיבה תתקיים בחדר הגדול בקומה השנייה.,0,NON_LEAK,LOW_RISK_CONTEXT
"נדרש לעדכן את פרטי הלקוח מיכל כהן, תעודת זהות 302273760, טלפון 0555388795.",1,LEAK,PII_DIRECT
המסמך כולל סיכום שימוע של אורן אברהם ופרטים אישיים רגישים.,1,LEAK,LEGAL_HR
בכנס הטכנולוגיה הוצגו מגמות חדשות בתחום הבינה המלאכותית.,0,NON_LEAK,PUBLIC_INFO
הקבוצה תיפגש מחר בבוקר לדיון על תכנון הרבעון הבא.,0,NON_LEAK,NON_SENSITIVE_GENERAL
בדוח הרפואי של עמית אלקיים מבית החולים שיבא מופיע טיפול רגיש.,1,LEAK,HEALTH
המסמך כולל תאריך יעד של 14/11/2026 אך אינו מכיל פרטים אישיים.,0,NON_LEAK,BORDERLINE_NON_LEAK
בדוח הפנימי מופיעים שמות לקוחות אסטרטגיים ותנאי התקשרות.,1,LEAK,CONFIDENTIAL_BUSINESS
יש לשלוח את הקובץ המעודכן עד סוף היום.,0,NON_LEAK,LOW_RISK_CONTEXT
"המסמך מכיל מידע רפואי אישי על שירה אברהם, כולל אבחנות ותרופות.",1,LEAK,HEALTH
המצגת עודכנה וכוללת את סטטוס המשימות לשבוע הקרוב.,0,NON_LEAK,NON_SENSITIVE_GENERAL
"פרטי החשבון של יעל לוי: בנק מזרחי טפחות, חשבון 9213109188.",1,LEAK,FINANCIAL
התיק הרפואי של רונית פרץ מציין אבחנה של סוכרת.,1,LEAK,HEALTH
"פרטי החשבון של רון חדד: בנק דיסקונט, חשבון 7219082205.",1,LEAK,FINANCIAL
צ'ק פוינט פרסמה הודעה רשמית על הרחבת הפעילות באשדוד.,0,NON_LEAK,PUBLIC_INFO
הישיבה תתקיים בחדר הגדול בקומה השנייה.,0,NON_LEAK,LOW_RISK_CONTEXT
"הקובץ כולל פרטי גישה למערכת, כולל שם משתמש וסיסמה.",1,LEAK,AUTH_SECRET
בדוח הפנימי מופיעים שמות לקוחות אסטרטגיים ותנאי התקשרות.,1,LEAK,CONFIDENTIAL_BUSINESS
שם הפרויקט הוא פרויקט דרור והוא יוצג בישיבת הנהלה.,0,NON_LEAK,BORDERLINE_NON_LEAK
בדוח הפנימי מופיעים שמות לקוחות אסטרטגיים ותנאי התקשרות.,1,LEAK,CONFIDENTIAL_BUSINESS
האתר הרשמי עודכן עם מסמכי ההדרכה החדשים למשתמשים.,0,NON_LEAK,PUBLIC_INFO
הסיסמה הזמנית לחשבון של אלון מלכה היא Welcome2026!.,1,LEAK,AUTH_SECRET
הישיבה תתקיים בחדר הגדול בקומה השנייה.,0,NON_LEAK,LOW_RISK_CONTEXT
בדוח הרפואי של מאיה ביטון מבית החולים אסותא מופיע טיפול רגיש.,1,LEAK,HEALTH
"נדרש לעדכן את פרטי הלקוח מיכל כהן, תעודת זהות 422576872, טלפון 0548283789.",1,LEAK,PII_DIRECT
"הקובץ כולל פרטי גישה למערכת, כולל שם משתמש וסיסמה.",1,LEAK,AUTH_SECRET
יש לשלוח את הקובץ המעודכן עד סוף היום.,0,NON_LEAK,LOW_RISK_CONTEXT
סיכום הפגישה כולל גם את תאריך ההשקה 18/2/2026 וגם את פרטי הקשר של דוד כהן.,1,LEAK,MIXED_BORDERLINE
האתר הרשמי עודכן עם מסמכי ההדרכה החדשים למשתמשים.,0,NON_LEAK,PUBLIC_INFO
הישיבה תתקיים בחדר הגדול בקומה השנייה.,0,NON_LEAK,LOW_RISK_CONTEXT
הצעת המחיר הסופית ללקוח תישלח רק לאחר אישור אנליסטית.,1,LEAK,CONFIDENTIAL_BUSINESS
המסמך כולל סיכום שימוע של יואב לוי ופרטים אישיים רגישים.,1,LEAK,LEGAL_HR
האתר הרשמי עודכן עם מסמכי ההדרכה החדשים למשתמשים.,0,NON_LEAK,PUBLIC_INFO
האתר הרשמי עודכן עם מסמכי ההדרכה החדשים למשתמשים.,0,NON_LEAK,PUBLIC_INFO
"הועבר תשלום בגובה 17,121 ש""ח מחשבון 1949363102 של שרון סעדה.",1,LEAK,FINANCIAL
הצוות מבקש להוסיף מסך התחברות חדש למערכת.,0,NON_LEAK,LOW_RISK_CONTEXT
מספר כרטיס האשראי של שרון סעדה הוא 1511997287567346.,1,LEAK,FINANCIAL
לקראת הפגישה עם יואב לוי הועבר גם מספר הטלפון האישי שלו: 0510864970.,1,LEAK,MIXED_BORDERLINE
יש לשלוח את הקובץ המעודכן עד סוף היום.,0,NON_LEAK,LOW_RISK_CONTEXT
לקראת הפגישה עם אלון מלכה הועבר גם מספר הטלפון האישי שלו: 0551714597.,1,LEAK,MIXED_BORDERLINE
הועבר קובץ עם תלונת משמעת פנימית נגד רון חדד.,1,LEAK,LEGAL_HR
לקראת הפגישה עם דנה דנינו הועבר גם מספר הטלפון האישי שלו: 0521837873.,1,LEAK,MIXED_BORDERLINE
איתי פרץ עובד בחברת רפאל בתל אביב.,0,NON_LEAK,NON_SENSITIVE_GENERAL
שם הפרויקט הוא פרויקט דרור והוא יוצג בישיבת הנהלה.,0,NON_LEAK,BORDERLINE_NON_LEAK
מספר תעודת הזהות של משה אוחנה הוא 747280406.,1,LEAK,PII_DIRECT
החברה הודיעה לציבור על פתיחת מרכז שירות חדש באשדוד.,0,NON_LEAK,PUBLIC_INFO
המסמך כולל תאריך יעד של 27/7/2026 אך אינו מכיל פרטים אישיים.,0,NON_LEAK,BORDERLINE_NON_LEAK
תאריך ההשקה של מוצר אופק נקבע ל4/9/2026.,1,LEAK,CONFIDENTIAL_BUSINESS
הצוות דן בשיפור חוויית המשתמש של פלטפורמת ארז לקראת הרבעון הבא.,0,NON_LEAK,BORDERLINE_NON_LEAK
המסמך כולל תאריך יעד של 20/5/2026 אך אינו מכיל פרטים אישיים.,0,NON_LEAK,BORDERLINE_NON_LEAK
"מנהל המוצר ביקש לעדכן את הלו""ז ולשתף את הסטטוס.",0,NON_LEAK,LOW_RISK_CONTEXT
"אין להפיץ את תוצאות הבדיקה של רונית פרץ שנערכו ברמב""ם.",1,LEAK,HEALTH
"בדוח מופיעים פרטי חיוב של לקוחות, כולל מספרי חשבון וסכומים.",1,LEAK,FINANCIAL
"פרטי החשבון של מיכל כהן: בנק דיסקונט, חשבון 2034621560.",1,LEAK,FINANCIAL
התיק הרפואי של טל אוחנה מציין אבחנה של אסתמה.,1,LEAK,HEALTH
האתר הרשמי עודכן עם מסמכי ההדרכה החדשים למשתמשים.,0,NON_LEAK,PUBLIC_INFO
הצוות דן בשיפור חוויית המשתמש של מנוע זית לקראת הרבעון הבא.,0,NON_LEAK,BORDERLINE_NON_LEAK
בכנס הטכנולוגיה הוצגו מגמות חדשות בתחום הבינה המלאכותית.,0,NON_LEAK,PUBLIC_INFO
הצוות דן בשיפור חוויית המשתמש של פרויקט נוגה לקראת הרבעון הבא.,0,NON_LEAK,BORDERLINE_NON_LEAK
"הקובץ מציג רשימת עובדים עם משכורות, בונוסים וימי מחלה.",1,LEAK,LEGAL_HR
הפרויקט עבר לשלב האינטגרציה ונדרשת בדיקת עומסים.,0,NON_LEAK,LOW_RISK_CONTEXT
הפרויקט עבר לשלב האינטגרציה ונדרשת בדיקת עומסים.,0,NON_LEAK,LOW_RISK_CONTEXT
מספר הטלפון של עידן דנינו הוא 0554774498.,1,LEAK,PII_DIRECT
"הוכן דוח לקוח עבור רפאל, הכולל איש קשר בשם רונית פרץ ומייל ronit.peretz@gmail.com.",1,LEAK,MIXED_BORDERLINE
גוגל ישראל פרסמה הודעה רשמית על הרחבת הפעילות במודיעין.,0,NON_LEAK,PUBLIC_INFO
הצוות סיים את פיתוח פלטפורמת ארז ועבר לשלב הבדיקות.,0,NON_LEAK,NON_SENSITIVE_GENERAL
יש לשלוח את הקובץ המעודכן עד סוף היום.,0,NON_LEAK,LOW_RISK_CONTEXT
"אין להפיץ את תוצאות הבדיקה של אורן אברהם שנערכו ברמב""ם.",1,LEAK,HEALTH
האתר הרשמי עודכן עם מסמכי ההדרכה החדשים למשתמשים.,0,NON_LEAK,PUBLIC_INFO
"נא לא לשלוח החוצה את דוח הגבייה של עמית אלקיים עם סכום 17,551 ש""ח.",1,LEAK,FINANCIAL
התיק הרפואי של דנה דנינו מציין אבחנה של סוכרת.,1,LEAK,HEALTH
הצוות מבקש להוסיף מסך התחברות חדש למערכת.,0,NON_LEAK,LOW_RISK_CONTEXT
קוד האימות שנשלח למיכל כהן הוא 483921.,1,LEAK,AUTH_SECRET
המסמך מסווג פנימי וכולל את תוכנית ההשקה של מודול ברק.,1,LEAK,CONFIDENTIAL_BUSINESS
מפתח ה-API של הסביבה הפנימית נשמר במסמך המצורף.,1,LEAK,AUTH_SECRET
"המסמך מכיל מידע רפואי אישי על דנה דנינו, כולל אבחנות ותרופות.",1,LEAK,HEALTH
"פרטי הקשר של שרון סעדה: טלפון 0586736228, מייל sharon.saada@org.co.il.",1,LEAK,PII_DIRECT
המסמך מסווג פנימי וכולל את תוכנית ההשקה של פרויקט נוגה.,1,LEAK,CONFIDENTIAL_BUSINESS
הסיסמה הזמנית לחשבון של אלון מלכה היא Welcome2026!.,1,LEAK,AUTH_SECRET
"הקובץ מציג רשימת עובדים עם משכורות, בונוסים וימי מחלה.",1,LEAK,LEGAL_HR
מספר כרטיס האשראי של שירה אברהם הוא 3168790851610570.,1,LEAK,FINANCIAL
"פרטי החשבון של עמית אלקיים: בנק בנק הפועלים, חשבון 2231321850.",1,LEAK,FINANCIAL
לקראת הפגישה עם ניר ביטון הועבר גם מספר הטלפון האישי שלו: 0570102073.,1,LEAK,MIXED_BORDERLINE
הועבר קובץ עם תלונת משמעת פנימית נגד שרון סעדה.,1,LEAK,LEGAL_HR
שם הפרויקט הוא פרויקט ברוש והוא יוצג בישיבת הנהלה.,0,NON_LEAK,BORDERLINE_NON_LEAK
בדוח הפנימי מופיעים שמות לקוחות אסטרטגיים ותנאי התקשרות.,1,LEAK,CONFIDENTIAL_BUSINESS
המערכת החדשה תושק ב20/10/2026 לפי הודעה רשמית שפורסמה לכלל העובדים.,0,NON_LEAK,BORDERLINE_NON_LEAK
הפגישה עם מנהל מוצר תתקיים ביום ראשון בפתח תקווה.,0,NON_LEAK,NON_SENSITIVE_GENERAL
האתר הרשמי עודכן עם מסמכי ההדרכה החדשים למשתמשים.,0,NON_LEAK,PUBLIC_INFO
המערכת החדשה תושק ב11/9/2026 לפי הודעה רשמית שפורסמה לכלל העובדים.,0,NON_LEAK,BORDERLINE_NON_LEAK
החברה הודיעה לציבור על פתיחת מרכז שירות חדש בראשון לציון.,0,NON_LEAK,PUBLIC_INFO
בכנס הטכנולוגיה הוצגו מגמות חדשות בתחום הבינה המלאכותית.,0,NON_LEAK,PUBLIC_INFO
"הכתובת של ליאור מלכה היא רחוב רוטשילד 21, ירושלים.",1,LEAK,PII_DIRECT
הצעת המחיר הסופית ללקוח תישלח רק לאחר אישור אנליסטית.,1,LEAK,CONFIDENTIAL_BUSINESS
"פרטי הקשר של איתי פרץ: טלפון 0552783657, מייל itay.peretz@example.co.il.",1,LEAK,PII_DIRECT
החברה הודיעה לציבור על פתיחת מרכז שירות חדש בפתח תקווה.,0,NON_LEAK,PUBLIC_INFO
מספר כרטיס האשראי של נועה מזרחי הוא 7171123145227604.,1,LEAK,FINANCIAL
הועבר סיכום כללי של ישיבת צוות ללא פרטים אישיים.,0,NON_LEAK,BORDERLINE_NON_LEAK
מכבי שירותי בריאות פרסמה הודעה רשמית על הרחבת הפעילות בפתח תקווה.,0,NON_LEAK,PUBLIC_INFO
"המסמך מכיל מידע רפואי אישי על יואב לוי, כולל אבחנות ותרופות.",1,LEAK,HEALTH
הצעת המחיר הסופית ללקוח תישלח רק לאחר אישור מנהל מוצר.,1,LEAK,CONFIDENTIAL_BUSINESS
החברה הודיעה לציבור על פתיחת מרכז שירות חדש בראשון לציון.,0,NON_LEAK,PUBLIC_INFO
המערכת החדשה תושק ב2/2/2026 לפי הודעה רשמית שפורסמה לכלל העובדים.,0,NON_LEAK,BORDERLINE_NON_LEAK
הקבוצה תיפגש מחר בבוקר לדיון על תכנון הרבעון הבא.,0,NON_LEAK,NON_SENSITIVE_GENERAL
"נדרש לעדכן את פרטי הלקוח דוד כהן, תעודת זהות 934943597, טלפון 0512157237.",1,LEAK,PII_DIRECT
הסיסמה הזמנית לחשבון של הילה חדד היא Welcome2026!.,1,LEAK,AUTH_SECRET
התיק הרפואי של אורן אברהם מציין אבחנה של אסתמה.,1,LEAK,HEALTH
החברה הודיעה לציבור על פתיחת מרכז שירות חדש באשדוד.,0,NON_LEAK,PUBLIC_INFO
התיק הרפואי של שרון סעדה מציין אבחנה של דיכאון.,1,LEAK,HEALTH
אין להפיץ את תוצאות הבדיקה של נועם מזרחי שנערכו באיכילוב.,1,LEAK,HEALTH
"בדוח מופיעים פרטי חיוב של לקוחות, כולל מספרי חשבון וסכומים.",1,LEAK,FINANCIAL
המערכת החדשה תושק ב15/9/2026 לפי הודעה רשמית שפורסמה לכלל העובדים.,0,NON_LEAK,BORDERLINE_NON_LEAK
משה אוחנה עובד בחברת שטראוס בנתניה.,0,NON_LEAK,NON_SENSITIVE_GENERAL
גוגל ישראל פרסמה הודעה רשמית על הרחבת הפעילות בהרצליה.,0,NON_LEAK,PUBLIC_INFO
"הקובץ מציג רשימת עובדים עם משכורות, בונוסים וימי מחלה.",1,LEAK,LEGAL_HR
הפרויקט עבר לשלב האינטגרציה ונדרשת בדיקת עומסים.,0,NON_LEAK,LOW_RISK_CONTEXT
האתר הרשמי עודכן עם מסמכי ההדרכה החדשים למשתמשים.,0,NON_LEAK,PUBLIC_INFO
שם הפרויקט הוא מבצע שקמה והוא יוצג בישיבת הנהלה.,0,NON_LEAK,BORDERLINE_NON_LEAK
הצוות מבקש להוסיף מסך התחברות חדש למערכת.,0,NON_LEAK,LOW_RISK_CONTEXT
"נא לא לשלוח החוצה את דוח הגבייה של אלון מלכה עם סכום 39,242 ש""ח.",1,LEAK,FINANCIAL
הועבר סיכום כללי של דיון שבועי ללא פרטים אישיים.,0,NON_LEAK,BORDERLINE_NON_LEAK
מפתח ה-API של הסביבה הפנימית נשמר במסמך המצורף.,1,LEAK,AUTH_SECRET
האתר הרשמי עודכן עם מסמכי ההדרכה החדשים למשתמשים.,0,NON_LEAK,PUBLIC_INFO
מסמך זה כולל מידע פנימי על תוכנית רימון ואסור לשתף אותו מחוץ לארגון.,1,LEAK,CONFIDENTIAL_BUSINESS
הפרויקט עבר לשלב האינטגרציה ונדרשת בדיקת עומסים.,0,NON_LEAK,LOW_RISK_CONTEXT
המערכת החדשה תושק ב26/8/2026 לפי הודעה רשמית שפורסמה לכלל העובדים.,0,NON_LEAK,BORDERLINE_NON_LEAK
המצגת עודכנה וכוללת את סטטוס המשימות לשבוע הקרוב.,0,NON_LEAK,NON_SENSITIVE_GENERAL
הצוות דן בשיפור חוויית המשתמש של פלטפורמת ארז לקראת הרבעון הבא.,0,NON_LEAK,BORDERLINE_NON_LEAK
"נא לא לשלוח החוצה את דוח הגבייה של דוד כהן עם סכום 27,728 ש""ח.",1,LEAK,FINANCIAL
המערכת החדשה תושק ב11/1/2026 לפי הודעה רשמית שפורסמה לכלל העובדים.,0,NON_LEAK,BORDERLINE_NON_LEAK
בדוח הרפואי של רון חדד מבית החולים איכילוב מופיע טיפול רגיש.,1,LEAK,HEALTH
רפאל פרסמה הודעה רשמית על הרחבת הפעילות בפתח תקווה.,0,NON_LEAK,PUBLIC_INFO
תאריך ההשקה של פלטפורמת ארז נקבע ל27/6/2026.,1,LEAK,CONFIDENTIAL_BUSINESS
הפרויקט עבר לשלב האינטגרציה ונדרשת בדיקת עומסים.,0,NON_LEAK,LOW_RISK_CONTEXT
סיכום הפגישה כולל גם את תאריך ההשקה 18/6/2026 וגם את פרטי הקשר של אלון מלכה.,1,LEAK,MIXED_BORDERLINE
מפתח ה-API של הסביבה הפנימית נשמר במסמך המצורף.,1,LEAK,AUTH_SECRET
"נא לא לשלוח החוצה את דוח הגבייה של דוד כהן עם סכום 4,762 ש""ח.",1,LEAK,FINANCIAL
הישיבה תתקיים בחדר הגדול בקומה השנייה.,0,NON_LEAK,LOW_RISK_CONTEXT
הצוות דן בשיפור חוויית המשתמש של גרסה 4.2 לקראת הרבעון הבא.,0,NON_LEAK,BORDERLINE_NON_LEAK
מספר כרטיס האשראי של עמית אלקיים הוא 2968338558503879.,1,LEAK,FINANCIAL
המצגת עודכנה וכוללת את סטטוס המשימות לשבוע הקרוב.,0,NON_LEAK,NON_SENSITIVE_GENERAL
"המסמך מכיל מידע רפואי אישי על יעל לוי, כולל אבחנות ותרופות.",1,LEAK,HEALTH
המסמך מסווג פנימי וכולל את תוכנית ההשקה של גרסה 4.2.,1,LEAK,CONFIDENTIAL_BUSINESS
"הצעת המחיר הסופית ללקוח תישלח רק לאחר אישור סמנכ""לית כספים.",1,LEAK,CONFIDENTIAL_BUSINESS
יש לשלוח את הקובץ המעודכן עד סוף היום.,0,NON_LEAK,LOW_RISK_CONTEXT
מפתח ה-API של הסביבה הפנימית נשמר במסמך המצורף.,1,LEAK,AUTH_SECRET
בנק לאומי פרסמה הודעה רשמית על הרחבת הפעילות בראשון לציון.,0,NON_LEAK,PUBLIC_INFO
הפרויקט עבר לשלב האינטגרציה ונדרשת בדיקת עומסים.,0,NON_LEAK,LOW_RISK_CONTEXT
התיק הרפואי של נועה מזרחי מציין אבחנה של דלקת ריאות.,1,LEAK,HEALTH
הצוות סיים את פיתוח מודול ברק ועבר לשלב הבדיקות.,0,NON_LEAK,NON_SENSITIVE_GENERAL
"הצעת המחיר הסופית ללקוח תישלח רק לאחר אישור מנכ""ל.",1,LEAK,CONFIDENTIAL_BUSINESS
בפגישה עם מנהל פיתוח סוכם כי מודול ברק יושק ב15/12/2026.,1,LEAK,CONFIDENTIAL_BUSINESS
המסמך מסווג פנימי וכולל את תוכנית ההשקה של מוצר אופק.,1,LEAK,CONFIDENTIAL_BUSINESS
אורן אברהם עובד בחברת צ'ק פוינט בפתח תקווה.,0,NON_LEAK,NON_SENSITIVE_GENERAL
בכנס הטכנולוגיה הוצגו מגמות חדשות בתחום הבינה המלאכותית.,0,NON_LEAK,PUBLIC_INFO
המסמך כולל סיכום שימוע של דוד כהן ופרטים אישיים רגישים.,1,LEAK,LEGAL_HR
יש לשלוח את הקובץ המעודכן עד סוף היום.,0,NON_LEAK,LOW_RISK_CONTEXT
מסמך זה כולל מידע פנימי על גרסת אפריל ואסור לשתף אותו מחוץ לארגון.,1,LEAK,CONFIDENTIAL_BUSINESS
המערכת החדשה תושק ב15/2/2026 לפי הודעה רשמית שפורסמה לכלל העובדים.,0,NON_LEAK,BORDERLINE_NON_LEAK
"מנהל המוצר ביקש לעדכן את הלו""ז ולשתף את הסטטוס.",0,NON_LEAK,LOW_RISK_CONTEXT
בכנס הטכנולוגיה הוצגו מגמות חדשות בתחום הבינה המלאכותית.,0,NON_LEAK,PUBLIC_INFO
המסמך מסווג פנימי וכולל את תוכנית ההשקה של גרסה 4.2.,1,LEAK,CONFIDENTIAL_BUSINESS
לקראת הפגישה עם שירה אברהם הועבר גם מספר הטלפון האישי שלו: 0548654769.,1,LEAK,MIXED_BORDERLINE
מסמך זה כולל מידע פנימי על גרסת אפריל ואסור לשתף אותו מחוץ לארגון.,1,LEAK,CONFIDENTIAL_BUSINESS
מספר הטלפון של מאיה ביטון הוא 0564013170.,1,LEAK,PII_DIRECT
גוגל ישראל פרסמה הודעה רשמית על הרחבת הפעילות בנתניה.,0,NON_LEAK,PUBLIC_INFO
תאריך ההשקה של מערכת קשת נקבע ל8/4/2026.,1,LEAK,CONFIDENTIAL_BUSINESS
הקבוצה תיפגש מחר בבוקר לדיון על תכנון הרבעון הבא.,0,NON_LEAK,NON_SENSITIVE_GENERAL
אינטל פרסמה הודעה רשמית על הרחבת הפעילות בנתניה.,0,NON_LEAK,PUBLIC_INFO
המערכת החדשה תושק ב1/10/2026 לפי הודעה רשמית שפורסמה לכלל העובדים.,0,NON_LEAK,BORDERLINE_NON_LEAK
מספר הטלפון של יעל לוי הוא 0580716075.,1,LEAK,PII_DIRECT
לקראת הפגישה עם מיכל כהן הועבר גם מספר הטלפון האישי שלו: 0518992558.,1,LEAK,MIXED_BORDERLINE
המסמך כולל סיכום שימוע של ליאור מלכה ופרטים אישיים רגישים.,1,LEAK,LEGAL_HR
"הקובץ כולל פרטי גישה למערכת, כולל שם משתמש וסיסמה.",1,LEAK,AUTH_SECRET
הישיבה תתקיים בחדר הגדול בקומה השנייה.,0,NON_LEAK,LOW_RISK_CONTEXT
סיכום הפגישה כולל גם את תאריך ההשקה 10/2/2026 וגם את פרטי הקשר של ניר ביטון.,1,LEAK,MIXED_BORDERLINE
הקבוצה תיפגש מחר בבוקר לדיון על תכנון הרבעון הבא.,0,NON_LEAK,NON_SENSITIVE_GENERAL
"הקובץ כולל פרטי גישה למערכת, כולל שם משתמש וסיסמה.",1,LEAK,AUTH_SECRET
"פרטי הקשר של משה אוחנה: טלפון 0531999431, מייל moshe.ohana@example.co.il.",1,LEAK,PII_DIRECT
שירה אברהם עובד בחברת שטראוס באשדוד.,0,NON_LEAK,NON_SENSITIVE_GENERAL
הצוות דן בשיפור חוויית המשתמש של פלטפורמת ארז לקראת הרבעון הבא.,0,NON_LEAK,BORDERLINE_NON_LEAK
"בדוח מופיעים פרטי חיוב של לקוחות, כולל מספרי חשבון וסכומים.",1,LEAK,FINANCIAL
"הכתובת של אלון מלכה היא רחוב ביאליק 7, תל אביב.",1,LEAK,PII_DIRECT
"הועבר תשלום בגובה 38,235 ש""ח מחשבון 5451458290 של איתי פרץ.",1,LEAK,FINANCIAL
הצוות מבקש להוסיף מסך התחברות חדש למערכת.,0,NON_LEAK,LOW_RISK_CONTEXT
הצוות דן בשיפור חוויית המשתמש של מערכת קשת לקראת הרבעון הבא.,0,NON_LEAK,BORDERLINE_NON_LEAK
מספר תעודת הזהות של נועה מזרחי הוא 569916631.,1,LEAK,PII_DIRECT
המסמך כולל סיכום שימוע של שירה אברהם ופרטים אישיים רגישים.,1,LEAK,LEGAL_HR
הצעת המחיר הסופית ללקוח תישלח רק לאחר אישור חשב שכר.,1,LEAK,CONFIDENTIAL_BUSINESS
הישיבה תתקיים בחדר הגדול בקומה השנייה.,0,NON_LEAK,LOW_RISK_CONTEXT
המסמך כולל תאריך יעד של 2/3/2026 אך אינו מכיל פרטים אישיים.,0,NON_LEAK,BORDERLINE_NON_LEAK
בדוח משאבי האנוש מופיעים נתוני השכר של אורן אברהם.,1,LEAK,LEGAL_HR
הצוות סיים את פיתוח פלטפורמת ארז ועבר לשלב הבדיקות.,0,NON_LEAK,NON_SENSITIVE_GENERAL
המסמך כולל סיכום שימוע של עידן דנינו ופרטים אישיים רגישים.,1,LEAK,LEGAL_HR
בדוח משאבי האנוש מופיעים נתוני השכר של הילה חדד.,1,LEAK,LEGAL_HR
הועבר קובץ עם תלונת משמעת פנימית נגד משה אוחנה.,1,LEAK,LEGAL_HR
הועבר קובץ עם תלונת משמעת פנימית נגד משה אוחנה.,1,LEAK,LEGAL_HR
"מנהל המוצר ביקש לעדכן את הלו""ז ולשתף את הסטטוס.",0,NON_LEAK,LOW_RISK_CONTEXT
"במסמך האישור מופיעים מאיה ביטון, רעננה ומספר הזהות 570537396.",1,LEAK,MIXED_BORDERLINE
המסמך כולל סיכום שימוע של שירה אברהם ופרטים אישיים רגישים.,1,LEAK,LEGAL_HR
Amdocs פרסמה הודעה רשמית על הרחבת הפעילות בירושלים.,0,NON_LEAK,PUBLIC_INFO
המסמך כולל סיכום שימוע של נועה מזרחי ופרטים אישיים רגישים.,1,LEAK,LEGAL_HR
"המסמך מכיל מידע רפואי אישי על רון חדד, כולל אבחנות ותרופות.",1,LEAK,HEALTH
"הקובץ מציג רשימת עובדים עם משכורות, בונוסים וימי מחלה.",1,LEAK,LEGAL_HR
לקראת הפגישה עם יואב לוי הועבר גם מספר הטלפון האישי שלו: 0536182263.,1,LEAK,MIXED_BORDERLINE
האתר הרשמי עודכן עם מסמכי ההדרכה החדשים למשתמשים.,0,NON_LEAK,PUBLIC_INFO
הצוות סיים את פיתוח מוצר אופק ועבר לשלב הבדיקות.,0,NON_LEAK,NON_SENSITIVE_GENERAL
מפתח ה-API של הסביבה הפנימית נשמר במסמך המצורף.,1,LEAK,AUTH_SECRET
מפתח ה-API של הסביבה הפנימית נשמר במסמך המצורף.,1,LEAK,AUTH_SECRET
"בדוח מופיעים פרטי חיוב של לקוחות, כולל מספרי חשבון וסכומים.",1,LEAK,FINANCIAL
שרון סעדה עובד בחברת רפאל בירושלים.,0,NON_LEAK,NON_SENSITIVE_GENERAL
הועבר קובץ עם תלונת משמעת פנימית נגד משה אוחנה.,1,LEAK,LEGAL_HR
בדוח הרפואי של הילה חדד מבית החולים שיבא מופיע טיפול רגיש.,1,LEAK,HEALTH
"במסמך האישור מופיעים נועם מזרחי, אשדוד ומספר הזהות 359968464.",1,LEAK,MIXED_BORDERLINE
הסיסמה הזמנית לחשבון של איתי פרץ היא Welcome2026!.,1,LEAK,AUTH_SECRET
קוד האימות שנשלח לדוד כהן הוא 483921.,1,LEAK,AUTH_SECRET
"מנהל המוצר ביקש לעדכן את הלו""ז ולשתף את הסטטוס.",0,NON_LEAK,LOW_RISK_CONTEXT
"מנהל המוצר ביקש לעדכן את הלו""ז ולשתף את הסטטוס.",0,NON_LEAK,LOW_RISK_CONTEXT
הצוות מבקש להוסיף מסך התחברות חדש למערכת.,0,NON_LEAK,LOW_RISK_CONTEXT
המסמך כולל תאריך יעד של 3/5/2026 אך אינו מכיל פרטים אישיים.,0,NON_LEAK,BORDERLINE_NON_LEAK
מפתח ה-API של הסביבה הפנימית נשמר במסמך המצורף.,1,LEAK,AUTH_SECRET
התיק הרפואי של עמית אלקיים מציין אבחנה של דיכאון.,1,LEAK,HEALTH
המצגת עודכנה וכוללת את סטטוס המשימות לשבוע הקרוב.,0,NON_LEAK,NON_SENSITIVE_GENERAL
הקבוצה תיפגש מחר בבוקר לדיון על תכנון הרבעון הבא.,0,NON_LEAK,NON_SENSITIVE_GENERAL
יש לשלוח את הקובץ המעודכן עד סוף היום.,0,NON_LEAK,LOW_RISK_CONTEXT
"נא לא לשלוח החוצה את דוח הגבייה של ניר ביטון עם סכום 19,818 ש""ח.",1,LEAK,FINANCIAL
"נדרש לעדכן את פרטי הלקוח ניר ביטון, תעודת זהות 995812832, טלפון 0551240463.",1,LEAK,PII_DIRECT
"פרטי החשבון של עידן דנינו: בנק דיסקונט, חשבון 3363539085.",1,LEAK,FINANCIAL
הצוות דן בשיפור חוויית המשתמש של מוצר הדס לקראת הרבעון הבא.,0,NON_LEAK,BORDERLINE_NON_LEAK
הפגישה עם אנליסטית תתקיים ביום ראשון בחיפה.,0,NON_LEAK,NON_SENSITIVE_GENERAL
החברה הודיעה לציבור על פתיחת מרכז שירות חדש בירושלים.,0,NON_LEAK,PUBLIC_INFO
הועבר סיכום כללי של עדכון סטטוס ללא פרטים אישיים.,0,NON_LEAK,BORDERLINE_NON_LEAK
"הוכן דוח לקוח עבור מיקרוסופט, הכולל איש קשר בשם עמית אלקיים ומייל amit.elkayim@company.co.il.",1,LEAK,MIXED_BORDERLINE
הועבר קובץ עם תלונת משמעת פנימית נגד שרון סעדה.,1,LEAK,LEGAL_HR
האתר הרשמי עודכן עם מסמכי ההדרכה החדשים למשתמשים.,0,NON_LEAK,PUBLIC_INFO
הקבוצה תיפגש מחר בבוקר לדיון על תכנון הרבעון הבא.,0,NON_LEAK,NON_SENSITIVE_GENERAL
"הועבר תשלום בגובה 30,728 ש""ח מחשבון 1185240786 של אלון מלכה.",1,LEAK,FINANCIAL
הפרויקט עבר לשלב האינטגרציה ונדרשת בדיקת עומסים.,0,NON_LEAK,LOW_RISK_CONTEXT
"הוכן דוח לקוח עבור רפאל, הכולל איש קשר בשם שרון סעדה ומייל sharon.saada@example.co.il.",1,LEAK,MIXED_BORDERLINE
מאיה ביטון עובד בחברת בנק הפועלים בנתניה.,0,NON_LEAK,NON_SENSITIVE_GENERAL
הצוות סיים את פיתוח מודול ברק ועבר לשלב הבדיקות.,0,NON_LEAK,NON_SENSITIVE_GENERAL
שם הפרויקט הוא פרויקט דרור והוא יוצג בישיבת הנהלה.,0,NON_LEAK,BORDERLINE_NON_LEAK
המצגת עודכנה וכוללת את סטטוס המשימות לשבוע הקרוב.,0,NON_LEAK,NON_SENSITIVE_GENERAL
הסיסמה הזמנית לחשבון של אורן אברהם היא Welcome2026!.,1,LEAK,AUTH_SECRET
הועבר סיכום כללי של תכנון רבעון ללא פרטים אישיים.,0,NON_LEAK,BORDERLINE_NON_LEAK
מספר הטלפון של משה אוחנה הוא 0529738628.,1,LEAK,PII_DIRECT
"נא לא לשלוח החוצה את דוח הגבייה של דנה דנינו עם סכום 21,747 ש""ח.",1,LEAK,FINANCIAL
יש לשלוח את הקובץ המעודכן עד סוף היום.,0,NON_LEAK,LOW_RISK_CONTEXT
"המסמך מכיל מידע רפואי אישי על עידן דנינו, כולל אבחנות ותרופות.",1,LEAK,HEALTH
"אין להפיץ את תוצאות הבדיקה של עמית אלקיים שנערכו ברמב""ם.",1,LEAK,HEALTH
הועבר סיכום כללי של פגישת הנהלה ללא פרטים אישיים.,0,NON_LEAK,BORDERLINE_NON_LEAK
הצוות סיים את פיתוח שירות אביב ועבר לשלב הבדיקות.,0,NON_LEAK,NON_SENSITIVE_GENERAL
שם הפרויקט הוא פרויקט דרור והוא יוצג בישיבת הנהלה.,0,NON_LEAK,BORDERLINE_NON_LEAK
לקראת הפגישה עם עמית אלקיים הועבר גם מספר הטלפון האישי שלו: 0502265955.,1,LEAK,MIXED_BORDERLINE
מסמך זה כולל מידע פנימי על פרויקט דרור ואסור לשתף אותו מחוץ לארגון.,1,LEAK,CONFIDENTIAL_BUSINESS
מסמך זה כולל מידע פנימי על גרסת אפריל ואסור לשתף אותו מחוץ לארגון.,1,LEAK,CONFIDENTIAL_BUSINESS
המערכת החדשה תושק ב26/9/2026 לפי הודעה רשמית שפורסמה לכלל העובדים.,0,NON_LEAK,BORDERLINE_NON_LEAK
"מנהל המוצר ביקש לעדכן את הלו""ז ולשתף את הסטטוס.",0,NON_LEAK,LOW_RISK_CONTEXT
מפתח ה-API של הסביבה הפנימית נשמר במסמך המצורף.,1,LEAK,AUTH_SECRET
הועבר קובץ עם תלונת משמעת פנימית נגד משה אוחנה.,1,LEAK,LEGAL_HR
בדוח הרפואי של רונית פרץ מבית החולים שיבא מופיע טיפול רגיש.,1,LEAK,HEALTH
הצעת המחיר הסופית ללקוח תישלח רק לאחר אישור יועץ משפטי.,1,LEAK,CONFIDENTIAL_BUSINESS
החברה הודיעה לציבור על פתיחת מרכז שירות חדש בחיפה.,0,NON_LEAK,PUBLIC_INFO
הצוות מבקש להוסיף מסך התחברות חדש למערכת.,0,NON_LEAK,LOW_RISK_CONTEXT
"פרטי הקשר של ליאור מלכה: טלפון 0578954324, מייל lior.malka@org.co.il.",1,LEAK,PII_DIRECT
"הועבר תשלום בגובה 28,953 ש""ח מחשבון 8072963061 של יואב לוי.",1,LEAK,FINANCIAL
שם הפרויקט הוא פרויקט ברוש והוא יוצג בישיבת הנהלה.,0,NON_LEAK,BORDERLINE_NON_LEAK
בנק לאומי פרסמה הודעה רשמית על הרחבת הפעילות בחיפה.,0,NON_LEAK,PUBLIC_INFO
שם הפרויקט הוא פרויקט דרור והוא יוצג בישיבת הנהלה.,0,NON_LEAK,BORDERLINE_NON_LEAK
"פרטי החשבון של נועה מזרחי: בנק בנק לאומי, חשבון 4219717326.",1,LEAK,FINANCIAL
"מנהל המוצר ביקש לעדכן את הלו""ז ולשתף את הסטטוס.",0,NON_LEAK,LOW_RISK_CONTEXT
סיכום הפגישה כולל גם את תאריך ההשקה 10/12/2026 וגם את פרטי הקשר של עמית אלקיים.,1,LEAK,MIXED_BORDERLINE
יש לשלוח את הקובץ המעודכן עד סוף היום.,0,NON_LEAK,LOW_RISK_CONTEXT
המסמך כולל תאריך יעד של 16/12/2026 אך אינו מכיל פרטים אישיים.,0,NON_LEAK,BORDERLINE_NON_LEAK
הועבר סיכום כללי של ישיבת צוות ללא פרטים אישיים.,0,NON_LEAK,BORDERLINE_NON_LEAK
המסמך כולל תאריך יעד של 6/7/2026 אך אינו מכיל פרטים אישיים.,0,NON_LEAK,BORDERLINE_NON_LEAK
בדוח משאבי האנוש מופיעים נתוני השכר של שירה אברהם.,1,LEAK,LEGAL_HR
שם הפרויקט הוא תוכנית רימון והוא יוצג בישיבת הנהלה.,0,NON_LEAK,BORDERLINE_NON_LEAK
אין להפיץ את תוצאות הבדיקה של יואב לוי שנערכו בשיבא.,1,LEAK,HEALTH
מפתח ה-API של הסביבה הפנימית נשמר במסמך המצורף.,1,LEAK,AUTH_SECRET
המערכת החדשה תושק ב17/7/2026 לפי הודעה רשמית שפורסמה לכלל העובדים.,0,NON_LEAK,BORDERLINE_NON_LEAK
האתר הרשמי עודכן עם מסמכי ההדרכה החדשים למשתמשים.,0,NON_LEAK,PUBLIC_INFO
האתר הרשמי עודכן עם מסמכי ההדרכה החדשים למשתמשים.,0,NON_LEAK,PUBLIC_INFO
הקבוצה תיפגש מחר בבוקר לדיון על תכנון הרבעון הבא.,0,NON_LEAK,NON_SENSITIVE_GENERAL
המסמך מסווג פנימי וכולל את תוכנית ההשקה של מוצר אופק.,1,LEAK,CONFIDENTIAL_BUSINESS
סיכום הפגישה כולל גם את תאריך ההשקה 20/1/2026 וגם את פרטי הקשר של ליאור מלכה.,1,LEAK,MIXED_BORDERLINE
"הוכן דוח לקוח עבור שטראוס, הכולל איש קשר בשם איתי פרץ ומייל itay.peretz@gmail.com.",1,LEAK,MIXED_BORDERLINE
הצוות דן בשיפור חוויית המשתמש של שירות אביב לקראת הרבעון הבא.,0,NON_LEAK,BORDERLINE_NON_LEAK
בכנס הטכנולוגיה הוצגו מגמות חדשות בתחום הבינה המלאכותית.,0,NON_LEAK,PUBLIC_INFO
הצוות דן בשיפור חוויית המשתמש של שירות אביב לקראת הרבעון הבא.,0,NON_LEAK,BORDERLINE_NON_LEAK
בדוח הרפואי של נועה מזרחי מבית החולים איכילוב מופיע טיפול רגיש.,1,LEAK,HEALTH
הקבוצה תיפגש מחר בבוקר לדיון על תכנון הרבעון הבא.,0,NON_LEAK,NON_SENSITIVE_GENERAL
בדוח הפנימי מופיעים שמות לקוחות אסטרטגיים ותנאי התקשרות.,1,LEAK,CONFIDENTIAL_BUSINESS
בכנס הטכנולוגיה הוצגו מגמות חדשות בתחום הבינה המלאכותית.,0,NON_LEAK,PUBLIC_INFO
"נדרש לעדכן את פרטי הלקוח מיכל כהן, תעודת זהות 857305066, טלפון 0553300391.",1,LEAK,PII_DIRECT
בנק הפועלים פרסמה הודעה רשמית על הרחבת הפעילות בראשון לציון.,0,NON_LEAK,PUBLIC_INFO
"הועבר תשלום בגובה 21,263 ש""ח מחשבון 1303257890 של אורן אברהם.",1,LEAK,FINANCIAL
הועבר קובץ עם תלונת משמעת פנימית נגד נועם מזרחי.,1,LEAK,LEGAL_HR
"בדוח מופיעים פרטי חיוב של לקוחות, כולל מספרי חשבון וסכומים.",1,LEAK,FINANCIAL
לקראת הפגישה עם איתי פרץ הועבר גם מספר הטלפון האישי שלו: 0551180572.,1,LEAK,MIXED_BORDERLINE
הצוות דן בשיפור חוויית המשתמש של פרויקט נוגה לקראת הרבעון הבא.,0,NON_LEAK,BORDERLINE_NON_LEAK
שם הפרויקט הוא גרסת אפריל והוא יוצג בישיבת הנהלה.,0,NON_LEAK,BORDERLINE_NON_LEAK
הצוות סיים את פיתוח מוצר הדס ועבר לשלב הבדיקות.,0,NON_LEAK,NON_SENSITIVE_GENERAL
"נא לא לשלוח החוצה את דוח הגבייה של טל אוחנה עם סכום 39,373 ש""ח.",1,LEAK,FINANCIAL
קוד האימות שנשלח לעמית אלקיים הוא 483921.,1,LEAK,AUTH_SECRET
בכנס הטכנולוגיה הוצגו מגמות חדשות בתחום הבינה המלאכותית.,0,NON_LEAK,PUBLIC_INFO
בדוח משאבי האנוש מופיעים נתוני השכר של נועם מזרחי.,1,LEAK,LEGAL_HR
בדוח משאבי האנוש מופיעים נתוני השכר של אורן אברהם.,1,LEAK,LEGAL_HR
"הכתובת של טל אוחנה היא רחוב העצמאות 44, הרצליה.",1,LEAK,PII_DIRECT
רפאל פרסמה הודעה רשמית על הרחבת הפעילות בנתניה.,0,NON_LEAK,PUBLIC_INFO
הקבוצה תיפגש מחר בבוקר לדיון על תכנון הרבעון הבא.,0,NON_LEAK,NON_SENSITIVE_GENERAL
סיכום הפגישה כולל גם את תאריך ההשקה 23/6/2026 וגם את פרטי הקשר של שרון סעדה.,1,LEAK,MIXED_BORDERLINE
סיכום הפגישה כולל גם את תאריך ההשקה 4/10/2026 וגם את פרטי הקשר של נועה מזרחי.,1,LEAK,MIXED_BORDERLINE
"הכתובת של אלון מלכה היא רחוב דיזנגוף 90, אשדוד.",1,LEAK,PII_DIRECT
המסמך כולל תאריך יעד של 22/11/2026 אך אינו מכיל פרטים אישיים.,0,NON_LEAK,BORDERLINE_NON_LEAK
הועבר סיכום כללי של עדכון סטטוס ללא פרטים אישיים.,0,NON_LEAK,BORDERLINE_NON_LEAK
בדוח משאבי האנוש מופיעים נתוני השכר של אלון מלכה.,1,LEAK,LEGAL_HR
המערכת החדשה תושק ב20/2/2026 לפי הודעה רשמית שפורסמה לכלל העובדים.,0,NON_LEAK,BORDERLINE_NON_LEAK
"בדוח מופיעים פרטי חיוב של לקוחות, כולל מספרי חשבון וסכומים.",1,LEAK,FINANCIAL
גוגל ישראל פרסמה הודעה רשמית על הרחבת הפעילות בבאר שבע.,0,NON_LEAK,PUBLIC_INFO
הישיבה תתקיים בחדר הגדול בקומה השנייה.,0,NON_LEAK,LOW_RISK_CONTEXT
"המסמך מכיל מידע רפואי אישי על דנה דנינו, כולל אבחנות ותרופות.",1,LEAK,HEALTH
רפאל פרסמה הודעה רשמית על הרחבת הפעילות במודיעין.,0,NON_LEAK,PUBLIC_INFO
החברה הודיעה לציבור על פתיחת מרכז שירות חדש בתל אביב.,0,NON_LEAK,PUBLIC_INFO
האתר הרשמי עודכן עם מסמכי ההדרכה החדשים למשתמשים.,0,NON_LEAK,PUBLIC_INFO
בכנס הטכנולוגיה הוצגו מגמות חדשות בתחום הבינה המלאכותית.,0,NON_LEAK,PUBLIC_INFO
הישיבה תתקיים בחדר הגדול בקומה השנייה.,0,NON_LEAK,LOW_RISK_CONTEXT
האתר הרשמי עודכן עם מסמכי ההדרכה החדשים למשתמשים.,0,NON_LEAK,PUBLIC_INFO
המסמך מסווג פנימי וכולל את תוכנית ההשקה של שירות אביב.,1,LEAK,CONFIDENTIAL_BUSINESS
המערכת החדשה תושק ב27/5/2026 לפי הודעה רשמית שפורסמה לכלל העובדים.,0,NON_LEAK,BORDERLINE_NON_LEAK
הצוות מבקש להוסיף מסך התחברות חדש למערכת.,0,NON_LEAK,LOW_RISK_CONTEXT
התיק הרפואי של אורן אברהם מציין אבחנה של דיכאון.,1,LEAK,HEALTH
קוד האימות שנשלח למאיה ביטון הוא 483921.,1,LEAK,AUTH_SECRET
הצוות דן בשיפור חוויית המשתמש של מודול ברק לקראת הרבעון הבא.,0,NON_LEAK,BORDERLINE_NON_LEAK
החברה הודיעה לציבור על פתיחת מרכז שירות חדש בהרצליה.,0,NON_LEAK,PUBLIC_INFO
הישיבה תתקיים בחדר הגדול בקומה השנייה.,0,NON_LEAK,LOW_RISK_CONTEXT
בכנס הטכנולוגיה הוצגו מגמות חדשות בתחום הבינה המלאכותית.,0,NON_LEAK,PUBLIC_INFO
התיק הרפואי של אלון מלכה מציין אבחנה של לחץ דם גבוה.,1,LEAK,HEALTH
הצוות דן בשיפור חוויית המשתמש של מוצר הדס לקראת הרבעון הבא.,0,NON_LEAK,BORDERLINE_NON_LEAK
"הוכן דוח לקוח עבור אינטל, הכולל איש קשר בשם ליאור מלכה ומייל lior.malka@company.co.il.",1,LEAK,MIXED_BORDERLINE
הפגישה עם מנהלת משאבי אנוש תתקיים ביום ראשון ברעננה.,0,NON_LEAK,NON_SENSITIVE_GENERAL
"הפגישה עם מנכ""ל תתקיים ביום ראשון בתל אביב.",0,NON_LEAK,NON_SENSITIVE_GENERAL
אורן אברהם עובד בחברת סלקום בבאר שבע.,0,NON_LEAK,NON_SENSITIVE_GENERAL
המערכת החדשה תושק ב3/11/2026 לפי הודעה רשמית שפורסמה לכלל העובדים.,0,NON_LEAK,BORDERLINE_NON_LEAK
"פרטי הקשר של שרון סעדה: טלפון 0516199557, מייל sharon.saada@mail.com.",1,LEAK,PII_DIRECT
הקבוצה תיפגש מחר בבוקר לדיון על תכנון הרבעון הבא.,0,NON_LEAK,NON_SENSITIVE_GENERAL
בנק הפועלים פרסמה הודעה רשמית על הרחבת הפעילות בפתח תקווה.,0,NON_LEAK,PUBLIC_INFO
"הקובץ מציג רשימת עובדים עם משכורות, בונוסים וימי מחלה.",1,LEAK,LEGAL_HR
"נדרש לעדכן את פרטי הלקוח עידן דנינו, תעודת זהות 562231779, טלפון 0530599506.",1,LEAK,PII_DIRECT
יש לשלוח את הקובץ המעודכן עד סוף היום.,0,NON_LEAK,LOW_RISK_CONTEXT
שם הפרויקט הוא תוכנית רימון והוא יוצג בישיבת הנהלה.,0,NON_LEAK,BORDERLINE_NON_LEAK
מיקרוסופט פרסמה הודעה רשמית על הרחבת הפעילות בראשון לציון.,0,NON_LEAK,PUBLIC_INFO
המערכת החדשה תושק ב23/4/2026 לפי הודעה רשמית שפורסמה לכלל העובדים.,0,NON_LEAK,BORDERLINE_NON_LEAK
כתובת המייל האישית של רונית פרץ היא ronit.peretz@outlook.com.,1,LEAK,PII_DIRECT
"הועבר תשלום בגובה 30,103 ש""ח מחשבון 4669292334 של רון חדד.",1,LEAK,FINANCIAL
כתובת המייל האישית של שירה אברהם היא shira.avraham@outlook.com.,1,LEAK,PII_DIRECT
לקראת הפגישה עם מיכל כהן הועבר גם מספר הטלפון האישי שלו: 0586932666.,1,LEAK,MIXED_BORDERLINE
"הקובץ כולל פרטי גישה למערכת, כולל שם משתמש וסיסמה.",1,LEAK,AUTH_SECRET
"הוכן דוח לקוח עבור מיקרוסופט, הכולל איש קשר בשם אורן אברהם ומייל oren.avraham@gmail.com.",1,LEAK,MIXED_BORDERLINE
המסמך כולל תאריך יעד של 4/1/2026 אך אינו מכיל פרטים אישיים.,0,NON_LEAK,BORDERLINE_NON_LEAK
התיק הרפואי של יואב לוי מציין אבחנה של דיכאון.,1,LEAK,HEALTH
יש לשלוח את הקובץ המעודכן עד סוף היום.,0,NON_LEAK,LOW_RISK_CONTEXT
הפגישה עם מנהלת משאבי אנוש תתקיים ביום ראשון בתל אביב.,0,NON_LEAK,NON_SENSITIVE_GENERAL
"נא לא לשלוח החוצה את דוח הגבייה של ליאור מלכה עם סכום 23,510 ש""ח.",1,LEAK,FINANCIAL
יש לשלוח את הקובץ המעודכן עד סוף היום.,0,NON_LEAK,LOW_RISK_CONTEXT
הפגישה עם ראש צוות תתקיים ביום ראשון בהרצליה.,0,NON_LEAK,NON_SENSITIVE_GENERAL
הקבוצה תיפגש מחר בבוקר לדיון על תכנון הרבעון הבא.,0,NON_LEAK,NON_SENSITIVE_GENERAL
הצוות דן בשיפור חוויית המשתמש של מוצר אופק לקראת הרבעון הבא.,0,NON_LEAK,BORDERLINE_NON_LEAK
מספר כרטיס האשראי של מאיה ביטון הוא 1020618128022059.,1,LEAK,FINANCIAL
הפרויקט עבר לשלב האינטגרציה ונדרשת בדיקת עומסים.,0,NON_LEAK,LOW_RISK_CONTEXT
"המסמך מכיל מידע רפואי אישי על רונית פרץ, כולל אבחנות ותרופות.",1,LEAK,HEALTH
יש לשלוח את הקובץ המעודכן עד סוף היום.,0,NON_LEAK,LOW_RISK_CONTEXT
סיכום הפגישה כולל גם את תאריך ההשקה 17/4/2026 וגם את פרטי הקשר של יעל לוי.,1,LEAK,MIXED_BORDERLINE
"פרטי החשבון של דנה דנינו: בנק בנק לאומי, חשבון 5633369258.",1,LEAK,FINANCIAL
הצוות סיים את פיתוח מודול ברק ועבר לשלב הבדיקות.,0,NON_LEAK,NON_SENSITIVE_GENERAL
הפרויקט עבר לשלב האינטגרציה ונדרשת בדיקת עומסים.,0,NON_LEAK,LOW_RISK_CONTEXT
הקבוצה תיפגש מחר בבוקר לדיון על תכנון הרבעון הבא.,0,NON_LEAK,NON_SENSITIVE_GENERAL
"פרטי הקשר של רון חדד: טלפון 0594452739, מייל ron.hadad@company.co.il.",1,LEAK,PII_DIRECT
צ'ק פוינט פרסמה הודעה רשמית על הרחבת הפעילות באשדוד.,0,NON_LEAK,PUBLIC_INFO
מפתח ה-API של הסביבה הפנימית נשמר במסמך המצורף.,1,LEAK,AUTH_SECRET
אין להפיץ את תוצאות הבדיקה של מאיה ביטון שנערכו באסותא.,1,LEAK,HEALTH
"הקובץ מציג רשימת עובדים עם משכורות, בונוסים וימי מחלה.",1,LEAK,LEGAL_HR
"בדוח מופיעים פרטי חיוב של לקוחות, כולל מספרי חשבון וסכומים.",1,LEAK,FINANCIAL
הצוות מבקש להוסיף מסך התחברות חדש למערכת.,0,NON_LEAK,LOW_RISK_CONTEXT
החברה הודיעה לציבור על פתיחת מרכז שירות חדש ברעננה.,0,NON_LEAK,PUBLIC_INFO
הפרויקט עבר לשלב האינטגרציה ונדרשת בדיקת עומסים.,0,NON_LEAK,LOW_RISK_CONTEXT
שם הפרויקט הוא גרסת אפריל והוא יוצג בישיבת הנהלה.,0,NON_LEAK,BORDERLINE_NON_LEAK
המסמך כולל תאריך יעד של 6/7/2026 אך אינו מכיל פרטים אישיים.,0,NON_LEAK,BORDERLINE_NON_LEAK
"מנהל המוצר ביקש לעדכן את הלו""ז ולשתף את הסטטוס.",0,NON_LEAK,LOW_RISK_CONTEXT
"הקובץ מציג רשימת עובדים עם משכורות, בונוסים וימי מחלה.",1,LEAK,LEGAL_HR
הפרויקט עבר לשלב האינטגרציה ונדרשת בדיקת עומסים.,0,NON_LEAK,LOW_RISK_CONTEXT
המסמך כולל תאריך יעד של 12/5/2026 אך אינו מכיל פרטים אישיים.,0,NON_LEAK,BORDERLINE_NON_LEAK
בכנס הטכנולוגיה הוצגו מגמות חדשות בתחום הבינה המלאכותית.,0,NON_LEAK,PUBLIC_INFO
בדוח משאבי האנוש מופיעים נתוני השכר של ניר ביטון.,1,LEAK,LEGAL_HR
המסמך כולל תאריך יעד של 23/11/2026 אך אינו מכיל פרטים אישיים.,0,NON_LEAK,BORDERLINE_NON_LEAK
התיק הרפואי של משה אוחנה מציין אבחנה של לחץ דם גבוה.,1,LEAK,HEALTH
קוד האימות שנשלח לרון חדד הוא 483921.,1,LEAK,AUTH_SECRET
מספר תעודת הזהות של אלון מלכה הוא 730415981.,1,LEAK,PII_DIRECT
צ'ק פוינט פרסמה הודעה רשמית על הרחבת הפעילות בחיפה.,0,NON_LEAK,PUBLIC_INFO
מפתח ה-API של הסביבה הפנימית נשמר במסמך המצורף.,1,LEAK,AUTH_SECRET
"הוכן דוח לקוח עבור גוגל ישראל, הכולל איש קשר בשם ליאור מלכה ומייל lior.malka@outlook.com.",1,LEAK,MIXED_BORDERLINE
מסמך זה כולל מידע פנימי על פרויקט ברוש ואסור לשתף אותו מחוץ לארגון.,1,LEAK,CONFIDENTIAL_BUSINESS
"מנהל המוצר ביקש לעדכן את הלו""ז ולשתף את הסטטוס.",0,NON_LEAK,LOW_RISK_CONTEXT
המסמך מסווג פנימי וכולל את תוכנית ההשקה של מערכת קשת.,1,LEAK,CONFIDENTIAL_BUSINESS
בכנס הטכנולוגיה הוצגו מגמות חדשות בתחום הבינה המלאכותית.,0,NON_LEAK,PUBLIC_INFO
יש לשלוח את הקובץ המעודכן עד סוף היום.,0,NON_LEAK,LOW_RISK_CONTEXT
בדוח הרפואי של אלון מלכה מבית החולים אסותא מופיע טיפול רגיש.,1,LEAK,HEALTH
מפתח ה-API של הסביבה הפנימית נשמר במסמך המצורף.,1,LEAK,AUTH_SECRET
"הועבר תשלום בגובה 11,126 ש""ח מחשבון 4820060537 של רון חדד.",1,LEAK,FINANCIAL
הועבר סיכום כללי של עדכון סטטוס ללא פרטים אישיים.,0,NON_LEAK,BORDERLINE_NON_LEAK
"מנהל המוצר ביקש לעדכן את הלו""ז ולשתף את הסטטוס.",0,NON_LEAK,LOW_RISK_CONTEXT
אין להפיץ את תוצאות הבדיקה של יעל לוי שנערכו בשיבא.,1,LEAK,HEALTH
מספר תעודת הזהות של אלון מלכה הוא 378750564.,1,LEAK,PII_DIRECT
הועבר קובץ עם תלונת משמעת פנימית נגד מאיה ביטון.,1,LEAK,LEGAL_HR
"הקובץ כולל פרטי גישה למערכת, כולל שם משתמש וסיסמה.",1,LEAK,AUTH_SECRET
בדוח הרפואי של שרון סעדה מבית החולים סורוקה מופיע טיפול רגיש.,1,LEAK,HEALTH
בכנס הטכנולוגיה הוצגו מגמות חדשות בתחום הבינה המלאכותית.,0,NON_LEAK,PUBLIC_INFO
הפרויקט עבר לשלב האינטגרציה ונדרשת בדיקת עומסים.,0,NON_LEAK,LOW_RISK_CONTEXT
הפרויקט עבר לשלב האינטגרציה ונדרשת בדיקת עומסים.,0,NON_LEAK,LOW_RISK_CONTEXT
שם הפרויקט הוא מבצע שקמה והוא יוצג בישיבת הנהלה.,0,NON_LEAK,BORDERLINE_NON_LEAK
הצעת המחיר הסופית ללקוח תישלח רק לאחר אישור מנהלת משאבי אנוש.,1,LEAK,CONFIDENTIAL_BUSINESS
החברה הודיעה לציבור על פתיחת מרכז שירות חדש באשדוד.,0,NON_LEAK,PUBLIC_INFO
בדוח משאבי האנוש מופיעים נתוני השכר של איתי פרץ.,1,LEAK,LEGAL_HR
"נדרש לעדכן את פרטי הלקוח עידן דנינו, תעודת זהות 829411515, טלפון 0544704679.",1,LEAK,PII_DIRECT
שם הפרויקט הוא פרויקט ברוש והוא יוצג בישיבת הנהלה.,0,NON_LEAK,BORDERLINE_NON_LEAK
הצוות דן בשיפור חוויית המשתמש של פלטפורמת ארז לקראת הרבעון הבא.,0,NON_LEAK,BORDERLINE_NON_LEAK
כתובת המייל האישית של טל אוחנה היא tal.ohana@org.co.il.,1,LEAK,PII_DIRECT
המסמך כולל תאריך יעד של 14/12/2026 אך אינו מכיל פרטים אישיים.,0,NON_LEAK,BORDERLINE_NON_LEAK
הצוות סיים את פיתוח מערכת קשת ועבר לשלב הבדיקות.,0,NON_LEAK,NON_SENSITIVE_GENERAL
שם הפרויקט הוא פרויקט ברוש והוא יוצג בישיבת הנהלה.,0,NON_LEAK,BORDERLINE_NON_LEAK
יש לשלוח את הקובץ המעודכן עד סוף היום.,0,NON_LEAK,LOW_RISK_CONTEXT
"במסמך האישור מופיעים יעל לוי, הרצליה ומספר הזהות 540966459.",1,LEAK,MIXED_BORDERLINE
האתר הרשמי עודכן עם מסמכי ההדרכה החדשים למשתמשים.,0,NON_LEAK,PUBLIC_INFO
"פרטי הקשר של נועה מזרחי: טלפון 0547298871, מייל noa.mizrahi@mail.com.",1,LEAK,PII_DIRECT
"הפגישה עם סמנכ""לית כספים תתקיים ביום ראשון במודיעין.",0,NON_LEAK,NON_SENSITIVE_GENERAL
האתר הרשמי עודכן עם מסמכי ההדרכה החדשים למשתמשים.,0,NON_LEAK,PUBLIC_INFO
האתר הרשמי עודכן עם מסמכי ההדרכה החדשים למשתמשים.,0,NON_LEAK,PUBLIC_INFO
"הקובץ מציג רשימת עובדים עם משכורות, בונוסים וימי מחלה.",1,LEAK,LEGAL_HR
הישיבה תתקיים בחדר הגדול בקומה השנייה.,0,NON_LEAK,LOW_RISK_CONTEXT
הועבר סיכום כללי של פגישת הנהלה ללא פרטים אישיים.,0,NON_LEAK,BORDERLINE_NON_LEAK
המערכת החדשה תושק ב28/10/2026 לפי הודעה רשמית שפורסמה לכלל העובדים.,0,NON_LEAK,BORDERLINE_NON_LEAK
הפרויקט עבר לשלב האינטגרציה ונדרשת בדיקת עומסים.,0,NON_LEAK,LOW_RISK_CONTEXT
שם הפרויקט הוא מבצע שקמה והוא יוצג בישיבת הנהלה.,0,NON_LEAK,BORDERLINE_NON_LEAK
הועבר קובץ עם תלונת משמעת פנימית נגד עמית אלקיים.,1,LEAK,LEGAL_HR
"מנהל המוצר ביקש לעדכן את הלו""ז ולשתף את הסטטוס.",0,NON_LEAK,LOW_RISK_CONTEXT
"הקובץ מציג רשימת עובדים עם משכורות, בונוסים וימי מחלה.",1,LEAK,LEGAL_HR
הצוות סיים את פיתוח מוצר הדס ועבר לשלב הבדיקות.,0,NON_LEAK,NON_SENSITIVE_GENERAL
הועבר סיכום כללי של תכנון רבעון ללא פרטים אישיים.,0,NON_LEAK,BORDERLINE_NON_LEAK
"במסמך האישור מופיעים אורן אברהם, תל אביב ומספר הזהות 847411538.",1,LEAK,MIXED_BORDERLINE
"פרטי החשבון של אלון מלכה: בנק דיסקונט, חשבון 3723810935.",1,LEAK,FINANCIAL
"הוכן דוח לקוח עבור אינטל, הכולל איש קשר בשם דוד כהן ומייל david.cohen@mail.com.",1,LEAK,MIXED_BORDERLINE
בכנס הטכנולוגיה הוצגו מגמות חדשות בתחום הבינה המלאכותית.,0,NON_LEAK,PUBLIC_INFO
מכבי שירותי בריאות פרסמה הודעה רשמית על הרחבת הפעילות באשדוד.,0,NON_LEAK,PUBLIC_INFO
לקראת הפגישה עם ניר ביטון הועבר גם מספר הטלפון האישי שלו: 0586465221.,1,LEAK,MIXED_BORDERLINE
מפתח ה-API של הסביבה הפנימית נשמר במסמך המצורף.,1,LEAK,AUTH_SECRET
"בדוח מופיעים פרטי חיוב של לקוחות, כולל מספרי חשבון וסכומים.",1,LEAK,FINANCIAL
"במסמך האישור מופיעים יואב לוי, אשדוד ומספר הזהות 497102118.",1,LEAK,MIXED_BORDERLINE
החברה הודיעה לציבור על פתיחת מרכז שירות חדש בראשון לציון.,0,NON_LEAK,PUBLIC_INFO
הישיבה תתקיים בחדר הגדול בקומה השנייה.,0,NON_LEAK,LOW_RISK_CONTEXT
מספר תעודת הזהות של הילה חדד הוא 185070007.,1,LEAK,PII_DIRECT
בכנס הטכנולוגיה הוצגו מגמות חדשות בתחום הבינה המלאכותית.,0,NON_LEAK,PUBLIC_INFO
כתובת המייל האישית של מיכל כהן היא michal.cohen@mail.com.,1,LEAK,PII_DIRECT
לקראת הפגישה עם אלון מלכה הועבר גם מספר הטלפון האישי שלו: 0574713234.,1,LEAK,MIXED_BORDERLINE
המערכת החדשה תושק ב9/10/2026 לפי הודעה רשמית שפורסמה לכלל העובדים.,0,NON_LEAK,BORDERLINE_NON_LEAK
הצוות סיים את פיתוח מודול ברק ועבר לשלב הבדיקות.,0,NON_LEAK,NON_SENSITIVE_GENERAL
הצוות סיים את פיתוח פרויקט נוגה ועבר לשלב הבדיקות.,0,NON_LEAK,NON_SENSITIVE_GENERAL
האתר הרשמי עודכן עם מסמכי ההדרכה החדשים למשתמשים.,0,NON_LEAK,PUBLIC_INFO
הישיבה תתקיים בחדר הגדול בקומה השנייה.,0,NON_LEAK,LOW_RISK_CONTEXT
המסמך כולל תאריך יעד של 22/9/2026 אך אינו מכיל פרטים אישיים.,0,NON_LEAK,BORDERLINE_NON_LEAK
אין להפיץ את תוצאות הבדיקה של נועם מזרחי שנערכו בשיבא.,1,LEAK,HEALTH
"הועבר תשלום בגובה 41,002 ש""ח מחשבון 9555567848 של דוד כהן.",1,LEAK,FINANCIAL
המצגת עודכנה וכוללת את סטטוס המשימות לשבוע הקרוב.,0,NON_LEAK,NON_SENSITIVE_GENERAL
אינטל פרסמה הודעה רשמית על הרחבת הפעילות בבאר שבע.,0,NON_LEAK,PUBLIC_INFO
הצוות סיים את פיתוח מערכת קשת ועבר לשלב הבדיקות.,0,NON_LEAK,NON_SENSITIVE_GENERAL
הסיסמה הזמנית לחשבון של יואב לוי היא Welcome2026!.,1,LEAK,AUTH_SECRET
הצוות דן בשיפור חוויית המשתמש של מודול ברק לקראת הרבעון הבא.,0,NON_LEAK,BORDERLINE_NON_LEAK
"בדוח מופיעים פרטי חיוב של לקוחות, כולל מספרי חשבון וסכומים.",1,LEAK,FINANCIAL
קוד האימות שנשלח לעידן דנינו הוא 483921.,1,LEAK,AUTH_SECRET
הישיבה תתקיים בחדר הגדול בקומה השנייה.,0,NON_LEAK,LOW_RISK_CONTEXT
"הכתובת של ליאור מלכה היא רחוב הזית 11, ראשון לציון.",1,LEAK,PII_DIRECT
המסמך כולל סיכום שימוע של דנה דנינו ופרטים אישיים רגישים.,1,LEAK,LEGAL_HR
מסמך זה כולל מידע פנימי על פרויקט דרור ואסור לשתף אותו מחוץ לארגון.,1,LEAK,CONFIDENTIAL_BUSINESS
שם הפרויקט הוא תוכנית רימון והוא יוצג בישיבת הנהלה.,0,NON_LEAK,BORDERLINE_NON_LEAK
הועבר קובץ עם תלונת משמעת פנימית נגד אורן אברהם.,1,LEAK,LEGAL_HR
קוד האימות שנשלח לאורן אברהם הוא 483921.,1,LEAK,AUTH_SECRET
מסמך זה כולל מידע פנימי על פרויקט דרור ואסור לשתף אותו מחוץ לארגון.,1,LEAK,CONFIDENTIAL_BUSINESS
הועבר קובץ עם תלונת משמעת פנימית נגד משה אוחנה.,1,LEAK,LEGAL_HR
קוד האימות שנשלח לנועם מזרחי הוא 483921.,1,LEAK,AUTH_SECRET
החברה הודיעה לציבור על פתיחת מרכז שירות חדש באשדוד.,0,NON_LEAK,PUBLIC_INFO
יש לשלוח את הקובץ המעודכן עד סוף היום.,0,NON_LEAK,LOW_RISK_CONTEXT
הישיבה תתקיים בחדר הגדול בקומה השנייה.,0,NON_LEAK,LOW_RISK_CONTEXT
המצגת עודכנה וכוללת את סטטוס המשימות לשבוע הקרוב.,0,NON_LEAK,NON_SENSITIVE_GENERAL
בדוח הפנימי מופיעים שמות לקוחות אסטרטגיים ותנאי התקשרות.,1,LEAK,CONFIDENTIAL_BUSINESS
המסמך כולל סיכום שימוע של יואב לוי ופרטים אישיים רגישים.,1,LEAK,LEGAL_HR
שם הפרויקט הוא מבצע שקמה והוא יוצג בישיבת הנהלה.,0,NON_LEAK,BORDERLINE_NON_LEAK
הפגישה עם מנהלת משאבי אנוש תתקיים ביום ראשון בבאר שבע.,0,NON_LEAK,NON_SENSITIVE_GENERAL
הועבר סיכום כללי של ישיבת צוות ללא פרטים אישיים.,0,NON_LEAK,BORDERLINE_NON_LEAK
הצוות מבקש להוסיף מסך התחברות חדש למערכת.,0,NON_LEAK,LOW_RISK_CONTEXT
יעל לוי עובד בחברת צ'ק פוינט בבאר שבע.,0,NON_LEAK,NON_SENSITIVE_GENERAL
סיכום הפגישה כולל גם את תאריך ההשקה 22/9/2026 וגם את פרטי הקשר של איתי פרץ.,1,LEAK,MIXED_BORDERLINE
מספר הטלפון של מאיה ביטון הוא 0570428531.,1,LEAK,PII_DIRECT
בפגישה עם חשב שכר סוכם כי שירות אביב יושק ב6/5/2026.,1,LEAK,CONFIDENTIAL_BUSINESS
הפגישה עם ראש צוות תתקיים ביום ראשון בבאר שבע.,0,NON_LEAK,NON_SENSITIVE_GENERAL
המסמך כולל תאריך יעד של 26/7/2026 אך אינו מכיל פרטים אישיים.,0,NON_LEAK,BORDERLINE_NON_LEAK
בדוח הרפואי של עידן דנינו מבית החולים אסותא מופיע טיפול רגיש.,1,LEAK,HEALTH
הצוות מבקש להוסיף מסך התחברות חדש למערכת.,0,NON_LEAK,LOW_RISK_CONTEXT
מפתח ה-API של הסביבה הפנימית נשמר במסמך המצורף.,1,LEAK,AUTH_SECRET
"המסמך מכיל מידע רפואי אישי על יעל לוי, כולל אבחנות ותרופות.",1,LEAK,HEALTH
המצגת עודכנה וכוללת את סטטוס המשימות לשבוע הקרוב.,0,NON_LEAK,NON_SENSITIVE_GENERAL
"הקובץ מציג רשימת עובדים עם משכורות, בונוסים וימי מחלה.",1,LEAK,LEGAL_HR
הצוות סיים את פיתוח גרסה 4.2 ועבר לשלב הבדיקות.,0,NON_LEAK,NON_SENSITIVE_GENERAL
מפתח ה-API של הסביבה הפנימית נשמר במסמך המצורף.,1,LEAK,AUTH_SECRET
הפרויקט עבר לשלב האינטגרציה ונדרשת בדיקת עומסים.,0,NON_LEAK,LOW_RISK_CONTEXT
קוד האימות שנשלח למאיה ביטון הוא 483921.,1,LEAK,AUTH_SECRET
יש לשלוח את הקובץ המעודכן עד סוף היום.,0,NON_LEAK,LOW_RISK_CONTEXT
בדוח משאבי האנוש מופיעים נתוני השכר של משה אוחנה.,1,LEAK,LEGAL_HR
הפגישה עם ראש צוות תתקיים ביום ראשון במודיעין.,0,NON_LEAK,NON_SENSITIVE_GENERAL
המצגת עודכנה וכוללת את סטטוס המשימות לשבוע הקרוב.,0,NON_LEAK,NON_SENSITIVE_GENERAL
תאריך ההשקה של מערכת קשת נקבע ל14/10/2026.,1,LEAK,CONFIDENTIAL_BUSINESS
הפגישה עם יועץ משפטי תתקיים ביום ראשון בתל אביב.,0,NON_LEAK,NON_SENSITIVE_GENERAL
החברה הודיעה לציבור על פתיחת מרכז שירות חדש ברעננה.,0,NON_LEAK,PUBLIC_INFO
יש לשלוח את הקובץ המעודכן עד סוף היום.,0,NON_LEAK,LOW_RISK_CONTEXT
קוד האימות שנשלח לדנה דנינו הוא 483921.,1,LEAK,AUTH_SECRET
גוגל ישראל פרסמה הודעה רשמית על הרחבת הפעילות באשדוד.,0,NON_LEAK,PUBLIC_INFO
המערכת החדשה תושק ב14/3/2026 לפי הודעה רשמית שפורסמה לכלל העובדים.,0,NON_LEAK,BORDERLINE_NON_LEAK
הצוות מבקש להוסיף מסך התחברות חדש למערכת.,0,NON_LEAK,LOW_RISK_CONTEXT
"פרטי הקשר של יעל לוי: טלפון 0528795849, מייל yael.levi@gmail.com.",1,LEAK,PII_DIRECT
"במסמך האישור מופיעים טל אוחנה, הרצליה ומספר הזהות 757017651.",1,LEAK,MIXED_BORDERLINE
מספר כרטיס האשראי של אורן אברהם הוא 6612967842172393.,1,LEAK,FINANCIAL
אלון מלכה עובד בחברת סלקום בהרצליה.,0,NON_LEAK,NON_SENSITIVE_GENERAL
רפאל פרסמה הודעה רשמית על הרחבת הפעילות בנתניה.,0,NON_LEAK,PUBLIC_INFO
המסמך כולל סיכום שימוע של טל אוחנה ופרטים אישיים רגישים.,1,LEAK,LEGAL_HR
"במסמך האישור מופיעים ניר ביטון, נתניה ומספר הזהות 663795382.",1,LEAK,MIXED_BORDERLINE
הועבר סיכום כללי של דיון שבועי ללא פרטים אישיים.,0,NON_LEAK,BORDERLINE_NON_LEAK
הצוות סיים את פיתוח שירות אביב ועבר לשלב הבדיקות.,0,NON_LEAK,NON_SENSITIVE_GENERAL
הצוות דן בשיפור חוויית המשתמש של שירות אביב לקראת הרבעון הבא.,0,NON_LEAK,BORDERLINE_NON_LEAK
מספר כרטיס האשראי של מיכל כהן הוא 2535631510431020.,1,LEAK,FINANCIAL
בדוח הרפואי של הילה חדד מבית החולים אסותא מופיע טיפול רגיש.,1,LEAK,HEALTH
"במסמך האישור מופיעים איתי פרץ, חיפה ומספר הזהות 971243875.",1,LEAK,MIXED_BORDERLINE
"הקובץ מציג רשימת עובדים עם משכורות, בונוסים וימי מחלה.",1,LEAK,LEGAL_HR
"נדרש לעדכן את פרטי הלקוח דנה דנינו, תעודת זהות 038365323, טלפון 0530182131.",1,LEAK,PII_DIRECT
הועבר קובץ עם תלונת משמעת פנימית נגד משה אוחנה.,1,LEAK,LEGAL_HR
שם הפרויקט הוא פרויקט דרור והוא יוצג בישיבת הנהלה.,0,NON_LEAK,BORDERLINE_NON_LEAK
מספר תעודת הזהות של משה אוחנה הוא 022585320.,1,LEAK,PII_DIRECT
הישיבה תתקיים בחדר הגדול בקומה השנייה.,0,NON_LEAK,LOW_RISK_CONTEXT
"הקובץ כולל פרטי גישה למערכת, כולל שם משתמש וסיסמה.",1,LEAK,AUTH_SECRET
יש לשלוח את הקובץ המעודכן עד סוף היום.,0,NON_LEAK,LOW_RISK_CONTEXT
"הוכן דוח לקוח עבור בזק, הכולל איש קשר בשם דוד כהן ומייל david.cohen@gmail.com.",1,LEAK,MIXED_BORDERLINE
"בדוח מופיעים פרטי חיוב של לקוחות, כולל מספרי חשבון וסכומים.",1,LEAK,FINANCIAL
החברה הודיעה לציבור על פתיחת מרכז שירות חדש בירושלים.,0,NON_LEAK,PUBLIC_INFO
"הכתובת של יואב לוי היא רחוב הרצל 12, תל אביב.",1,LEAK,PII_DIRECT
"הקובץ כולל פרטי גישה למערכת, כולל שם משתמש וסיסמה.",1,LEAK,AUTH_SECRET
בדוח הרפואי של ליאור מלכה מבית החולים אסותא מופיע טיפול רגיש.,1,LEAK,HEALTH
מפתח ה-API של הסביבה הפנימית נשמר במסמך המצורף.,1,LEAK,AUTH_SECRET
"במסמך האישור מופיעים שירה אברהם, תל אביב ומספר הזהות 536480287.",1,LEAK,MIXED_BORDERLINE
המסמך כולל תאריך יעד של 13/5/2026 אך אינו מכיל פרטים אישיים.,0,NON_LEAK,BORDERLINE_NON_LEAK
דנה דנינו עובד בחברת בנק הפועלים באשדוד.,0,NON_LEAK,NON_SENSITIVE_GENERAL
"הוכן דוח לקוח עבור בנק לאומי, הכולל איש קשר בשם מיכל כהן ומייל michal.cohen@company.co.il.",1,LEAK,MIXED_BORDERLINE
"הוכן דוח לקוח עבור צ'ק פוינט, הכולל איש קשר בשם איתי פרץ ומייל itay.peretz@gmail.com.",1,LEAK,MIXED_BORDERLINE
הקבוצה תיפגש מחר בבוקר לדיון על תכנון הרבעון הבא.,0,NON_LEAK,NON_SENSITIVE_GENERAL
בדוח הרפואי של דנה דנינו מבית החולים איכילוב מופיע טיפול רגיש.,1,LEAK,HEALTH
הישיבה תתקיים בחדר הגדול בקומה השנייה.,0,NON_LEAK,LOW_RISK_CONTEXT
האתר הרשמי עודכן עם מסמכי ההדרכה החדשים למשתמשים.,0,NON_LEAK,PUBLIC_INFO
אין להפיץ את תוצאות הבדיקה של נועה מזרחי שנערכו באיכילוב.,1,LEAK,HEALTH
קוד האימות שנשלח למשה אוחנה הוא 483921.,1,LEAK,AUTH_SECRET
המערכת החדשה תושק ב26/11/2026 לפי הודעה רשמית שפורסמה לכלל העובדים.,0,NON_LEAK,BORDERLINE_NON_LEAK
אין להפיץ את תוצאות הבדיקה של עמית אלקיים שנערכו בסורוקה.,1,LEAK,HEALTH
הצוות דן בשיפור חוויית המשתמש של פלטפורמת ארז לקראת הרבעון הבא.,0,NON_LEAK,BORDERLINE_NON_LEAK
"נא לא לשלוח החוצה את דוח הגבייה של יעל לוי עם סכום 40,232 ש""ח.",1,LEAK,FINANCIAL
"הועבר תשלום בגובה 7,018 ש""ח מחשבון 4240686830 של דוד כהן.",1,LEAK,FINANCIAL
הצוות דן בשיפור חוויית המשתמש של מודול ברק לקראת הרבעון הבא.,0,NON_LEAK,BORDERLINE_NON_LEAK
סיכום הפגישה כולל גם את תאריך ההשקה 3/5/2026 וגם את פרטי הקשר של רונית פרץ.,1,LEAK,MIXED_BORDERLINE
בזק פרסמה הודעה רשמית על הרחבת הפעילות בבאר שבע.,0,NON_LEAK,PUBLIC_INFO
המסמך כולל תאריך יעד של 4/10/2026 אך אינו מכיל פרטים אישיים.,0,NON_LEAK,BORDERLINE_NON_LEAK
יש לשלוח את הקובץ המעודכן עד סוף היום.,0,NON_LEAK,LOW_RISK_CONTEXT
לקראת הפגישה עם יעל לוי הועבר גם מספר הטלפון האישי שלו: 0580507179.,1,LEAK,MIXED_BORDERLINE
שם הפרויקט הוא פרויקט ברוש והוא יוצג בישיבת הנהלה.,0,NON_LEAK,BORDERLINE_NON_LEAK
אלביט פרסמה הודעה רשמית על הרחבת הפעילות בתל אביב.,0,NON_LEAK,PUBLIC_INFO
קוד האימות שנשלח לעידן דנינו הוא 483921.,1,LEAK,AUTH_SECRET
הפרויקט עבר לשלב האינטגרציה ונדרשת בדיקת עומסים.,0,NON_LEAK,LOW_RISK_CONTEXT
הפגישה עם מנהל פיתוח תתקיים ביום ראשון בתל אביב.,0,NON_LEAK,NON_SENSITIVE_GENERAL
"במסמך האישור מופיעים נועה מזרחי, רעננה ומספר הזהות 562642797.",1,LEAK,MIXED_BORDERLINE
החברה הודיעה לציבור על פתיחת מרכז שירות חדש בירושלים.,0,NON_LEAK,PUBLIC_INFO
הצוות דן בשיפור חוויית המשתמש של מערכת קשת לקראת הרבעון הבא.,0,NON_LEAK,BORDERLINE_NON_LEAK
החברה הודיעה לציבור על פתיחת מרכז שירות חדש בפתח תקווה.,0,NON_LEAK,PUBLIC_INFO
האתר הרשמי עודכן עם מסמכי ההדרכה החדשים למשתמשים.,0,NON_LEAK,PUBLIC_INFO
הסיסמה הזמנית לחשבון של שרון סעדה היא Welcome2026!.,1,LEAK,AUTH_SECRET
"נא לא לשלוח החוצה את דוח הגבייה של אלון מלכה עם סכום 7,329 ש""ח.",1,LEAK,FINANCIAL
החברה הודיעה לציבור על פתיחת מרכז שירות חדש ברעננה.,0,NON_LEAK,PUBLIC_INFO
תאריך ההשקה של פרויקט נוגה נקבע ל4/9/2026.,1,LEAK,CONFIDENTIAL_BUSINESS
דנה דנינו עובד בחברת בזק בירושלים.,0,NON_LEAK,NON_SENSITIVE_GENERAL
"פרטי הקשר של ליאור מלכה: טלפון 0589931399, מייל lior.malka@outlook.com.",1,LEAK,PII_DIRECT
המסמך כולל סיכום שימוע של דנה דנינו ופרטים אישיים רגישים.,1,LEAK,LEGAL_HR
דנה דנינו עובד בחברת מיקרוסופט במודיעין.,0,NON_LEAK,NON_SENSITIVE_GENERAL
אין להפיץ את תוצאות הבדיקה של רון חדד שנערכו בשיבא.,1,LEAK,HEALTH
"מנהל המוצר ביקש לעדכן את הלו""ז ולשתף את הסטטוס.",0,NON_LEAK,LOW_RISK_CONTEXT
החברה הודיעה לציבור על פתיחת מרכז שירות חדש בנתניה.,0,NON_LEAK,PUBLIC_INFO
בכנס הטכנולוגיה הוצגו מגמות חדשות בתחום הבינה המלאכותית.,0,NON_LEAK,PUBLIC_INFO
שם הפרויקט הוא גרסת אפריל והוא יוצג בישיבת הנהלה.,0,NON_LEAK,BORDERLINE_NON_LEAK
הצוות דן בשיפור חוויית המשתמש של פלטפורמת ארז לקראת הרבעון הבא.,0,NON_LEAK,BORDERLINE_NON_LEAK
המסמך כולל סיכום שימוע של רון חדד ופרטים אישיים רגישים.,1,LEAK,LEGAL_HR
בנק הפועלים פרסמה הודעה רשמית על הרחבת הפעילות בפתח תקווה.,0,NON_LEAK,PUBLIC_INFO
בדוח משאבי האנוש מופיעים נתוני השכר של נועם מזרחי.,1,LEAK,LEGAL_HR
מפתח ה-API של הסביבה הפנימית נשמר במסמך המצורף.,1,LEAK,AUTH_SECRET
"פרטי החשבון של מאיה ביטון: בנק בנק לאומי, חשבון 8370768642.",1,LEAK,FINANCIAL
אין להפיץ את תוצאות הבדיקה של איתי פרץ שנערכו בסורוקה.,1,LEAK,HEALTH
"פרטי הקשר של נועה מזרחי: טלפון 0568527233, מייל noa.mizrahi@outlook.com.",1,LEAK,PII_DIRECT
"נא לא לשלוח החוצה את דוח הגבייה של עידן דנינו עם סכום 35,039 ש""ח.",1,LEAK,FINANCIAL
המסמך כולל סיכום שימוע של נועה מזרחי ופרטים אישיים רגישים.,1,LEAK,LEGAL_HR
המסמך כולל תאריך יעד של 28/8/2026 אך אינו מכיל פרטים אישיים.,0,NON_LEAK,BORDERLINE_NON_LEAK
"מנהל המוצר ביקש לעדכן את הלו""ז ולשתף את הסטטוס.",0,NON_LEAK,LOW_RISK_CONTEXT
המערכת החדשה תושק ב17/5/2026 לפי הודעה רשמית שפורסמה לכלל העובדים.,0,NON_LEAK,BORDERLINE_NON_LEAK
שם הפרויקט הוא תוכנית רימון והוא יוצג בישיבת הנהלה.,0,NON_LEAK,BORDERLINE_NON_LEAK
"הקובץ כולל פרטי גישה למערכת, כולל שם משתמש וסיסמה.",1,LEAK,AUTH_SECRET
"הכתובת של ניר ביטון היא רחוב הזית 11, מודיעין.",1,LEAK,PII_DIRECT
התיק הרפואי של טל אוחנה מציין אבחנה של חרדה.,1,LEAK,HEALTH
צ'ק פוינט פרסמה הודעה רשמית על הרחבת הפעילות בפתח תקווה.,0,NON_LEAK,PUBLIC_INFO
"הוכן דוח לקוח עבור אינטל, הכולל איש קשר בשם שירה אברהם ומייל shira.avraham@mail.com.",1,LEAK,MIXED_BORDERLINE
"מנהל המוצר ביקש לעדכן את הלו""ז ולשתף את הסטטוס.",0,NON_LEAK,LOW_RISK_CONTEXT
יש לשלוח את הקובץ המעודכן עד סוף היום.,0,NON_LEAK,LOW_RISK_CONTEXT
הצוות דן בשיפור חוויית המשתמש של מודול ברק לקראת הרבעון הבא.,0,NON_LEAK,BORDERLINE_NON_LEAK
מיקרוסופט פרסמה הודעה רשמית על הרחבת הפעילות באשדוד.,0,NON_LEAK,PUBLIC_INFO
יש לשלוח את הקובץ המעודכן עד סוף היום.,0,NON_LEAK,LOW_RISK_CONTEXT
"המסמך מכיל מידע רפואי אישי על נועה מזרחי, כולל אבחנות ותרופות.",1,LEAK,HEALTH
אינטל פרסמה הודעה רשמית על הרחבת הפעילות במודיעין.,0,NON_LEAK,PUBLIC_INFO
אלון מלכה עובד בחברת בנק הפועלים בראשון לציון.,0,NON_LEAK,NON_SENSITIVE_GENERAL
אין להפיץ את תוצאות הבדיקה של שרון סעדה שנערכו באסותא.,1,LEAK,HEALTH
הועבר סיכום כללי של תכנון רבעון ללא פרטים אישיים.,0,NON_LEAK,BORDERLINE_NON_LEAK
התיק הרפואי של אורן אברהם מציין אבחנה של סוכרת.,1,LEAK,HEALTH
אלון מלכה עובד בחברת בזק באשדוד.,0,NON_LEAK,NON_SENSITIVE_GENERAL
שם הפרויקט הוא פרויקט דרור והוא יוצג בישיבת הנהלה.,0,NON_LEAK,BORDERLINE_NON_LEAK
המערכת החדשה תושק ב5/8/2026 לפי הודעה רשמית שפורסמה לכלל העובדים.,0,NON_LEAK,BORDERLINE_NON_LEAK
תאריך ההשקה של פרויקט נוגה נקבע ל22/11/2026.,1,LEAK,CONFIDENTIAL_BUSINESS
בדוח הפנימי מופיעים שמות לקוחות אסטרטגיים ותנאי התקשרות.,1,LEAK,CONFIDENTIAL_BUSINESS
הצעת המחיר הסופית ללקוח תישלח רק לאחר אישור מנהל פיתוח.,1,LEAK,CONFIDENTIAL_BUSINESS
נועה מזרחי עובד בחברת בזק בראשון לציון.,0,NON_LEAK,NON_SENSITIVE_GENERAL
"הוכן דוח לקוח עבור בזק, הכולל איש קשר בשם משה אוחנה ומייל moshe.ohana@mail.com.",1,LEAK,MIXED_BORDERLINE
"הקובץ מציג רשימת עובדים עם משכורות, בונוסים וימי מחלה.",1,LEAK,LEGAL_HR
דוד כהן עובד בחברת בנק הפועלים בחיפה.,0,NON_LEAK,NON_SENSITIVE_GENERAL
מספר כרטיס האשראי של דוד כהן הוא 8463926033867380.,1,LEAK,FINANCIAL
הפגישה עם מנהל פיתוח תתקיים ביום ראשון במודיעין.,0,NON_LEAK,NON_SENSITIVE_GENERAL
"פרטי החשבון של דוד כהן: בנק דיסקונט, חשבון 2355768521.",1,LEAK,FINANCIAL
מספר כרטיס האשראי של רון חדד הוא 0358529585723035.,1,LEAK,FINANCIAL
יש לשלוח את הקובץ המעודכן עד סוף היום.,0,NON_LEAK,LOW_RISK_CONTEXT
הצוות סיים את פיתוח שירות אביב ועבר לשלב הבדיקות.,0,NON_LEAK,NON_SENSITIVE_GENERAL
האתר הרשמי עודכן עם מסמכי ההדרכה החדשים למשתמשים.,0,NON_LEAK,PUBLIC_INFO
המערכת החדשה תושק ב7/7/2026 לפי הודעה רשמית שפורסמה לכלל העובדים.,0,NON_LEAK,BORDERLINE_NON_LEAK
אין להפיץ את תוצאות הבדיקה של מיכל כהן שנערכו באסותא.,1,LEAK,HEALTH
שם הפרויקט הוא תוכנית רימון והוא יוצג בישיבת הנהלה.,0,NON_LEAK,BORDERLINE_NON_LEAK
גוגל ישראל פרסמה הודעה רשמית על הרחבת הפעילות ברעננה.,0,NON_LEAK,PUBLIC_INFO
"מנהל המוצר ביקש לעדכן את הלו""ז ולשתף את הסטטוס.",0,NON_LEAK,LOW_RISK_CONTEXT
"הכתובת של דוד כהן היא רחוב רוטשילד 21, מודיעין.",1,LEAK,PII_DIRECT
הועבר סיכום כללי של פגישת הנהלה ללא פרטים אישיים.,0,NON_LEAK,BORDERLINE_NON_LEAK
הצוות דן בשיפור חוויית המשתמש של פרויקט נוגה לקראת הרבעון הבא.,0,NON_LEAK,BORDERLINE_NON_LEAK
קוד האימות שנשלח לדוד כהן הוא 483921.,1,LEAK,AUTH_SECRET
המצגת עודכנה וכוללת את סטטוס המשימות לשבוע הקרוב.,0,NON_LEAK,NON_SENSITIVE_GENERAL
החברה הודיעה לציבור על פתיחת מרכז שירות חדש בחיפה.,0,NON_LEAK,PUBLIC_INFO
מפתח ה-API של הסביבה הפנימית נשמר במסמך המצורף.,1,LEAK,AUTH_SECRET
מפתח ה-API של הסביבה הפנימית נשמר במסמך המצורף.,1,LEAK,AUTH_SECRET
אין להפיץ את תוצאות הבדיקה של שרון סעדה שנערכו בשיבא.,1,LEAK,HEALTH
החברה הודיעה לציבור על פתיחת מרכז שירות חדש בחיפה.,0,NON_LEAK,PUBLIC_INFO
כתובת המייל האישית של איתי פרץ היא itay.peretz@mail.com.,1,LEAK,PII_DIRECT
יש לשלוח את הקובץ המעודכן עד סוף היום.,0,NON_LEAK,LOW_RISK_CONTEXT
הקבוצה תיפגש מחר בבוקר לדיון על תכנון הרבעון הבא.,0,NON_LEAK,NON_SENSITIVE_GENERAL
הישיבה תתקיים בחדר הגדול בקומה השנייה.,0,NON_LEAK,LOW_RISK_CONTEXT
"הקובץ מציג רשימת עובדים עם משכורות, בונוסים וימי מחלה.",1,LEAK,LEGAL_HR
המצגת עודכנה וכוללת את סטטוס המשימות לשבוע הקרוב.,0,NON_LEAK,NON_SENSITIVE_GENERAL
"הועבר תשלום בגובה 2,091 ש""ח מחשבון 4010192397 של עמית אלקיים.",1,LEAK,FINANCIAL
קוד האימות שנשלח לרונית פרץ הוא 483921.,1,LEAK,AUTH_SECRET
"הועבר תשלום בגובה 11,299 ש""ח מחשבון 4756252471 של אורן אברהם.",1,LEAK,FINANCIAL
הפרויקט עבר לשלב האינטגרציה ונדרשת בדיקת עומסים.,0,NON_LEAK,LOW_RISK_CONTEXT
"הקובץ מציג רשימת עובדים עם משכורות, בונוסים וימי מחלה.",1,LEAK,LEGAL_HR
המסמך כולל סיכום שימוע של דוד כהן ופרטים אישיים רגישים.,1,LEAK,LEGAL_HR
הצוות מבקש להוסיף מסך התחברות חדש למערכת.,0,NON_LEAK,LOW_RISK_CONTEXT
המערכת החדשה תושק ב12/3/2026 לפי הודעה רשמית שפורסמה לכלל העובדים.,0,NON_LEAK,BORDERLINE_NON_LEAK
"הקובץ מציג רשימת עובדים עם משכורות, בונוסים וימי מחלה.",1,LEAK,LEGAL_HR
הצוות מבקש להוסיף מסך התחברות חדש למערכת.,0,NON_LEAK,LOW_RISK_CONTEXT
המסמך כולל תאריך יעד של 16/4/2026 אך אינו מכיל פרטים אישיים.,0,NON_LEAK,BORDERLINE_NON_LEAK
אלביט פרסמה הודעה רשמית על הרחבת הפעילות בהרצליה.,0,NON_LEAK,PUBLIC_INFO
מסמך זה כולל מידע פנימי על גרסת אפריל ואסור לשתף אותו מחוץ לארגון.,1,LEAK,CONFIDENTIAL_BUSINESS
"מנהל המוצר ביקש לעדכן את הלו""ז ולשתף את הסטטוס.",0,NON_LEAK,LOW_RISK_CONTEXT
בפגישה עם מנהל מוצר סוכם כי מוצר הדס יושק ב18/8/2026.,1,LEAK,CONFIDENTIAL_BUSINESS
שם הפרויקט הוא פרויקט דרור והוא יוצג בישיבת הנהלה.,0,NON_LEAK,BORDERLINE_NON_LEAK
בדוח משאבי האנוש מופיעים נתוני השכר של רונית פרץ.,1,LEAK,LEGAL_HR
הצוות מבקש להוסיף מסך התחברות חדש למערכת.,0,NON_LEAK,LOW_RISK_CONTEXT
מספר תעודת הזהות של מאיה ביטון הוא 998114931.,1,LEAK,PII_DIRECT
הועבר קובץ עם תלונת משמעת פנימית נגד שרון סעדה.,1,LEAK,LEGAL_HR
הצוות סיים את פיתוח פרויקט נוגה ועבר לשלב הבדיקות.,0,NON_LEAK,NON_SENSITIVE_GENERAL
הפגישה עם חשב שכר תתקיים ביום ראשון בבאר שבע.,0,NON_LEAK,NON_SENSITIVE_GENERAL
מסמך זה כולל מידע פנימי על מבצע שקמה ואסור לשתף אותו מחוץ לארגון.,1,LEAK,CONFIDENTIAL_BUSINESS
הסיסמה הזמנית לחשבון של שירה אברהם היא Welcome2026!.,1,LEAK,AUTH_SECRET
בדוח הפנימי מופיעים שמות לקוחות אסטרטגיים ותנאי התקשרות.,1,LEAK,CONFIDENTIAL_BUSINESS
מיכל כהן עובד בחברת קופת חולים כללית בפתח תקווה.,0,NON_LEAK,NON_SENSITIVE_GENERAL
התיק הרפואי של הילה חדד מציין אבחנה של דלקת ריאות.,1,LEAK,HEALTH
הפרויקט עבר לשלב האינטגרציה ונדרשת בדיקת עומסים.,0,NON_LEAK,LOW_RISK_CONTEXT
"הקובץ מציג רשימת עובדים עם משכורות, בונוסים וימי מחלה.",1,LEAK,LEGAL_HR
מפתח ה-API של הסביבה הפנימית נשמר במסמך המצורף.,1,LEAK,AUTH_SECRET
הצוות דן בשיפור חוויית המשתמש של פלטפורמת ארז לקראת הרבעון הבא.,0,NON_LEAK,BORDERLINE_NON_LEAK
הקבוצה תיפגש מחר בבוקר לדיון על תכנון הרבעון הבא.,0,NON_LEAK,NON_SENSITIVE_GENERAL
הסיסמה הזמנית לחשבון של שרון סעדה היא Welcome2026!.,1,LEAK,AUTH_SECRET
הצוות דן בשיפור חוויית המשתמש של גרסה 4.2 לקראת הרבעון הבא.,0,NON_LEAK,BORDERLINE_NON_LEAK
"הוכן דוח לקוח עבור בנק הפועלים, הכולל איש קשר בשם ליאור מלכה ומייל lior.malka@outlook.com.",1,LEAK,MIXED_BORDERLINE
הפגישה עם אנליסטית תתקיים ביום ראשון באשדוד.,0,NON_LEAK,NON_SENSITIVE_GENERAL
הפרויקט עבר לשלב האינטגרציה ונדרשת בדיקת עומסים.,0,NON_LEAK,LOW_RISK_CONTEXT
"הצעת המחיר הסופית ללקוח תישלח רק לאחר אישור מנכ""ל.",1,LEAK,CONFIDENTIAL_BUSINESS
הצוות מבקש להוסיף מסך התחברות חדש למערכת.,0,NON_LEAK,LOW_RISK_CONTEXT
"הקובץ מציג רשימת עובדים עם משכורות, בונוסים וימי מחלה.",1,LEAK,LEGAL_HR
בדוח משאבי האנוש מופיעים נתוני השכר של נועה מזרחי.,1,LEAK,LEGAL_HR
החברה הודיעה לציבור על פתיחת מרכז שירות חדש בתל אביב.,0,NON_LEAK,PUBLIC_INFO
Amdocs פרסמה הודעה רשמית על הרחבת הפעילות בפתח תקווה.,0,NON_LEAK,PUBLIC_INFO
"המסמך מכיל מידע רפואי אישי על שירה אברהם, כולל אבחנות ותרופות.",1,LEAK,HEALTH
קוד האימות שנשלח לליאור מלכה הוא 483921.,1,LEAK,AUTH_SECRET
הישיבה תתקיים בחדר הגדול בקומה השנייה.,0,NON_LEAK,LOW_RISK_CONTEXT
"במסמך האישור מופיעים מיכל כהן, מודיעין ומספר הזהות 891991875.",1,LEAK,MIXED_BORDERLINE
מספר תעודת הזהות של ניר ביטון הוא 663481167.,1,LEAK,PII_DIRECT
שם הפרויקט הוא גרסת אפריל והוא יוצג בישיבת הנהלה.,0,NON_LEAK,BORDERLINE_NON_LEAK
מפתח ה-API של הסביבה הפנימית נשמר במסמך המצורף.,1,LEAK,AUTH_SECRET
Amdocs פרסמה הודעה רשמית על הרחבת הפעילות בפתח תקווה.,0,NON_LEAK,PUBLIC_INFO
"הועבר תשלום בגובה 19,886 ש""ח מחשבון 8360189293 של ליאור מלכה.",1,LEAK,FINANCIAL
סיכום הפגישה כולל גם את תאריך ההשקה 5/6/2026 וגם את פרטי הקשר של ליאור מלכה.,1,LEAK,MIXED_BORDERLINE
"המסמך מכיל מידע רפואי אישי על רונית פרץ, כולל אבחנות ותרופות.",1,LEAK,HEALTH
מסמך זה כולל מידע פנימי על פרויקט ברוש ואסור לשתף אותו מחוץ לארגון.,1,LEAK,CONFIDENTIAL_BUSINESS
התיק הרפואי של נועם מזרחי מציין אבחנה של אלרגיה חריפה.,1,LEAK,HEALTH
החברה הודיעה לציבור על פתיחת מרכז שירות חדש במודיעין.,0,NON_LEAK,PUBLIC_INFO
הקבוצה תיפגש מחר בבוקר לדיון על תכנון הרבעון הבא.,0,NON_LEAK,NON_SENSITIVE_GENERAL
הישיבה תתקיים בחדר הגדול בקומה השנייה.,0,NON_LEAK,LOW_RISK_CONTEXT
"פרטי הקשר של יואב לוי: טלפון 0589755199, מייל yoav.levi@org.co.il.",1,LEAK,PII_DIRECT
האתר הרשמי עודכן עם מסמכי ההדרכה החדשים למשתמשים.,0,NON_LEAK,PUBLIC_INFO
הקבוצה תיפגש מחר בבוקר לדיון על תכנון הרבעון הבא.,0,NON_LEAK,NON_SENSITIVE_GENERAL
הועבר קובץ עם תלונת משמעת פנימית נגד איתי פרץ.,1,LEAK,LEGAL_HR
"המסמך מכיל מידע רפואי אישי על אורן אברהם, כולל אבחנות ותרופות.",1,LEAK,HEALTH
לקראת הפגישה עם שרון סעדה הועבר גם מספר הטלפון האישי שלו: 0550426945.,1,LEAK,MIXED_BORDERLINE
יש לשלוח את הקובץ המעודכן עד סוף היום.,0,NON_LEAK,LOW_RISK_CONTEXT
הצוות מבקש להוסיף מסך התחברות חדש למערכת.,0,NON_LEAK,LOW_RISK_CONTEXT
הסיסמה הזמנית לחשבון של רונית פרץ היא Welcome2026!.,1,LEAK,AUTH_SECRET
הפרויקט עבר לשלב האינטגרציה ונדרשת בדיקת עומסים.,0,NON_LEAK,LOW_RISK_CONTEXT
האתר הרשמי עודכן עם מסמכי ההדרכה החדשים למשתמשים.,0,NON_LEAK,PUBLIC_INFO
החברה הודיעה לציבור על פתיחת מרכז שירות חדש בתל אביב.,0,NON_LEAK,PUBLIC_INFO
הצוות סיים את פיתוח פרויקט נוגה ועבר לשלב הבדיקות.,0,NON_LEAK,NON_SENSITIVE_GENERAL
הסיסמה הזמנית לחשבון של עמית אלקיים היא Welcome2026!.,1,LEAK,AUTH_SECRET
"נדרש לעדכן את פרטי הלקוח יואב לוי, תעודת זהות 703920464, טלפון 0537516083.",1,LEAK,PII_DIRECT
אין להפיץ את תוצאות הבדיקה של נועם מזרחי שנערכו באיכילוב.,1,LEAK,HEALTH
הועבר סיכום כללי של דיון שבועי ללא פרטים אישיים.,0,NON_LEAK,BORDERLINE_NON_LEAK
"פרטי הקשר של יעל לוי: טלפון 0540144601, מייל yael.levi@org.co.il.",1,LEAK,PII_DIRECT
"במסמך האישור מופיעים ליאור מלכה, הרצליה ומספר הזהות 226314907.",1,LEAK,MIXED_BORDERLINE
"פרטי הקשר של רונית פרץ: טלפון 0512175907, מייל ronit.peretz@example.co.il.",1,LEAK,PII_DIRECT
המערכת החדשה תושק ב20/2/2026 לפי הודעה רשמית שפורסמה לכלל העובדים.,0,NON_LEAK,BORDERLINE_NON_LEAK
הישיבה תתקיים בחדר הגדול בקומה השנייה.,0,NON_LEAK,LOW_RISK_CONTEXT
בדוח משאבי האנוש מופיעים נתוני השכר של דנה דנינו.,1,LEAK,LEGAL_HR
קוד האימות שנשלח להילה חדד הוא 483921.,1,LEAK,AUTH_SECRET
האתר הרשמי עודכן עם מסמכי ההדרכה החדשים למשתמשים.,0,NON_LEAK,PUBLIC_INFO
הועבר קובץ עם תלונת משמעת פנימית נגד דוד כהן.,1,LEAK,LEGAL_HR
"הכתובת של עמית אלקיים היא רחוב הרצל 12, נתניה.",1,LEAK,PII_DIRECT
"המסמך מכיל מידע רפואי אישי על נועה מזרחי, כולל אבחנות ותרופות.",1,LEAK,HEALTH
מספר תעודת הזהות של יואב לוי הוא 762454068.,1,LEAK,PII_DIRECT
קופת חולים כללית פרסמה הודעה רשמית על הרחבת הפעילות בתל אביב.,0,NON_LEAK,PUBLIC_INFO
בכנס הטכנולוגיה הוצגו מגמות חדשות בתחום הבינה המלאכותית.,0,NON_LEAK,PUBLIC_INFO
המצגת עודכנה וכוללת את סטטוס המשימות לשבוע הקרוב.,0,NON_LEAK,NON_SENSITIVE_GENERAL
"הקובץ מציג רשימת עובדים עם משכורות, בונוסים וימי מחלה.",1,LEAK,LEGAL_HR
הצוות דן בשיפור חוויית המשתמש של מוצר הדס לקראת הרבעון הבא.,0,NON_LEAK,BORDERLINE_NON_LEAK
החברה הודיעה לציבור על פתיחת מרכז שירות חדש בתל אביב.,0,NON_LEAK,PUBLIC_INFO
שם הפרויקט הוא מבצע שקמה והוא יוצג בישיבת הנהלה.,0,NON_LEAK,BORDERLINE_NON_LEAK
התיק הרפואי של דוד כהן מציין אבחנה של סוכרת.,1,LEAK,HEALTH
המסמך מסווג פנימי וכולל את תוכנית ההשקה של גרסה 4.2.,1,LEAK,CONFIDENTIAL_BUSINESS
"במסמך האישור מופיעים משה אוחנה, תל אביב ומספר הזהות 593370828.",1,LEAK,MIXED_BORDERLINE
קוד האימות שנשלח ליואב לוי הוא 483921.,1,LEAK,AUTH_SECRET
מספר כרטיס האשראי של ליאור מלכה הוא 5443711862265710.,1,LEAK,FINANCIAL
המסמך כולל תאריך יעד של 24/12/2026 אך אינו מכיל פרטים אישיים.,0,NON_LEAK,BORDERLINE_NON_LEAK
"הכתובת של ניר ביטון היא רחוב ביאליק 7, נתניה.",1,LEAK,PII_DIRECT
המסמך מסווג פנימי וכולל את תוכנית ההשקה של גרסה 4.2.,1,LEAK,CONFIDENTIAL_BUSINESS
"המסמך מכיל מידע רפואי אישי על מאיה ביטון, כולל אבחנות ותרופות.",1,LEAK,HEALTH
"הקובץ כולל פרטי גישה למערכת, כולל שם משתמש וסיסמה.",1,LEAK,AUTH_SECRET
הצוות דן בשיפור חוויית המשתמש של פלטפורמת ארז לקראת הרבעון הבא.,0,NON_LEAK,BORDERLINE_NON_LEAK
הקבוצה תיפגש מחר בבוקר לדיון על תכנון הרבעון הבא.,0,NON_LEAK,NON_SENSITIVE_GENERAL
הצוות דן בשיפור חוויית המשתמש של מערכת קשת לקראת הרבעון הבא.,0,NON_LEAK,BORDERLINE_NON_LEAK
האתר הרשמי עודכן עם מסמכי ההדרכה החדשים למשתמשים.,0,NON_LEAK,PUBLIC_INFO
"הוכן דוח לקוח עבור בזק, הכולל איש קשר בשם רון חדד ומייל ron.hadad@mail.com.",1,LEAK,MIXED_BORDERLINE
הצוות דן בשיפור חוויית המשתמש של פרויקט נוגה לקראת הרבעון הבא.,0,NON_LEAK,BORDERLINE_NON_LEAK
יש לשלוח את הקובץ המעודכן עד סוף היום.,0,NON_LEAK,LOW_RISK_CONTEXT
"מנהל המוצר ביקש לעדכן את הלו""ז ולשתף את הסטטוס.",0,NON_LEAK,LOW_RISK_CONTEXT
הצוות סיים את פיתוח מנוע זית ועבר לשלב הבדיקות.,0,NON_LEAK,NON_SENSITIVE_GENERAL
הועבר קובץ עם תלונת משמעת פנימית נגד רון חדד.,1,LEAK,LEGAL_HR
סיכום הפגישה כולל גם את תאריך ההשקה 12/3/2026 וגם את פרטי הקשר של שירה אברהם.,1,LEAK,MIXED_BORDERLINE
"אין להפיץ את תוצאות הבדיקה של טל אוחנה שנערכו ברמב""ם.",1,LEAK,HEALTH
הצוות מבקש להוסיף מסך התחברות חדש למערכת.,0,NON_LEAK,LOW_RISK_CONTEXT
האתר הרשמי עודכן עם מסמכי ההדרכה החדשים למשתמשים.,0,NON_LEAK,PUBLIC_INFO
אין להפיץ את תוצאות הבדיקה של שרון סעדה שנערכו באסותא.,1,LEAK,HEALTH
בדוח הרפואי של יואב לוי מבית החולים שיבא מופיע טיפול רגיש.,1,LEAK,HEALTH
החברה הודיעה לציבור על פתיחת מרכז שירות חדש בראשון לציון.,0,NON_LEAK,PUBLIC_INFO
"הקובץ כולל פרטי גישה למערכת, כולל שם משתמש וסיסמה.",1,LEAK,AUTH_SECRET
הועבר סיכום כללי של פגישת הנהלה ללא פרטים אישיים.,0,NON_LEAK,BORDERLINE_NON_LEAK
בפגישה עם מנהלת משאבי אנוש סוכם כי שירות אביב יושק ב25/3/2026.,1,LEAK,CONFIDENTIAL_BUSINESS
הישיבה תתקיים בחדר הגדול בקומה השנייה.,0,NON_LEAK,LOW_RISK_CONTEXT
הקבוצה תיפגש מחר בבוקר לדיון על תכנון הרבעון הבא.,0,NON_LEAK,NON_SENSITIVE_GENERAL
תאריך ההשקה של מערכת קשת נקבע ל4/6/2026.,1,LEAK,CONFIDENTIAL_BUSINESS
גוגל ישראל פרסמה הודעה רשמית על הרחבת הפעילות בבאר שבע.,0,NON_LEAK,PUBLIC_INFO
בדוח הפנימי מופיעים שמות לקוחות אסטרטגיים ותנאי התקשרות.,1,LEAK,CONFIDENTIAL_BUSINESS
הועבר סיכום כללי של עדכון סטטוס ללא פרטים אישיים.,0,NON_LEAK,BORDERLINE_NON_LEAK
הסיסמה הזמנית לחשבון של עמית אלקיים היא Welcome2026!.,1,LEAK,AUTH_SECRET
הצוות דן בשיפור חוויית המשתמש של פרויקט נוגה לקראת הרבעון הבא.,0,NON_LEAK,BORDERLINE_NON_LEAK
הועבר קובץ עם תלונת משמעת פנימית נגד רון חדד.,1,LEAK,LEGAL_HR
יש לשלוח את הקובץ המעודכן עד סוף היום.,0,NON_LEAK,LOW_RISK_CONTEXT
בדוח משאבי האנוש מופיעים נתוני השכר של ליאור מלכה.,1,LEAK,LEGAL_HR
"נדרש לעדכן את פרטי הלקוח עידן דנינו, תעודת זהות 354043922, טלפון 0514331515.",1,LEAK,PII_DIRECT
הועבר סיכום כללי של דיון שבועי ללא פרטים אישיים.,0,NON_LEAK,BORDERLINE_NON_LEAK
האתר הרשמי עודכן עם מסמכי ההדרכה החדשים למשתמשים.,0,NON_LEAK,PUBLIC_INFO
הועבר סיכום כללי של סקר שביעות רצון ללא פרטים אישיים.,0,NON_LEAK,BORDERLINE_NON_LEAK
בפגישה עם מנהל אבטחת מידע סוכם כי מערכת קשת יושק ב11/3/2026.,1,LEAK,CONFIDENTIAL_BUSINESS
הצוות סיים את פיתוח מודול ברק ועבר לשלב הבדיקות.,0,NON_LEAK,NON_SENSITIVE_GENERAL
"הכתובת של עידן דנינו היא רחוב ביאליק 7, מודיעין.",1,LEAK,PII_DIRECT
הצוות סיים את פיתוח מוצר אופק ועבר לשלב הבדיקות.,0,NON_LEAK,NON_SENSITIVE_GENERAL
האתר הרשמי עודכן עם מסמכי ההדרכה החדשים למשתמשים.,0,NON_LEAK,PUBLIC_INFO
המסמך כולל סיכום שימוע של מאיה ביטון ופרטים אישיים רגישים.,1,LEAK,LEGAL_HR
"הקובץ כולל פרטי גישה למערכת, כולל שם משתמש וסיסמה.",1,LEAK,AUTH_SECRET
"הכתובת של רונית פרץ היא רחוב ביאליק 7, נתניה.",1,LEAK,PII_DIRECT
הצעת המחיר הסופית ללקוח תישלח רק לאחר אישור מנהל מוצר.,1,LEAK,CONFIDENTIAL_BUSINESS
בדוח הרפואי של טל אוחנה מבית החולים סורוקה מופיע טיפול רגיש.,1,LEAK,HEALTH
"הוכן דוח לקוח עבור אינטל, הכולל איש קשר בשם אלון מלכה ומייל alon.malka@org.co.il.",1,LEAK,MIXED_BORDERLINE
"הועבר תשלום בגובה 7,828 ש""ח מחשבון 7274607837 של יעל לוי.",1,LEAK,FINANCIAL
לקראת הפגישה עם מאיה ביטון הועבר גם מספר הטלפון האישי שלו: 0575753102.,1,LEAK,MIXED_BORDERLINE
המסמך כולל תאריך יעד של 15/5/2026 אך אינו מכיל פרטים אישיים.,0,NON_LEAK,BORDERLINE_NON_LEAK
סיכום הפגישה כולל גם את תאריך ההשקה 16/12/2026 וגם את פרטי הקשר של ליאור מלכה.,1,LEAK,MIXED_BORDERLINE
שם הפרויקט הוא מבצע שקמה והוא יוצג בישיבת הנהלה.,0,NON_LEAK,BORDERLINE_NON_LEAK
הסיסמה הזמנית לחשבון של יעל לוי היא Welcome2026!.,1,LEAK,AUTH_SECRET
האתר הרשמי עודכן עם מסמכי ההדרכה החדשים למשתמשים.,0,NON_LEAK,PUBLIC_INFO
הסיסמה הזמנית לחשבון של שרון סעדה היא Welcome2026!.,1,LEAK,AUTH_SECRET
בפגישה עם מנהלת משאבי אנוש סוכם כי מנוע זית יושק ב20/5/2026.,1,LEAK,CONFIDENTIAL_BUSINESS
האתר הרשמי עודכן עם מסמכי ההדרכה החדשים למשתמשים.,0,NON_LEAK,PUBLIC_INFO
הקבוצה תיפגש מחר בבוקר לדיון על תכנון הרבעון הבא.,0,NON_LEAK,NON_SENSITIVE_GENERAL
קוד האימות שנשלח למשה אוחנה הוא 483921.,1,LEAK,AUTH_SECRET
הסיסמה הזמנית לחשבון של איתי פרץ היא Welcome2026!.,1,LEAK,AUTH_SECRET
"הפגישה עם סמנכ""לית כספים תתקיים ביום ראשון ברעננה.",0,NON_LEAK,NON_SENSITIVE_GENERAL
המצגת עודכנה וכוללת את סטטוס המשימות לשבוע הקרוב.,0,NON_LEAK,NON_SENSITIVE_GENERAL
תאריך ההשקה של מערכת קשת נקבע ל17/12/2026.,1,LEAK,CONFIDENTIAL_BUSINESS
"הקובץ כולל פרטי גישה למערכת, כולל שם משתמש וסיסמה.",1,LEAK,AUTH_SECRET
בכנס הטכנולוגיה הוצגו מגמות חדשות בתחום הבינה המלאכותית.,0,NON_LEAK,PUBLIC_INFO
הועבר קובץ עם תלונת משמעת פנימית נגד שרון סעדה.,1,LEAK,LEGAL_HR
סיכום הפגישה כולל גם את תאריך ההשקה 7/1/2026 וגם את פרטי הקשר של אורן אברהם.,1,LEAK,MIXED_BORDERLINE
הפרויקט עבר לשלב האינטגרציה ונדרשת בדיקת עומסים.,0,NON_LEAK,LOW_RISK_CONTEXT
קוד האימות שנשלח לנועם מזרחי הוא 483921.,1,LEAK,AUTH_SECRET
"הוכן דוח לקוח עבור קופת חולים כללית, הכולל איש קשר בשם יואב לוי ומייל yoav.levi@company.co.il.",1,LEAK,MIXED_BORDERLINE
הצוות מבקש להוסיף מסך התחברות חדש למערכת.,0,NON_LEAK,LOW_RISK_CONTEXT
אלון מלכה עובד בחברת רפאל בירושלים.,0,NON_LEAK,NON_SENSITIVE_GENERAL
הצעת המחיר הסופית ללקוח תישלח רק לאחר אישור מנהל מוצר.,1,LEAK,CONFIDENTIAL_BUSINESS
האתר הרשמי עודכן עם מסמכי ההדרכה החדשים למשתמשים.,0,NON_LEAK,PUBLIC_INFO
הקבוצה תיפגש מחר בבוקר לדיון על תכנון הרבעון הבא.,0,NON_LEAK,NON_SENSITIVE_GENERAL
הקבוצה תיפגש מחר בבוקר לדיון על תכנון הרבעון הבא.,0,NON_LEAK,NON_SENSITIVE_GENERAL
"הקובץ כולל פרטי גישה למערכת, כולל שם משתמש וסיסמה.",1,LEAK,AUTH_SECRET
המערכת החדשה תושק ב28/10/2026 לפי הודעה רשמית שפורסמה לכלל העובדים.,0,NON_LEAK,BORDERLINE_NON_LEAK
"הקובץ כולל פרטי גישה למערכת, כולל שם משתמש וסיסמה.",1,LEAK,AUTH_SECRET
מספר הטלפון של רונית פרץ הוא 0564167199.,1,LEAK,PII_DIRECT
הישיבה תתקיים בחדר הגדול בקומה השנייה.,0,NON_LEAK,LOW_RISK_CONTEXT
"הועבר תשלום בגובה 17,684 ש""ח מחשבון 8198865059 של דנה דנינו.",1,LEAK,FINANCIAL
המסמך כולל תאריך יעד של 10/10/2026 אך אינו מכיל פרטים אישיים.,0,NON_LEAK,BORDERLINE_NON_LEAK
שם הפרויקט הוא תוכנית רימון והוא יוצג בישיבת הנהלה.,0,NON_LEAK,BORDERLINE_NON_LEAK
הצוות דן בשיפור חוויית המשתמש של מוצר הדס לקראת הרבעון הבא.,0,NON_LEAK,BORDERLINE_NON_LEAK
הקבוצה תיפגש מחר בבוקר לדיון על תכנון הרבעון הבא.,0,NON_LEAK,NON_SENSITIVE_GENERAL
התיק הרפואי של רונית פרץ מציין אבחנה של דיכאון.,1,LEAK,HEALTH
קוד האימות שנשלח לעמית אלקיים הוא 483921.,1,LEAK,AUTH_SECRET
הפרויקט עבר לשלב האינטגרציה ונדרשת בדיקת עומסים.,0,NON_LEAK,LOW_RISK_CONTEXT
אין להפיץ את תוצאות הבדיקה של עמית אלקיים שנערכו באסותא.,1,LEAK,HEALTH
הפגישה עם יועץ משפטי תתקיים ביום ראשון בנתניה.,0,NON_LEAK,NON_SENSITIVE_GENERAL
בכנס הטכנולוגיה הוצגו מגמות חדשות בתחום הבינה המלאכותית.,0,NON_LEAK,PUBLIC_INFO
המסמך כולל תאריך יעד של 3/7/2026 אך אינו מכיל פרטים אישיים.,0,NON_LEAK,BORDERLINE_NON_LEAK
המסמך כולל תאריך יעד של 11/10/2026 אך אינו מכיל פרטים אישיים.,0,NON_LEAK,BORDERLINE_NON_LEAK
לקראת הפגישה עם משה אוחנה הועבר גם מספר הטלפון האישי שלו: 0595684824.,1,LEAK,MIXED_BORDERLINE
מפתח ה-API של הסביבה הפנימית נשמר במסמך המצורף.,1,LEAK,AUTH_SECRET
המסמך כולל תאריך יעד של 5/8/2026 אך אינו מכיל פרטים אישיים.,0,NON_LEAK,BORDERLINE_NON_LEAK
סלקום פרסמה הודעה רשמית על הרחבת הפעילות בהרצליה.,0,NON_LEAK,PUBLIC_INFO
הועבר סיכום כללי של פגישת הנהלה ללא פרטים אישיים.,0,NON_LEAK,BORDERLINE_NON_LEAK
המצגת עודכנה וכוללת את סטטוס המשימות לשבוע הקרוב.,0,NON_LEAK,NON_SENSITIVE_GENERAL
בכנס הטכנולוגיה הוצגו מגמות חדשות בתחום הבינה המלאכותית.,0,NON_LEAK,PUBLIC_INFO
הפגישה עם יועץ משפטי תתקיים ביום ראשון בחיפה.,0,NON_LEAK,NON_SENSITIVE_GENERAL
לקראת הפגישה עם עידן דנינו הועבר גם מספר הטלפון האישי שלו: 0507071105.,1,LEAK,MIXED_BORDERLINE
הצוות מבקש להוסיף מסך התחברות חדש למערכת.,0,NON_LEAK,LOW_RISK_CONTEXT
האתר הרשמי עודכן עם מסמכי ההדרכה החדשים למשתמשים.,0,NON_LEAK,PUBLIC_INFO
התיק הרפואי של עמית אלקיים מציין אבחנה של לחץ דם גבוה.,1,LEAK,HEALTH
"הועבר תשלום בגובה 5,558 ש""ח מחשבון 1743263775 של אלון מלכה.",1,LEAK,FINANCIAL
האתר הרשמי עודכן עם מסמכי ההדרכה החדשים למשתמשים.,0,NON_LEAK,PUBLIC_INFO
הועבר סיכום כללי של דיון שבועי ללא פרטים אישיים.,0,NON_LEAK,BORDERLINE_NON_LEAK
הסיסמה הזמנית לחשבון של רונית פרץ היא Welcome2026!.,1,LEAK,AUTH_SECRET
הצוות סיים את פיתוח מוצר הדס ועבר לשלב הבדיקות.,0,NON_LEAK,NON_SENSITIVE_GENERAL
כתובת המייל האישית של דנה דנינו היא dana.danino@example.co.il.,1,LEAK,PII_DIRECT
שם הפרויקט הוא תוכנית רימון והוא יוצג בישיבת הנהלה.,0,NON_LEAK,BORDERLINE_NON_LEAK
קוד האימות שנשלח לליאור מלכה הוא 483921.,1,LEAK,AUTH_SECRET
בדוח הפנימי מופיעים שמות לקוחות אסטרטגיים ותנאי התקשרות.,1,LEAK,CONFIDENTIAL_BUSINESS
קופת חולים כללית פרסמה הודעה רשמית על הרחבת הפעילות בהרצליה.,0,NON_LEAK,PUBLIC_INFO
"נדרש לעדכן את פרטי הלקוח עידן דנינו, תעודת זהות 325102267, טלפון 0540460004.",1,LEAK,PII_DIRECT
הקבוצה תיפגש מחר בבוקר לדיון על תכנון הרבעון הבא.,0,NON_LEAK,NON_SENSITIVE_GENERAL
המסמך כולל תאריך יעד של 22/4/2026 אך אינו מכיל פרטים אישיים.,0,NON_LEAK,BORDERLINE_NON_LEAK
הצוות מבקש להוסיף מסך התחברות חדש למערכת.,0,NON_LEAK,LOW_RISK_CONTEXT
המערכת החדשה תושק ב28/6/2026 לפי הודעה רשמית שפורסמה לכלל העובדים.,0,NON_LEAK,BORDERLINE_NON_LEAK
הועבר קובץ עם תלונת משמעת פנימית נגד רונית פרץ.,1,LEAK,LEGAL_HR
"במסמך האישור מופיעים משה אוחנה, פתח תקווה ומספר הזהות 411253067.",1,LEAK,MIXED_BORDERLINE
החברה הודיעה לציבור על פתיחת מרכז שירות חדש בירושלים.,0,NON_LEAK,PUBLIC_INFO
בדוח הרפואי של רונית פרץ מבית החולים סורוקה מופיע טיפול רגיש.,1,LEAK,HEALTH
התיק הרפואי של שירה אברהם מציין אבחנה של אלרגיה חריפה.,1,LEAK,HEALTH
מפתח ה-API של הסביבה הפנימית נשמר במסמך המצורף.,1,LEAK,AUTH_SECRET
"נא לא לשלוח החוצה את דוח הגבייה של נועה מזרחי עם סכום 28,860 ש""ח.",1,LEAK,FINANCIAL
מספר כרטיס האשראי של אורן אברהם הוא 8181060914484954.,1,LEAK,FINANCIAL
סיכום הפגישה כולל גם את תאריך ההשקה 19/8/2026 וגם את פרטי הקשר של מאיה ביטון.,1,LEAK,MIXED_BORDERLINE
שירה אברהם עובד בחברת מיקרוסופט בפתח תקווה.,0,NON_LEAK,NON_SENSITIVE_GENERAL
שם הפרויקט הוא פרויקט דרור והוא יוצג בישיבת הנהלה.,0,NON_LEAK,BORDERLINE_NON_LEAK
"מנהל המוצר ביקש לעדכן את הלו""ז ולשתף את הסטטוס.",0,NON_LEAK,LOW_RISK_CONTEXT
"הכתובת של שרון סעדה היא רחוב הנביאים 14, באר שבע.",1,LEAK,PII_DIRECT
המצגת עודכנה וכוללת את סטטוס המשימות לשבוע הקרוב.,0,NON_LEAK,NON_SENSITIVE_GENERAL
"בדוח מופיעים פרטי חיוב של לקוחות, כולל מספרי חשבון וסכומים.",1,LEAK,FINANCIAL
התיק הרפואי של ניר ביטון מציין אבחנה של אלרגיה חריפה.,1,LEAK,HEALTH
יש לשלוח את הקובץ המעודכן עד סוף היום.,0,NON_LEAK,LOW_RISK_CONTEXT
"נא לא לשלוח החוצה את דוח הגבייה של ליאור מלכה עם סכום 13,818 ש""ח.",1,LEAK,FINANCIAL
בפגישה עם ראש צוות סוכם כי מערכת קשת יושק ב26/7/2026.,1,LEAK,CONFIDENTIAL_BUSINESS
תאריך ההשקה של שירות אביב נקבע ל4/7/2026.,1,LEAK,CONFIDENTIAL_BUSINESS
קוד האימות שנשלח ליעל לוי הוא 483921.,1,LEAK,AUTH_SECRET
תאריך ההשקה של שירות אביב נקבע ל25/4/2026.,1,LEAK,CONFIDENTIAL_BUSINESS
האתר הרשמי עודכן עם מסמכי ההדרכה החדשים למשתמשים.,0,NON_LEAK,PUBLIC_INFO
"הוכן דוח לקוח עבור בזק, הכולל איש קשר בשם עמית אלקיים ומייל amit.elkayim@company.co.il.",1,LEAK,MIXED_BORDERLINE
החברה הודיעה לציבור על פתיחת מרכז שירות חדש בירושלים.,0,NON_LEAK,PUBLIC_INFO
הצוות דן בשיפור חוויית המשתמש של מוצר הדס לקראת הרבעון הבא.,0,NON_LEAK,BORDERLINE_NON_LEAK
התיק הרפואי של יואב לוי מציין אבחנה של דיכאון.,1,LEAK,HEALTH
הצוות מבקש להוסיף מסך התחברות חדש למערכת.,0,NON_LEAK,LOW_RISK_CONTEXT
מפתח ה-API של הסביבה הפנימית נשמר במסמך המצורף.,1,LEAK,AUTH_SECRET
הישיבה תתקיים בחדר הגדול בקומה השנייה.,0,NON_LEAK,LOW_RISK_CONTEXT
המצגת עודכנה וכוללת את סטטוס המשימות לשבוע הקרוב.,0,NON_LEAK,NON_SENSITIVE_GENERAL
מספר הטלפון של נועם מזרחי הוא 0518027866.,1,LEAK,PII_DIRECT
"המסמך מכיל מידע רפואי אישי על נועם מזרחי, כולל אבחנות ותרופות.",1,LEAK,HEALTH
התיק הרפואי של איתי פרץ מציין אבחנה של סוכרת.,1,LEAK,HEALTH
"הפגישה עם מנכ""ל תתקיים ביום ראשון בנתניה.",0,NON_LEAK,NON_SENSITIVE_GENERAL
"הקובץ מציג רשימת עובדים עם משכורות, בונוסים וימי מחלה.",1,LEAK,LEGAL_HR
מספר כרטיס האשראי של הילה חדד הוא 5268580121483728.,1,LEAK,FINANCIAL
הועבר קובץ עם תלונת משמעת פנימית נגד רון חדד.,1,LEAK,LEGAL_HR
החברה הודיעה לציבור על פתיחת מרכז שירות חדש בחיפה.,0,NON_LEAK,PUBLIC_INFO
הקבוצה תיפגש מחר בבוקר לדיון על תכנון הרבעון הבא.,0,NON_LEAK,NON_SENSITIVE_GENERAL
הפרויקט עבר לשלב האינטגרציה ונדרשת בדיקת עומסים.,0,NON_LEAK,LOW_RISK_CONTEXT
החברה הודיעה לציבור על פתיחת מרכז שירות חדש בנתניה.,0,NON_LEAK,PUBLIC_INFO
בכנס הטכנולוגיה הוצגו מגמות חדשות בתחום הבינה המלאכותית.,0,NON_LEAK,PUBLIC_INFO
הצוות מבקש להוסיף מסך התחברות חדש למערכת.,0,NON_LEAK,LOW_RISK_CONTEXT
בכנס הטכנולוגיה הוצגו מגמות חדשות בתחום הבינה המלאכותית.,0,NON_LEAK,PUBLIC_INFO
בדוח הרפואי של שירה אברהם מבית החולים סורוקה מופיע טיפול רגיש.,1,LEAK,HEALTH
בדוח הרפואי של איתי פרץ מבית החולים איכילוב מופיע טיפול רגיש.,1,LEAK,HEALTH
מספר כרטיס האשראי של נועה מזרחי הוא 1613795493370445.,1,LEAK,FINANCIAL
מספר הטלפון של נועם מזרחי הוא 0558859755.,1,LEAK,PII_DIRECT
"הקובץ מציג רשימת עובדים עם משכורות, בונוסים וימי מחלה.",1,LEAK,LEGAL_HR
"המסמך מכיל מידע רפואי אישי על טל אוחנה, כולל אבחנות ותרופות.",1,LEAK,HEALTH
החברה הודיעה לציבור על פתיחת מרכז שירות חדש באשדוד.,0,NON_LEAK,PUBLIC_INFO
המצגת עודכנה וכוללת את סטטוס המשימות לשבוע הקרוב.,0,NON_LEAK,NON_SENSITIVE_GENERAL
החברה הודיעה לציבור על פתיחת מרכז שירות חדש בתל אביב.,0,NON_LEAK,PUBLIC_INFO
יואב לוי עובד בחברת רפאל בנתניה.,0,NON_LEAK,NON_SENSITIVE_GENERAL
"נדרש לעדכן את פרטי הלקוח רון חדד, תעודת זהות 247166155, טלפון 0556696812.",1,LEAK,PII_DIRECT
המסמך כולל תאריך יעד של 24/3/2026 אך אינו מכיל פרטים אישיים.,0,NON_LEAK,BORDERLINE_NON_LEAK
בדוח הפנימי מופיעים שמות לקוחות אסטרטגיים ותנאי התקשרות.,1,LEAK,CONFIDENTIAL_BUSINESS
המצגת עודכנה וכוללת את סטטוס המשימות לשבוע הקרוב.,0,NON_LEAK,NON_SENSITIVE_GENERAL
גוגל ישראל פרסמה הודעה רשמית על הרחבת הפעילות בראשון לציון.,0,NON_LEAK,PUBLIC_INFO
המסמך כולל תאריך יעד של 4/5/2026 אך אינו מכיל פרטים אישיים.,0,NON_LEAK,BORDERLINE_NON_LEAK
האתר הרשמי עודכן עם מסמכי ההדרכה החדשים למשתמשים.,0,NON_LEAK,PUBLIC_INFO
הצוות מבקש להוסיף מסך התחברות חדש למערכת.,0,NON_LEAK,LOW_RISK_CONTEXT
"הקובץ כולל פרטי גישה למערכת, כולל שם משתמש וסיסמה.",1,LEAK,AUTH_SECRET
החברה הודיעה לציבור על פתיחת מרכז שירות חדש בנתניה.,0,NON_LEAK,PUBLIC_INFO
הסיסמה הזמנית לחשבון של שרון סעדה היא Welcome2026!.,1,LEAK,AUTH_SECRET
מספר תעודת הזהות של נועה מזרחי הוא 955751054.,1,LEAK,PII_DIRECT
לקראת הפגישה עם איתי פרץ הועבר גם מספר הטלפון האישי שלו: 0543557020.,1,LEAK,MIXED_BORDERLINE
"בדוח מופיעים פרטי חיוב של לקוחות, כולל מספרי חשבון וסכומים.",1,LEAK,FINANCIAL
קוד האימות שנשלח לטל אוחנה הוא 483921.,1,LEAK,AUTH_SECRET
המצגת עודכנה וכוללת את סטטוס המשימות לשבוע הקרוב.,0,NON_LEAK,NON_SENSITIVE_GENERAL
לקראת הפגישה עם עמית אלקיים הועבר גם מספר הטלפון האישי שלו: 0565723271.,1,LEAK,MIXED_BORDERLINE
החברה הודיעה לציבור על פתיחת מרכז שירות חדש בהרצליה.,0,NON_LEAK,PUBLIC_INFO
מסמך זה כולל מידע פנימי על גרסת אפריל ואסור לשתף אותו מחוץ לארגון.,1,LEAK,CONFIDENTIAL_BUSINESS
בדוח הרפואי של נועם מזרחי מבית החולים איכילוב מופיע טיפול רגיש.,1,LEAK,HEALTH
"הצעת המחיר הסופית ללקוח תישלח רק לאחר אישור מנכ""ל.",1,LEAK,CONFIDENTIAL_BUSINESS
מספר תעודת הזהות של ליאור מלכה הוא 577586604.,1,LEAK,PII_DIRECT
כתובת המייל האישית של ניר ביטון היא nir.biton@company.co.il.,1,LEAK,PII_DIRECT
מפתח ה-API של הסביבה הפנימית נשמר במסמך המצורף.,1,LEAK,AUTH_SECRET
מפתח ה-API של הסביבה הפנימית נשמר במסמך המצורף.,1,LEAK,AUTH_SECRET
תאריך ההשקה של מודול ברק נקבע ל27/9/2026.,1,LEAK,CONFIDENTIAL_BUSINESS
יש לשלוח את הקובץ המעודכן עד סוף היום.,0,NON_LEAK,LOW_RISK_CONTEXT
בכנס הטכנולוגיה הוצגו מגמות חדשות בתחום הבינה המלאכותית.,0,NON_LEAK,PUBLIC_INFO
מפתח ה-API של הסביבה הפנימית נשמר במסמך המצורף.,1,LEAK,AUTH_SECRET
"נדרש לעדכן את פרטי הלקוח יואב לוי, תעודת זהות 879064291, טלפון 0528565407.",1,LEAK,PII_DIRECT
מספר הטלפון של מיכל כהן הוא 0584741418.,1,LEAK,PII_DIRECT
שם הפרויקט הוא גרסת אפריל והוא יוצג בישיבת הנהלה.,0,NON_LEAK,BORDERLINE_NON_LEAK
מספר תעודת הזהות של ליאור מלכה הוא 469041746.,1,LEAK,PII_DIRECT
המצגת עודכנה וכוללת את סטטוס המשימות לשבוע הקרוב.,0,NON_LEAK,NON_SENSITIVE_GENERAL
מסמך זה כולל מידע פנימי על פרויקט דרור ואסור לשתף אותו מחוץ לארגון.,1,LEAK,CONFIDENTIAL_BUSINESS
בכנס הטכנולוגיה הוצגו מגמות חדשות בתחום הבינה המלאכותית.,0,NON_LEAK,PUBLIC_INFO
החברה הודיעה לציבור על פתיחת מרכז שירות חדש בחיפה.,0,NON_LEAK,PUBLIC_INFO
אין להפיץ את תוצאות הבדיקה של עידן דנינו שנערכו בסורוקה.,1,LEAK,HEALTH
הועבר קובץ עם תלונת משמעת פנימית נגד שירה אברהם.,1,LEAK,LEGAL_HR
מיקרוסופט פרסמה הודעה רשמית על הרחבת הפעילות במודיעין.,0,NON_LEAK,PUBLIC_INFO
הסיסמה הזמנית לחשבון של דוד כהן היא Welcome2026!.,1,LEAK,AUTH_SECRET
הועבר קובץ עם תלונת משמעת פנימית נגד דנה דנינו.,1,LEAK,LEGAL_HR
מיכל כהן עובד בחברת מיקרוסופט בראשון לציון.,0,NON_LEAK,NON_SENSITIVE_GENERAL
"הועבר תשלום בגובה 1,509 ש""ח מחשבון 3182379791 של אלון מלכה.",1,LEAK,FINANCIAL
"נדרש לעדכן את פרטי הלקוח נועם מזרחי, תעודת זהות 481597265, טלפון 0561629091.",1,LEAK,PII_DIRECT
הפרויקט עבר לשלב האינטגרציה ונדרשת בדיקת עומסים.,0,NON_LEAK,LOW_RISK_CONTEXT
המסמך מסווג פנימי וכולל את תוכנית ההשקה של מערכת קשת.,1,LEAK,CONFIDENTIAL_BUSINESS
מסמך זה כולל מידע פנימי על גרסת אפריל ואסור לשתף אותו מחוץ לארגון.,1,LEAK,CONFIDENTIAL_BUSINESS
המסמך מסווג פנימי וכולל את תוכנית ההשקה של פרויקט נוגה.,1,LEAK,CONFIDENTIAL_BUSINESS
האתר הרשמי עודכן עם מסמכי ההדרכה החדשים למשתמשים.,0,NON_LEAK,PUBLIC_INFO
הפגישה עם מנהל מוצר תתקיים ביום ראשון בהרצליה.,0,NON_LEAK,NON_SENSITIVE_GENERAL
הצוות סיים את פיתוח מוצר הדס ועבר לשלב הבדיקות.,0,NON_LEAK,NON_SENSITIVE_GENERAL
"מנהל המוצר ביקש לעדכן את הלו""ז ולשתף את הסטטוס.",0,NON_LEAK,LOW_RISK_CONTEXT
המסמך מסווג פנימי וכולל את תוכנית ההשקה של מוצר אופק.,1,LEAK,CONFIDENTIAL_BUSINESS
"בדוח מופיעים פרטי חיוב של לקוחות, כולל מספרי חשבון וסכומים.",1,LEAK,FINANCIAL
הקבוצה תיפגש מחר בבוקר לדיון על תכנון הרבעון הבא.,0,NON_LEAK,NON_SENSITIVE_GENERAL
"במסמך האישור מופיעים טל אוחנה, אשדוד ומספר הזהות 174592658.",1,LEAK,MIXED_BORDERLINE
בפגישה עם מנהל אבטחת מידע סוכם כי שירות אביב יושק ב16/1/2026.,1,LEAK,CONFIDENTIAL_BUSINESS
בפגישה עם מנהל אבטחת מידע סוכם כי פרויקט נוגה יושק ב26/3/2026.,1,LEAK,CONFIDENTIAL_BUSINESS
"מנהל המוצר ביקש לעדכן את הלו""ז ולשתף את הסטטוס.",0,NON_LEAK,LOW_RISK_CONTEXT
"מנהל המוצר ביקש לעדכן את הלו""ז ולשתף את הסטטוס.",0,NON_LEAK,LOW_RISK_CONTEXT
"המסמך מכיל מידע רפואי אישי על ניר ביטון, כולל אבחנות ותרופות.",1,LEAK,HEALTH
הפרויקט עבר לשלב האינטגרציה ונדרשת בדיקת עומסים.,0,NON_LEAK,LOW_RISK_CONTEXT
הפרויקט עבר לשלב האינטגרציה ונדרשת בדיקת עומסים.,0,NON_LEAK,LOW_RISK_CONTEXT
קוד האימות שנשלח ליעל לוי הוא 483921.,1,LEAK,AUTH_SECRET
הפגישה עם יועץ משפטי תתקיים ביום ראשון בהרצליה.,0,NON_LEAK,NON_SENSITIVE_GENERAL
"הוכן דוח לקוח עבור רפאל, הכולל איש קשר בשם עמית אלקיים ומייל amit.elkayim@gmail.com.",1,LEAK,MIXED_BORDERLINE
הועבר סיכום כללי של סקר שביעות רצון ללא פרטים אישיים.,0,NON_LEAK,BORDERLINE_NON_LEAK
הצוות דן בשיפור חוויית המשתמש של מערכת קשת לקראת הרבעון הבא.,0,NON_LEAK,BORDERLINE_NON_LEAK
הועבר סיכום כללי של פגישת הנהלה ללא פרטים אישיים.,0,NON_LEAK,BORDERLINE_NON_LEAK
סיכום הפגישה כולל גם את תאריך ההשקה 19/2/2026 וגם את פרטי הקשר של נועם מזרחי.,1,LEAK,MIXED_BORDERLINE
הצוות סיים את פיתוח מנוע זית ועבר לשלב הבדיקות.,0,NON_LEAK,NON_SENSITIVE_GENERAL
"הקובץ כולל פרטי גישה למערכת, כולל שם משתמש וסיסמה.",1,LEAK,AUTH_SECRET
"פרטי הקשר של יואב לוי: טלפון 0597951442, מייל yoav.levi@gmail.com.",1,LEAK,PII_DIRECT
"הקובץ כולל פרטי גישה למערכת, כולל שם משתמש וסיסמה.",1,LEAK,AUTH_SECRET
הפגישה עם ראש צוות תתקיים ביום ראשון בירושלים.,0,NON_LEAK,NON_SENSITIVE_GENERAL
המסמך מסווג פנימי וכולל את תוכנית ההשקה של מודול ברק.,1,LEAK,CONFIDENTIAL_BUSINESS
שרון סעדה עובד בחברת נייס בירושלים.,0,NON_LEAK,NON_SENSITIVE_GENERAL
"בדוח מופיעים פרטי חיוב של לקוחות, כולל מספרי חשבון וסכומים.",1,LEAK,FINANCIAL
בדוח משאבי האנוש מופיעים נתוני השכר של אורן אברהם.,1,LEAK,LEGAL_HR
מספר תעודת הזהות של יואב לוי הוא 672222968.,1,LEAK,PII_DIRECT
"המסמך מכיל מידע רפואי אישי על דנה דנינו, כולל אבחנות ותרופות.",1,LEAK,HEALTH
הקבוצה תיפגש מחר בבוקר לדיון על תכנון הרבעון הבא.,0,NON_LEAK,NON_SENSITIVE_GENERAL
המסמך כולל סיכום שימוע של אורן אברהם ופרטים אישיים רגישים.,1,LEAK,LEGAL_HR
יש לשלוח את הקובץ המעודכן עד סוף היום.,0,NON_LEAK,LOW_RISK_CONTEXT
הצוות דן בשיפור חוויית המשתמש של מודול ברק לקראת הרבעון הבא.,0,NON_LEAK,BORDERLINE_NON_LEAK
מספר הטלפון של יעל לוי הוא 0597783386.,1,LEAK,PII_DIRECT
כתובת המייל האישית של רון חדד היא ron.hadad@example.co.il.,1,LEAK,PII_DIRECT
הועבר קובץ עם תלונת משמעת פנימית נגד שרון סעדה.,1,LEAK,LEGAL_HR
הישיבה תתקיים בחדר הגדול בקומה השנייה.,0,NON_LEAK,LOW_RISK_CONTEXT
שם הפרויקט הוא פרויקט ברוש והוא יוצג בישיבת הנהלה.,0,NON_LEAK,BORDERLINE_NON_LEAK
הצוות סיים את פיתוח מוצר אופק ועבר לשלב הבדיקות.,0,NON_LEAK,NON_SENSITIVE_GENERAL
קוד האימות שנשלח ליעל לוי הוא 483921.,1,LEAK,AUTH_SECRET
בדוח הרפואי של משה אוחנה מבית החולים אסותא מופיע טיפול רגיש.,1,LEAK,HEALTH
בדוח משאבי האנוש מופיעים נתוני השכר של משה אוחנה.,1,LEAK,LEGAL_HR
"פרטי החשבון של מאיה ביטון: בנק מזרחי טפחות, חשבון 3952319694.",1,LEAK,FINANCIAL
הועבר קובץ עם תלונת משמעת פנימית נגד ניר ביטון.,1,LEAK,LEGAL_HR
הועבר סיכום כללי של דיון שבועי ללא פרטים אישיים.,0,NON_LEAK,BORDERLINE_NON_LEAK
הצעת המחיר הסופית ללקוח תישלח רק לאחר אישור מנהל אבטחת מידע.,1,LEAK,CONFIDENTIAL_BUSINESS
יש לשלוח את הקובץ המעודכן עד סוף היום.,0,NON_LEAK,LOW_RISK_CONTEXT
האתר הרשמי עודכן עם מסמכי ההדרכה החדשים למשתמשים.,0,NON_LEAK,PUBLIC_INFO
הועבר סיכום כללי של עדכון סטטוס ללא פרטים אישיים.,0,NON_LEAK,BORDERLINE_NON_LEAK
המערכת החדשה תושק ב5/7/2026 לפי הודעה רשמית שפורסמה לכלל העובדים.,0,NON_LEAK,BORDERLINE_NON_LEAK
שם הפרויקט הוא פרויקט ברוש והוא יוצג בישיבת הנהלה.,0,NON_LEAK,BORDERLINE_NON_LEAK
הפרויקט עבר לשלב האינטגרציה ונדרשת בדיקת עומסים.,0,NON_LEAK,LOW_RISK_CONTEXT
מפתח ה-API של הסביבה הפנימית נשמר במסמך המצורף.,1,LEAK,AUTH_SECRET
בדוח משאבי האנוש מופיעים נתוני השכר של הילה חדד.,1,LEAK,LEGAL_HR
"בדוח מופיעים פרטי חיוב של לקוחות, כולל מספרי חשבון וסכומים.",1,LEAK,FINANCIAL
גוגל ישראל פרסמה הודעה רשמית על הרחבת הפעילות בנתניה.,0,NON_LEAK,PUBLIC_INFO
אין להפיץ את תוצאות הבדיקה של שרון סעדה שנערכו באיכילוב.,1,LEAK,HEALTH
רונית פרץ עובד בחברת בנק לאומי באשדוד.,0,NON_LEAK,NON_SENSITIVE_GENERAL
המצגת עודכנה וכוללת את סטטוס המשימות לשבוע הקרוב.,0,NON_LEAK,NON_SENSITIVE_GENERAL
האתר הרשמי עודכן עם מסמכי ההדרכה החדשים למשתמשים.,0,NON_LEAK,PUBLIC_INFO
החברה הודיעה לציבור על פתיחת מרכז שירות חדש בירושלים.,0,NON_LEAK,PUBLIC_INFO
בדוח משאבי האנוש מופיעים נתוני השכר של ליאור מלכה.,1,LEAK,LEGAL_HR
"המסמך מכיל מידע רפואי אישי על עמית אלקיים, כולל אבחנות ותרופות.",1,LEAK,HEALTH
"מנהל המוצר ביקש לעדכן את הלו""ז ולשתף את הסטטוס.",0,NON_LEAK,LOW_RISK_CONTEXT
מסמך זה כולל מידע פנימי על גרסת אפריל ואסור לשתף אותו מחוץ לארגון.,1,LEAK,CONFIDENTIAL_BUSINESS
"הקובץ מציג רשימת עובדים עם משכורות, בונוסים וימי מחלה.",1,LEAK,LEGAL_HR
"מנהל המוצר ביקש לעדכן את הלו""ז ולשתף את הסטטוס.",0,NON_LEAK,LOW_RISK_CONTEXT
מספר כרטיס האשראי של עידן דנינו הוא 4030618914771852.,1,LEAK,FINANCIAL
הסיסמה הזמנית לחשבון של שרון סעדה היא Welcome2026!.,1,LEAK,AUTH_SECRET
מפתח ה-API של הסביבה הפנימית נשמר במסמך המצורף.,1,LEAK,AUTH_SECRET
הצעת המחיר הסופית ללקוח תישלח רק לאחר אישור ראש צוות.,1,LEAK,CONFIDENTIAL_BUSINESS
הפרויקט עבר לשלב האינטגרציה ונדרשת בדיקת עומסים.,0,NON_LEAK,LOW_RISK_CONTEXT
בכנס הטכנולוגיה הוצגו מגמות חדשות בתחום הבינה המלאכותית.,0,NON_LEAK,PUBLIC_INFO
"פרטי הקשר של הילה חדד: טלפון 0560661332, מייל hila.hadad@example.co.il.",1,LEAK,PII_DIRECT
בזק פרסמה הודעה רשמית על הרחבת הפעילות בראשון לציון.,0,NON_LEAK,PUBLIC_INFO
האתר הרשמי עודכן עם מסמכי ההדרכה החדשים למשתמשים.,0,NON_LEAK,PUBLIC_INFO
שם הפרויקט הוא גרסת אפריל והוא יוצג בישיבת הנהלה.,0,NON_LEAK,BORDERLINE_NON_LEAK
"פרטי הקשר של שירה אברהם: טלפון 0555590168, מייל shira.avraham@gmail.com.",1,LEAK,PII_DIRECT
הקבוצה תיפגש מחר בבוקר לדיון על תכנון הרבעון הבא.,0,NON_LEAK,NON_SENSITIVE_GENERAL
"במסמך האישור מופיעים שירה אברהם, רעננה ומספר הזהות 556278664.",1,LEAK,MIXED_BORDERLINE
החברה הודיעה לציבור על פתיחת מרכז שירות חדש בהרצליה.,0,NON_LEAK,PUBLIC_INFO
המסמך כולל תאריך יעד של 9/5/2026 אך אינו מכיל פרטים אישיים.,0,NON_LEAK,BORDERLINE_NON_LEAK
"נדרש לעדכן את פרטי הלקוח יעל לוי, תעודת זהות 171095277, טלפון 0524835033.",1,LEAK,PII_DIRECT
הסיסמה הזמנית לחשבון של משה אוחנה היא Welcome2026!.,1,LEAK,AUTH_SECRET
הקבוצה תיפגש מחר בבוקר לדיון על תכנון הרבעון הבא.,0,NON_LEAK,NON_SENSITIVE_GENERAL
האתר הרשמי עודכן עם מסמכי ההדרכה החדשים למשתמשים.,0,NON_LEAK,PUBLIC_INFO
החברה הודיעה לציבור על פתיחת מרכז שירות חדש ברעננה.,0,NON_LEAK,PUBLIC_INFO
"במסמך האישור מופיעים דנה דנינו, חיפה ומספר הזהות 147922133.",1,LEAK,MIXED_BORDERLINE
"הקובץ מציג רשימת עובדים עם משכורות, בונוסים וימי מחלה.",1,LEAK,LEGAL_HR
בפגישה עם מנהל מוצר סוכם כי מוצר אופק יושק ב20/6/2026.,1,LEAK,CONFIDENTIAL_BUSINESS
הצוות מבקש להוסיף מסך התחברות חדש למערכת.,0,NON_LEAK,LOW_RISK_CONTEXT
"בדוח מופיעים פרטי חיוב של לקוחות, כולל מספרי חשבון וסכומים.",1,LEAK,FINANCIAL
הפגישה עם יועץ משפטי תתקיים ביום ראשון ברעננה.,0,NON_LEAK,NON_SENSITIVE_GENERAL
המסמך כולל סיכום שימוע של יעל לוי ופרטים אישיים רגישים.,1,LEAK,LEGAL_HR
המערכת החדשה תושק ב26/8/2026 לפי הודעה רשמית שפורסמה לכלל העובדים.,0,NON_LEAK,BORDERLINE_NON_LEAK
כתובת המייל האישית של אורן אברהם היא oren.avraham@gmail.com.,1,LEAK,PII_DIRECT
בפגישה עם יועץ משפטי סוכם כי מוצר אופק יושק ב20/12/2026.,1,LEAK,CONFIDENTIAL_BUSINESS
"הקובץ מציג רשימת עובדים עם משכורות, בונוסים וימי מחלה.",1,LEAK,LEGAL_HR
החברה הודיעה לציבור על פתיחת מרכז שירות חדש בפתח תקווה.,0,NON_LEAK,PUBLIC_INFO
הועבר קובץ עם תלונת משמעת פנימית נגד שרון סעדה.,1,LEAK,LEGAL_HR
סיכום הפגישה כולל גם את תאריך ההשקה 8/11/2026 וגם את פרטי הקשר של אלון מלכה.,1,LEAK,MIXED_BORDERLINE
"נדרש לעדכן את פרטי הלקוח יואב לוי, תעודת זהות 679836972, טלפון 0518690916.",1,LEAK,PII_DIRECT
הקבוצה תיפגש מחר בבוקר לדיון על תכנון הרבעון הבא.,0,NON_LEAK,NON_SENSITIVE_GENERAL
קופת חולים כללית פרסמה הודעה רשמית על הרחבת הפעילות בתל אביב.,0,NON_LEAK,PUBLIC_INFO
"במסמך האישור מופיעים איתי פרץ, תל אביב ומספר הזהות 835614761.",1,LEAK,MIXED_BORDERLINE
הועבר קובץ עם תלונת משמעת פנימית נגד אורן אברהם.,1,LEAK,LEGAL_HR
הועבר קובץ עם תלונת משמעת פנימית נגד עמית אלקיים.,1,LEAK,LEGAL_HR
"הקובץ מציג רשימת עובדים עם משכורות, בונוסים וימי מחלה.",1,LEAK,LEGAL_HR
הועבר סיכום כללי של דיון שבועי ללא פרטים אישיים.,0,NON_LEAK,BORDERLINE_NON_LEAK
"הוכן דוח לקוח עבור נייס, הכולל איש קשר בשם רונית פרץ ומייל ronit.peretz@mail.com.",1,LEAK,MIXED_BORDERLINE
הועבר סיכום כללי של תכנון רבעון ללא פרטים אישיים.,0,NON_LEAK,BORDERLINE_NON_LEAK
בדוח משאבי האנוש מופיעים נתוני השכר של מיכל כהן.,1,LEAK,LEGAL_HR
הצוות מבקש להוסיף מסך התחברות חדש למערכת.,0,NON_LEAK,LOW_RISK_CONTEXT
האתר הרשמי עודכן עם מסמכי ההדרכה החדשים למשתמשים.,0,NON_LEAK,PUBLIC_INFO
בנק הפועלים פרסמה הודעה רשמית על הרחבת הפעילות באשדוד.,0,NON_LEAK,PUBLIC_INFO
סיכום הפגישה כולל גם את תאריך ההשקה 9/5/2026 וגם את פרטי הקשר של ניר ביטון.,1,LEAK,MIXED_BORDERLINE
סיכום הפגישה כולל גם את תאריך ההשקה 25/6/2026 וגם את פרטי הקשר של טל אוחנה.,1,LEAK,MIXED_BORDERLINE
"בדוח הרפואי של ליאור מלכה מבית החולים רמב""ם מופיע טיפול רגיש.",1,LEAK,HEALTH
הקבוצה תיפגש מחר בבוקר לדיון על תכנון הרבעון הבא.,0,NON_LEAK,NON_SENSITIVE_GENERAL
אין להפיץ את תוצאות הבדיקה של יואב לוי שנערכו בשיבא.,1,LEAK,HEALTH
החברה הודיעה לציבור על פתיחת מרכז שירות חדש בירושלים.,0,NON_LEAK,PUBLIC_INFO
הישיבה תתקיים בחדר הגדול בקומה השנייה.,0,NON_LEAK,LOW_RISK_CONTEXT
הועבר קובץ עם תלונת משמעת פנימית נגד שרון סעדה.,1,LEAK,LEGAL_HR
"הקובץ כולל פרטי גישה למערכת, כולל שם משתמש וסיסמה.",1,LEAK,AUTH_SECRET
הישיבה תתקיים בחדר הגדול בקומה השנייה.,0,NON_LEAK,LOW_RISK_CONTEXT
החברה הודיעה לציבור על פתיחת מרכז שירות חדש במודיעין.,0,NON_LEAK,PUBLIC_INFO
יש לשלוח את הקובץ המעודכן עד סוף היום.,0,NON_LEAK,LOW_RISK_CONTEXT
הקבוצה תיפגש מחר בבוקר לדיון על תכנון הרבעון הבא.,0,NON_LEAK,NON_SENSITIVE_GENERAL
יש לשלוח את הקובץ המעודכן עד סוף היום.,0,NON_LEAK,LOW_RISK_CONTEXT
הועבר סיכום כללי של סקר שביעות רצון ללא פרטים אישיים.,0,NON_LEAK,BORDERLINE_NON_LEAK
המערכת החדשה תושק ב19/7/2026 לפי הודעה רשמית שפורסמה לכלל העובדים.,0,NON_LEAK,BORDERLINE_NON_LEAK
הצוות דן בשיפור חוויית המשתמש של פלטפורמת ארז לקראת הרבעון הבא.,0,NON_LEAK,BORDERLINE_NON_LEAK
יש לשלוח את הקובץ המעודכן עד סוף היום.,0,NON_LEAK,LOW_RISK_CONTEXT
לקראת הפגישה עם ליאור מלכה הועבר גם מספר הטלפון האישי שלו: 0569286802.,1,LEAK,MIXED_BORDERLINE
"במסמך האישור מופיעים עידן דנינו, תל אביב ומספר הזהות 469804181.",1,LEAK,MIXED_BORDERLINE
הצוות דן בשיפור חוויית המשתמש של פלטפורמת ארז לקראת הרבעון הבא.,0,NON_LEAK,BORDERLINE_NON_LEAK
בדוח הפנימי מופיעים שמות לקוחות אסטרטגיים ותנאי התקשרות.,1,LEAK,CONFIDENTIAL_BUSINESS
בזק פרסמה הודעה רשמית על הרחבת הפעילות בנתניה.,0,NON_LEAK,PUBLIC_INFO
המצגת עודכנה וכוללת את סטטוס המשימות לשבוע הקרוב.,0,NON_LEAK,NON_SENSITIVE_GENERAL
"פרטי הקשר של ליאור מלכה: טלפון 0541566573, מייל lior.malka@gmail.com.",1,LEAK,PII_DIRECT
המסמך מסווג פנימי וכולל את תוכנית ההשקה של גרסה 4.2.,1,LEAK,CONFIDENTIAL_BUSINESS
טל אוחנה עובד בחברת צ'ק פוינט בנתניה.,0,NON_LEAK,NON_SENSITIVE_GENERAL
הישיבה תתקיים בחדר הגדול בקומה השנייה.,0,NON_LEAK,LOW_RISK_CONTEXT
שם הפרויקט הוא גרסת אפריל והוא יוצג בישיבת הנהלה.,0,NON_LEAK,BORDERLINE_NON_LEAK
המסמך כולל סיכום שימוע של דנה דנינו ופרטים אישיים רגישים.,1,LEAK,LEGAL_HR
"מנהל המוצר ביקש לעדכן את הלו""ז ולשתף את הסטטוס.",0,NON_LEAK,LOW_RISK_CONTEXT
שם הפרויקט הוא מבצע שקמה והוא יוצג בישיבת הנהלה.,0,NON_LEAK,BORDERLINE_NON_LEAK
"הועבר תשלום בגובה 44,820 ש""ח מחשבון 8142104613 של משה אוחנה.",1,LEAK,FINANCIAL
מספר כרטיס האשראי של הילה חדד הוא 4019216981105970.,1,LEAK,FINANCIAL
"הכתובת של רון חדד היא רחוב בן גוריון 5, הרצליה.",1,LEAK,PII_DIRECT
בדוח הפנימי מופיעים שמות לקוחות אסטרטגיים ותנאי התקשרות.,1,LEAK,CONFIDENTIAL_BUSINESS
הצוות דן בשיפור חוויית המשתמש של מערכת קשת לקראת הרבעון הבא.,0,NON_LEAK,BORDERLINE_NON_LEAK
בכנס הטכנולוגיה הוצגו מגמות חדשות בתחום הבינה המלאכותית.,0,NON_LEAK,PUBLIC_INFO
"נא לא לשלוח החוצה את דוח הגבייה של הילה חדד עם סכום 7,294 ש""ח.",1,LEAK,FINANCIAL
תאריך ההשקה של מודול ברק נקבע ל22/5/2026.,1,LEAK,CONFIDENTIAL_BUSINESS
"הקובץ מציג רשימת עובדים עם משכורות, בונוסים וימי מחלה.",1,LEAK,LEGAL_HR
הצוות מבקש להוסיף מסך התחברות חדש למערכת.,0,NON_LEAK,LOW_RISK_CONTEXT
"הוכן דוח לקוח עבור נייס, הכולל איש קשר בשם נועם מזרחי ומייל noam.mizrahi@org.co.il.",1,LEAK,MIXED_BORDERLINE
"מנהל המוצר ביקש לעדכן את הלו""ז ולשתף את הסטטוס.",0,NON_LEAK,LOW_RISK_CONTEXT
הועבר סיכום כללי של ישיבת צוות ללא פרטים אישיים.,0,NON_LEAK,BORDERLINE_NON_LEAK
הסיסמה הזמנית לחשבון של שירה אברהם היא Welcome2026!.,1,LEAK,AUTH_SECRET
"הצעת המחיר הסופית ללקוח תישלח רק לאחר אישור מנכ""ל.",1,LEAK,CONFIDENTIAL_BUSINESS
בנק הפועלים פרסמה הודעה רשמית על הרחבת הפעילות בפתח תקווה.,0,NON_LEAK,PUBLIC_INFO
יש לשלוח את הקובץ המעודכן עד סוף היום.,0,NON_LEAK,LOW_RISK_CONTEXT
לקראת הפגישה עם ליאור מלכה הועבר גם מספר הטלפון האישי שלו: 0568366939.,1,LEAK,MIXED_BORDERLINE
אין להפיץ את תוצאות הבדיקה של נועם מזרחי שנערכו באיכילוב.,1,LEAK,HEALTH
הקבוצה תיפגש מחר בבוקר לדיון על תכנון הרבעון הבא.,0,NON_LEAK,NON_SENSITIVE_GENERAL
החברה הודיעה לציבור על פתיחת מרכז שירות חדש בבאר שבע.,0,NON_LEAK,PUBLIC_INFO
הישיבה תתקיים בחדר הגדול בקומה השנייה.,0,NON_LEAK,LOW_RISK_CONTEXT
בכנס הטכנולוגיה הוצגו מגמות חדשות בתחום הבינה המלאכותית.,0,NON_LEAK,PUBLIC_INFO
הצוות מבקש להוסיף מסך התחברות חדש למערכת.,0,NON_LEAK,LOW_RISK_CONTEXT
הפגישה עם מנהל אבטחת מידע תתקיים ביום ראשון בפתח תקווה.,0,NON_LEAK,NON_SENSITIVE_GENERAL
החברה הודיעה לציבור על פתיחת מרכז שירות חדש באשדוד.,0,NON_LEAK,PUBLIC_INFO
הצוות סיים את פיתוח גרסה 4.2 ועבר לשלב הבדיקות.,0,NON_LEAK,NON_SENSITIVE_GENERAL
אין להפיץ את תוצאות הבדיקה של הילה חדד שנערכו בשיבא.,1,LEAK,HEALTH
שם הפרויקט הוא פרויקט ברוש והוא יוצג בישיבת הנהלה.,0,NON_LEAK,BORDERLINE_NON_LEAK
הקבוצה תיפגש מחר בבוקר לדיון על תכנון הרבעון הבא.,0,NON_LEAK,NON_SENSITIVE_GENERAL
"הכתובת של מאיה ביטון היא רחוב הנביאים 14, רעננה.",1,LEAK,PII_DIRECT
לקראת הפגישה עם ניר ביטון הועבר גם מספר הטלפון האישי שלו: 0564810998.,1,LEAK,MIXED_BORDERLINE
הועבר סיכום כללי של סקר שביעות רצון ללא פרטים אישיים.,0,NON_LEAK,BORDERLINE_NON_LEAK
"הכתובת של יעל לוי היא רחוב הרצל 12, פתח תקווה.",1,LEAK,PII_DIRECT
המצגת עודכנה וכוללת את סטטוס המשימות לשבוע הקרוב.,0,NON_LEAK,NON_SENSITIVE_GENERAL
בדוח משאבי האנוש מופיעים נתוני השכר של טל אוחנה.,1,LEAK,LEGAL_HR
הסיסמה הזמנית לחשבון של נועה מזרחי היא Welcome2026!.,1,LEAK,AUTH_SECRET
מספר כרטיס האשראי של רון חדד הוא 3944705290684265.,1,LEAK,FINANCIAL
"הועבר תשלום בגובה 5,608 ש""ח מחשבון 8224012453 של שרון סעדה.",1,LEAK,FINANCIAL
המצגת עודכנה וכוללת את סטטוס המשימות לשבוע הקרוב.,0,NON_LEAK,NON_SENSITIVE_GENERAL
בפגישה עם מנהל מוצר סוכם כי מוצר אופק יושק ב9/11/2026.,1,LEAK,CONFIDENTIAL_BUSINESS
"מנהל המוצר ביקש לעדכן את הלו""ז ולשתף את הסטטוס.",0,NON_LEAK,LOW_RISK_CONTEXT
המסמך כולל סיכום שימוע של נועם מזרחי ופרטים אישיים רגישים.,1,LEAK,LEGAL_HR
בדוח הפנימי מופיעים שמות לקוחות אסטרטגיים ותנאי התקשרות.,1,LEAK,CONFIDENTIAL_BUSINESS
בנק הפועלים פרסמה הודעה רשמית על הרחבת הפעילות בירושלים.,0,NON_LEAK,PUBLIC_INFO
לקראת הפגישה עם מיכל כהן הועבר גם מספר הטלפון האישי שלו: 0519763297.,1,LEAK,MIXED_BORDERLINE
הצוות סיים את פיתוח שירות אביב ועבר לשלב הבדיקות.,0,NON_LEAK,NON_SENSITIVE_GENERAL
"בדוח מופיעים פרטי חיוב של לקוחות, כולל מספרי חשבון וסכומים.",1,LEAK,FINANCIAL
בדוח משאבי האנוש מופיעים נתוני השכר של ניר ביטון.,1,LEAK,LEGAL_HR
"מנהל המוצר ביקש לעדכן את הלו""ז ולשתף את הסטטוס.",0,NON_LEAK,LOW_RISK_CONTEXT
המסמך כולל תאריך יעד של 7/3/2026 אך אינו מכיל פרטים אישיים.,0,NON_LEAK,BORDERLINE_NON_LEAK
"הקובץ כולל פרטי גישה למערכת, כולל שם משתמש וסיסמה.",1,LEAK,AUTH_SECRET
"הקובץ מציג רשימת עובדים עם משכורות, בונוסים וימי מחלה.",1,LEAK,LEGAL_HR
תאריך ההשקה של גרסה 4.2 נקבע ל15/9/2026.,1,LEAK,CONFIDENTIAL_BUSINESS
הצעת המחיר הסופית ללקוח תישלח רק לאחר אישור יועץ משפטי.,1,LEAK,CONFIDENTIAL_BUSINESS
הישיבה תתקיים בחדר הגדול בקומה השנייה.,0,NON_LEAK,LOW_RISK_CONTEXT
"הוכן דוח לקוח עבור Amdocs, הכולל איש קשר בשם שרון סעדה ומייל sharon.saada@company.co.il.",1,LEAK,MIXED_BORDERLINE
יש לשלוח את הקובץ המעודכן עד סוף היום.,0,NON_LEAK,LOW_RISK_CONTEXT
האתר הרשמי עודכן עם מסמכי ההדרכה החדשים למשתמשים.,0,NON_LEAK,PUBLIC_INFO
יש לשלוח את הקובץ המעודכן עד סוף היום.,0,NON_LEAK,LOW_RISK_CONTEXT
יש לשלוח את הקובץ המעודכן עד סוף היום.,0,NON_LEAK,LOW_RISK_CONTEXT
שם הפרויקט הוא פרויקט דרור והוא יוצג בישיבת הנהלה.,0,NON_LEAK,BORDERLINE_NON_LEAK
"הקובץ כולל פרטי גישה למערכת, כולל שם משתמש וסיסמה.",1,LEAK,AUTH_SECRET
התיק הרפואי של ליאור מלכה מציין אבחנה של דלקת ריאות.,1,LEAK,HEALTH
בכנס הטכנולוגיה הוצגו מגמות חדשות בתחום הבינה המלאכותית.,0,NON_LEAK,PUBLIC_INFO
"בדוח מופיעים פרטי חיוב של לקוחות, כולל מספרי חשבון וסכומים.",1,LEAK,FINANCIAL
המצגת עודכנה וכוללת את סטטוס המשימות לשבוע הקרוב.,0,NON_LEAK,NON_SENSITIVE_GENERAL
קוד האימות שנשלח למאיה ביטון הוא 483921.,1,LEAK,AUTH_SECRET
"המסמך מכיל מידע רפואי אישי על יעל לוי, כולל אבחנות ותרופות.",1,LEAK,HEALTH
בדוח משאבי האנוש מופיעים נתוני השכר של איתי פרץ.,1,LEAK,LEGAL_HR
הצוות מבקש להוסיף מסך התחברות חדש למערכת.,0,NON_LEAK,LOW_RISK_CONTEXT
לקראת הפגישה עם רונית פרץ הועבר גם מספר הטלפון האישי שלו: 0504825586.,1,LEAK,MIXED_BORDERLINE
הישיבה תתקיים בחדר הגדול בקומה השנייה.,0,NON_LEAK,LOW_RISK_CONTEXT
הפגישה עם מנהל פיתוח תתקיים ביום ראשון בהרצליה.,0,NON_LEAK,NON_SENSITIVE_GENERAL
הפגישה עם ראש צוות תתקיים ביום ראשון בתל אביב.,0,NON_LEAK,NON_SENSITIVE_GENERAL
אין להפיץ את תוצאות הבדיקה של ניר ביטון שנערכו באיכילוב.,1,LEAK,HEALTH
הצוות דן בשיפור חוויית המשתמש של פלטפורמת ארז לקראת הרבעון הבא.,0,NON_LEAK,BORDERLINE_NON_LEAK
התיק הרפואי של דנה דנינו מציין אבחנה של אלרגיה חריפה.,1,LEAK,HEALTH
"נא לא לשלוח החוצה את דוח הגבייה של טל אוחנה עם סכום 27,904 ש""ח.",1,LEAK,FINANCIAL
קוד האימות שנשלח ליעל לוי הוא 483921.,1,LEAK,AUTH_SECRET
הקבוצה תיפגש מחר בבוקר לדיון על תכנון הרבעון הבא.,0,NON_LEAK,NON_SENSITIVE_GENERAL
המערכת החדשה תושק ב18/9/2026 לפי הודעה רשמית שפורסמה לכלל העובדים.,0,NON_LEAK,BORDERLINE_NON_LEAK
המערכת החדשה תושק ב19/10/2026 לפי הודעה רשמית שפורסמה לכלל העובדים.,0,NON_LEAK,BORDERLINE_NON_LEAK
"מנהל המוצר ביקש לעדכן את הלו""ז ולשתף את הסטטוס.",0,NON_LEAK,LOW_RISK_CONTEXT
אין להפיץ את תוצאות הבדיקה של רונית פרץ שנערכו באיכילוב.,1,LEAK,HEALTH
הצוות סיים את פיתוח מוצר הדס ועבר לשלב הבדיקות.,0,NON_LEAK,NON_SENSITIVE_GENERAL
הצוות דן בשיפור חוויית המשתמש של מוצר אופק לקראת הרבעון הבא.,0,NON_LEAK,BORDERLINE_NON_LEAK
הועבר קובץ עם תלונת משמעת פנימית נגד טל אוחנה.,1,LEAK,LEGAL_HR
החברה הודיעה לציבור על פתיחת מרכז שירות חדש בנתניה.,0,NON_LEAK,PUBLIC_INFO
"הוכן דוח לקוח עבור מיקרוסופט, הכולל איש קשר בשם מאיה ביטון ומייל maya.biton@outlook.com.",1,LEAK,MIXED_BORDERLINE
תאריך ההשקה של מוצר הדס נקבע ל28/10/2026.,1,LEAK,CONFIDENTIAL_BUSINESS
הצוות סיים את פיתוח מוצר הדס ועבר לשלב הבדיקות.,0,NON_LEAK,NON_SENSITIVE_GENERAL
הועבר סיכום כללי של ישיבת צוות ללא פרטים אישיים.,0,NON_LEAK,BORDERLINE_NON_LEAK
"בדוח מופיעים פרטי חיוב של לקוחות, כולל מספרי חשבון וסכומים.",1,LEAK,FINANCIAL
המסמך מסווג פנימי וכולל את תוכנית ההשקה של מודול ברק.,1,LEAK,CONFIDENTIAL_BUSINESS
בכנס הטכנולוגיה הוצגו מגמות חדשות בתחום הבינה המלאכותית.,0,NON_LEAK,PUBLIC_INFO
הועבר קובץ עם תלונת משמעת פנימית נגד שרון סעדה.,1,LEAK,LEGAL_HR
"המסמך מכיל מידע רפואי אישי על אורן אברהם, כולל אבחנות ותרופות.",1,LEAK,HEALTH
"הקובץ כולל פרטי גישה למערכת, כולל שם משתמש וסיסמה.",1,LEAK,AUTH_SECRET
האתר הרשמי עודכן עם מסמכי ההדרכה החדשים למשתמשים.,0,NON_LEAK,PUBLIC_INFO
"פרטי החשבון של ניר ביטון: בנק בנק הפועלים, חשבון 8485462503.",1,LEAK,FINANCIAL
התיק הרפואי של רונית פרץ מציין אבחנה של חרדה.,1,LEAK,HEALTH
הצוות סיים את פיתוח מנוע זית ועבר לשלב הבדיקות.,0,NON_LEAK,NON_SENSITIVE_GENERAL
האתר הרשמי עודכן עם מסמכי ההדרכה החדשים למשתמשים.,0,NON_LEAK,PUBLIC_INFO
אין להפיץ את תוצאות הבדיקה של מאיה ביטון שנערכו בסורוקה.,1,LEAK,HEALTH
המסמך כולל תאריך יעד של 6/12/2026 אך אינו מכיל פרטים אישיים.,0,NON_LEAK,BORDERLINE_NON_LEAK
"הקובץ מציג רשימת עובדים עם משכורות, בונוסים וימי מחלה.",1,LEAK,LEGAL_HR
ליאור מלכה עובד בחברת מיקרוסופט במודיעין.,0,NON_LEAK,NON_SENSITIVE_GENERAL
"מנהל המוצר ביקש לעדכן את הלו""ז ולשתף את הסטטוס.",0,NON_LEAK,LOW_RISK_CONTEXT
מספר תעודת הזהות של יואב לוי הוא 155958052.,1,LEAK,PII_DIRECT
בדוח משאבי האנוש מופיעים נתוני השכר של הילה חדד.,1,LEAK,LEGAL_HR
מסמך זה כולל מידע פנימי על מבצע שקמה ואסור לשתף אותו מחוץ לארגון.,1,LEAK,CONFIDENTIAL_BUSINESS
המסמך כולל תאריך יעד של 22/4/2026 אך אינו מכיל פרטים אישיים.,0,NON_LEAK,BORDERLINE_NON_LEAK
בדוח משאבי האנוש מופיעים נתוני השכר של נועה מזרחי.,1,LEAK,LEGAL_HR
הצוות סיים את פיתוח מערכת קשת ועבר לשלב הבדיקות.,0,NON_LEAK,NON_SENSITIVE_GENERAL
הצוות סיים את פיתוח מוצר הדס ועבר לשלב הבדיקות.,0,NON_LEAK,NON_SENSITIVE_GENERAL
"בדוח מופיעים פרטי חיוב של לקוחות, כולל מספרי חשבון וסכומים.",1,LEAK,FINANCIAL
המסמך כולל תאריך יעד של 20/3/2026 אך אינו מכיל פרטים אישיים.,0,NON_LEAK,BORDERLINE_NON_LEAK
הפגישה עם יועץ משפטי תתקיים ביום ראשון באשדוד.,0,NON_LEAK,NON_SENSITIVE_GENERAL
המסמך כולל תאריך יעד של 17/9/2026 אך אינו מכיל פרטים אישיים.,0,NON_LEAK,BORDERLINE_NON_LEAK
בדוח הרפואי של נועה מזרחי מבית החולים סורוקה מופיע טיפול רגיש.,1,LEAK,HEALTH
שם הפרויקט הוא גרסת אפריל והוא יוצג בישיבת הנהלה.,0,NON_LEAK,BORDERLINE_NON_LEAK
הצוות מבקש להוסיף מסך התחברות חדש למערכת.,0,NON_LEAK,LOW_RISK_CONTEXT
"הקובץ מציג רשימת עובדים עם משכורות, בונוסים וימי מחלה.",1,LEAK,LEGAL_HR
יש לשלוח את הקובץ המעודכן עד סוף היום.,0,NON_LEAK,LOW_RISK_CONTEXT
שם הפרויקט הוא מבצע שקמה והוא יוצג בישיבת הנהלה.,0,NON_LEAK,BORDERLINE_NON_LEAK
קוד האימות שנשלח ליעל לוי הוא 483921.,1,LEAK,AUTH_SECRET
"בדוח הרפואי של רון חדד מבית החולים רמב""ם מופיע טיפול רגיש.",1,LEAK,HEALTH
המערכת החדשה תושק ב7/12/2026 לפי הודעה רשמית שפורסמה לכלל העובדים.,0,NON_LEAK,BORDERLINE_NON_LEAK
הפרויקט עבר לשלב האינטגרציה ונדרשת בדיקת עומסים.,0,NON_LEAK,LOW_RISK_CONTEXT
הצוות סיים את פיתוח פלטפורמת ארז ועבר לשלב הבדיקות.,0,NON_LEAK,NON_SENSITIVE_GENERAL
מספר תעודת הזהות של נועם מזרחי הוא 356582616.,1,LEAK,PII_DIRECT
בדוח הפנימי מופיעים שמות לקוחות אסטרטגיים ותנאי התקשרות.,1,LEAK,CONFIDENTIAL_BUSINESS
הישיבה תתקיים בחדר הגדול בקומה השנייה.,0,NON_LEAK,LOW_RISK_CONTEXT
"מנהל המוצר ביקש לעדכן את הלו""ז ולשתף את הסטטוס.",0,NON_LEAK,LOW_RISK_CONTEXT
"הכתובת של נועם מזרחי היא רחוב הרצל 12, ראשון לציון.",1,LEAK,PII_DIRECT
"פרטי הקשר של שירה אברהם: טלפון 0500071084, מייל shira.avraham@mail.com.",1,LEAK,PII_DIRECT
"מנהל המוצר ביקש לעדכן את הלו""ז ולשתף את הסטטוס.",0,NON_LEAK,LOW_RISK_CONTEXT
"הוכן דוח לקוח עבור בנק הפועלים, הכולל איש קשר בשם יואב לוי ומייל yoav.levi@gmail.com.",1,LEAK,MIXED_BORDERLINE
"הוכן דוח לקוח עבור מיקרוסופט, הכולל איש קשר בשם איתי פרץ ומייל itay.peretz@org.co.il.",1,LEAK,MIXED_BORDERLINE
הצוות מבקש להוסיף מסך התחברות חדש למערכת.,0,NON_LEAK,LOW_RISK_CONTEXT
יש לשלוח את הקובץ המעודכן עד סוף היום.,0,NON_LEAK,LOW_RISK_CONTEXT
הצוות מבקש להוסיף מסך התחברות חדש למערכת.,0,NON_LEAK,LOW_RISK_CONTEXT
בכנס הטכנולוגיה הוצגו מגמות חדשות בתחום הבינה המלאכותית.,0,NON_LEAK,PUBLIC_INFO
החברה הודיעה לציבור על פתיחת מרכז שירות חדש בנתניה.,0,NON_LEAK,PUBLIC_INFO
משה אוחנה עובד בחברת מכבי שירותי בריאות בפתח תקווה.,0,NON_LEAK,NON_SENSITIVE_GENERAL
בנק הפועלים פרסמה הודעה רשמית על הרחבת הפעילות בהרצליה.,0,NON_LEAK,PUBLIC_INFO
המסמך כולל תאריך יעד של 18/3/2026 אך אינו מכיל פרטים אישיים.,0,NON_LEAK,BORDERLINE_NON_LEAK
מפתח ה-API של הסביבה הפנימית נשמר במסמך המצורף.,1,LEAK,AUTH_SECRET
המסמך מסווג פנימי וכולל את תוכנית ההשקה של מוצר הדס.,1,LEAK,CONFIDENTIAL_BUSINESS
יש לשלוח את הקובץ המעודכן עד סוף היום.,0,NON_LEAK,LOW_RISK_CONTEXT
לקראת הפגישה עם מיכל כהן הועבר גם מספר הטלפון האישי שלו: 0544065569.,1,LEAK,MIXED_BORDERLINE
"הכתובת של הילה חדד היא רחוב ויצמן 18, תל אביב.",1,LEAK,PII_DIRECT
הקבוצה תיפגש מחר בבוקר לדיון על תכנון הרבעון הבא.,0,NON_LEAK,NON_SENSITIVE_GENERAL
התיק הרפואי של עידן דנינו מציין אבחנה של אלרגיה חריפה.,1,LEAK,HEALTH
לקראת הפגישה עם רונית פרץ הועבר גם מספר הטלפון האישי שלו: 0512964665.,1,LEAK,MIXED_BORDERLINE
הצוות דן בשיפור חוויית המשתמש של מערכת קשת לקראת הרבעון הבא.,0,NON_LEAK,BORDERLINE_NON_LEAK
מספר הטלפון של הילה חדד הוא 0525926752.,1,LEAK,PII_DIRECT
המסמך כולל תאריך יעד של 26/9/2026 אך אינו מכיל פרטים אישיים.,0,NON_LEAK,BORDERLINE_NON_LEAK
"נא לא לשלוח החוצה את דוח הגבייה של רונית פרץ עם סכום 15,659 ש""ח.",1,LEAK,FINANCIAL
"הפגישה עם מנכ""ל תתקיים ביום ראשון בנתניה.",0,NON_LEAK,NON_SENSITIVE_GENERAL
החברה הודיעה לציבור על פתיחת מרכז שירות חדש בתל אביב.,0,NON_LEAK,PUBLIC_INFO
"הקובץ כולל פרטי גישה למערכת, כולל שם משתמש וסיסמה.",1,LEAK,AUTH_SECRET
מפתח ה-API של הסביבה הפנימית נשמר במסמך המצורף.,1,LEAK,AUTH_SECRET
בדוח הפנימי מופיעים שמות לקוחות אסטרטגיים ותנאי התקשרות.,1,LEAK,CONFIDENTIAL_BUSINESS
בדוח משאבי האנוש מופיעים נתוני השכר של משה אוחנה.,1,LEAK,LEGAL_HR
החברה הודיעה לציבור על פתיחת מרכז שירות חדש בתל אביב.,0,NON_LEAK,PUBLIC_INFO
"הועבר תשלום בגובה 26,761 ש""ח מחשבון 6358178128 של נועם מזרחי.",1,LEAK,FINANCIAL
תאריך ההשקה של מוצר הדס נקבע ל6/6/2026.,1,LEAK,CONFIDENTIAL_BUSINESS
תאריך ההשקה של מערכת קשת נקבע ל13/5/2026.,1,LEAK,CONFIDENTIAL_BUSINESS
בדוח הרפואי של יואב לוי מבית החולים שיבא מופיע טיפול רגיש.,1,LEAK,HEALTH
"הקובץ מציג רשימת עובדים עם משכורות, בונוסים וימי מחלה.",1,LEAK,LEGAL_HR
מסמך זה כולל מידע פנימי על פרויקט ברוש ואסור לשתף אותו מחוץ לארגון.,1,LEAK,CONFIDENTIAL_BUSINESS
Amdocs פרסמה הודעה רשמית על הרחבת הפעילות בתל אביב.,0,NON_LEAK,PUBLIC_INFO
הצוות דן בשיפור חוויית המשתמש של שירות אביב לקראת הרבעון הבא.,0,NON_LEAK,BORDERLINE_NON_LEAK
בדוח משאבי האנוש מופיעים נתוני השכר של מיכל כהן.,1,LEAK,LEGAL_HR
הצעת המחיר הסופית ללקוח תישלח רק לאחר אישור מנהל מוצר.,1,LEAK,CONFIDENTIAL_BUSINESS
המצגת עודכנה וכוללת את סטטוס המשימות לשבוע הקרוב.,0,NON_LEAK,NON_SENSITIVE_GENERAL
"מנהל המוצר ביקש לעדכן את הלו""ז ולשתף את הסטטוס.",0,NON_LEAK,LOW_RISK_CONTEXT
"בדוח מופיעים פרטי חיוב של לקוחות, כולל מספרי חשבון וסכומים.",1,LEAK,FINANCIAL
הקבוצה תיפגש מחר בבוקר לדיון על תכנון הרבעון הבא.,0,NON_LEAK,NON_SENSITIVE_GENERAL
כתובת המייל האישית של שירה אברהם היא shira.avraham@outlook.com.,1,LEAK,PII_DIRECT
המסמך כולל סיכום שימוע של איתי פרץ ופרטים אישיים רגישים.,1,LEAK,LEGAL_HR
"פרטי החשבון של נועה מזרחי: בנק בנק הפועלים, חשבון 9740150350.",1,LEAK,FINANCIAL
הסיסמה הזמנית לחשבון של עידן דנינו היא Welcome2026!.,1,LEAK,AUTH_SECRET
אין להפיץ את תוצאות הבדיקה של יעל לוי שנערכו באסותא.,1,LEAK,HEALTH
הקבוצה תיפגש מחר בבוקר לדיון על תכנון הרבעון הבא.,0,NON_LEAK,NON_SENSITIVE_GENERAL
אלביט פרסמה הודעה רשמית על הרחבת הפעילות באשדוד.,0,NON_LEAK,PUBLIC_INFO
"הצעת המחיר הסופית ללקוח תישלח רק לאחר אישור מנכ""ל.",1,LEAK,CONFIDENTIAL_BUSINESS
"המסמך מכיל מידע רפואי אישי על הילה חדד, כולל אבחנות ותרופות.",1,LEAK,HEALTH
"אין להפיץ את תוצאות הבדיקה של דוד כהן שנערכו ברמב""ם.",1,LEAK,HEALTH
המסמך כולל סיכום שימוע של ניר ביטון ופרטים אישיים רגישים.,1,LEAK,LEGAL_HR
הצוות דן בשיפור חוויית המשתמש של פלטפורמת ארז לקראת הרבעון הבא.,0,NON_LEAK,BORDERLINE_NON_LEAK
מסמך זה כולל מידע פנימי על תוכנית רימון ואסור לשתף אותו מחוץ לארגון.,1,LEAK,CONFIDENTIAL_BUSINESS
הצוות סיים את פיתוח מוצר אופק ועבר לשלב הבדיקות.,0,NON_LEAK,NON_SENSITIVE_GENERAL
הצוות סיים את פיתוח מנוע זית ועבר לשלב הבדיקות.,0,NON_LEAK,NON_SENSITIVE_GENERAL
מסמך זה כולל מידע פנימי על פרויקט ברוש ואסור לשתף אותו מחוץ לארגון.,1,LEAK,CONFIDENTIAL_BUSINESS
כתובת המייל האישית של יואב לוי היא yoav.levi@mail.com.,1,LEAK,PII_DIRECT
הצוות מבקש להוסיף מסך התחברות חדש למערכת.,0,NON_LEAK,LOW_RISK_CONTEXT
הצוות מבקש להוסיף מסך התחברות חדש למערכת.,0,NON_LEAK,LOW_RISK_CONTEXT
הצוות סיים את פיתוח מודול ברק ועבר לשלב הבדיקות.,0,NON_LEAK,NON_SENSITIVE_GENERAL
מסמך זה כולל מידע פנימי על תוכנית רימון ואסור לשתף אותו מחוץ לארגון.,1,LEAK,CONFIDENTIAL_BUSINESS
המצגת עודכנה וכוללת את סטטוס המשימות לשבוע הקרוב.,0,NON_LEAK,NON_SENSITIVE_GENERAL
סיכום הפגישה כולל גם את תאריך ההשקה 9/7/2026 וגם את פרטי הקשר של אלון מלכה.,1,LEAK,MIXED_BORDERLINE
כתובת המייל האישית של מאיה ביטון היא maya.biton@gmail.com.,1,LEAK,PII_DIRECT
הפגישה עם חשב שכר תתקיים ביום ראשון בפתח תקווה.,0,NON_LEAK,NON_SENSITIVE_GENERAL
הצוות דן בשיפור חוויית המשתמש של גרסה 4.2 לקראת הרבעון הבא.,0,NON_LEAK,BORDERLINE_NON_LEAK
כתובת המייל האישית של משה אוחנה היא moshe.ohana@company.co.il.,1,LEAK,PII_DIRECT
בכנס הטכנולוגיה הוצגו מגמות חדשות בתחום הבינה המלאכותית.,0,NON_LEAK,PUBLIC_INFO
הצעת המחיר הסופית ללקוח תישלח רק לאחר אישור יועץ משפטי.,1,LEAK,CONFIDENTIAL_BUSINESS
הצוות דן בשיפור חוויית המשתמש של מוצר הדס לקראת הרבעון הבא.,0,NON_LEAK,BORDERLINE_NON_LEAK
הפגישה עם יועץ משפטי תתקיים ביום ראשון בחיפה.,0,NON_LEAK,NON_SENSITIVE_GENERAL
הקבוצה תיפגש מחר בבוקר לדיון על תכנון הרבעון הבא.,0,NON_LEAK,NON_SENSITIVE_GENERAL
"מנהל המוצר ביקש לעדכן את הלו""ז ולשתף את הסטטוס.",0,NON_LEAK,LOW_RISK_CONTEXT
בפגישה עם מנהל אבטחת מידע סוכם כי מערכת קשת יושק ב9/3/2026.,1,LEAK,CONFIDENTIAL_BUSINESS
"במסמך האישור מופיעים מאיה ביטון, פתח תקווה ומספר הזהות 496404862.",1,LEAK,MIXED_BORDERLINE
המסמך כולל תאריך יעד של 17/3/2026 אך אינו מכיל פרטים אישיים.,0,NON_LEAK,BORDERLINE_NON_LEAK
החברה הודיעה לציבור על פתיחת מרכז שירות חדש בהרצליה.,0,NON_LEAK,PUBLIC_INFO
"בדוח מופיעים פרטי חיוב של לקוחות, כולל מספרי חשבון וסכומים.",1,LEAK,FINANCIAL
סיכום הפגישה כולל גם את תאריך ההשקה 12/5/2026 וגם את פרטי הקשר של ניר ביטון.,1,LEAK,MIXED_BORDERLINE
החברה הודיעה לציבור על פתיחת מרכז שירות חדש בנתניה.,0,NON_LEAK,PUBLIC_INFO
קוד האימות שנשלח לדוד כהן הוא 483921.,1,LEAK,AUTH_SECRET
בכנס הטכנולוגיה הוצגו מגמות חדשות בתחום הבינה המלאכותית.,0,NON_LEAK,PUBLIC_INFO
אין להפיץ את תוצאות הבדיקה של איתי פרץ שנערכו באסותא.,1,LEAK,HEALTH
הפרויקט עבר לשלב האינטגרציה ונדרשת בדיקת עומסים.,0,NON_LEAK,LOW_RISK_CONTEXT
"נא לא לשלוח החוצה את דוח הגבייה של רונית פרץ עם סכום 18,371 ש""ח.",1,LEAK,FINANCIAL
הפרויקט עבר לשלב האינטגרציה ונדרשת בדיקת עומסים.,0,NON_LEAK,LOW_RISK_CONTEXT
האתר הרשמי עודכן עם מסמכי ההדרכה החדשים למשתמשים.,0,NON_LEAK,PUBLIC_INFO
הועבר סיכום כללי של פגישת הנהלה ללא פרטים אישיים.,0,NON_LEAK,BORDERLINE_NON_LEAK
סיכום הפגישה כולל גם את תאריך ההשקה 15/2/2026 וגם את פרטי הקשר של איתי פרץ.,1,LEAK,MIXED_BORDERLINE
שטראוס פרסמה הודעה רשמית על הרחבת הפעילות בראשון לציון.,0,NON_LEAK,PUBLIC_INFO
הישיבה תתקיים בחדר הגדול בקומה השנייה.,0,NON_LEAK,LOW_RISK_CONTEXT
הסיסמה הזמנית לחשבון של מאיה ביטון היא Welcome2026!.,1,LEAK,AUTH_SECRET
הצוות מבקש להוסיף מסך התחברות חדש למערכת.,0,NON_LEAK,LOW_RISK_CONTEXT
הפרויקט עבר לשלב האינטגרציה ונדרשת בדיקת עומסים.,0,NON_LEAK,LOW_RISK_CONTEXT
"אין להפיץ את תוצאות הבדיקה של יואב לוי שנערכו ברמב""ם.",1,LEAK,HEALTH
הישיבה תתקיים בחדר הגדול בקומה השנייה.,0,NON_LEAK,LOW_RISK_CONTEXT
"בדוח מופיעים פרטי חיוב של לקוחות, כולל מספרי חשבון וסכומים.",1,LEAK,FINANCIAL
"נדרש לעדכן את פרטי הלקוח דוד כהן, תעודת זהות 601906681, טלפון 0562837884.",1,LEAK,PII_DIRECT
"הקובץ מציג רשימת עובדים עם משכורות, בונוסים וימי מחלה.",1,LEAK,LEGAL_HR
הישיבה תתקיים בחדר הגדול בקומה השנייה.,0,NON_LEAK,LOW_RISK_CONTEXT
הצוות דן בשיפור חוויית המשתמש של פלטפורמת ארז לקראת הרבעון הבא.,0,NON_LEAK,BORDERLINE_NON_LEAK
המצגת עודכנה וכוללת את סטטוס המשימות לשבוע הקרוב.,0,NON_LEAK,NON_SENSITIVE_GENERAL
בדוח משאבי האנוש מופיעים נתוני השכר של שרון סעדה.,1,LEAK,LEGAL_HR
מיקרוסופט פרסמה הודעה רשמית על הרחבת הפעילות באשדוד.,0,NON_LEAK,PUBLIC_INFO
מסמך זה כולל מידע פנימי על פרויקט ברוש ואסור לשתף אותו מחוץ לארגון.,1,LEAK,CONFIDENTIAL_BUSINESS
אין להפיץ את תוצאות הבדיקה של יואב לוי שנערכו בשיבא.,1,LEAK,HEALTH
לקראת הפגישה עם רון חדד הועבר גם מספר הטלפון האישי שלו: 0563256877.,1,LEAK,MIXED_BORDERLINE
יש לשלוח את הקובץ המעודכן עד סוף היום.,0,NON_LEAK,LOW_RISK_CONTEXT
בדוח הרפואי של טל אוחנה מבית החולים שיבא מופיע טיפול רגיש.,1,LEAK,HEALTH
"הוכן דוח לקוח עבור Amdocs, הכולל איש קשר בשם ליאור מלכה ומייל lior.malka@mail.com.",1,LEAK,MIXED_BORDERLINE
האתר הרשמי עודכן עם מסמכי ההדרכה החדשים למשתמשים.,0,NON_LEAK,PUBLIC_INFO
"הקובץ כולל פרטי גישה למערכת, כולל שם משתמש וסיסמה.",1,LEAK,AUTH_SECRET
בדוח משאבי האנוש מופיעים נתוני השכר של עמית אלקיים.,1,LEAK,LEGAL_HR
הצעת המחיר הסופית ללקוח תישלח רק לאחר אישור ראש צוות.,1,LEAK,CONFIDENTIAL_BUSINESS
המסמך כולל תאריך יעד של 18/5/2026 אך אינו מכיל פרטים אישיים.,0,NON_LEAK,BORDERLINE_NON_LEAK
המסמך כולל סיכום שימוע של יעל לוי ופרטים אישיים רגישים.,1,LEAK,LEGAL_HR
המערכת החדשה תושק ב3/1/2026 לפי הודעה רשמית שפורסמה לכלל העובדים.,0,NON_LEAK,BORDERLINE_NON_LEAK
מסמך זה כולל מידע פנימי על תוכנית רימון ואסור לשתף אותו מחוץ לארגון.,1,LEAK,CONFIDENTIAL_BUSINESS
הישיבה תתקיים בחדר הגדול בקומה השנייה.,0,NON_LEAK,LOW_RISK_CONTEXT
יש לשלוח את הקובץ המעודכן עד סוף היום.,0,NON_LEAK,LOW_RISK_CONTEXT
"הקובץ כולל פרטי גישה למערכת, כולל שם משתמש וסיסמה.",1,LEAK,AUTH_SECRET
המערכת החדשה תושק ב25/8/2026 לפי הודעה רשמית שפורסמה לכלל העובדים.,0,NON_LEAK,BORDERLINE_NON_LEAK
שם הפרויקט הוא פרויקט ברוש והוא יוצג בישיבת הנהלה.,0,NON_LEAK,BORDERLINE_NON_LEAK
סיכום הפגישה כולל גם את תאריך ההשקה 7/4/2026 וגם את פרטי הקשר של עידן דנינו.,1,LEAK,MIXED_BORDERLINE
"נא לא לשלוח החוצה את דוח הגבייה של יואב לוי עם סכום 8,502 ש""ח.",1,LEAK,FINANCIAL
שם הפרויקט הוא פרויקט דרור והוא יוצג בישיבת הנהלה.,0,NON_LEAK,BORDERLINE_NON_LEAK
האתר הרשמי עודכן עם מסמכי ההדרכה החדשים למשתמשים.,0,NON_LEAK,PUBLIC_INFO
החברה הודיעה לציבור על פתיחת מרכז שירות חדש בראשון לציון.,0,NON_LEAK,PUBLIC_INFO
"הקובץ כולל פרטי גישה למערכת, כולל שם משתמש וסיסמה.",1,LEAK,AUTH_SECRET
בדוח משאבי האנוש מופיעים נתוני השכר של נועה מזרחי.,1,LEAK,LEGAL_HR
הצוות מבקש להוסיף מסך התחברות חדש למערכת.,0,NON_LEAK,LOW_RISK_CONTEXT
מסמך זה כולל מידע פנימי על מבצע שקמה ואסור לשתף אותו מחוץ לארגון.,1,LEAK,CONFIDENTIAL_BUSINESS
"במסמך האישור מופיעים איתי פרץ, חיפה ומספר הזהות 373037739.",1,LEAK,MIXED_BORDERLINE
הועבר קובץ עם תלונת משמעת פנימית נגד אורן אברהם.,1,LEAK,LEGAL_HR
"המסמך מכיל מידע רפואי אישי על דוד כהן, כולל אבחנות ותרופות.",1,LEAK,HEALTH
הועבר סיכום כללי של סקר שביעות רצון ללא פרטים אישיים.,0,NON_LEAK,BORDERLINE_NON_LEAK
"הוכן דוח לקוח עבור צ'ק פוינט, הכולל איש קשר בשם ליאור מלכה ומייל lior.malka@gmail.com.",1,LEAK,MIXED_BORDERLINE
החברה הודיעה לציבור על פתיחת מרכז שירות חדש בראשון לציון.,0,NON_LEAK,PUBLIC_INFO
יש לשלוח את הקובץ המעודכן עד סוף היום.,0,NON_LEAK,LOW_RISK_CONTEXT
התיק הרפואי של נועה מזרחי מציין אבחנה של סוכרת.,1,LEAK,HEALTH
כתובת המייל האישית של יואב לוי היא yoav.levi@org.co.il.,1,LEAK,PII_DIRECT
כתובת המייל האישית של שירה אברהם היא shira.avraham@example.co.il.,1,LEAK,PII_DIRECT
בכנס הטכנולוגיה הוצגו מגמות חדשות בתחום הבינה המלאכותית.,0,NON_LEAK,PUBLIC_INFO
"בדוח מופיעים פרטי חיוב של לקוחות, כולל מספרי חשבון וסכומים.",1,LEAK,FINANCIAL
המסמך מסווג פנימי וכולל את תוכנית ההשקה של פרויקט נוגה.,1,LEAK,CONFIDENTIAL_BUSINESS
המסמך כולל תאריך יעד של 15/4/2026 אך אינו מכיל פרטים אישיים.,0,NON_LEAK,BORDERLINE_NON_LEAK
הפרויקט עבר לשלב האינטגרציה ונדרשת בדיקת עומסים.,0,NON_LEAK,LOW_RISK_CONTEXT
המסמך כולל סיכום שימוע של שירה אברהם ופרטים אישיים רגישים.,1,LEAK,LEGAL_HR
המסמך כולל סיכום שימוע של ניר ביטון ופרטים אישיים רגישים.,1,LEAK,LEGAL_HR
תאריך ההשקה של פרויקט נוגה נקבע ל10/8/2026.,1,LEAK,CONFIDENTIAL_BUSINESS
האתר הרשמי עודכן עם מסמכי ההדרכה החדשים למשתמשים.,0,NON_LEAK,PUBLIC_INFO
"המסמך מכיל מידע רפואי אישי על רון חדד, כולל אבחנות ותרופות.",1,LEAK,HEALTH
המערכת החדשה תושק ב2/2/2026 לפי הודעה רשמית שפורסמה לכלל העובדים.,0,NON_LEAK,BORDERLINE_NON_LEAK
הסיסמה הזמנית לחשבון של אלון מלכה היא Welcome2026!.,1,LEAK,AUTH_SECRET
הילה חדד עובד בחברת קופת חולים כללית בירושלים.,0,NON_LEAK,NON_SENSITIVE_GENERAL
החברה הודיעה לציבור על פתיחת מרכז שירות חדש בירושלים.,0,NON_LEAK,PUBLIC_INFO
"פרטי החשבון של שירה אברהם: בנק דיסקונט, חשבון 0029615077.",1,LEAK,FINANCIAL
ניר ביטון עובד בחברת מכבי שירותי בריאות בירושלים.,0,NON_LEAK,NON_SENSITIVE_GENERAL
שם הפרויקט הוא פרויקט דרור והוא יוצג בישיבת הנהלה.,0,NON_LEAK,BORDERLINE_NON_LEAK
אין להפיץ את תוצאות הבדיקה של אורן אברהם שנערכו באיכילוב.,1,LEAK,HEALTH
התיק הרפואי של עמית אלקיים מציין אבחנה של דלקת ריאות.,1,LEAK,HEALTH
הועבר סיכום כללי של דיון שבועי ללא פרטים אישיים.,0,NON_LEAK,BORDERLINE_NON_LEAK
"מנהל המוצר ביקש לעדכן את הלו""ז ולשתף את הסטטוס.",0,NON_LEAK,LOW_RISK_CONTEXT
אין להפיץ את תוצאות הבדיקה של יואב לוי שנערכו באיכילוב.,1,LEAK,HEALTH
סיכום הפגישה כולל גם את תאריך ההשקה 14/3/2026 וגם את פרטי הקשר של עידן דנינו.,1,LEAK,MIXED_BORDERLINE
מסמך זה כולל מידע פנימי על מבצע שקמה ואסור לשתף אותו מחוץ לארגון.,1,LEAK,CONFIDENTIAL_BUSINESS
"הקובץ מציג רשימת עובדים עם משכורות, בונוסים וימי מחלה.",1,LEAK,LEGAL_HR
סיכום הפגישה כולל גם את תאריך ההשקה 28/3/2026 וגם את פרטי הקשר של איתי פרץ.,1,LEAK,MIXED_BORDERLINE
הישיבה תתקיים בחדר הגדול בקומה השנייה.,0,NON_LEAK,LOW_RISK_CONTEXT
הצוות מבקש להוסיף מסך התחברות חדש למערכת.,0,NON_LEAK,LOW_RISK_CONTEXT
הצוות דן בשיפור חוויית המשתמש של מנוע זית לקראת הרבעון הבא.,0,NON_LEAK,BORDERLINE_NON_LEAK
הועבר קובץ עם תלונת משמעת פנימית נגד אלון מלכה.,1,LEAK,LEGAL_HR
סיכום הפגישה כולל גם את תאריך ההשקה 24/8/2026 וגם את פרטי הקשר של שרון סעדה.,1,LEAK,MIXED_BORDERLINE
הפרויקט עבר לשלב האינטגרציה ונדרשת בדיקת עומסים.,0,NON_LEAK,LOW_RISK_CONTEXT
"פרטי הקשר של ליאור מלכה: טלפון 0525511370, מייל lior.malka@org.co.il.",1,LEAK,PII_DIRECT
הפגישה עם מנהלת משאבי אנוש תתקיים ביום ראשון במודיעין.,0,NON_LEAK,NON_SENSITIVE_GENERAL
הפרויקט עבר לשלב האינטגרציה ונדרשת בדיקת עומסים.,0,NON_LEAK,LOW_RISK_CONTEXT
"הקובץ כולל פרטי גישה למערכת, כולל שם משתמש וסיסמה.",1,LEAK,AUTH_SECRET
יש לשלוח את הקובץ המעודכן עד סוף היום.,0,NON_LEAK,LOW_RISK_CONTEXT
מספר כרטיס האשראי של עידן דנינו הוא 2567922131771681.,1,LEAK,FINANCIAL
"הקובץ מציג רשימת עובדים עם משכורות, בונוסים וימי מחלה.",1,LEAK,LEGAL_HR
בדוח משאבי האנוש מופיעים נתוני השכר של הילה חדד.,1,LEAK,LEGAL_HR
הצוות סיים את פיתוח מודול ברק ועבר לשלב הבדיקות.,0,NON_LEAK,NON_SENSITIVE_GENERAL
המצגת עודכנה וכוללת את סטטוס המשימות לשבוע הקרוב.,0,NON_LEAK,NON_SENSITIVE_GENERAL
כתובת המייל האישית של טל אוחנה היא tal.ohana@org.co.il.,1,LEAK,PII_DIRECT
הצוות סיים את פיתוח גרסה 4.2 ועבר לשלב הבדיקות.,0,NON_LEAK,NON_SENSITIVE_GENERAL
בדוח משאבי האנוש מופיעים נתוני השכר של יעל לוי.,1,LEAK,LEGAL_HR
האתר הרשמי עודכן עם מסמכי ההדרכה החדשים למשתמשים.,0,NON_LEAK,PUBLIC_INFO
הועבר קובץ עם תלונת משמעת פנימית נגד נועה מזרחי.,1,LEAK,LEGAL_HR
"המסמך מכיל מידע רפואי אישי על ניר ביטון, כולל אבחנות ותרופות.",1,LEAK,HEALTH
בדוח הרפואי של ליאור מלכה מבית החולים איכילוב מופיע טיפול רגיש.,1,LEAK,HEALTH
החברה הודיעה לציבור על פתיחת מרכז שירות חדש בפתח תקווה.,0,NON_LEAK,PUBLIC_INFO
"פרטי החשבון של נועה מזרחי: בנק מזרחי טפחות, חשבון 1738093737.",1,LEAK,FINANCIAL
לקראת הפגישה עם אלון מלכה הועבר גם מספר הטלפון האישי שלו: 0583907424.,1,LEAK,MIXED_BORDERLINE
מספר תעודת הזהות של מאיה ביטון הוא 344868151.,1,LEAK,PII_DIRECT
הצוות מבקש להוסיף מסך התחברות חדש למערכת.,0,NON_LEAK,LOW_RISK_CONTEXT
בדוח משאבי האנוש מופיעים נתוני השכר של יואב לוי.,1,LEAK,LEGAL_HR
הסיסמה הזמנית לחשבון של הילה חדד היא Welcome2026!.,1,LEAK,AUTH_SECRET
"במסמך האישור מופיעים שירה אברהם, באר שבע ומספר הזהות 714492203.",1,LEAK,MIXED_BORDERLINE
הצוות מבקש להוסיף מסך התחברות חדש למערכת.,0,NON_LEAK,LOW_RISK_CONTEXT
"נא לא לשלוח החוצה את דוח הגבייה של משה אוחנה עם סכום 18,274 ש""ח.",1,LEAK,FINANCIAL
קוד האימות שנשלח לאורן אברהם הוא 483921.,1,LEAK,AUTH_SECRET
בדוח הרפואי של אלון מלכה מבית החולים איכילוב מופיע טיפול רגיש.,1,LEAK,HEALTH
הצוות סיים את פיתוח פלטפורמת ארז ועבר לשלב הבדיקות.,0,NON_LEAK,NON_SENSITIVE_GENERAL
מספר כרטיס האשראי של יואב לוי הוא 1473688091476106.,1,LEAK,FINANCIAL
שם הפרויקט הוא פרויקט דרור והוא יוצג בישיבת הנהלה.,0,NON_LEAK,BORDERLINE_NON_LEAK
"הועבר תשלום בגובה 2,986 ש""ח מחשבון 7553344032 של נועם מזרחי.",1,LEAK,FINANCIAL
לקראת הפגישה עם רון חדד הועבר גם מספר הטלפון האישי שלו: 0531320774.,1,LEAK,MIXED_BORDERLINE
הצוות סיים את פיתוח פלטפורמת ארז ועבר לשלב הבדיקות.,0,NON_LEAK,NON_SENSITIVE_GENERAL
בדוח הרפואי של אלון מלכה מבית החולים סורוקה מופיע טיפול רגיש.,1,LEAK,HEALTH
יש לשלוח את הקובץ המעודכן עד סוף היום.,0,NON_LEAK,LOW_RISK_CONTEXT
"הכתובת של איתי פרץ היא רחוב רוטשילד 21, נתניה.",1,LEAK,PII_DIRECT
התיק הרפואי של נועם מזרחי מציין אבחנה של אלרגיה חריפה.,1,LEAK,HEALTH
הפרויקט עבר לשלב האינטגרציה ונדרשת בדיקת עומסים.,0,NON_LEAK,LOW_RISK_CONTEXT
"הקובץ כולל פרטי גישה למערכת, כולל שם משתמש וסיסמה.",1,LEAK,AUTH_SECRET
הקבוצה תיפגש מחר בבוקר לדיון על תכנון הרבעון הבא.,0,NON_LEAK,NON_SENSITIVE_GENERAL
קוד האימות שנשלח לאיתי פרץ הוא 483921.,1,LEAK,AUTH_SECRET
המסמך כולל תאריך יעד של 26/4/2026 אך אינו מכיל פרטים אישיים.,0,NON_LEAK,BORDERLINE_NON_LEAK
כתובת המייל האישית של רונית פרץ היא ronit.peretz@outlook.com.,1,LEAK,PII_DIRECT
"פרטי החשבון של רונית פרץ: בנק מזרחי טפחות, חשבון 6314665165.",1,LEAK,FINANCIAL
הסיסמה הזמנית לחשבון של טל אוחנה היא Welcome2026!.,1,LEAK,AUTH_SECRET
בדוח משאבי האנוש מופיעים נתוני השכר של ליאור מלכה.,1,LEAK,LEGAL_HR
בכנס הטכנולוגיה הוצגו מגמות חדשות בתחום הבינה המלאכותית.,0,NON_LEAK,PUBLIC_INFO
יש לשלוח את הקובץ המעודכן עד סוף היום.,0,NON_LEAK,LOW_RISK_CONTEXT
המצגת עודכנה וכוללת את סטטוס המשימות לשבוע הקרוב.,0,NON_LEAK,NON_SENSITIVE_GENERAL
המסמך כולל סיכום שימוע של אורן אברהם ופרטים אישיים רגישים.,1,LEAK,LEGAL_HR
בנק הפועלים פרסמה הודעה רשמית על הרחבת הפעילות בירושלים.,0,NON_LEAK,PUBLIC_INFO
בכנס הטכנולוגיה הוצגו מגמות חדשות בתחום הבינה המלאכותית.,0,NON_LEAK,PUBLIC_INFO
הועבר קובץ עם תלונת משמעת פנימית נגד עידן דנינו.,1,LEAK,LEGAL_HR
יש לשלוח את הקובץ המעודכן עד סוף היום.,0,NON_LEAK,LOW_RISK_CONTEXT
בדוח משאבי האנוש מופיעים נתוני השכר של הילה חדד.,1,LEAK,LEGAL_HR
המצגת עודכנה וכוללת את סטטוס המשימות לשבוע הקרוב.,0,NON_LEAK,NON_SENSITIVE_GENERAL
האתר הרשמי עודכן עם מסמכי ההדרכה החדשים למשתמשים.,0,NON_LEAK,PUBLIC_INFO
המסמך כולל תאריך יעד של 8/1/2026 אך אינו מכיל פרטים אישיים.,0,NON_LEAK,BORDERLINE_NON_LEAK
הפרויקט עבר לשלב האינטגרציה ונדרשת בדיקת עומסים.,0,NON_LEAK,LOW_RISK_CONTEXT
האתר הרשמי עודכן עם מסמכי ההדרכה החדשים למשתמשים.,0,NON_LEAK,PUBLIC_INFO
החברה הודיעה לציבור על פתיחת מרכז שירות חדש בפתח תקווה.,0,NON_LEAK,PUBLIC_INFO
"נדרש לעדכן את פרטי הלקוח עמית אלקיים, תעודת זהות 505054141, טלפון 0539210191.",1,LEAK,PII_DIRECT
אין להפיץ את תוצאות הבדיקה של ניר ביטון שנערכו באסותא.,1,LEAK,HEALTH
הועבר קובץ עם תלונת משמעת פנימית נגד איתי פרץ.,1,LEAK,LEGAL_HR
הועבר סיכום כללי של תכנון רבעון ללא פרטים אישיים.,0,NON_LEAK,BORDERLINE_NON_LEAK
"הוכן דוח לקוח עבור מכבי שירותי בריאות, הכולל איש קשר בשם הילה חדד ומייל hila.hadad@outlook.com.",1,LEAK,MIXED_BORDERLINE
הצוות דן בשיפור חוויית המשתמש של מנוע זית לקראת הרבעון הבא.,0,NON_LEAK,BORDERLINE_NON_LEAK
הקבוצה תיפגש מחר בבוקר לדיון על תכנון הרבעון הבא.,0,NON_LEAK,NON_SENSITIVE_GENERAL
המסמך כולל תאריך יעד של 16/11/2026 אך אינו מכיל פרטים אישיים.,0,NON_LEAK,BORDERLINE_NON_LEAK
מספר תעודת הזהות של משה אוחנה הוא 248489216.,1,LEAK,PII_DIRECT
הצוות מבקש להוסיף מסך התחברות חדש למערכת.,0,NON_LEAK,LOW_RISK_CONTEXT
"הקובץ מציג רשימת עובדים עם משכורות, בונוסים וימי מחלה.",1,LEAK,LEGAL_HR
אין להפיץ את תוצאות הבדיקה של ליאור מלכה שנערכו בסורוקה.,1,LEAK,HEALTH
תאריך ההשקה של פלטפורמת ארז נקבע ל2/6/2026.,1,LEAK,CONFIDENTIAL_BUSINESS
שירה אברהם עובד בחברת סלקום בירושלים.,0,NON_LEAK,NON_SENSITIVE_GENERAL
"הכתובת של נועם מזרחי היא רחוב הנביאים 14, רעננה.",1,LEAK,PII_DIRECT
הפרויקט עבר לשלב האינטגרציה ונדרשת בדיקת עומסים.,0,NON_LEAK,LOW_RISK_CONTEXT
"מנהל המוצר ביקש לעדכן את הלו""ז ולשתף את הסטטוס.",0,NON_LEAK,LOW_RISK_CONTEXT
הישיבה תתקיים בחדר הגדול בקומה השנייה.,0,NON_LEAK,LOW_RISK_CONTEXT
האתר הרשמי עודכן עם מסמכי ההדרכה החדשים למשתמשים.,0,NON_LEAK,PUBLIC_INFO
לקראת הפגישה עם הילה חדד הועבר גם מספר הטלפון האישי שלו: 0567685666.,1,LEAK,MIXED_BORDERLINE
בדוח משאבי האנוש מופיעים נתוני השכר של דנה דנינו.,1,LEAK,LEGAL_HR
מסמך זה כולל מידע פנימי על פרויקט דרור ואסור לשתף אותו מחוץ לארגון.,1,LEAK,CONFIDENTIAL_BUSINESS
התיק הרפואי של דנה דנינו מציין אבחנה של לחץ דם גבוה.,1,LEAK,HEALTH
הסיסמה הזמנית לחשבון של דנה דנינו היא Welcome2026!.,1,LEAK,AUTH_SECRET
הועבר סיכום כללי של עדכון סטטוס ללא פרטים אישיים.,0,NON_LEAK,BORDERLINE_NON_LEAK
"נא לא לשלוח החוצה את דוח הגבייה של ליאור מלכה עם סכום 33,358 ש""ח.",1,LEAK,FINANCIAL
"מנהל המוצר ביקש לעדכן את הלו""ז ולשתף את הסטטוס.",0,NON_LEAK,LOW_RISK_CONTEXT
יש לשלוח את הקובץ המעודכן עד סוף היום.,0,NON_LEAK,LOW_RISK_CONTEXT
הועבר קובץ עם תלונת משמעת פנימית נגד אורן אברהם.,1,LEAK,LEGAL_HR
יש לשלוח את הקובץ המעודכן עד סוף היום.,0,NON_LEAK,LOW_RISK_CONTEXT
כתובת המייל האישית של הילה חדד היא hila.hadad@company.co.il.,1,LEAK,PII_DIRECT
התיק הרפואי של עידן דנינו מציין אבחנה של חרדה.,1,LEAK,HEALTH
תאריך ההשקה של מערכת קשת נקבע ל13/11/2026.,1,LEAK,CONFIDENTIAL_BUSINESS
המערכת החדשה תושק ב4/12/2026 לפי הודעה רשמית שפורסמה לכלל העובדים.,0,NON_LEAK,BORDERLINE_NON_LEAK
המצגת עודכנה וכוללת את סטטוס המשימות לשבוע הקרוב.,0,NON_LEAK,NON_SENSITIVE_GENERAL
המסמך מסווג פנימי וכולל את תוכנית ההשקה של מנוע זית.,1,LEAK,CONFIDENTIAL_BUSINESS
הצוות סיים את פיתוח פרויקט נוגה ועבר לשלב הבדיקות.,0,NON_LEAK,NON_SENSITIVE_GENERAL
הצוות סיים את פיתוח מוצר אופק ועבר לשלב הבדיקות.,0,NON_LEAK,NON_SENSITIVE_GENERAL
הצוות סיים את פיתוח מנוע זית ועבר לשלב הבדיקות.,0,NON_LEAK,NON_SENSITIVE_GENERAL
"הועבר תשלום בגובה 29,773 ש""ח מחשבון 7625696228 של מאיה ביטון.",1,LEAK,FINANCIAL
"הקובץ מציג רשימת עובדים עם משכורות, בונוסים וימי מחלה.",1,LEAK,LEGAL_HR
מספר הטלפון של יואב לוי הוא 0595083881.,1,LEAK,PII_DIRECT
המסמך כולל סיכום שימוע של יעל לוי ופרטים אישיים רגישים.,1,LEAK,LEGAL_HR
בדוח הרפואי של רונית פרץ מבית החולים סורוקה מופיע טיפול רגיש.,1,LEAK,HEALTH
הועבר סיכום כללי של דיון שבועי ללא פרטים אישיים.,0,NON_LEAK,BORDERLINE_NON_LEAK
מפתח ה-API של הסביבה הפנימית נשמר במסמך המצורף.,1,LEAK,AUTH_SECRET
הפגישה עם חשב שכר תתקיים ביום ראשון באשדוד.,0,NON_LEAK,NON_SENSITIVE_GENERAL
"המסמך מכיל מידע רפואי אישי על אלון מלכה, כולל אבחנות ותרופות.",1,LEAK,HEALTH
המערכת החדשה תושק ב22/4/2026 לפי הודעה רשמית שפורסמה לכלל העובדים.,0,NON_LEAK,BORDERLINE_NON_LEAK
"הכתובת של נועם מזרחי היא רחוב ביאליק 7, חיפה.",1,LEAK,PII_DIRECT
מספר כרטיס האשראי של עידן דנינו הוא 9514840275511729.,1,LEAK,FINANCIAL
לקראת הפגישה עם איתי פרץ הועבר גם מספר הטלפון האישי שלו: 0570208044.,1,LEAK,MIXED_BORDERLINE
התיק הרפואי של נועם מזרחי מציין אבחנה של דלקת ריאות.,1,LEAK,HEALTH
מפתח ה-API של הסביבה הפנימית נשמר במסמך המצורף.,1,LEAK,AUTH_SECRET
הפגישה עם יועץ משפטי תתקיים ביום ראשון בירושלים.,0,NON_LEAK,NON_SENSITIVE_GENERAL
"המסמך מכיל מידע רפואי אישי על איתי פרץ, כולל אבחנות ותרופות.",1,LEAK,HEALTH
Amdocs פרסמה הודעה רשמית על הרחבת הפעילות ברעננה.,0,NON_LEAK,PUBLIC_INFO
המסמך כולל סיכום שימוע של יעל לוי ופרטים אישיים רגישים.,1,LEAK,LEGAL_HR
הקבוצה תיפגש מחר בבוקר לדיון על תכנון הרבעון הבא.,0,NON_LEAK,NON_SENSITIVE_GENERAL
הישיבה תתקיים בחדר הגדול בקומה השנייה.,0,NON_LEAK,LOW_RISK_CONTEXT
הצעת המחיר הסופית ללקוח תישלח רק לאחר אישור מנהל פיתוח.,1,LEAK,CONFIDENTIAL_BUSINESS
המסמך כולל תאריך יעד של 1/12/2026 אך אינו מכיל פרטים אישיים.,0,NON_LEAK,BORDERLINE_NON_LEAK
"הקובץ כולל פרטי גישה למערכת, כולל שם משתמש וסיסמה.",1,LEAK,AUTH_SECRET
הפרויקט עבר לשלב האינטגרציה ונדרשת בדיקת עומסים.,0,NON_LEAK,LOW_RISK_CONTEXT
טל אוחנה עובד בחברת מכבי שירותי בריאות בנתניה.,0,NON_LEAK,NON_SENSITIVE_GENERAL
"המסמך מכיל מידע רפואי אישי על רון חדד, כולל אבחנות ותרופות.",1,LEAK,HEALTH
התיק הרפואי של רונית פרץ מציין אבחנה של אלרגיה חריפה.,1,LEAK,HEALTH
הצוות סיים את פיתוח מוצר הדס ועבר לשלב הבדיקות.,0,NON_LEAK,NON_SENSITIVE_GENERAL
בכנס הטכנולוגיה הוצגו מגמות חדשות בתחום הבינה המלאכותית.,0,NON_LEAK,PUBLIC_INFO
בכנס הטכנולוגיה הוצגו מגמות חדשות בתחום הבינה המלאכותית.,0,NON_LEAK,PUBLIC_INFO
תאריך ההשקה של פרויקט נוגה נקבע ל19/6/2026.,1,LEAK,CONFIDENTIAL_BUSINESS
הקבוצה תיפגש מחר בבוקר לדיון על תכנון הרבעון הבא.,0,NON_LEAK,NON_SENSITIVE_GENERAL
בדוח משאבי האנוש מופיעים נתוני השכר של נועה מזרחי.,1,LEAK,LEGAL_HR
המסמך כולל סיכום שימוע של ליאור מלכה ופרטים אישיים רגישים.,1,LEAK,LEGAL_HR
בדוח הרפואי של נועה מזרחי מבית החולים שיבא מופיע טיפול רגיש.,1,LEAK,HEALTH
בדוח הרפואי של ליאור מלכה מבית החולים אסותא מופיע טיפול רגיש.,1,LEAK,HEALTH
בכנס הטכנולוגיה הוצגו מגמות חדשות בתחום הבינה המלאכותית.,0,NON_LEAK,PUBLIC_INFO
מפתח ה-API של הסביבה הפנימית נשמר במסמך המצורף.,1,LEAK,AUTH_SECRET
"במסמך האישור מופיעים דוד כהן, ראשון לציון ומספר הזהות 608304527.",1,LEAK,MIXED_BORDERLINE
"הפגישה עם סמנכ""לית כספים תתקיים ביום ראשון באשדוד.",0,NON_LEAK,NON_SENSITIVE_GENERAL
"במסמך האישור מופיעים איתי פרץ, נתניה ומספר הזהות 166498541.",1,LEAK,MIXED_BORDERLINE
"פרטי הקשר של שירה אברהם: טלפון 0536151283, מייל shira.avraham@example.co.il.",1,LEAK,PII_DIRECT
שם הפרויקט הוא גרסת אפריל והוא יוצג בישיבת הנהלה.,0,NON_LEAK,BORDERLINE_NON_LEAK
המסמך כולל תאריך יעד של 4/5/2026 אך אינו מכיל פרטים אישיים.,0,NON_LEAK,BORDERLINE_NON_LEAK
הצוות דן בשיפור חוויית המשתמש של שירות אביב לקראת הרבעון הבא.,0,NON_LEAK,BORDERLINE_NON_LEAK
בפגישה עם חשב שכר סוכם כי פלטפורמת ארז יושק ב14/8/2026.,1,LEAK,CONFIDENTIAL_BUSINESS
הצוות דן בשיפור חוויית המשתמש של שירות אביב לקראת הרבעון הבא.,0,NON_LEAK,BORDERLINE_NON_LEAK
"בדוח מופיעים פרטי חיוב של לקוחות, כולל מספרי חשבון וסכומים.",1,LEAK,FINANCIAL
שם הפרויקט הוא תוכנית רימון והוא יוצג בישיבת הנהלה.,0,NON_LEAK,BORDERLINE_NON_LEAK
הפגישה עם אנליסטית תתקיים ביום ראשון בחיפה.,0,NON_LEAK,NON_SENSITIVE_GENERAL
"מנהל המוצר ביקש לעדכן את הלו""ז ולשתף את הסטטוס.",0,NON_LEAK,LOW_RISK_CONTEXT
בדוח הרפואי של נועה מזרחי מבית החולים אסותא מופיע טיפול רגיש.,1,LEAK,HEALTH
המערכת החדשה תושק ב2/3/2026 לפי הודעה רשמית שפורסמה לכלל העובדים.,0,NON_LEAK,BORDERLINE_NON_LEAK
"מנהל המוצר ביקש לעדכן את הלו""ז ולשתף את הסטטוס.",0,NON_LEAK,LOW_RISK_CONTEXT
הצוות מבקש להוסיף מסך התחברות חדש למערכת.,0,NON_LEAK,LOW_RISK_CONTEXT
בדוח הרפואי של יואב לוי מבית החולים סורוקה מופיע טיפול רגיש.,1,LEAK,HEALTH
בדוח הרפואי של עידן דנינו מבית החולים שיבא מופיע טיפול רגיש.,1,LEAK,HEALTH
המערכת החדשה תושק ב7/3/2026 לפי הודעה רשמית שפורסמה לכלל העובדים.,0,NON_LEAK,BORDERLINE_NON_LEAK
כתובת המייל האישית של אורן אברהם היא oren.avraham@gmail.com.,1,LEAK,PII_DIRECT
הפרויקט עבר לשלב האינטגרציה ונדרשת בדיקת עומסים.,0,NON_LEAK,LOW_RISK_CONTEXT
בכנס הטכנולוגיה הוצגו מגמות חדשות בתחום הבינה המלאכותית.,0,NON_LEAK,PUBLIC_INFO
יואב לוי עובד בחברת שטראוס בחיפה.,0,NON_LEAK,NON_SENSITIVE_GENERAL
האתר הרשמי עודכן עם מסמכי ההדרכה החדשים למשתמשים.,0,NON_LEAK,PUBLIC_INFO
המצגת עודכנה וכוללת את סטטוס המשימות לשבוע הקרוב.,0,NON_LEAK,NON_SENSITIVE_GENERAL
הקבוצה תיפגש מחר בבוקר לדיון על תכנון הרבעון הבא.,0,NON_LEAK,NON_SENSITIVE_GENERAL
אין להפיץ את תוצאות הבדיקה של מאיה ביטון שנערכו באיכילוב.,1,LEAK,HEALTH
הסיסמה הזמנית לחשבון של שירה אברהם היא Welcome2026!.,1,LEAK,AUTH_SECRET
"מנהל המוצר ביקש לעדכן את הלו""ז ולשתף את הסטטוס.",0,NON_LEAK,LOW_RISK_CONTEXT
החברה הודיעה לציבור על פתיחת מרכז שירות חדש בהרצליה.,0,NON_LEAK,PUBLIC_INFO
הועבר סיכום כללי של תכנון רבעון ללא פרטים אישיים.,0,NON_LEAK,BORDERLINE_NON_LEAK
הצוות מבקש להוסיף מסך התחברות חדש למערכת.,0,NON_LEAK,LOW_RISK_CONTEXT
החברה הודיעה לציבור על פתיחת מרכז שירות חדש ברעננה.,0,NON_LEAK,PUBLIC_INFO
הועבר קובץ עם תלונת משמעת פנימית נגד רונית פרץ.,1,LEAK,LEGAL_HR
הפגישה עם מנהל פיתוח תתקיים ביום ראשון בפתח תקווה.,0,NON_LEAK,NON_SENSITIVE_GENERAL
המסמך כולל תאריך יעד של 24/12/2026 אך אינו מכיל פרטים אישיים.,0,NON_LEAK,BORDERLINE_NON_LEAK
מספר הטלפון של הילה חדד הוא 0589641169.,1,LEAK,PII_DIRECT
"נא לא לשלוח החוצה את דוח הגבייה של איתי פרץ עם סכום 26,175 ש""ח.",1,LEAK,FINANCIAL
החברה הודיעה לציבור על פתיחת מרכז שירות חדש בהרצליה.,0,NON_LEAK,PUBLIC_INFO
"הקובץ מציג רשימת עובדים עם משכורות, בונוסים וימי מחלה.",1,LEAK,LEGAL_HR
שם הפרויקט הוא פרויקט ברוש והוא יוצג בישיבת הנהלה.,0,NON_LEAK,BORDERLINE_NON_LEAK
האתר הרשמי עודכן עם מסמכי ההדרכה החדשים למשתמשים.,0,NON_LEAK,PUBLIC_INFO
התיק הרפואי של יעל לוי מציין אבחנה של אסתמה.,1,LEAK,HEALTH
שם הפרויקט הוא תוכנית רימון והוא יוצג בישיבת הנהלה.,0,NON_LEAK,BORDERLINE_NON_LEAK
אין להפיץ את תוצאות הבדיקה של אלון מלכה שנערכו באיכילוב.,1,LEAK,HEALTH
"הפגישה עם מנכ""ל תתקיים ביום ראשון בנתניה.",0,NON_LEAK,NON_SENSITIVE_GENERAL
הועבר סיכום כללי של דיון שבועי ללא פרטים אישיים.,0,NON_LEAK,BORDERLINE_NON_LEAK
המצגת עודכנה וכוללת את סטטוס המשימות לשבוע הקרוב.,0,NON_LEAK,NON_SENSITIVE_GENERAL
יואב לוי עובד בחברת מיקרוסופט במודיעין.,0,NON_LEAK,NON_SENSITIVE_GENERAL
המצגת עודכנה וכוללת את סטטוס המשימות לשבוע הקרוב.,0,NON_LEAK,NON_SENSITIVE_GENERAL
"הכתובת של שירה אברהם היא רחוב העצמאות 44, ראשון לציון.",1,LEAK,PII_DIRECT
יש לשלוח את הקובץ המעודכן עד סוף היום.,0,NON_LEAK,LOW_RISK_CONTEXT
הועבר קובץ עם תלונת משמעת פנימית נגד נועם מזרחי.,1,LEAK,LEGAL_HR
הצוות דן בשיפור חוויית המשתמש של מוצר הדס לקראת הרבעון הבא.,0,NON_LEAK,BORDERLINE_NON_LEAK
בדוח הרפואי של טל אוחנה מבית החולים סורוקה מופיע טיפול רגיש.,1,LEAK,HEALTH
הועבר קובץ עם תלונת משמעת פנימית נגד שירה אברהם.,1,LEAK,LEGAL_HR
הצוות מבקש להוסיף מסך התחברות חדש למערכת.,0,NON_LEAK,LOW_RISK_CONTEXT
שם הפרויקט הוא מבצע שקמה והוא יוצג בישיבת הנהלה.,0,NON_LEAK,BORDERLINE_NON_LEAK
מספר כרטיס האשראי של הילה חדד הוא 0902158434598448.,1,LEAK,FINANCIAL
"הכתובת של רונית פרץ היא רחוב הנביאים 14, נתניה.",1,LEAK,PII_DIRECT
הפגישה עם יועץ משפטי תתקיים ביום ראשון בראשון לציון.,0,NON_LEAK,NON_SENSITIVE_GENERAL
הועבר קובץ עם תלונת משמעת פנימית נגד מאיה ביטון.,1,LEAK,LEGAL_HR
הצוות דן בשיפור חוויית המשתמש של פלטפורמת ארז לקראת הרבעון הבא.,0,NON_LEAK,BORDERLINE_NON_LEAK
מפתח ה-API של הסביבה הפנימית נשמר במסמך המצורף.,1,LEAK,AUTH_SECRET
"מנהל המוצר ביקש לעדכן את הלו""ז ולשתף את הסטטוס.",0,NON_LEAK,LOW_RISK_CONTEXT
הצוות מבקש להוסיף מסך התחברות חדש למערכת.,0,NON_LEAK,LOW_RISK_CONTEXT
שם הפרויקט הוא פרויקט ברוש והוא יוצג בישיבת הנהלה.,0,NON_LEAK,BORDERLINE_NON_LEAK
הקבוצה תיפגש מחר בבוקר לדיון על תכנון הרבעון הבא.,0,NON_LEAK,NON_SENSITIVE_GENERAL
אין להפיץ את תוצאות הבדיקה של עמית אלקיים שנערכו באיכילוב.,1,LEAK,HEALTH
המסמך כולל תאריך יעד של 22/6/2026 אך אינו מכיל פרטים אישיים.,0,NON_LEAK,BORDERLINE_NON_LEAK
התיק הרפואי של דנה דנינו מציין אבחנה של אסתמה.,1,LEAK,HEALTH
המערכת החדשה תושק ב19/2/2026 לפי הודעה רשמית שפורסמה לכלל העובדים.,0,NON_LEAK,BORDERLINE_NON_LEAK
"פרטי החשבון של רונית פרץ: בנק בנק לאומי, חשבון 8487037207.",1,LEAK,FINANCIAL
המסמך כולל תאריך יעד של 15/10/2026 אך אינו מכיל פרטים אישיים.,0,NON_LEAK,BORDERLINE_NON_LEAK
המסמך מסווג פנימי וכולל את תוכנית ההשקה של פלטפורמת ארז.,1,LEAK,CONFIDENTIAL_BUSINESS
אורן אברהם עובד בחברת בנק הפועלים במודיעין.,0,NON_LEAK,NON_SENSITIVE_GENERAL
"מנהל המוצר ביקש לעדכן את הלו""ז ולשתף את הסטטוס.",0,NON_LEAK,LOW_RISK_CONTEXT
"בדוח מופיעים פרטי חיוב של לקוחות, כולל מספרי חשבון וסכומים.",1,LEAK,FINANCIAL
כתובת המייל האישית של נועה מזרחי היא noa.mizrahi@mail.com.,1,LEAK,PII_DIRECT
בזק פרסמה הודעה רשמית על הרחבת הפעילות ברעננה.,0,NON_LEAK,PUBLIC_INFO
"בדוח מופיעים פרטי חיוב של לקוחות, כולל מספרי חשבון וסכומים.",1,LEAK,FINANCIAL
הפרויקט עבר לשלב האינטגרציה ונדרשת בדיקת עומסים.,0,NON_LEAK,LOW_RISK_CONTEXT
בכנס הטכנולוגיה הוצגו מגמות חדשות בתחום הבינה המלאכותית.,0,NON_LEAK,PUBLIC_INFO
שם הפרויקט הוא תוכנית רימון והוא יוצג בישיבת הנהלה.,0,NON_LEAK,BORDERLINE_NON_LEAK
הצוות סיים את פיתוח פלטפורמת ארז ועבר לשלב הבדיקות.,0,NON_LEAK,NON_SENSITIVE_GENERAL
הסיסמה הזמנית לחשבון של ליאור מלכה היא Welcome2026!.,1,LEAK,AUTH_SECRET
"פרטי הקשר של מיכל כהן: טלפון 0586125009, מייל michal.cohen@example.co.il.",1,LEAK,PII_DIRECT
המסמך כולל תאריך יעד של 25/10/2026 אך אינו מכיל פרטים אישיים.,0,NON_LEAK,BORDERLINE_NON_LEAK
הישיבה תתקיים בחדר הגדול בקומה השנייה.,0,NON_LEAK,LOW_RISK_CONTEXT
המסמך כולל תאריך יעד של 20/3/2026 אך אינו מכיל פרטים אישיים.,0,NON_LEAK,BORDERLINE_NON_LEAK
שם הפרויקט הוא מבצע שקמה והוא יוצג בישיבת הנהלה.,0,NON_LEAK,BORDERLINE_NON_LEAK
בדוח הרפואי של רון חדד מבית החולים סורוקה מופיע טיפול רגיש.,1,LEAK,HEALTH
"נא לא לשלוח החוצה את דוח הגבייה של שירה אברהם עם סכום 42,321 ש""ח.",1,LEAK,FINANCIAL
הסיסמה הזמנית לחשבון של יעל לוי היא Welcome2026!.,1,LEAK,AUTH_SECRET
הצוות מבקש להוסיף מסך התחברות חדש למערכת.,0,NON_LEAK,LOW_RISK_CONTEXT
"הוכן דוח לקוח עבור צ'ק פוינט, הכולל איש קשר בשם איתי פרץ ומייל itay.peretz@outlook.com.",1,LEAK,MIXED_BORDERLINE
בכנס הטכנולוגיה הוצגו מגמות חדשות בתחום הבינה המלאכותית.,0,NON_LEAK,PUBLIC_INFO
המסמך כולל תאריך יעד של 8/4/2026 אך אינו מכיל פרטים אישיים.,0,NON_LEAK,BORDERLINE_NON_LEAK
הצוות דן בשיפור חוויית המשתמש של מערכת קשת לקראת הרבעון הבא.,0,NON_LEAK,BORDERLINE_NON_LEAK
"בדוח הרפואי של הילה חדד מבית החולים רמב""ם מופיע טיפול רגיש.",1,LEAK,HEALTH
הצעת המחיר הסופית ללקוח תישלח רק לאחר אישור מנהל אבטחת מידע.,1,LEAK,CONFIDENTIAL_BUSINESS
מפתח ה-API של הסביבה הפנימית נשמר במסמך המצורף.,1,LEAK,AUTH_SECRET
בזק פרסמה הודעה רשמית על הרחבת הפעילות ברעננה.,0,NON_LEAK,PUBLIC_INFO
כתובת המייל האישית של טל אוחנה היא tal.ohana@org.co.il.,1,LEAK,PII_DIRECT
הסיסמה הזמנית לחשבון של איתי פרץ היא Welcome2026!.,1,LEAK,AUTH_SECRET
בפגישה עם חשב שכר סוכם כי גרסה 4.2 יושק ב4/3/2026.,1,LEAK,CONFIDENTIAL_BUSINESS
"הקובץ כולל פרטי גישה למערכת, כולל שם משתמש וסיסמה.",1,LEAK,AUTH_SECRET
הצעת המחיר הסופית ללקוח תישלח רק לאחר אישור אנליסטית.,1,LEAK,CONFIDENTIAL_BUSINESS
תאריך ההשקה של מנוע זית נקבע ל20/1/2026.,1,LEAK,CONFIDENTIAL_BUSINESS
הועבר סיכום כללי של ישיבת צוות ללא פרטים אישיים.,0,NON_LEAK,BORDERLINE_NON_LEAK
בדוח הרפואי של מיכל כהן מבית החולים סורוקה מופיע טיפול רגיש.,1,LEAK,HEALTH
המצגת עודכנה וכוללת את סטטוס המשימות לשבוע הקרוב.,0,NON_LEAK,NON_SENSITIVE_GENERAL
הצוות מבקש להוסיף מסך התחברות חדש למערכת.,0,NON_LEAK,LOW_RISK_CONTEXT
המצגת עודכנה וכוללת את סטטוס המשימות לשבוע הקרוב.,0,NON_LEAK,NON_SENSITIVE_GENERAL
הצוות דן בשיפור חוויית המשתמש של מוצר הדס לקראת הרבעון הבא.,0,NON_LEAK,BORDERLINE_NON_LEAK
לקראת הפגישה עם נועם מזרחי הועבר גם מספר הטלפון האישי שלו: 0501123947.,1,LEAK,MIXED_BORDERLINE
המסמך מסווג פנימי וכולל את תוכנית ההשקה של מוצר הדס.,1,LEAK,CONFIDENTIAL_BUSINESS
קוד האימות שנשלח לנועם מזרחי הוא 483921.,1,LEAK,AUTH_SECRET
התיק הרפואי של עידן דנינו מציין אבחנה של אלרגיה חריפה.,1,LEAK,HEALTH
אין להפיץ את תוצאות הבדיקה של מיכל כהן שנערכו באסותא.,1,LEAK,HEALTH
"המסמך מכיל מידע רפואי אישי על מיכל כהן, כולל אבחנות ותרופות.",1,LEAK,HEALTH
"במסמך האישור מופיעים הילה חדד, פתח תקווה ומספר הזהות 314647797.",1,LEAK,MIXED_BORDERLINE
"הכתובת של משה אוחנה היא רחוב בן גוריון 5, ראשון לציון.",1,LEAK,PII_DIRECT
המצגת עודכנה וכוללת את סטטוס המשימות לשבוע הקרוב.,0,NON_LEAK,NON_SENSITIVE_GENERAL
הצוות סיים את פיתוח פלטפורמת ארז ועבר לשלב הבדיקות.,0,NON_LEAK,NON_SENSITIVE_GENERAL
"הקובץ כולל פרטי גישה למערכת, כולל שם משתמש וסיסמה.",1,LEAK,AUTH_SECRET
המסמך כולל סיכום שימוע של דוד כהן ופרטים אישיים רגישים.,1,LEAK,LEGAL_HR
התיק הרפואי של יעל לוי מציין אבחנה של דלקת ריאות.,1,LEAK,HEALTH
תאריך ההשקה של מנוע זית נקבע ל17/8/2026.,1,LEAK,CONFIDENTIAL_BUSINESS
המצגת עודכנה וכוללת את סטטוס המשימות לשבוע הקרוב.,0,NON_LEAK,NON_SENSITIVE_GENERAL
הצעת המחיר הסופית ללקוח תישלח רק לאחר אישור אנליסטית.,1,LEAK,CONFIDENTIAL_BUSINESS
המסמך כולל סיכום שימוע של אלון מלכה ופרטים אישיים רגישים.,1,LEAK,LEGAL_HR
צ'ק פוינט פרסמה הודעה רשמית על הרחבת הפעילות בנתניה.,0,NON_LEAK,PUBLIC_INFO
הסיסמה הזמנית לחשבון של נועם מזרחי היא Welcome2026!.,1,LEAK,AUTH_SECRET
החברה הודיעה לציבור על פתיחת מרכז שירות חדש באשדוד.,0,NON_LEAK,PUBLIC_INFO
בכנס הטכנולוגיה הוצגו מגמות חדשות בתחום הבינה המלאכותית.,0,NON_LEAK,PUBLIC_INFO
הפרויקט עבר לשלב האינטגרציה ונדרשת בדיקת עומסים.,0,NON_LEAK,LOW_RISK_CONTEXT
"הוכן דוח לקוח עבור בנק הפועלים, הכולל איש קשר בשם רונית פרץ ומייל ronit.peretz@outlook.com.",1,LEAK,MIXED_BORDERLINE
"נא לא לשלוח החוצה את דוח הגבייה של רון חדד עם סכום 5,303 ש""ח.",1,LEAK,FINANCIAL
יש לשלוח את הקובץ המעודכן עד סוף היום.,0,NON_LEAK,LOW_RISK_CONTEXT
האתר הרשמי עודכן עם מסמכי ההדרכה החדשים למשתמשים.,0,NON_LEAK,PUBLIC_INFO
"פרטי החשבון של יואב לוי: בנק דיסקונט, חשבון 4818186734.",1,LEAK,FINANCIAL
הצוות דן בשיפור חוויית המשתמש של מוצר אופק לקראת הרבעון הבא.,0,NON_LEAK,BORDERLINE_NON_LEAK
הצוות סיים את פיתוח מנוע זית ועבר לשלב הבדיקות.,0,NON_LEAK,NON_SENSITIVE_GENERAL
הפרויקט עבר לשלב האינטגרציה ונדרשת בדיקת עומסים.,0,NON_LEAK,LOW_RISK_CONTEXT
אין להפיץ את תוצאות הבדיקה של דוד כהן שנערכו באסותא.,1,LEAK,HEALTH
מפתח ה-API של הסביבה הפנימית נשמר במסמך המצורף.,1,LEAK,AUTH_SECRET
המערכת החדשה תושק ב25/8/2026 לפי הודעה רשמית שפורסמה לכלל העובדים.,0,NON_LEAK,BORDERLINE_NON_LEAK
הפרויקט עבר לשלב האינטגרציה ונדרשת בדיקת עומסים.,0,NON_LEAK,LOW_RISK_CONTEXT
"המסמך מכיל מידע רפואי אישי על מיכל כהן, כולל אבחנות ותרופות.",1,LEAK,HEALTH
מפתח ה-API של הסביבה הפנימית נשמר במסמך המצורף.,1,LEAK,AUTH_SECRET
הפגישה עם מנהל אבטחת מידע תתקיים ביום ראשון בפתח תקווה.,0,NON_LEAK,NON_SENSITIVE_GENERAL
החברה הודיעה לציבור על פתיחת מרכז שירות חדש בראשון לציון.,0,NON_LEAK,PUBLIC_INFO
"הכתובת של איתי פרץ היא רחוב ביאליק 7, באר שבע.",1,LEAK,PII_DIRECT
התיק הרפואי של טל אוחנה מציין אבחנה של סוכרת.,1,LEAK,HEALTH
האתר הרשמי עודכן עם מסמכי ההדרכה החדשים למשתמשים.,0,NON_LEAK,PUBLIC_INFO
אין להפיץ את תוצאות הבדיקה של טל אוחנה שנערכו בסורוקה.,1,LEAK,HEALTH
הישיבה תתקיים בחדר הגדול בקומה השנייה.,0,NON_LEAK,LOW_RISK_CONTEXT
הישיבה תתקיים בחדר הגדול בקומה השנייה.,0,NON_LEAK,LOW_RISK_CONTEXT
המסמך כולל תאריך יעד של 12/9/2026 אך אינו מכיל פרטים אישיים.,0,NON_LEAK,BORDERLINE_NON_LEAK
המסמך כולל תאריך יעד של 6/2/2026 אך אינו מכיל פרטים אישיים.,0,NON_LEAK,BORDERLINE_NON_LEAK
מפתח ה-API של הסביבה הפנימית נשמר במסמך המצורף.,1,LEAK,AUTH_SECRET
"בדוח מופיעים פרטי חיוב של לקוחות, כולל מספרי חשבון וסכומים.",1,LEAK,FINANCIAL
הצוות סיים את פיתוח מוצר הדס ועבר לשלב הבדיקות.,0,NON_LEAK,NON_SENSITIVE_GENERAL
"נא לא לשלוח החוצה את דוח הגבייה של רון חדד עם סכום 5,449 ש""ח.",1,LEAK,FINANCIAL
מספר הטלפון של רון חדד הוא 0580474159.,1,LEAK,PII_DIRECT
בדוח הפנימי מופיעים שמות לקוחות אסטרטגיים ותנאי התקשרות.,1,LEAK,CONFIDENTIAL_BUSINESS
"הוכן דוח לקוח עבור Amdocs, הכולל איש קשר בשם יואב לוי ומייל yoav.levi@outlook.com.",1,LEAK,MIXED_BORDERLINE
יש לשלוח את הקובץ המעודכן עד סוף היום.,0,NON_LEAK,LOW_RISK_CONTEXT
המערכת החדשה תושק ב4/1/2026 לפי הודעה רשמית שפורסמה לכלל העובדים.,0,NON_LEAK,BORDERLINE_NON_LEAK
המצגת עודכנה וכוללת את סטטוס המשימות לשבוע הקרוב.,0,NON_LEAK,NON_SENSITIVE_GENERAL
קופת חולים כללית פרסמה הודעה רשמית על הרחבת הפעילות בבאר שבע.,0,NON_LEAK,PUBLIC_INFO
כתובת המייל האישית של יואב לוי היא yoav.levi@outlook.com.,1,LEAK,PII_DIRECT
"המסמך מכיל מידע רפואי אישי על אורן אברהם, כולל אבחנות ותרופות.",1,LEAK,HEALTH
שם הפרויקט הוא תוכנית רימון והוא יוצג בישיבת הנהלה.,0,NON_LEAK,BORDERLINE_NON_LEAK
"המסמך מכיל מידע רפואי אישי על אלון מלכה, כולל אבחנות ותרופות.",1,LEAK,HEALTH
המסמך כולל סיכום שימוע של רונית פרץ ופרטים אישיים רגישים.,1,LEAK,LEGAL_HR
מסמך זה כולל מידע פנימי על פרויקט דרור ואסור לשתף אותו מחוץ לארגון.,1,LEAK,CONFIDENTIAL_BUSINESS
"מנהל המוצר ביקש לעדכן את הלו""ז ולשתף את הסטטוס.",0,NON_LEAK,LOW_RISK_CONTEXT
הצעת המחיר הסופית ללקוח תישלח רק לאחר אישור ראש צוות.,1,LEAK,CONFIDENTIAL_BUSINESS
תאריך ההשקה של שירות אביב נקבע ל20/11/2026.,1,LEAK,CONFIDENTIAL_BUSINESS
דנה דנינו עובד בחברת מכבי שירותי בריאות בחיפה.,0,NON_LEAK,NON_SENSITIVE_GENERAL
הועבר קובץ עם תלונת משמעת פנימית נגד הילה חדד.,1,LEAK,LEGAL_HR
האתר הרשמי עודכן עם מסמכי ההדרכה החדשים למשתמשים.,0,NON_LEAK,PUBLIC_INFO
הסיסמה הזמנית לחשבון של הילה חדד היא Welcome2026!.,1,LEAK,AUTH_SECRET
הצוות מבקש להוסיף מסך התחברות חדש למערכת.,0,NON_LEAK,LOW_RISK_CONTEXT
הצוות מבקש להוסיף מסך התחברות חדש למערכת.,0,NON_LEAK,LOW_RISK_CONTEXT
סיכום הפגישה כולל גם את תאריך ההשקה 24/10/2026 וגם את פרטי הקשר של ניר ביטון.,1,LEAK,MIXED_BORDERLINE
הפגישה עם יועץ משפטי תתקיים ביום ראשון בחיפה.,0,NON_LEAK,NON_SENSITIVE_GENERAL
קוד האימות שנשלח למיכל כהן הוא 483921.,1,LEAK,AUTH_SECRET
בפגישה עם מנהלת משאבי אנוש סוכם כי שירות אביב יושק ב3/7/2026.,1,LEAK,CONFIDENTIAL_BUSINESS
המצגת עודכנה וכוללת את סטטוס המשימות לשבוע הקרוב.,0,NON_LEAK,NON_SENSITIVE_GENERAL
"נא לא לשלוח החוצה את דוח הגבייה של רונית פרץ עם סכום 17,268 ש""ח.",1,LEAK,FINANCIAL
צ'ק פוינט פרסמה הודעה רשמית על הרחבת הפעילות בבאר שבע.,0,NON_LEAK,PUBLIC_INFO
דנה דנינו עובד בחברת גוגל ישראל בבאר שבע.,0,NON_LEAK,NON_SENSITIVE_GENERAL
מספר תעודת הזהות של מאיה ביטון הוא 576398520.,1,LEAK,PII_DIRECT
האתר הרשמי עודכן עם מסמכי ההדרכה החדשים למשתמשים.,0,NON_LEAK,PUBLIC_INFO
כתובת המייל האישית של אלון מלכה היא alon.malka@gmail.com.,1,LEAK,PII_DIRECT
בדוח הפנימי מופיעים שמות לקוחות אסטרטגיים ותנאי התקשרות.,1,LEAK,CONFIDENTIAL_BUSINESS
יש לשלוח את הקובץ המעודכן עד סוף היום.,0,NON_LEAK,LOW_RISK_CONTEXT
סיכום הפגישה כולל גם את תאריך ההשקה 16/1/2026 וגם את פרטי הקשר של דנה דנינו.,1,LEAK,MIXED_BORDERLINE
"הקובץ כולל פרטי גישה למערכת, כולל שם משתמש וסיסמה.",1,LEAK,AUTH_SECRET
"פרטי החשבון של שירה אברהם: בנק בנק הפועלים, חשבון 6217925596.",1,LEAK,FINANCIAL
"הכתובת של ניר ביטון היא רחוב ביאליק 7, מודיעין.",1,LEAK,PII_DIRECT
החברה הודיעה לציבור על פתיחת מרכז שירות חדש בהרצליה.,0,NON_LEAK,PUBLIC_INFO
כתובת המייל האישית של שרון סעדה היא sharon.saada@org.co.il.,1,LEAK,PII_DIRECT
בכנס הטכנולוגיה הוצגו מגמות חדשות בתחום הבינה המלאכותית.,0,NON_LEAK,PUBLIC_INFO
האתר הרשמי עודכן עם מסמכי ההדרכה החדשים למשתמשים.,0,NON_LEAK,PUBLIC_INFO
סיכום הפגישה כולל גם את תאריך ההשקה 8/6/2026 וגם את פרטי הקשר של אלון מלכה.,1,LEAK,MIXED_BORDERLINE
הפרויקט עבר לשלב האינטגרציה ונדרשת בדיקת עומסים.,0,NON_LEAK,LOW_RISK_CONTEXT
המצגת עודכנה וכוללת את סטטוס המשימות לשבוע הקרוב.,0,NON_LEAK,NON_SENSITIVE_GENERAL
המסמך כולל תאריך יעד של 15/6/2026 אך אינו מכיל פרטים אישיים.,0,NON_LEAK,BORDERLINE_NON_LEAK
הצוות דן בשיפור חוויית המשתמש של מנוע זית לקראת הרבעון הבא.,0,NON_LEAK,BORDERLINE_NON_LEAK
החברה הודיעה לציבור על פתיחת מרכז שירות חדש במודיעין.,0,NON_LEAK,PUBLIC_INFO
בדוח משאבי האנוש מופיעים נתוני השכר של ליאור מלכה.,1,LEAK,LEGAL_HR
החברה הודיעה לציבור על פתיחת מרכז שירות חדש ברעננה.,0,NON_LEAK,PUBLIC_INFO
הפגישה עם חשב שכר תתקיים ביום ראשון בפתח תקווה.,0,NON_LEAK,NON_SENSITIVE_GENERAL
בכנס הטכנולוגיה הוצגו מגמות חדשות בתחום הבינה המלאכותית.,0,NON_LEAK,PUBLIC_INFO
הועבר סיכום כללי של פגישת הנהלה ללא פרטים אישיים.,0,NON_LEAK,BORDERLINE_NON_LEAK
המסמך כולל תאריך יעד של 3/5/2026 אך אינו מכיל פרטים אישיים.,0,NON_LEAK,BORDERLINE_NON_LEAK
הועבר סיכום כללי של ישיבת צוות ללא פרטים אישיים.,0,NON_LEAK,BORDERLINE_NON_LEAK
המסמך כולל תאריך יעד של 28/9/2026 אך אינו מכיל פרטים אישיים.,0,NON_LEAK,BORDERLINE_NON_LEAK
הישיבה תתקיים בחדר הגדול בקומה השנייה.,0,NON_LEAK,LOW_RISK_CONTEXT
"במסמך האישור מופיעים נועה מזרחי, אשדוד ומספר הזהות 097382516.",1,LEAK,MIXED_BORDERLINE
יש לשלוח את הקובץ המעודכן עד סוף היום.,0,NON_LEAK,LOW_RISK_CONTEXT
הועבר סיכום כללי של פגישת הנהלה ללא פרטים אישיים.,0,NON_LEAK,BORDERLINE_NON_LEAK
"פרטי הקשר של אורן אברהם: טלפון 0526122453, מייל oren.avraham@org.co.il.",1,LEAK,PII_DIRECT
"הכתובת של רונית פרץ היא רחוב בן גוריון 5, תל אביב.",1,LEAK,PII_DIRECT
"פרטי החשבון של נועם מזרחי: בנק דיסקונט, חשבון 5906982665.",1,LEAK,FINANCIAL
"הוכן דוח לקוח עבור מכבי שירותי בריאות, הכולל איש קשר בשם שירה אברהם ומייל shira.avraham@company.co.il.",1,LEAK,MIXED_BORDERLINE
הפגישה עם מנהל אבטחת מידע תתקיים ביום ראשון בחיפה.,0,NON_LEAK,NON_SENSITIVE_GENERAL
יש לשלוח את הקובץ המעודכן עד סוף היום.,0,NON_LEAK,LOW_RISK_CONTEXT
מספר כרטיס האשראי של טל אוחנה הוא 6645161791934134.,1,LEAK,FINANCIAL
המערכת החדשה תושק ב27/6/2026 לפי הודעה רשמית שפורסמה לכלל העובדים.,0,NON_LEAK,BORDERLINE_NON_LEAK
"במסמך האישור מופיעים רון חדד, חיפה ומספר הזהות 914467388.",1,LEAK,MIXED_BORDERLINE
הועבר סיכום כללי של תכנון רבעון ללא פרטים אישיים.,0,NON_LEAK,BORDERLINE_NON_LEAK
מפתח ה-API של הסביבה הפנימית נשמר במסמך המצורף.,1,LEAK,AUTH_SECRET
הקבוצה תיפגש מחר בבוקר לדיון על תכנון הרבעון הבא.,0,NON_LEAK,NON_SENSITIVE_GENERAL
"הוכן דוח לקוח עבור בזק, הכולל איש קשר בשם שירה אברהם ומייל shira.avraham@org.co.il.",1,LEAK,MIXED_BORDERLINE
המסמך מסווג פנימי וכולל את תוכנית ההשקה של פלטפורמת ארז.,1,LEAK,CONFIDENTIAL_BUSINESS
הועבר קובץ עם תלונת משמעת פנימית נגד דוד כהן.,1,LEAK,LEGAL_HR
החברה הודיעה לציבור על פתיחת מרכז שירות חדש בנתניה.,0,NON_LEAK,PUBLIC_INFO
המצגת עודכנה וכוללת את סטטוס המשימות לשבוע הקרוב.,0,NON_LEAK,NON_SENSITIVE_GENERAL
הועבר סיכום כללי של עדכון סטטוס ללא פרטים אישיים.,0,NON_LEAK,BORDERLINE_NON_LEAK
"בדוח הרפואי של יעל לוי מבית החולים רמב""ם מופיע טיפול רגיש.",1,LEAK,HEALTH
הצוות סיים את פיתוח פרויקט נוגה ועבר לשלב הבדיקות.,0,NON_LEAK,NON_SENSITIVE_GENERAL
הסיסמה הזמנית לחשבון של רונית פרץ היא Welcome2026!.,1,LEAK,AUTH_SECRET
קוד האימות שנשלח למשה אוחנה הוא 483921.,1,LEAK,AUTH_SECRET
"הועבר תשלום בגובה 4,943 ש""ח מחשבון 4152866574 של עמית אלקיים.",1,LEAK,FINANCIAL
יש לשלוח את הקובץ המעודכן עד סוף היום.,0,NON_LEAK,LOW_RISK_CONTEXT
מיקרוסופט פרסמה הודעה רשמית על הרחבת הפעילות במודיעין.,0,NON_LEAK,PUBLIC_INFO
הצוות סיים את פיתוח מוצר אופק ועבר לשלב הבדיקות.,0,NON_LEAK,NON_SENSITIVE_GENERAL
"מנהל המוצר ביקש לעדכן את הלו""ז ולשתף את הסטטוס.",0,NON_LEAK,LOW_RISK_CONTEXT
יש לשלוח את הקובץ המעודכן עד סוף היום.,0,NON_LEAK,LOW_RISK_CONTEXT
אין להפיץ את תוצאות הבדיקה של משה אוחנה שנערכו באסותא.,1,LEAK,HEALTH
שם הפרויקט הוא תוכנית רימון והוא יוצג בישיבת הנהלה.,0,NON_LEAK,BORDERLINE_NON_LEAK
שם הפרויקט הוא מבצע שקמה והוא יוצג בישיבת הנהלה.,0,NON_LEAK,BORDERLINE_NON_LEAK
הצוות סיים את פיתוח מוצר אופק ועבר לשלב הבדיקות.,0,NON_LEAK,NON_SENSITIVE_GENERAL
"במסמך האישור מופיעים איתי פרץ, באר שבע ומספר הזהות 510327471.",1,LEAK,MIXED_BORDERLINE
קוד האימות שנשלח לרון חדד הוא 483921.,1,LEAK,AUTH_SECRET
מספר כרטיס האשראי של רון חדד הוא 8593534710153508.,1,LEAK,FINANCIAL
המערכת החדשה תושק ב26/7/2026 לפי הודעה רשמית שפורסמה לכלל העובדים.,0,NON_LEAK,BORDERLINE_NON_LEAK
בדוח הפנימי מופיעים שמות לקוחות אסטרטגיים ותנאי התקשרות.,1,LEAK,CONFIDENTIAL_BUSINESS
החברה הודיעה לציבור על פתיחת מרכז שירות חדש ברעננה.,0,NON_LEAK,PUBLIC_INFO
המסמך כולל תאריך יעד של 22/9/2026 אך אינו מכיל פרטים אישיים.,0,NON_LEAK,BORDERLINE_NON_LEAK
המסמך מסווג פנימי וכולל את תוכנית ההשקה של מודול ברק.,1,LEAK,CONFIDENTIAL_BUSINESS
"פרטי הקשר של עידן דנינו: טלפון 0597878529, מייל idan.danino@gmail.com.",1,LEAK,PII_DIRECT
החברה הודיעה לציבור על פתיחת מרכז שירות חדש בפתח תקווה.,0,NON_LEAK,PUBLIC_INFO
מספר כרטיס האשראי של דנה דנינו הוא 6645355352172874.,1,LEAK,FINANCIAL
הצוות דן בשיפור חוויית המשתמש של מוצר הדס לקראת הרבעון הבא.,0,NON_LEAK,BORDERLINE_NON_LEAK
הועבר קובץ עם תלונת משמעת פנימית נגד רונית פרץ.,1,LEAK,LEGAL_HR
הצוות מבקש להוסיף מסך התחברות חדש למערכת.,0,NON_LEAK,LOW_RISK_CONTEXT
יש לשלוח את הקובץ המעודכן עד סוף היום.,0,NON_LEAK,LOW_RISK_CONTEXT
מכבי שירותי בריאות פרסמה הודעה רשמית על הרחבת הפעילות בחיפה.,0,NON_LEAK,PUBLIC_INFO
"בפגישה עם סמנכ""לית כספים סוכם כי מוצר הדס יושק ב16/11/2026.",1,LEAK,CONFIDENTIAL_BUSINESS
"נא לא לשלוח החוצה את דוח הגבייה של איתי פרץ עם סכום 32,349 ש""ח.",1,LEAK,FINANCIAL
שירה אברהם עובד בחברת מכבי שירותי בריאות במודיעין.,0,NON_LEAK,NON_SENSITIVE_GENERAL
מספר תעודת הזהות של רונית פרץ הוא 488242670.,1,LEAK,PII_DIRECT
הצוות מבקש להוסיף מסך התחברות חדש למערכת.,0,NON_LEAK,LOW_RISK_CONTEXT
הועבר סיכום כללי של פגישת הנהלה ללא פרטים אישיים.,0,NON_LEAK,BORDERLINE_NON_LEAK
הצוות מבקש להוסיף מסך התחברות חדש למערכת.,0,NON_LEAK,LOW_RISK_CONTEXT
הקבוצה תיפגש מחר בבוקר לדיון על תכנון הרבעון הבא.,0,NON_LEAK,NON_SENSITIVE_GENERAL
התיק הרפואי של יואב לוי מציין אבחנה של דיכאון.,1,LEAK,HEALTH
"במסמך האישור מופיעים משה אוחנה, רעננה ומספר הזהות 607133153.",1,LEAK,MIXED_BORDERLINE
בכנס הטכנולוגיה הוצגו מגמות חדשות בתחום הבינה המלאכותית.,0,NON_LEAK,PUBLIC_INFO
סיכום הפגישה כולל גם את תאריך ההשקה 11/6/2026 וגם את פרטי הקשר של דנה דנינו.,1,LEAK,MIXED_BORDERLINE
"נא לא לשלוח החוצה את דוח הגבייה של נועה מזרחי עם סכום 28,901 ש""ח.",1,LEAK,FINANCIAL
הועבר סיכום כללי של ישיבת צוות ללא פרטים אישיים.,0,NON_LEAK,BORDERLINE_NON_LEAK
הצוות מבקש להוסיף מסך התחברות חדש למערכת.,0,NON_LEAK,LOW_RISK_CONTEXT
בדוח הפנימי מופיעים שמות לקוחות אסטרטגיים ותנאי התקשרות.,1,LEAK,CONFIDENTIAL_BUSINESS
הפגישה עם מנהל פיתוח תתקיים ביום ראשון בראשון לציון.,0,NON_LEAK,NON_SENSITIVE_GENERAL
הפרויקט עבר לשלב האינטגרציה ונדרשת בדיקת עומסים.,0,NON_LEAK,LOW_RISK_CONTEXT
יש לשלוח את הקובץ המעודכן עד סוף היום.,0,NON_LEAK,LOW_RISK_CONTEXT
מפתח ה-API של הסביבה הפנימית נשמר במסמך המצורף.,1,LEAK,AUTH_SECRET
הצעת המחיר הסופית ללקוח תישלח רק לאחר אישור אנליסטית.,1,LEAK,CONFIDENTIAL_BUSINESS
"הועבר תשלום בגובה 33,284 ש""ח מחשבון 3288762565 של איתי פרץ.",1,LEAK,FINANCIAL
רפאל פרסמה הודעה רשמית על הרחבת הפעילות באשדוד.,0,NON_LEAK,PUBLIC_INFO
בדוח משאבי האנוש מופיעים נתוני השכר של ניר ביטון.,1,LEAK,LEGAL_HR
שם הפרויקט הוא גרסת אפריל והוא יוצג בישיבת הנהלה.,0,NON_LEAK,BORDERLINE_NON_LEAK
הועבר סיכום כללי של תכנון רבעון ללא פרטים אישיים.,0,NON_LEAK,BORDERLINE_NON_LEAK
המסמך כולל סיכום שימוע של רונית פרץ ופרטים אישיים רגישים.,1,LEAK,LEGAL_HR
רפאל פרסמה הודעה רשמית על הרחבת הפעילות בראשון לציון.,0,NON_LEAK,PUBLIC_INFO
הצוות סיים את פיתוח מודול ברק ועבר לשלב הבדיקות.,0,NON_LEAK,NON_SENSITIVE_GENERAL
הצוות סיים את פיתוח מערכת קשת ועבר לשלב הבדיקות.,0,NON_LEAK,NON_SENSITIVE_GENERAL
"פרטי החשבון של ניר ביטון: בנק בנק לאומי, חשבון 4373906279.",1,LEAK,FINANCIAL
"הקובץ מציג רשימת עובדים עם משכורות, בונוסים וימי מחלה.",1,LEAK,LEGAL_HR
תאריך ההשקה של פלטפורמת ארז נקבע ל23/11/2026.,1,LEAK,CONFIDENTIAL_BUSINESS
יש לשלוח את הקובץ המעודכן עד סוף היום.,0,NON_LEAK,LOW_RISK_CONTEXT
הישיבה תתקיים בחדר הגדול בקומה השנייה.,0,NON_LEAK,LOW_RISK_CONTEXT
"הקובץ מציג רשימת עובדים עם משכורות, בונוסים וימי מחלה.",1,LEAK,LEGAL_HR
מספר תעודת הזהות של רון חדד הוא 982190951.,1,LEAK,PII_DIRECT
הסיסמה הזמנית לחשבון של איתי פרץ היא Welcome2026!.,1,LEAK,AUTH_SECRET
"הקובץ כולל פרטי גישה למערכת, כולל שם משתמש וסיסמה.",1,LEAK,AUTH_SECRET
המסמך מסווג פנימי וכולל את תוכנית ההשקה של מערכת קשת.,1,LEAK,CONFIDENTIAL_BUSINESS
המצגת עודכנה וכוללת את סטטוס המשימות לשבוע הקרוב.,0,NON_LEAK,NON_SENSITIVE_GENERAL
החברה הודיעה לציבור על פתיחת מרכז שירות חדש בראשון לציון.,0,NON_LEAK,PUBLIC_INFO
המערכת החדשה תושק ב23/6/2026 לפי הודעה רשמית שפורסמה לכלל העובדים.,0,NON_LEAK,BORDERLINE_NON_LEAK
הצוות סיים את פיתוח מוצר הדס ועבר לשלב הבדיקות.,0,NON_LEAK,NON_SENSITIVE_GENERAL
החברה הודיעה לציבור על פתיחת מרכז שירות חדש בפתח תקווה.,0,NON_LEAK,PUBLIC_INFO
"הקובץ מציג רשימת עובדים עם משכורות, בונוסים וימי מחלה.",1,LEAK,LEGAL_HR
סיכום הפגישה כולל גם את תאריך ההשקה 4/8/2026 וגם את פרטי הקשר של רונית פרץ.,1,LEAK,MIXED_BORDERLINE
סיכום הפגישה כולל גם את תאריך ההשקה 3/1/2026 וגם את פרטי הקשר של יעל לוי.,1,LEAK,MIXED_BORDERLINE
הפרויקט עבר לשלב האינטגרציה ונדרשת בדיקת עומסים.,0,NON_LEAK,LOW_RISK_CONTEXT
יש לשלוח את הקובץ המעודכן עד סוף היום.,0,NON_LEAK,LOW_RISK_CONTEXT
מסמך זה כולל מידע פנימי על מבצע שקמה ואסור לשתף אותו מחוץ לארגון.,1,LEAK,CONFIDENTIAL_BUSINESS
הפרויקט עבר לשלב האינטגרציה ונדרשת בדיקת עומסים.,0,NON_LEAK,LOW_RISK_CONTEXT
הפרויקט עבר לשלב האינטגרציה ונדרשת בדיקת עומסים.,0,NON_LEAK,LOW_RISK_CONTEXT
הצוות דן בשיפור חוויית המשתמש של פלטפורמת ארז לקראת הרבעון הבא.,0,NON_LEAK,BORDERLINE_NON_LEAK
המסמך מסווג פנימי וכולל את תוכנית ההשקה של מודול ברק.,1,LEAK,CONFIDENTIAL_BUSINESS
מסמך זה כולל מידע פנימי על פרויקט דרור ואסור לשתף אותו מחוץ לארגון.,1,LEAK,CONFIDENTIAL_BUSINESS
הצוות סיים את פיתוח פלטפורמת ארז ועבר לשלב הבדיקות.,0,NON_LEAK,NON_SENSITIVE_GENERAL
קוד האימות שנשלח להילה חדד הוא 483921.,1,LEAK,AUTH_SECRET
סיכום הפגישה כולל גם את תאריך ההשקה 15/5/2026 וגם את פרטי הקשר של איתי פרץ.,1,LEAK,MIXED_BORDERLINE
"פרטי הקשר של אורן אברהם: טלפון 0552825086, מייל oren.avraham@example.co.il.",1,LEAK,PII_DIRECT
המצגת עודכנה וכוללת את סטטוס המשימות לשבוע הקרוב.,0,NON_LEAK,NON_SENSITIVE_GENERAL
מפתח ה-API של הסביבה הפנימית נשמר במסמך המצורף.,1,LEAK,AUTH_SECRET
בדוח משאבי האנוש מופיעים נתוני השכר של הילה חדד.,1,LEAK,LEGAL_HR
מכבי שירותי בריאות פרסמה הודעה רשמית על הרחבת הפעילות בבאר שבע.,0,NON_LEAK,PUBLIC_INFO
המערכת החדשה תושק ב10/3/2026 לפי הודעה רשמית שפורסמה לכלל העובדים.,0,NON_LEAK,BORDERLINE_NON_LEAK
"המסמך מכיל מידע רפואי אישי על מאיה ביטון, כולל אבחנות ותרופות.",1,LEAK,HEALTH
שירה אברהם עובד בחברת Amdocs בנתניה.,0,NON_LEAK,NON_SENSITIVE_GENERAL
התיק הרפואי של עידן דנינו מציין אבחנה של דלקת ריאות.,1,LEAK,HEALTH
"במסמך האישור מופיעים מאיה ביטון, מודיעין ומספר הזהות 607733618.",1,LEAK,MIXED_BORDERLINE
הישיבה תתקיים בחדר הגדול בקומה השנייה.,0,NON_LEAK,LOW_RISK_CONTEXT
"פרטי החשבון של רון חדד: בנק בנק הפועלים, חשבון 8664912675.",1,LEAK,FINANCIAL
הועבר סיכום כללי של עדכון סטטוס ללא פרטים אישיים.,0,NON_LEAK,BORDERLINE_NON_LEAK
מספר הטלפון של נועם מזרחי הוא 0513770324.,1,LEAK,PII_DIRECT
"פרטי החשבון של משה אוחנה: בנק בנק לאומי, חשבון 4914575453.",1,LEAK,FINANCIAL
בכנס הטכנולוגיה הוצגו מגמות חדשות בתחום הבינה המלאכותית.,0,NON_LEAK,PUBLIC_INFO
אין להפיץ את תוצאות הבדיקה של איתי פרץ שנערכו בשיבא.,1,LEAK,HEALTH
החברה הודיעה לציבור על פתיחת מרכז שירות חדש בהרצליה.,0,NON_LEAK,PUBLIC_INFO
אין להפיץ את תוצאות הבדיקה של שירה אברהם שנערכו בשיבא.,1,LEAK,HEALTH
גוגל ישראל פרסמה הודעה רשמית על הרחבת הפעילות באשדוד.,0,NON_LEAK,PUBLIC_INFO
"מנהל המוצר ביקש לעדכן את הלו""ז ולשתף את הסטטוס.",0,NON_LEAK,LOW_RISK_CONTEXT
בפגישה עם חשב שכר סוכם כי מנוע זית יושק ב23/11/2026.,1,LEAK,CONFIDENTIAL_BUSINESS
הצוות סיים את פיתוח פרויקט נוגה ועבר לשלב הבדיקות.,0,NON_LEAK,NON_SENSITIVE_GENERAL
מספר הטלפון של יעל לוי הוא 0526008355.,1,LEAK,PII_DIRECT
הפרויקט עבר לשלב האינטגרציה ונדרשת בדיקת עומסים.,0,NON_LEAK,LOW_RISK_CONTEXT
"פרטי החשבון של יואב לוי: בנק בנק לאומי, חשבון 3326059378.",1,LEAK,FINANCIAL
הועבר סיכום כללי של דיון שבועי ללא פרטים אישיים.,0,NON_LEAK,BORDERLINE_NON_LEAK
המסמך מסווג פנימי וכולל את תוכנית ההשקה של מנוע זית.,1,LEAK,CONFIDENTIAL_BUSINESS
הצוות סיים את פיתוח מודול ברק ועבר לשלב הבדיקות.,0,NON_LEAK,NON_SENSITIVE_GENERAL
המערכת החדשה תושק ב10/8/2026 לפי הודעה רשמית שפורסמה לכלל העובדים.,0,NON_LEAK,BORDERLINE_NON_LEAK
"הועבר תשלום בגובה 39,710 ש""ח מחשבון 1480814863 של רונית פרץ.",1,LEAK,FINANCIAL
"הוכן דוח לקוח עבור נייס, הכולל איש קשר בשם אלון מלכה ומייל alon.malka@gmail.com.",1,LEAK,MIXED_BORDERLINE
"הפגישה עם מנכ""ל תתקיים ביום ראשון בבאר שבע.",0,NON_LEAK,NON_SENSITIVE_GENERAL
"הכתובת של עמית אלקיים היא רחוב הגליל 3, מודיעין.",1,LEAK,PII_DIRECT
שם הפרויקט הוא תוכנית רימון והוא יוצג בישיבת הנהלה.,0,NON_LEAK,BORDERLINE_NON_LEAK
"הועבר תשלום בגובה 11,860 ש""ח מחשבון 9723537834 של משה אוחנה.",1,LEAK,FINANCIAL
"הקובץ מציג רשימת עובדים עם משכורות, בונוסים וימי מחלה.",1,LEAK,LEGAL_HR
מסמך זה כולל מידע פנימי על תוכנית רימון ואסור לשתף אותו מחוץ לארגון.,1,LEAK,CONFIDENTIAL_BUSINESS
"במסמך האישור מופיעים שרון סעדה, באר שבע ומספר הזהות 833124001.",1,LEAK,MIXED_BORDERLINE
החברה הודיעה לציבור על פתיחת מרכז שירות חדש במודיעין.,0,NON_LEAK,PUBLIC_INFO
מפתח ה-API של הסביבה הפנימית נשמר במסמך המצורף.,1,LEAK,AUTH_SECRET
"בדוח הרפואי של דוד כהן מבית החולים רמב""ם מופיע טיפול רגיש.",1,LEAK,HEALTH
הועבר קובץ עם תלונת משמעת פנימית נגד הילה חדד.,1,LEAK,LEGAL_HR
הפרויקט עבר לשלב האינטגרציה ונדרשת בדיקת עומסים.,0,NON_LEAK,LOW_RISK_CONTEXT
הצוות דן בשיפור חוויית המשתמש של מוצר אופק לקראת הרבעון הבא.,0,NON_LEAK,BORDERLINE_NON_LEAK
"הועבר תשלום בגובה 42,980 ש""ח מחשבון 2309586425 של אורן אברהם.",1,LEAK,FINANCIAL
בדוח הפנימי מופיעים שמות לקוחות אסטרטגיים ותנאי התקשרות.,1,LEAK,CONFIDENTIAL_BUSINESS
"הקובץ כולל פרטי גישה למערכת, כולל שם משתמש וסיסמה.",1,LEAK,AUTH_SECRET
שם הפרויקט הוא פרויקט דרור והוא יוצג בישיבת הנהלה.,0,NON_LEAK,BORDERLINE_NON_LEAK
"פרטי הקשר של נועם מזרחי: טלפון 0504122623, מייל noam.mizrahi@company.co.il.",1,LEAK,PII_DIRECT
רפאל פרסמה הודעה רשמית על הרחבת הפעילות בירושלים.,0,NON_LEAK,PUBLIC_INFO
קוד האימות שנשלח לאיתי פרץ הוא 483921.,1,LEAK,AUTH_SECRET
יש לשלוח את הקובץ המעודכן עד סוף היום.,0,NON_LEAK,LOW_RISK_CONTEXT
הועבר קובץ עם תלונת משמעת פנימית נגד מאיה ביטון.,1,LEAK,LEGAL_HR
הועבר סיכום כללי של פגישת הנהלה ללא פרטים אישיים.,0,NON_LEAK,BORDERLINE_NON_LEAK
יעל לוי עובד בחברת צ'ק פוינט בחיפה.,0,NON_LEAK,NON_SENSITIVE_GENERAL
"נא לא לשלוח החוצה את דוח הגבייה של דוד כהן עם סכום 21,210 ש""ח.",1,LEAK,FINANCIAL
"הכתובת של ליאור מלכה היא רחוב הזית 11, באר שבע.",1,LEAK,PII_DIRECT
שם הפרויקט הוא פרויקט ברוש והוא יוצג בישיבת הנהלה.,0,NON_LEAK,BORDERLINE_NON_LEAK
הקבוצה תיפגש מחר בבוקר לדיון על תכנון הרבעון הבא.,0,NON_LEAK,NON_SENSITIVE_GENERAL
"הקובץ מציג רשימת עובדים עם משכורות, בונוסים וימי מחלה.",1,LEAK,LEGAL_HR
האתר הרשמי עודכן עם מסמכי ההדרכה החדשים למשתמשים.,0,NON_LEAK,PUBLIC_INFO
בפגישה עם יועץ משפטי סוכם כי מוצר הדס יושק ב22/3/2026.,1,LEAK,CONFIDENTIAL_BUSINESS
המצגת עודכנה וכוללת את סטטוס המשימות לשבוע הקרוב.,0,NON_LEAK,NON_SENSITIVE_GENERAL
בדוח משאבי האנוש מופיעים נתוני השכר של אלון מלכה.,1,LEAK,LEGAL_HR
תאריך ההשקה של מודול ברק נקבע ל7/6/2026.,1,LEAK,CONFIDENTIAL_BUSINESS
סיכום הפגישה כולל גם את תאריך ההשקה 6/2/2026 וגם את פרטי הקשר של משה אוחנה.,1,LEAK,MIXED_BORDERLINE
התיק הרפואי של ניר ביטון מציין אבחנה של סוכרת.,1,LEAK,HEALTH
גוגל ישראל פרסמה הודעה רשמית על הרחבת הפעילות באשדוד.,0,NON_LEAK,PUBLIC_INFO
יש לשלוח את הקובץ המעודכן עד סוף היום.,0,NON_LEAK,LOW_RISK_CONTEXT
המצגת עודכנה וכוללת את סטטוס המשימות לשבוע הקרוב.,0,NON_LEAK,NON_SENSITIVE_GENERAL
החברה הודיעה לציבור על פתיחת מרכז שירות חדש בנתניה.,0,NON_LEAK,PUBLIC_INFO
המערכת החדשה תושק ב21/2/2026 לפי הודעה רשמית שפורסמה לכלל העובדים.,0,NON_LEAK,BORDERLINE_NON_LEAK
מפתח ה-API של הסביבה הפנימית נשמר במסמך המצורף.,1,LEAK,AUTH_SECRET
"הועבר תשלום בגובה 26,930 ש""ח מחשבון 2646120214 של נועם מזרחי.",1,LEAK,FINANCIAL
אין להפיץ את תוצאות הבדיקה של רון חדד שנערכו בסורוקה.,1,LEAK,HEALTH
"הצעת המחיר הסופית ללקוח תישלח רק לאחר אישור סמנכ""לית כספים.",1,LEAK,CONFIDENTIAL_BUSINESS
המערכת החדשה תושק ב7/12/2026 לפי הודעה רשמית שפורסמה לכלל העובדים.,0,NON_LEAK,BORDERLINE_NON_LEAK
האתר הרשמי עודכן עם מסמכי ההדרכה החדשים למשתמשים.,0,NON_LEAK,PUBLIC_INFO
לקראת הפגישה עם איתי פרץ הועבר גם מספר הטלפון האישי שלו: 0583691880.,1,LEAK,MIXED_BORDERLINE
יש לשלוח את הקובץ המעודכן עד סוף היום.,0,NON_LEAK,LOW_RISK_CONTEXT
הצוות דן בשיפור חוויית המשתמש של מערכת קשת לקראת הרבעון הבא.,0,NON_LEAK,BORDERLINE_NON_LEAK
"הקובץ מציג רשימת עובדים עם משכורות, בונוסים וימי מחלה.",1,LEAK,LEGAL_HR
הצוות דן בשיפור חוויית המשתמש של מוצר הדס לקראת הרבעון הבא.,0,NON_LEAK,BORDERLINE_NON_LEAK
"אין להפיץ את תוצאות הבדיקה של דנה דנינו שנערכו ברמב""ם.",1,LEAK,HEALTH
האתר הרשמי עודכן עם מסמכי ההדרכה החדשים למשתמשים.,0,NON_LEAK,PUBLIC_INFO
יש לשלוח את הקובץ המעודכן עד סוף היום.,0,NON_LEAK,LOW_RISK_CONTEXT
סיכום הפגישה כולל גם את תאריך ההשקה 16/6/2026 וגם את פרטי הקשר של שרון סעדה.,1,LEAK,MIXED_BORDERLINE
מפתח ה-API של הסביבה הפנימית נשמר במסמך המצורף.,1,LEAK,AUTH_SECRET
בדוח משאבי האנוש מופיעים נתוני השכר של יואב לוי.,1,LEAK,LEGAL_HR
המערכת החדשה תושק ב4/10/2026 לפי הודעה רשמית שפורסמה לכלל העובדים.,0,NON_LEAK,BORDERLINE_NON_LEAK
"הוכן דוח לקוח עבור שטראוס, הכולל איש קשר בשם רון חדד ומייל ron.hadad@company.co.il.",1,LEAK,MIXED_BORDERLINE
מספר הטלפון של נועה מזרחי הוא 0519213369.,1,LEAK,PII_DIRECT
האתר הרשמי עודכן עם מסמכי ההדרכה החדשים למשתמשים.,0,NON_LEAK,PUBLIC_INFO
תאריך ההשקה של מודול ברק נקבע ל16/11/2026.,1,LEAK,CONFIDENTIAL_BUSINESS
ניר ביטון עובד בחברת רפאל ברעננה.,0,NON_LEAK,NON_SENSITIVE_GENERAL
המצגת עודכנה וכוללת את סטטוס המשימות לשבוע הקרוב.,0,NON_LEAK,NON_SENSITIVE_GENERAL
"הקובץ מציג רשימת עובדים עם משכורות, בונוסים וימי מחלה.",1,LEAK,LEGAL_HR
הישיבה תתקיים בחדר הגדול בקומה השנייה.,0,NON_LEAK,LOW_RISK_CONTEXT
"בדוח הרפואי של דנה דנינו מבית החולים רמב""ם מופיע טיפול רגיש.",1,LEAK,HEALTH
"מנהל המוצר ביקש לעדכן את הלו""ז ולשתף את הסטטוס.",0,NON_LEAK,LOW_RISK_CONTEXT
הקבוצה תיפגש מחר בבוקר לדיון על תכנון הרבעון הבא.,0,NON_LEAK,NON_SENSITIVE_GENERAL
תאריך ההשקה של שירות אביב נקבע ל22/2/2026.,1,LEAK,CONFIDENTIAL_BUSINESS
הפגישה עם מנהל אבטחת מידע תתקיים ביום ראשון בירושלים.,0,NON_LEAK,NON_SENSITIVE_GENERAL
בכנס הטכנולוגיה הוצגו מגמות חדשות בתחום הבינה המלאכותית.,0,NON_LEAK,PUBLIC_INFO
הפגישה עם מנהל אבטחת מידע תתקיים ביום ראשון בנתניה.,0,NON_LEAK,NON_SENSITIVE_GENERAL
בכנס הטכנולוגיה הוצגו מגמות חדשות בתחום הבינה המלאכותית.,0,NON_LEAK,PUBLIC_INFO
"הקובץ מציג רשימת עובדים עם משכורות, בונוסים וימי מחלה.",1,LEAK,LEGAL_HR
ליאור מלכה עובד בחברת צ'ק פוינט בבאר שבע.,0,NON_LEAK,NON_SENSITIVE_GENERAL
"הכתובת של מאיה ביטון היא רחוב ויצמן 18, פתח תקווה.",1,LEAK,PII_DIRECT
הפרויקט עבר לשלב האינטגרציה ונדרשת בדיקת עומסים.,0,NON_LEAK,LOW_RISK_CONTEXT
"הועבר תשלום בגובה 4,118 ש""ח מחשבון 9088691039 של ליאור מלכה.",1,LEAK,FINANCIAL
הקבוצה תיפגש מחר בבוקר לדיון על תכנון הרבעון הבא.,0,NON_LEAK,NON_SENSITIVE_GENERAL
הפרויקט עבר לשלב האינטגרציה ונדרשת בדיקת עומסים.,0,NON_LEAK,LOW_RISK_CONTEXT
הפרויקט עבר לשלב האינטגרציה ונדרשת בדיקת עומסים.,0,NON_LEAK,LOW_RISK_CONTEXT
הסיסמה הזמנית לחשבון של אלון מלכה היא Welcome2026!.,1,LEAK,AUTH_SECRET
"מנהל המוצר ביקש לעדכן את הלו""ז ולשתף את הסטטוס.",0,NON_LEAK,LOW_RISK_CONTEXT
"בדוח מופיעים פרטי חיוב של לקוחות, כולל מספרי חשבון וסכומים.",1,LEAK,FINANCIAL
"בפגישה עם סמנכ""לית כספים סוכם כי פלטפורמת ארז יושק ב15/6/2026.",1,LEAK,CONFIDENTIAL_BUSINESS
הצוות סיים את פיתוח מערכת קשת ועבר לשלב הבדיקות.,0,NON_LEAK,NON_SENSITIVE_GENERAL
הקבוצה תיפגש מחר בבוקר לדיון על תכנון הרבעון הבא.,0,NON_LEAK,NON_SENSITIVE_GENERAL
הסיסמה הזמנית לחשבון של דוד כהן היא Welcome2026!.,1,LEAK,AUTH_SECRET
מפתח ה-API של הסביבה הפנימית נשמר במסמך המצורף.,1,LEAK,AUTH_SECRET
"פרטי הקשר של עמית אלקיים: טלפון 0528344466, מייל amit.elkayim@company.co.il.",1,LEAK,PII_DIRECT
סלקום פרסמה הודעה רשמית על הרחבת הפעילות בירושלים.,0,NON_LEAK,PUBLIC_INFO
הועבר סיכום כללי של ישיבת צוות ללא פרטים אישיים.,0,NON_LEAK,BORDERLINE_NON_LEAK
הצוות סיים את פיתוח פרויקט נוגה ועבר לשלב הבדיקות.,0,NON_LEAK,NON_SENSITIVE_GENERAL
המערכת החדשה תושק ב6/8/2026 לפי הודעה רשמית שפורסמה לכלל העובדים.,0,NON_LEAK,BORDERLINE_NON_LEAK
המסמך כולל תאריך יעד של 23/9/2026 אך אינו מכיל פרטים אישיים.,0,NON_LEAK,BORDERLINE_NON_LEAK
הצוות סיים את פיתוח פלטפורמת ארז ועבר לשלב הבדיקות.,0,NON_LEAK,NON_SENSITIVE_GENERAL
קוד האימות שנשלח לעמית אלקיים הוא 483921.,1,LEAK,AUTH_SECRET
"בדוח מופיעים פרטי חיוב של לקוחות, כולל מספרי חשבון וסכומים.",1,LEAK,FINANCIAL
המצגת עודכנה וכוללת את סטטוס המשימות לשבוע הקרוב.,0,NON_LEAK,NON_SENSITIVE_GENERAL
"פרטי החשבון של דנה דנינו: בנק דיסקונט, חשבון 9223347891.",1,LEAK,FINANCIAL
קוד האימות שנשלח לעידן דנינו הוא 483921.,1,LEAK,AUTH_SECRET
המסמך כולל תאריך יעד של 10/5/2026 אך אינו מכיל פרטים אישיים.,0,NON_LEAK,BORDERLINE_NON_LEAK
יש לשלוח את הקובץ המעודכן עד סוף היום.,0,NON_LEAK,LOW_RISK_CONTEXT
החברה הודיעה לציבור על פתיחת מרכז שירות חדש בנתניה.,0,NON_LEAK,PUBLIC_INFO
"הוכן דוח לקוח עבור רפאל, הכולל איש קשר בשם דוד כהן ומייל david.cohen@example.co.il.",1,LEAK,MIXED_BORDERLINE
המערכת החדשה תושק ב5/3/2026 לפי הודעה רשמית שפורסמה לכלל העובדים.,0,NON_LEAK,BORDERLINE_NON_LEAK
הסיסמה הזמנית לחשבון של אלון מלכה היא Welcome2026!.,1,LEAK,AUTH_SECRET
בכנס הטכנולוגיה הוצגו מגמות חדשות בתחום הבינה המלאכותית.,0,NON_LEAK,PUBLIC_INFO
הפרויקט עבר לשלב האינטגרציה ונדרשת בדיקת עומסים.,0,NON_LEAK,LOW_RISK_CONTEXT
"הוכן דוח לקוח עבור אלביט, הכולל איש קשר בשם דוד כהן ומייל david.cohen@org.co.il.",1,LEAK,MIXED_BORDERLINE
הצעת המחיר הסופית ללקוח תישלח רק לאחר אישור מנהל אבטחת מידע.,1,LEAK,CONFIDENTIAL_BUSINESS
"נא לא לשלוח החוצה את דוח הגבייה של אורן אברהם עם סכום 34,937 ש""ח.",1,LEAK,FINANCIAL
מפתח ה-API של הסביבה הפנימית נשמר במסמך המצורף.,1,LEAK,AUTH_SECRET
הועבר סיכום כללי של סקר שביעות רצון ללא פרטים אישיים.,0,NON_LEAK,BORDERLINE_NON_LEAK
מפתח ה-API של הסביבה הפנימית נשמר במסמך המצורף.,1,LEAK,AUTH_SECRET
"הכתובת של נועם מזרחי היא רחוב הרצל 12, נתניה.",1,LEAK,PII_DIRECT
"נדרש לעדכן את פרטי הלקוח עמית אלקיים, תעודת זהות 244363706, טלפון 0583449850.",1,LEAK,PII_DIRECT
בפגישה עם מנהלת משאבי אנוש סוכם כי גרסה 4.2 יושק ב28/6/2026.,1,LEAK,CONFIDENTIAL_BUSINESS
התיק הרפואי של יואב לוי מציין אבחנה של לחץ דם גבוה.,1,LEAK,HEALTH
סלקום פרסמה הודעה רשמית על הרחבת הפעילות בבאר שבע.,0,NON_LEAK,PUBLIC_INFO
"מנהל המוצר ביקש לעדכן את הלו""ז ולשתף את הסטטוס.",0,NON_LEAK,LOW_RISK_CONTEXT
סיכום הפגישה כולל גם את תאריך ההשקה 17/9/2026 וגם את פרטי הקשר של דנה דנינו.,1,LEAK,MIXED_BORDERLINE
האתר הרשמי עודכן עם מסמכי ההדרכה החדשים למשתמשים.,0,NON_LEAK,PUBLIC_INFO
"הקובץ כולל פרטי גישה למערכת, כולל שם משתמש וסיסמה.",1,LEAK,AUTH_SECRET
הועבר קובץ עם תלונת משמעת פנימית נגד נועם מזרחי.,1,LEAK,LEGAL_HR
רפאל פרסמה הודעה רשמית על הרחבת הפעילות בפתח תקווה.,0,NON_LEAK,PUBLIC_INFO
"הקובץ מציג רשימת עובדים עם משכורות, בונוסים וימי מחלה.",1,LEAK,LEGAL_HR
קוד האימות שנשלח למאיה ביטון הוא 483921.,1,LEAK,AUTH_SECRET
התיק הרפואי של דנה דנינו מציין אבחנה של סוכרת.,1,LEAK,HEALTH
מסמך זה כולל מידע פנימי על פרויקט דרור ואסור לשתף אותו מחוץ לארגון.,1,LEAK,CONFIDENTIAL_BUSINESS
מפתח ה-API של הסביבה הפנימית נשמר במסמך המצורף.,1,LEAK,AUTH_SECRET
מספר הטלפון של יואב לוי הוא 0564241562.,1,LEAK,PII_DIRECT
הסיסמה הזמנית לחשבון של נועה מזרחי היא Welcome2026!.,1,LEAK,AUTH_SECRET
הישיבה תתקיים בחדר הגדול בקומה השנייה.,0,NON_LEAK,LOW_RISK_CONTEXT
החברה הודיעה לציבור על פתיחת מרכז שירות חדש בבאר שבע.,0,NON_LEAK,PUBLIC_INFO
סיכום הפגישה כולל גם את תאריך ההשקה 18/11/2026 וגם את פרטי הקשר של עמית אלקיים.,1,LEAK,MIXED_BORDERLINE
הפגישה עם מנהל אבטחת מידע תתקיים ביום ראשון באשדוד.,0,NON_LEAK,NON_SENSITIVE_GENERAL
"פרטי הקשר של דנה דנינו: טלפון 0539918561, מייל dana.danino@gmail.com.",1,LEAK,PII_DIRECT
המצגת עודכנה וכוללת את סטטוס המשימות לשבוע הקרוב.,0,NON_LEAK,NON_SENSITIVE_GENERAL
"המסמך מכיל מידע רפואי אישי על יעל לוי, כולל אבחנות ותרופות.",1,LEAK,HEALTH
עידן דנינו עובד בחברת בנק לאומי בבאר שבע.,0,NON_LEAK,NON_SENSITIVE_GENERAL
מסמך זה כולל מידע פנימי על פרויקט ברוש ואסור לשתף אותו מחוץ לארגון.,1,LEAK,CONFIDENTIAL_BUSINESS
התיק הרפואי של שרון סעדה מציין אבחנה של לחץ דם גבוה.,1,LEAK,HEALTH
"נא לא לשלוח החוצה את דוח הגבייה של רונית פרץ עם סכום 5,582 ש""ח.",1,LEAK,FINANCIAL
רפאל פרסמה הודעה רשמית על הרחבת הפעילות ברעננה.,0,NON_LEAK,PUBLIC_INFO
בכנס הטכנולוגיה הוצגו מגמות חדשות בתחום הבינה המלאכותית.,0,NON_LEAK,PUBLIC_INFO
בזק פרסמה הודעה רשמית על הרחבת הפעילות בירושלים.,0,NON_LEAK,PUBLIC_INFO
האתר הרשמי עודכן עם מסמכי ההדרכה החדשים למשתמשים.,0,NON_LEAK,PUBLIC_INFO
הפגישה עם ראש צוות תתקיים ביום ראשון בראשון לציון.,0,NON_LEAK,NON_SENSITIVE_GENERAL
הקבוצה תיפגש מחר בבוקר לדיון על תכנון הרבעון הבא.,0,NON_LEAK,NON_SENSITIVE_GENERAL
"הועבר תשלום בגובה 14,282 ש""ח מחשבון 0393030211 של מיכל כהן.",1,LEAK,FINANCIAL
הצוות מבקש להוסיף מסך התחברות חדש למערכת.,0,NON_LEAK,LOW_RISK_CONTEXT
"הקובץ מציג רשימת עובדים עם משכורות, בונוסים וימי מחלה.",1,LEAK,LEGAL_HR
המערכת החדשה תושק ב17/7/2026 לפי הודעה רשמית שפורסמה לכלל העובדים.,0,NON_LEAK,BORDERLINE_NON_LEAK
המסמך כולל סיכום שימוע של נועה מזרחי ופרטים אישיים רגישים.,1,LEAK,LEGAL_HR
המצגת עודכנה וכוללת את סטטוס המשימות לשבוע הקרוב.,0,NON_LEAK,NON_SENSITIVE_GENERAL
"מנהל המוצר ביקש לעדכן את הלו""ז ולשתף את הסטטוס.",0,NON_LEAK,LOW_RISK_CONTEXT
בכנס הטכנולוגיה הוצגו מגמות חדשות בתחום הבינה המלאכותית.,0,NON_LEAK,PUBLIC_INFO
החברה הודיעה לציבור על פתיחת מרכז שירות חדש בחיפה.,0,NON_LEAK,PUBLIC_INFO
האתר הרשמי עודכן עם מסמכי ההדרכה החדשים למשתמשים.,0,NON_LEAK,PUBLIC_INFO
"במסמך האישור מופיעים דנה דנינו, באר שבע ומספר הזהות 719521691.",1,LEAK,MIXED_BORDERLINE
"פרטי הקשר של דנה דנינו: טלפון 0527279792, מייל dana.danino@company.co.il.",1,LEAK,PII_DIRECT
"הצעת המחיר הסופית ללקוח תישלח רק לאחר אישור מנכ""ל.",1,LEAK,CONFIDENTIAL_BUSINESS
בכנס הטכנולוגיה הוצגו מגמות חדשות בתחום הבינה המלאכותית.,0,NON_LEAK,PUBLIC_INFO
הצוות מבקש להוסיף מסך התחברות חדש למערכת.,0,NON_LEAK,LOW_RISK_CONTEXT
"הפגישה עם סמנכ""לית כספים תתקיים ביום ראשון באשדוד.",0,NON_LEAK,NON_SENSITIVE_GENERAL
המסמך כולל סיכום שימוע של אורן אברהם ופרטים אישיים רגישים.,1,LEAK,LEGAL_HR
המסמך כולל תאריך יעד של 11/5/2026 אך אינו מכיל פרטים אישיים.,0,NON_LEAK,BORDERLINE_NON_LEAK
הסיסמה הזמנית לחשבון של רונית פרץ היא Welcome2026!.,1,LEAK,AUTH_SECRET
הועבר סיכום כללי של פגישת הנהלה ללא פרטים אישיים.,0,NON_LEAK,BORDERLINE_NON_LEAK
מספר תעודת הזהות של ליאור מלכה הוא 379672948.,1,LEAK,PII_DIRECT
כתובת המייל האישית של נועם מזרחי היא noam.mizrahi@example.co.il.,1,LEAK,PII_DIRECT
לקראת הפגישה עם אלון מלכה הועבר גם מספר הטלפון האישי שלו: 0594810617.,1,LEAK,MIXED_BORDERLINE
הפגישה עם ראש צוות תתקיים ביום ראשון בבאר שבע.,0,NON_LEAK,NON_SENSITIVE_GENERAL
"נא לא לשלוח החוצה את דוח הגבייה של מיכל כהן עם סכום 2,997 ש""ח.",1,LEAK,FINANCIAL
מספר כרטיס האשראי של אלון מלכה הוא 7614051057752799.,1,LEAK,FINANCIAL
החברה הודיעה לציבור על פתיחת מרכז שירות חדש ברעננה.,0,NON_LEAK,PUBLIC_INFO
"במסמך האישור מופיעים אלון מלכה, ראשון לציון ומספר הזהות 598770960.",1,LEAK,MIXED_BORDERLINE
רון חדד עובד בחברת בנק לאומי במודיעין.,0,NON_LEAK,NON_SENSITIVE_GENERAL
"נא לא לשלוח החוצה את דוח הגבייה של נועם מזרחי עם סכום 14,476 ש""ח.",1,LEAK,FINANCIAL
כתובת המייל האישית של עידן דנינו היא idan.danino@gmail.com.,1,LEAK,PII_DIRECT
הילה חדד עובד בחברת בזק ברעננה.,0,NON_LEAK,NON_SENSITIVE_GENERAL
"פרטי הקשר של הילה חדד: טלפון 0519160160, מייל hila.hadad@company.co.il.",1,LEAK,PII_DIRECT
הקבוצה תיפגש מחר בבוקר לדיון על תכנון הרבעון הבא.,0,NON_LEAK,NON_SENSITIVE_GENERAL
מספר תעודת הזהות של מאיה ביטון הוא 912332969.,1,LEAK,PII_DIRECT
המסמך כולל סיכום שימוע של עידן דנינו ופרטים אישיים רגישים.,1,LEAK,LEGAL_HR
שירה אברהם עובד בחברת בזק בבאר שבע.,0,NON_LEAK,NON_SENSITIVE_GENERAL
הועבר סיכום כללי של פגישת הנהלה ללא פרטים אישיים.,0,NON_LEAK,BORDERLINE_NON_LEAK
הפגישה עם חשב שכר תתקיים ביום ראשון בנתניה.,0,NON_LEAK,NON_SENSITIVE_GENERAL
הועבר קובץ עם תלונת משמעת פנימית נגד דנה דנינו.,1,LEAK,LEGAL_HR
המסמך כולל סיכום שימוע של נועם מזרחי ופרטים אישיים רגישים.,1,LEAK,LEGAL_HR
הצוות דן בשיפור חוויית המשתמש של גרסה 4.2 לקראת הרבעון הבא.,0,NON_LEAK,BORDERLINE_NON_LEAK
המסמך כולל סיכום שימוע של אורן אברהם ופרטים אישיים רגישים.,1,LEAK,LEGAL_HR
הצוות מבקש להוסיף מסך התחברות חדש למערכת.,0,NON_LEAK,LOW_RISK_CONTEXT
התיק הרפואי של יעל לוי מציין אבחנה של חרדה.,1,LEAK,HEALTH
החברה הודיעה לציבור על פתיחת מרכז שירות חדש בהרצליה.,0,NON_LEAK,PUBLIC_INFO
המסמך כולל סיכום שימוע של ניר ביטון ופרטים אישיים רגישים.,1,LEAK,LEGAL_HR
הקבוצה תיפגש מחר בבוקר לדיון על תכנון הרבעון הבא.,0,NON_LEAK,NON_SENSITIVE_GENERAL
הועבר סיכום כללי של עדכון סטטוס ללא פרטים אישיים.,0,NON_LEAK,BORDERLINE_NON_LEAK
"בדוח הרפואי של הילה חדד מבית החולים רמב""ם מופיע טיפול רגיש.",1,LEAK,HEALTH
הפגישה עם מנהל מוצר תתקיים ביום ראשון בנתניה.,0,NON_LEAK,NON_SENSITIVE_GENERAL
"הועבר תשלום בגובה 9,724 ש""ח מחשבון 8534359246 של מאיה ביטון.",1,LEAK,FINANCIAL
"מנהל המוצר ביקש לעדכן את הלו""ז ולשתף את הסטטוס.",0,NON_LEAK,LOW_RISK_CONTEXT
"פרטי הקשר של מאיה ביטון: טלפון 0540613748, מייל maya.biton@company.co.il.",1,LEAK,PII_DIRECT
המסמך כולל תאריך יעד של 15/2/2026 אך אינו מכיל פרטים אישיים.,0,NON_LEAK,BORDERLINE_NON_LEAK
מספר הטלפון של נועה מזרחי הוא 0537074299.,1,LEAK,PII_DIRECT
הועבר קובץ עם תלונת משמעת פנימית נגד איתי פרץ.,1,LEAK,LEGAL_HR
"מנהל המוצר ביקש לעדכן את הלו""ז ולשתף את הסטטוס.",0,NON_LEAK,LOW_RISK_CONTEXT
"פרטי החשבון של ניר ביטון: בנק בנק לאומי, חשבון 7118300753.",1,LEAK,FINANCIAL
הסיסמה הזמנית לחשבון של עידן דנינו היא Welcome2026!.,1,LEAK,AUTH_SECRET
"פרטי הקשר של דוד כהן: טלפון 0530662475, מייל david.cohen@org.co.il.",1,LEAK,PII_DIRECT
"פרטי הקשר של ליאור מלכה: טלפון 0588722889, מייל lior.malka@org.co.il.",1,LEAK,PII_DIRECT
מספר תעודת הזהות של הילה חדד הוא 771736591.,1,LEAK,PII_DIRECT
הצוות סיים את פיתוח שירות אביב ועבר לשלב הבדיקות.,0,NON_LEAK,NON_SENSITIVE_GENERAL
בכנס הטכנולוגיה הוצגו מגמות חדשות בתחום הבינה המלאכותית.,0,NON_LEAK,PUBLIC_INFO
מספר כרטיס האשראי של נועם מזרחי הוא 9467731827377185.,1,LEAK,FINANCIAL
בדוח הפנימי מופיעים שמות לקוחות אסטרטגיים ותנאי התקשרות.,1,LEAK,CONFIDENTIAL_BUSINESS
מפתח ה-API של הסביבה הפנימית נשמר במסמך המצורף.,1,LEAK,AUTH_SECRET
"הוכן דוח לקוח עבור בנק לאומי, הכולל איש קשר בשם עידן דנינו ומייל idan.danino@gmail.com.",1,LEAK,MIXED_BORDERLINE
"המסמך מכיל מידע רפואי אישי על דוד כהן, כולל אבחנות ותרופות.",1,LEAK,HEALTH
הצעת המחיר הסופית ללקוח תישלח רק לאחר אישור מנהל אבטחת מידע.,1,LEAK,CONFIDENTIAL_BUSINESS
"במסמך האישור מופיעים יואב לוי, רעננה ומספר הזהות 922001285.",1,LEAK,MIXED_BORDERLINE
כתובת המייל האישית של ליאור מלכה היא lior.malka@company.co.il.,1,LEAK,PII_DIRECT
"פרטי החשבון של הילה חדד: בנק בנק הפועלים, חשבון 7726011250.",1,LEAK,FINANCIAL
קופת חולים כללית פרסמה הודעה רשמית על הרחבת הפעילות באשדוד.,0,NON_LEAK,PUBLIC_INFO
"הקובץ מציג רשימת עובדים עם משכורות, בונוסים וימי מחלה.",1,LEAK,LEGAL_HR
הצוות סיים את פיתוח גרסה 4.2 ועבר לשלב הבדיקות.,0,NON_LEAK,NON_SENSITIVE_GENERAL
"מנהל המוצר ביקש לעדכן את הלו""ז ולשתף את הסטטוס.",0,NON_LEAK,LOW_RISK_CONTEXT
אין להפיץ את תוצאות הבדיקה של רון חדד שנערכו באיכילוב.,1,LEAK,HEALTH
הקבוצה תיפגש מחר בבוקר לדיון על תכנון הרבעון הבא.,0,NON_LEAK,NON_SENSITIVE_GENERAL
עידן דנינו עובד בחברת אינטל בירושלים.,0,NON_LEAK,NON_SENSITIVE_GENERAL
מסמך זה כולל מידע פנימי על פרויקט ברוש ואסור לשתף אותו מחוץ לארגון.,1,LEAK,CONFIDENTIAL_BUSINESS
הועבר קובץ עם תלונת משמעת פנימית נגד רונית פרץ.,1,LEAK,LEGAL_HR
הקבוצה תיפגש מחר בבוקר לדיון על תכנון הרבעון הבא.,0,NON_LEAK,NON_SENSITIVE_GENERAL
הועבר סיכום כללי של סקר שביעות רצון ללא פרטים אישיים.,0,NON_LEAK,BORDERLINE_NON_LEAK
"המסמך מכיל מידע רפואי אישי על יעל לוי, כולל אבחנות ותרופות.",1,LEAK,HEALTH
המערכת החדשה תושק ב17/11/2026 לפי הודעה רשמית שפורסמה לכלל העובדים.,0,NON_LEAK,BORDERLINE_NON_LEAK
לקראת הפגישה עם רונית פרץ הועבר גם מספר הטלפון האישי שלו: 0524977844.,1,LEAK,MIXED_BORDERLINE
הפרויקט עבר לשלב האינטגרציה ונדרשת בדיקת עומסים.,0,NON_LEAK,LOW_RISK_CONTEXT
הישיבה תתקיים בחדר הגדול בקומה השנייה.,0,NON_LEAK,LOW_RISK_CONTEXT
"נא לא לשלוח החוצה את דוח הגבייה של איתי פרץ עם סכום 17,075 ש""ח.",1,LEAK,FINANCIAL
האתר הרשמי עודכן עם מסמכי ההדרכה החדשים למשתמשים.,0,NON_LEAK,PUBLIC_INFO
בכנס הטכנולוגיה הוצגו מגמות חדשות בתחום הבינה המלאכותית.,0,NON_LEAK,PUBLIC_INFO
יש לשלוח את הקובץ המעודכן עד סוף היום.,0,NON_LEAK,LOW_RISK_CONTEXT
אינטל פרסמה הודעה רשמית על הרחבת הפעילות באשדוד.,0,NON_LEAK,PUBLIC_INFO
הפגישה עם יועץ משפטי תתקיים ביום ראשון בנתניה.,0,NON_LEAK,NON_SENSITIVE_GENERAL
מספר הטלפון של רון חדד הוא 0566547309.,1,LEAK,PII_DIRECT
שם הפרויקט הוא גרסת אפריל והוא יוצג בישיבת הנהלה.,0,NON_LEAK,BORDERLINE_NON_LEAK
"פרטי החשבון של טל אוחנה: בנק בנק לאומי, חשבון 3061673930.",1,LEAK,FINANCIAL
אלביט פרסמה הודעה רשמית על הרחבת הפעילות בחיפה.,0,NON_LEAK,PUBLIC_INFO
סלקום פרסמה הודעה רשמית על הרחבת הפעילות במודיעין.,0,NON_LEAK,PUBLIC_INFO
"במסמך האישור מופיעים יעל לוי, הרצליה ומספר הזהות 053598348.",1,LEAK,MIXED_BORDERLINE
יש לשלוח את הקובץ המעודכן עד סוף היום.,0,NON_LEAK,LOW_RISK_CONTEXT
"הפגישה עם סמנכ""לית כספים תתקיים ביום ראשון בראשון לציון.",0,NON_LEAK,NON_SENSITIVE_GENERAL
כתובת המייל האישית של טל אוחנה היא tal.ohana@outlook.com.,1,LEAK,PII_DIRECT
שם הפרויקט הוא פרויקט ברוש והוא יוצג בישיבת הנהלה.,0,NON_LEAK,BORDERLINE_NON_LEAK
שם הפרויקט הוא מבצע שקמה והוא יוצג בישיבת הנהלה.,0,NON_LEAK,BORDERLINE_NON_LEAK
הועבר סיכום כללי של ישיבת צוות ללא פרטים אישיים.,0,NON_LEAK,BORDERLINE_NON_LEAK
יעל לוי עובד בחברת שטראוס בירושלים.,0,NON_LEAK,NON_SENSITIVE_GENERAL
הצוות מבקש להוסיף מסך התחברות חדש למערכת.,0,NON_LEAK,LOW_RISK_CONTEXT
האתר הרשמי עודכן עם מסמכי ההדרכה החדשים למשתמשים.,0,NON_LEAK,PUBLIC_INFO
יש לשלוח את הקובץ המעודכן עד סוף היום.,0,NON_LEAK,LOW_RISK_CONTEXT
בכנס הטכנולוגיה הוצגו מגמות חדשות בתחום הבינה המלאכותית.,0,NON_LEAK,PUBLIC_INFO
בדוח משאבי האנוש מופיעים נתוני השכר של עידן דנינו.,1,LEAK,LEGAL_HR
"פרטי החשבון של יעל לוי: בנק מזרחי טפחות, חשבון 6428644051.",1,LEAK,FINANCIAL
האתר הרשמי עודכן עם מסמכי ההדרכה החדשים למשתמשים.,0,NON_LEAK,PUBLIC_INFO
המצגת עודכנה וכוללת את סטטוס המשימות לשבוע הקרוב.,0,NON_LEAK,NON_SENSITIVE_GENERAL
המסמך כולל סיכום שימוע של רון חדד ופרטים אישיים רגישים.,1,LEAK,LEGAL_HR
הועבר קובץ עם תלונת משמעת פנימית נגד משה אוחנה.,1,LEAK,LEGAL_HR
החברה הודיעה לציבור על פתיחת מרכז שירות חדש ברעננה.,0,NON_LEAK,PUBLIC_INFO
מפתח ה-API של הסביבה הפנימית נשמר במסמך המצורף.,1,LEAK,AUTH_SECRET
רפאל פרסמה הודעה רשמית על הרחבת הפעילות בחיפה.,0,NON_LEAK,PUBLIC_INFO
בדוח הפנימי מופיעים שמות לקוחות אסטרטגיים ותנאי התקשרות.,1,LEAK,CONFIDENTIAL_BUSINESS
הקבוצה תיפגש מחר בבוקר לדיון על תכנון הרבעון הבא.,0,NON_LEAK,NON_SENSITIVE_GENERAL
החברה הודיעה לציבור על פתיחת מרכז שירות חדש בירושלים.,0,NON_LEAK,PUBLIC_INFO
"הועבר תשלום בגובה 8,186 ש""ח מחשבון 2371790147 של עידן דנינו.",1,LEAK,FINANCIAL
"פרטי הקשר של שירה אברהם: טלפון 0592947997, מייל shira.avraham@gmail.com.",1,LEAK,PII_DIRECT
"נדרש לעדכן את פרטי הלקוח ליאור מלכה, תעודת זהות 014317779, טלפון 0573397142.",1,LEAK,PII_DIRECT
המערכת החדשה תושק ב23/3/2026 לפי הודעה רשמית שפורסמה לכלל העובדים.,0,NON_LEAK,BORDERLINE_NON_LEAK
כתובת המייל האישית של מיכל כהן היא michal.cohen@org.co.il.,1,LEAK,PII_DIRECT
הקבוצה תיפגש מחר בבוקר לדיון על תכנון הרבעון הבא.,0,NON_LEAK,NON_SENSITIVE_GENERAL
החברה הודיעה לציבור על פתיחת מרכז שירות חדש במודיעין.,0,NON_LEAK,PUBLIC_INFO
הצעת המחיר הסופית ללקוח תישלח רק לאחר אישור מנהל אבטחת מידע.,1,LEAK,CONFIDENTIAL_BUSINESS
כתובת המייל האישית של רונית פרץ היא ronit.peretz@company.co.il.,1,LEAK,PII_DIRECT
בדוח הפנימי מופיעים שמות לקוחות אסטרטגיים ותנאי התקשרות.,1,LEAK,CONFIDENTIAL_BUSINESS
סיכום הפגישה כולל גם את תאריך ההשקה 5/8/2026 וגם את פרטי הקשר של ניר ביטון.,1,LEAK,MIXED_BORDERLINE
"בדוח מופיעים פרטי חיוב של לקוחות, כולל מספרי חשבון וסכומים.",1,LEAK,FINANCIAL
המצגת עודכנה וכוללת את סטטוס המשימות לשבוע הקרוב.,0,NON_LEAK,NON_SENSITIVE_GENERAL
הפגישה עם מנהל מוצר תתקיים ביום ראשון בירושלים.,0,NON_LEAK,NON_SENSITIVE_GENERAL
"הקובץ מציג רשימת עובדים עם משכורות, בונוסים וימי מחלה.",1,LEAK,LEGAL_HR
החברה הודיעה לציבור על פתיחת מרכז שירות חדש בנתניה.,0,NON_LEAK,PUBLIC_INFO
"נא לא לשלוח החוצה את דוח הגבייה של משה אוחנה עם סכום 9,119 ש""ח.",1,LEAK,FINANCIAL
הפרויקט עבר לשלב האינטגרציה ונדרשת בדיקת עומסים.,0,NON_LEAK,LOW_RISK_CONTEXT
האתר הרשמי עודכן עם מסמכי ההדרכה החדשים למשתמשים.,0,NON_LEAK,PUBLIC_INFO
סלקום פרסמה הודעה רשמית על הרחבת הפעילות בבאר שבע.,0,NON_LEAK,PUBLIC_INFO
החברה הודיעה לציבור על פתיחת מרכז שירות חדש בחיפה.,0,NON_LEAK,PUBLIC_INFO
הצוות סיים את פיתוח פלטפורמת ארז ועבר לשלב הבדיקות.,0,NON_LEAK,NON_SENSITIVE_GENERAL
המצגת עודכנה וכוללת את סטטוס המשימות לשבוע הקרוב.,0,NON_LEAK,NON_SENSITIVE_GENERAL
הישיבה תתקיים בחדר הגדול בקומה השנייה.,0,NON_LEAK,LOW_RISK_CONTEXT
התיק הרפואי של יעל לוי מציין אבחנה של חרדה.,1,LEAK,HEALTH
הפגישה עם מנהל מוצר תתקיים ביום ראשון בחיפה.,0,NON_LEAK,NON_SENSITIVE_GENERAL
"במסמך האישור מופיעים עידן דנינו, רעננה ומספר הזהות 485854427.",1,LEAK,MIXED_BORDERLINE
הצוות מבקש להוסיף מסך התחברות חדש למערכת.,0,NON_LEAK,LOW_RISK_CONTEXT
המערכת החדשה תושק ב24/4/2026 לפי הודעה רשמית שפורסמה לכלל העובדים.,0,NON_LEAK,BORDERLINE_NON_LEAK
מספר כרטיס האשראי של עידן דנינו הוא 8514950229487155.,1,LEAK,FINANCIAL
מיכל כהן עובד בחברת סלקום בהרצליה.,0,NON_LEAK,NON_SENSITIVE_GENERAL
"המסמך מכיל מידע רפואי אישי על רונית פרץ, כולל אבחנות ותרופות.",1,LEAK,HEALTH
המערכת החדשה תושק ב19/7/2026 לפי הודעה רשמית שפורסמה לכלל העובדים.,0,NON_LEAK,BORDERLINE_NON_LEAK
"הקובץ מציג רשימת עובדים עם משכורות, בונוסים וימי מחלה.",1,LEAK,LEGAL_HR
מפתח ה-API של הסביבה הפנימית נשמר במסמך המצורף.,1,LEAK,AUTH_SECRET
החברה הודיעה לציבור על פתיחת מרכז שירות חדש ברעננה.,0,NON_LEAK,PUBLIC_INFO
מפתח ה-API של הסביבה הפנימית נשמר במסמך המצורף.,1,LEAK,AUTH_SECRET
המערכת החדשה תושק ב18/8/2026 לפי הודעה רשמית שפורסמה לכלל העובדים.,0,NON_LEAK,BORDERLINE_NON_LEAK
"פרטי החשבון של עמית אלקיים: בנק בנק הפועלים, חשבון 8452918803.",1,LEAK,FINANCIAL
הועבר קובץ עם תלונת משמעת פנימית נגד נועם מזרחי.,1,LEAK,LEGAL_HR
"במסמך האישור מופיעים מאיה ביטון, ראשון לציון ומספר הזהות 100964977.",1,LEAK,MIXED_BORDERLINE
"הוכן דוח לקוח עבור מכבי שירותי בריאות, הכולל איש קשר בשם ליאור מלכה ומייל lior.malka@mail.com.",1,LEAK,MIXED_BORDERLINE
בדוח הרפואי של משה אוחנה מבית החולים סורוקה מופיע טיפול רגיש.,1,LEAK,HEALTH
יש לשלוח את הקובץ המעודכן עד סוף היום.,0,NON_LEAK,LOW_RISK_CONTEXT
המצגת עודכנה וכוללת את סטטוס המשימות לשבוע הקרוב.,0,NON_LEAK,NON_SENSITIVE_GENERAL
בדוח משאבי האנוש מופיעים נתוני השכר של מאיה ביטון.,1,LEAK,LEGAL_HR
החברה הודיעה לציבור על פתיחת מרכז שירות חדש בהרצליה.,0,NON_LEAK,PUBLIC_INFO
בכנס הטכנולוגיה הוצגו מגמות חדשות בתחום הבינה המלאכותית.,0,NON_LEAK,PUBLIC_INFO
החברה הודיעה לציבור על פתיחת מרכז שירות חדש בירושלים.,0,NON_LEAK,PUBLIC_INFO
בדוח משאבי האנוש מופיעים נתוני השכר של אורן אברהם.,1,LEAK,LEGAL_HR
קוד האימות שנשלח ליואב לוי הוא 483921.,1,LEAK,AUTH_SECRET
המסמך מסווג פנימי וכולל את תוכנית ההשקה של מודול ברק.,1,LEAK,CONFIDENTIAL_BUSINESS
"פרטי הקשר של עידן דנינו: טלפון 0583396992, מייל idan.danino@company.co.il.",1,LEAK,PII_DIRECT
יש לשלוח את הקובץ המעודכן עד סוף היום.,0,NON_LEAK,LOW_RISK_CONTEXT
"בפגישה עם מנכ""ל סוכם כי שירות אביב יושק ב10/2/2026.",1,LEAK,CONFIDENTIAL_BUSINESS
מספר הטלפון של שירה אברהם הוא 0547609007.,1,LEAK,PII_DIRECT
"המסמך מכיל מידע רפואי אישי על משה אוחנה, כולל אבחנות ותרופות.",1,LEAK,HEALTH
המצגת עודכנה וכוללת את סטטוס המשימות לשבוע הקרוב.,0,NON_LEAK,NON_SENSITIVE_GENERAL
הצוות מבקש להוסיף מסך התחברות חדש למערכת.,0,NON_LEAK,LOW_RISK_CONTEXT
מספר הטלפון של דוד כהן הוא 0559071370.,1,LEAK,PII_DIRECT
המסמך כולל תאריך יעד של 6/10/2026 אך אינו מכיל פרטים אישיים.,0,NON_LEAK,BORDERLINE_NON_LEAK
החברה הודיעה לציבור על פתיחת מרכז שירות חדש בנתניה.,0,NON_LEAK,PUBLIC_INFO
"הכתובת של טל אוחנה היא רחוב הנביאים 14, הרצליה.",1,LEAK,PII_DIRECT
איתי פרץ עובד בחברת סלקום במודיעין.,0,NON_LEAK,NON_SENSITIVE_GENERAL
מפתח ה-API של הסביבה הפנימית נשמר במסמך המצורף.,1,LEAK,AUTH_SECRET
הישיבה תתקיים בחדר הגדול בקומה השנייה.,0,NON_LEAK,LOW_RISK_CONTEXT
"נדרש לעדכן את פרטי הלקוח דנה דנינו, תעודת זהות 924374335, טלפון 0585001723.",1,LEAK,PII_DIRECT
לקראת הפגישה עם נועם מזרחי הועבר גם מספר הטלפון האישי שלו: 0515396821.,1,LEAK,MIXED_BORDERLINE
מספר תעודת הזהות של דוד כהן הוא 517130963.,1,LEAK,PII_DIRECT
המסמך כולל סיכום שימוע של משה אוחנה ופרטים אישיים רגישים.,1,LEAK,LEGAL_HR
אין להפיץ את תוצאות הבדיקה של ליאור מלכה שנערכו בשיבא.,1,LEAK,HEALTH
הצוות דן בשיפור חוויית המשתמש של מוצר הדס לקראת הרבעון הבא.,0,NON_LEAK,BORDERLINE_NON_LEAK
אין להפיץ את תוצאות הבדיקה של נועם מזרחי שנערכו בשיבא.,1,LEAK,HEALTH
הצוות מבקש להוסיף מסך התחברות חדש למערכת.,0,NON_LEAK,LOW_RISK_CONTEXT
כתובת המייל האישית של ליאור מלכה היא lior.malka@outlook.com.,1,LEAK,PII_DIRECT
בדוח הרפואי של דנה דנינו מבית החולים אסותא מופיע טיפול רגיש.,1,LEAK,HEALTH
קוד האימות שנשלח ליואב לוי הוא 483921.,1,LEAK,AUTH_SECRET
בדוח הרפואי של עידן דנינו מבית החולים איכילוב מופיע טיפול רגיש.,1,LEAK,HEALTH
"במסמך האישור מופיעים מיכל כהן, ראשון לציון ומספר הזהות 685663419.",1,LEAK,MIXED_BORDERLINE
קוד האימות שנשלח ליואב לוי הוא 483921.,1,LEAK,AUTH_SECRET
הצוות סיים את פיתוח מנוע זית ועבר לשלב הבדיקות.,0,NON_LEAK,NON_SENSITIVE_GENERAL
"הכתובת של משה אוחנה היא רחוב ויצמן 18, אשדוד.",1,LEAK,PII_DIRECT
"המסמך מכיל מידע רפואי אישי על עידן דנינו, כולל אבחנות ותרופות.",1,LEAK,HEALTH
הסיסמה הזמנית לחשבון של רון חדד היא Welcome2026!.,1,LEAK,AUTH_SECRET
יש לשלוח את הקובץ המעודכן עד סוף היום.,0,NON_LEAK,LOW_RISK_CONTEXT
אורן אברהם עובד בחברת אלביט באשדוד.,0,NON_LEAK,NON_SENSITIVE_GENERAL
הסיסמה הזמנית לחשבון של משה אוחנה היא Welcome2026!.,1,LEAK,AUTH_SECRET
לקראת הפגישה עם אורן אברהם הועבר גם מספר הטלפון האישי שלו: 0570195179.,1,LEAK,MIXED_BORDERLINE
יש לשלוח את הקובץ המעודכן עד סוף היום.,0,NON_LEAK,LOW_RISK_CONTEXT
הצוות סיים את פיתוח גרסה 4.2 ועבר לשלב הבדיקות.,0,NON_LEAK,NON_SENSITIVE_GENERAL
המסמך כולל סיכום שימוע של משה אוחנה ופרטים אישיים רגישים.,1,LEAK,LEGAL_HR
הועבר סיכום כללי של ישיבת צוות ללא פרטים אישיים.,0,NON_LEAK,BORDERLINE_NON_LEAK
אין להפיץ את תוצאות הבדיקה של נועה מזרחי שנערכו בסורוקה.,1,LEAK,HEALTH
"הועבר תשלום בגובה 15,116 ש""ח מחשבון 2908002982 של יעל לוי.",1,LEAK,FINANCIAL
סיכום הפגישה כולל גם את תאריך ההשקה 12/12/2026 וגם את פרטי הקשר של מאיה ביטון.,1,LEAK,MIXED_BORDERLINE
הועבר קובץ עם תלונת משמעת פנימית נגד איתי פרץ.,1,LEAK,LEGAL_HR
"מנהל המוצר ביקש לעדכן את הלו""ז ולשתף את הסטטוס.",0,NON_LEAK,LOW_RISK_CONTEXT
"המסמך מכיל מידע רפואי אישי על איתי פרץ, כולל אבחנות ותרופות.",1,LEAK,HEALTH
הצוות סיים את פיתוח גרסה 4.2 ועבר לשלב הבדיקות.,0,NON_LEAK,NON_SENSITIVE_GENERAL
הצוות סיים את פיתוח פלטפורמת ארז ועבר לשלב הבדיקות.,0,NON_LEAK,NON_SENSITIVE_GENERAL
מספר הטלפון של יעל לוי הוא 0575143869.,1,LEAK,PII_DIRECT
"מנהל המוצר ביקש לעדכן את הלו""ז ולשתף את הסטטוס.",0,NON_LEAK,LOW_RISK_CONTEXT
המסמך כולל סיכום שימוע של רון חדד ופרטים אישיים רגישים.,1,LEAK,LEGAL_HR
"פרטי החשבון של אלון מלכה: בנק דיסקונט, חשבון 3981919544.",1,LEAK,FINANCIAL
"בדוח מופיעים פרטי חיוב של לקוחות, כולל מספרי חשבון וסכומים.",1,LEAK,FINANCIAL
המצגת עודכנה וכוללת את סטטוס המשימות לשבוע הקרוב.,0,NON_LEAK,NON_SENSITIVE_GENERAL
החברה הודיעה לציבור על פתיחת מרכז שירות חדש בראשון לציון.,0,NON_LEAK,PUBLIC_INFO
סיכום הפגישה כולל גם את תאריך ההשקה 3/12/2026 וגם את פרטי הקשר של דנה דנינו.,1,LEAK,MIXED_BORDERLINE
התיק הרפואי של איתי פרץ מציין אבחנה של דלקת ריאות.,1,LEAK,HEALTH
החברה הודיעה לציבור על פתיחת מרכז שירות חדש בראשון לציון.,0,NON_LEAK,PUBLIC_INFO
יש לשלוח את הקובץ המעודכן עד סוף היום.,0,NON_LEAK,LOW_RISK_CONTEXT
"פרטי החשבון של יעל לוי: בנק מזרחי טפחות, חשבון 9474508143.",1,LEAK,FINANCIAL
"המסמך מכיל מידע רפואי אישי על רון חדד, כולל אבחנות ותרופות.",1,LEAK,HEALTH
"בדוח מופיעים פרטי חיוב של לקוחות, כולל מספרי חשבון וסכומים.",1,LEAK,FINANCIAL
"הכתובת של רונית פרץ היא רחוב רוטשילד 21, חיפה.",1,LEAK,PII_DIRECT
ליאור מלכה עובד בחברת נייס בהרצליה.,0,NON_LEAK,NON_SENSITIVE_GENERAL
המערכת החדשה תושק ב3/9/2026 לפי הודעה רשמית שפורסמה לכלל העובדים.,0,NON_LEAK,BORDERLINE_NON_LEAK
הצוות דן בשיפור חוויית המשתמש של מודול ברק לקראת הרבעון הבא.,0,NON_LEAK,BORDERLINE_NON_LEAK
הקבוצה תיפגש מחר בבוקר לדיון על תכנון הרבעון הבא.,0,NON_LEAK,NON_SENSITIVE_GENERAL
"במסמך האישור מופיעים דוד כהן, פתח תקווה ומספר הזהות 382307128.",1,LEAK,MIXED_BORDERLINE
הישיבה תתקיים בחדר הגדול בקומה השנייה.,0,NON_LEAK,LOW_RISK_CONTEXT
"הפגישה עם סמנכ""לית כספים תתקיים ביום ראשון בראשון לציון.",0,NON_LEAK,NON_SENSITIVE_GENERAL
הפגישה עם מנהל פיתוח תתקיים ביום ראשון בירושלים.,0,NON_LEAK,NON_SENSITIVE_GENERAL
המסמך כולל תאריך יעד של 6/3/2026 אך אינו מכיל פרטים אישיים.,0,NON_LEAK,BORDERLINE_NON_LEAK
"הכתובת של הילה חדד היא רחוב רוטשילד 21, תל אביב.",1,LEAK,PII_DIRECT
"פרטי החשבון של אלון מלכה: בנק בנק לאומי, חשבון 5304280749.",1,LEAK,FINANCIAL
המערכת החדשה תושק ב4/11/2026 לפי הודעה רשמית שפורסמה לכלל העובדים.,0,NON_LEAK,BORDERLINE_NON_LEAK
מסמך זה כולל מידע פנימי על גרסת אפריל ואסור לשתף אותו מחוץ לארגון.,1,LEAK,CONFIDENTIAL_BUSINESS
"הקובץ כולל פרטי גישה למערכת, כולל שם משתמש וסיסמה.",1,LEAK,AUTH_SECRET
אין להפיץ את תוצאות הבדיקה של משה אוחנה שנערכו באיכילוב.,1,LEAK,HEALTH
מפתח ה-API של הסביבה הפנימית נשמר במסמך המצורף.,1,LEAK,AUTH_SECRET
המסמך מסווג פנימי וכולל את תוכנית ההשקה של פרויקט נוגה.,1,LEAK,CONFIDENTIAL_BUSINESS
לקראת הפגישה עם רונית פרץ הועבר גם מספר הטלפון האישי שלו: 0579314864.,1,LEAK,MIXED_BORDERLINE
החברה הודיעה לציבור על פתיחת מרכז שירות חדש בנתניה.,0,NON_LEAK,PUBLIC_INFO
"הכתובת של משה אוחנה היא רחוב ביאליק 7, תל אביב.",1,LEAK,PII_DIRECT
הצעת המחיר הסופית ללקוח תישלח רק לאחר אישור מנהל פיתוח.,1,LEAK,CONFIDENTIAL_BUSINESS
אין להפיץ את תוצאות הבדיקה של דנה דנינו שנערכו באסותא.,1,LEAK,HEALTH
מספר כרטיס האשראי של מיכל כהן הוא 3396886393757426.,1,LEAK,FINANCIAL
"המסמך מכיל מידע רפואי אישי על שרון סעדה, כולל אבחנות ותרופות.",1,LEAK,HEALTH
"נדרש לעדכן את פרטי הלקוח אורן אברהם, תעודת זהות 611440744, טלפון 0542760402.",1,LEAK,PII_DIRECT
"בדוח מופיעים פרטי חיוב של לקוחות, כולל מספרי חשבון וסכומים.",1,LEAK,FINANCIAL
כתובת המייל האישית של שירה אברהם היא shira.avraham@mail.com.,1,LEAK,PII_DIRECT
הסיסמה הזמנית לחשבון של עידן דנינו היא Welcome2026!.,1,LEAK,AUTH_SECRET
"נדרש לעדכן את פרטי הלקוח נועם מזרחי, תעודת זהות 207824248, טלפון 0554687611.",1,LEAK,PII_DIRECT
הועבר קובץ עם תלונת משמעת פנימית נגד איתי פרץ.,1,LEAK,LEGAL_HR
"פרטי הקשר של שרון סעדה: טלפון 0523891821, מייל sharon.saada@outlook.com.",1,LEAK,PII_DIRECT
הסיסמה הזמנית לחשבון של טל אוחנה היא Welcome2026!.,1,LEAK,AUTH_SECRET
הצוות סיים את פיתוח מוצר אופק ועבר לשלב הבדיקות.,0,NON_LEAK,NON_SENSITIVE_GENERAL
אלביט פרסמה הודעה רשמית על הרחבת הפעילות בראשון לציון.,0,NON_LEAK,PUBLIC_INFO
בפגישה עם מנהלת משאבי אנוש סוכם כי גרסה 4.2 יושק ב8/9/2026.,1,LEAK,CONFIDENTIAL_BUSINESS
הועבר קובץ עם תלונת משמעת פנימית נגד משה אוחנה.,1,LEAK,LEGAL_HR
החברה הודיעה לציבור על פתיחת מרכז שירות חדש בפתח תקווה.,0,NON_LEAK,PUBLIC_INFO
"בדוח מופיעים פרטי חיוב של לקוחות, כולל מספרי חשבון וסכומים.",1,LEAK,FINANCIAL
הצוות דן בשיפור חוויית המשתמש של מוצר הדס לקראת הרבעון הבא.,0,NON_LEAK,BORDERLINE_NON_LEAK
תאריך ההשקה של מוצר אופק נקבע ל8/3/2026.,1,LEAK,CONFIDENTIAL_BUSINESS
"המסמך מכיל מידע רפואי אישי על אורן אברהם, כולל אבחנות ותרופות.",1,LEAK,HEALTH
החברה הודיעה לציבור על פתיחת מרכז שירות חדש בירושלים.,0,NON_LEAK,PUBLIC_INFO
מפתח ה-API של הסביבה הפנימית נשמר במסמך המצורף.,1,LEAK,AUTH_SECRET
יש לשלוח את הקובץ המעודכן עד סוף היום.,0,NON_LEAK,LOW_RISK_CONTEXT
"במסמך האישור מופיעים אורן אברהם, ראשון לציון ומספר הזהות 693924405.",1,LEAK,MIXED_BORDERLINE
החברה הודיעה לציבור על פתיחת מרכז שירות חדש בבאר שבע.,0,NON_LEAK,PUBLIC_INFO
"הקובץ כולל פרטי גישה למערכת, כולל שם משתמש וסיסמה.",1,LEAK,AUTH_SECRET
"נדרש לעדכן את פרטי הלקוח נועם מזרחי, תעודת זהות 969637019, טלפון 0531167825.",1,LEAK,PII_DIRECT
מספר כרטיס האשראי של יואב לוי הוא 8761164017658281.,1,LEAK,FINANCIAL
סיכום הפגישה כולל גם את תאריך ההשקה 13/2/2026 וגם את פרטי הקשר של שירה אברהם.,1,LEAK,MIXED_BORDERLINE
שם הפרויקט הוא מבצע שקמה והוא יוצג בישיבת הנהלה.,0,NON_LEAK,BORDERLINE_NON_LEAK
כתובת המייל האישית של ניר ביטון היא nir.biton@outlook.com.,1,LEAK,PII_DIRECT
הסיסמה הזמנית לחשבון של אלון מלכה היא Welcome2026!.,1,LEAK,AUTH_SECRET
רונית פרץ עובד בחברת אינטל ברעננה.,0,NON_LEAK,NON_SENSITIVE_GENERAL
מספר תעודת הזהות של אלון מלכה הוא 066697475.,1,LEAK,PII_DIRECT
הועבר סיכום כללי של פגישת הנהלה ללא פרטים אישיים.,0,NON_LEAK,BORDERLINE_NON_LEAK
הועבר סיכום כללי של סקר שביעות רצון ללא פרטים אישיים.,0,NON_LEAK,BORDERLINE_NON_LEAK
בכנס הטכנולוגיה הוצגו מגמות חדשות בתחום הבינה המלאכותית.,0,NON_LEAK,PUBLIC_INFO
הפגישה עם יועץ משפטי תתקיים ביום ראשון בראשון לציון.,0,NON_LEAK,NON_SENSITIVE_GENERAL
הפרויקט עבר לשלב האינטגרציה ונדרשת בדיקת עומסים.,0,NON_LEAK,LOW_RISK_CONTEXT
אין להפיץ את תוצאות הבדיקה של מיכל כהן שנערכו באיכילוב.,1,LEAK,HEALTH
כתובת המייל האישית של טל אוחנה היא tal.ohana@example.co.il.,1,LEAK,PII_DIRECT
אין להפיץ את תוצאות הבדיקה של נועה מזרחי שנערכו בשיבא.,1,LEAK,HEALTH
שם הפרויקט הוא תוכנית רימון והוא יוצג בישיבת הנהלה.,0,NON_LEAK,BORDERLINE_NON_LEAK
יש לשלוח את הקובץ המעודכן עד סוף היום.,0,NON_LEAK,LOW_RISK_CONTEXT
בכנס הטכנולוגיה הוצגו מגמות חדשות בתחום הבינה המלאכותית.,0,NON_LEAK,PUBLIC_INFO
אורן אברהם עובד בחברת רפאל בנתניה.,0,NON_LEAK,NON_SENSITIVE_GENERAL
שם הפרויקט הוא פרויקט דרור והוא יוצג בישיבת הנהלה.,0,NON_LEAK,BORDERLINE_NON_LEAK
"הקובץ מציג רשימת עובדים עם משכורות, בונוסים וימי מחלה.",1,LEAK,LEGAL_HR
"הקובץ כולל פרטי גישה למערכת, כולל שם משתמש וסיסמה.",1,LEAK,AUTH_SECRET
בדוח הרפואי של עמית אלקיים מבית החולים שיבא מופיע טיפול רגיש.,1,LEAK,HEALTH
"נא לא לשלוח החוצה את דוח הגבייה של שירה אברהם עם סכום 41,834 ש""ח.",1,LEAK,FINANCIAL
"הועבר תשלום בגובה 39,341 ש""ח מחשבון 5101816109 של משה אוחנה.",1,LEAK,FINANCIAL
בדוח משאבי האנוש מופיעים נתוני השכר של ניר ביטון.,1,LEAK,LEGAL_HR
משה אוחנה עובד בחברת בזק בחיפה.,0,NON_LEAK,NON_SENSITIVE_GENERAL
שם הפרויקט הוא גרסת אפריל והוא יוצג בישיבת הנהלה.,0,NON_LEAK,BORDERLINE_NON_LEAK
בכנס הטכנולוגיה הוצגו מגמות חדשות בתחום הבינה המלאכותית.,0,NON_LEAK,PUBLIC_INFO
בפגישה עם מנהלת משאבי אנוש סוכם כי מוצר הדס יושק ב21/12/2026.,1,LEAK,CONFIDENTIAL_BUSINESS
החברה הודיעה לציבור על פתיחת מרכז שירות חדש ברעננה.,0,NON_LEAK,PUBLIC_INFO
"אין להפיץ את תוצאות הבדיקה של ניר ביטון שנערכו ברמב""ם.",1,LEAK,HEALTH
ליאור מלכה עובד בחברת אלביט ברעננה.,0,NON_LEAK,NON_SENSITIVE_GENERAL
"פרטי הקשר של עידן דנינו: טלפון 0596093786, מייל idan.danino@example.co.il.",1,LEAK,PII_DIRECT
הצעת המחיר הסופית ללקוח תישלח רק לאחר אישור מנהל פיתוח.,1,LEAK,CONFIDENTIAL_BUSINESS
המסמך כולל סיכום שימוע של נועם מזרחי ופרטים אישיים רגישים.,1,LEAK,LEGAL_HR
האתר הרשמי עודכן עם מסמכי ההדרכה החדשים למשתמשים.,0,NON_LEAK,PUBLIC_INFO
לקראת הפגישה עם משה אוחנה הועבר גם מספר הטלפון האישי שלו: 0520298532.,1,LEAK,MIXED_BORDERLINE
בכנס הטכנולוגיה הוצגו מגמות חדשות בתחום הבינה המלאכותית.,0,NON_LEAK,PUBLIC_INFO
"נדרש לעדכן את פרטי הלקוח איתי פרץ, תעודת זהות 038642358, טלפון 0598631833.",1,LEAK,PII_DIRECT
הקבוצה תיפגש מחר בבוקר לדיון על תכנון הרבעון הבא.,0,NON_LEAK,NON_SENSITIVE_GENERAL
הצוות סיים את פיתוח מודול ברק ועבר לשלב הבדיקות.,0,NON_LEAK,NON_SENSITIVE_GENERAL
הצוות דן בשיפור חוויית המשתמש של גרסה 4.2 לקראת הרבעון הבא.,0,NON_LEAK,BORDERLINE_NON_LEAK
קופת חולים כללית פרסמה הודעה רשמית על הרחבת הפעילות בהרצליה.,0,NON_LEAK,PUBLIC_INFO
החברה הודיעה לציבור על פתיחת מרכז שירות חדש באשדוד.,0,NON_LEAK,PUBLIC_INFO
החברה הודיעה לציבור על פתיחת מרכז שירות חדש ברעננה.,0,NON_LEAK,PUBLIC_INFO
"מנהל המוצר ביקש לעדכן את הלו""ז ולשתף את הסטטוס.",0,NON_LEAK,LOW_RISK_CONTEXT
"המסמך מכיל מידע רפואי אישי על מיכל כהן, כולל אבחנות ותרופות.",1,LEAK,HEALTH
אין להפיץ את תוצאות הבדיקה של איתי פרץ שנערכו באסותא.,1,LEAK,HEALTH
הצוות דן בשיפור חוויית המשתמש של פלטפורמת ארז לקראת הרבעון הבא.,0,NON_LEAK,BORDERLINE_NON_LEAK
"מנהל המוצר ביקש לעדכן את הלו""ז ולשתף את הסטטוס.",0,NON_LEAK,LOW_RISK_CONTEXT
המצגת עודכנה וכוללת את סטטוס המשימות לשבוע הקרוב.,0,NON_LEAK,NON_SENSITIVE_GENERAL
המסמך מסווג פנימי וכולל את תוכנית ההשקה של שירות אביב.,1,LEAK,CONFIDENTIAL_BUSINESS
מיקרוסופט פרסמה הודעה רשמית על הרחבת הפעילות בחיפה.,0,NON_LEAK,PUBLIC_INFO
הצוות מבקש להוסיף מסך התחברות חדש למערכת.,0,NON_LEAK,LOW_RISK_CONTEXT
"המסמך מכיל מידע רפואי אישי על ליאור מלכה, כולל אבחנות ותרופות.",1,LEAK,HEALTH
הקבוצה תיפגש מחר בבוקר לדיון על תכנון הרבעון הבא.,0,NON_LEAK,NON_SENSITIVE_GENERAL
הילה חדד עובד בחברת גוגל ישראל בהרצליה.,0,NON_LEAK,NON_SENSITIVE_GENERAL
בכנס הטכנולוגיה הוצגו מגמות חדשות בתחום הבינה המלאכותית.,0,NON_LEAK,PUBLIC_INFO
בכנס הטכנולוגיה הוצגו מגמות חדשות בתחום הבינה המלאכותית.,0,NON_LEAK,PUBLIC_INFO
סיכום הפגישה כולל גם את תאריך ההשקה 2/5/2026 וגם את פרטי הקשר של עמית אלקיים.,1,LEAK,MIXED_BORDERLINE
לקראת הפגישה עם רון חדד הועבר גם מספר הטלפון האישי שלו: 0591394388.,1,LEAK,MIXED_BORDERLINE
"נדרש לעדכן את פרטי הלקוח שרון סעדה, תעודת זהות 690795798, טלפון 0533218543.",1,LEAK,PII_DIRECT
"במסמך האישור מופיעים שירה אברהם, מודיעין ומספר הזהות 382507296.",1,LEAK,MIXED_BORDERLINE
שם הפרויקט הוא מבצע שקמה והוא יוצג בישיבת הנהלה.,0,NON_LEAK,BORDERLINE_NON_LEAK
סיכום הפגישה כולל גם את תאריך ההשקה 20/9/2026 וגם את פרטי הקשר של עמית אלקיים.,1,LEAK,MIXED_BORDERLINE
המצגת עודכנה וכוללת את סטטוס המשימות לשבוע הקרוב.,0,NON_LEAK,NON_SENSITIVE_GENERAL
המסמך מסווג פנימי וכולל את תוכנית ההשקה של פלטפורמת ארז.,1,LEAK,CONFIDENTIAL_BUSINESS
שם הפרויקט הוא פרויקט דרור והוא יוצג בישיבת הנהלה.,0,NON_LEAK,BORDERLINE_NON_LEAK
"הקובץ מציג רשימת עובדים עם משכורות, בונוסים וימי מחלה.",1,LEAK,LEGAL_HR
מסמך זה כולל מידע פנימי על תוכנית רימון ואסור לשתף אותו מחוץ לארגון.,1,LEAK,CONFIDENTIAL_BUSINESS
בכנס הטכנולוגיה הוצגו מגמות חדשות בתחום הבינה המלאכותית.,0,NON_LEAK,PUBLIC_INFO
תאריך ההשקה של מערכת קשת נקבע ל10/8/2026.,1,LEAK,CONFIDENTIAL_BUSINESS
המסמך מסווג פנימי וכולל את תוכנית ההשקה של פלטפורמת ארז.,1,LEAK,CONFIDENTIAL_BUSINESS
המערכת החדשה תושק ב18/10/2026 לפי הודעה רשמית שפורסמה לכלל העובדים.,0,NON_LEAK,BORDERLINE_NON_LEAK
"הקובץ כולל פרטי גישה למערכת, כולל שם משתמש וסיסמה.",1,LEAK,AUTH_SECRET
הצוות דן בשיפור חוויית המשתמש של מודול ברק לקראת הרבעון הבא.,0,NON_LEAK,BORDERLINE_NON_LEAK
קוד האימות שנשלח ליעל לוי הוא 483921.,1,LEAK,AUTH_SECRET
"במסמך האישור מופיעים ניר ביטון, מודיעין ומספר הזהות 576018049.",1,LEAK,MIXED_BORDERLINE
הפרויקט עבר לשלב האינטגרציה ונדרשת בדיקת עומסים.,0,NON_LEAK,LOW_RISK_CONTEXT
הישיבה תתקיים בחדר הגדול בקומה השנייה.,0,NON_LEAK,LOW_RISK_CONTEXT
"הועבר תשלום בגובה 31,870 ש""ח מחשבון 3357569938 של משה אוחנה.",1,LEAK,FINANCIAL
הועבר קובץ עם תלונת משמעת פנימית נגד דנה דנינו.,1,LEAK,LEGAL_HR
יש לשלוח את הקובץ המעודכן עד סוף היום.,0,NON_LEAK,LOW_RISK_CONTEXT
החברה הודיעה לציבור על פתיחת מרכז שירות חדש במודיעין.,0,NON_LEAK,PUBLIC_INFO
"במסמך האישור מופיעים איתי פרץ, פתח תקווה ומספר הזהות 662557266.",1,LEAK,MIXED_BORDERLINE
המסמך מסווג פנימי וכולל את תוכנית ההשקה של מוצר אופק.,1,LEAK,CONFIDENTIAL_BUSINESS
הצעת המחיר הסופית ללקוח תישלח רק לאחר אישור מנהל אבטחת מידע.,1,LEAK,CONFIDENTIAL_BUSINESS
הצוות סיים את פיתוח מערכת קשת ועבר לשלב הבדיקות.,0,NON_LEAK,NON_SENSITIVE_GENERAL
גוגל ישראל פרסמה הודעה רשמית על הרחבת הפעילות בבאר שבע.,0,NON_LEAK,PUBLIC_INFO
בכנס הטכנולוגיה הוצגו מגמות חדשות בתחום הבינה המלאכותית.,0,NON_LEAK,PUBLIC_INFO
המסמך כולל סיכום שימוע של מיכל כהן ופרטים אישיים רגישים.,1,LEAK,LEGAL_HR
יעל לוי עובד בחברת גוגל ישראל בפתח תקווה.,0,NON_LEAK,NON_SENSITIVE_GENERAL
"הקובץ מציג רשימת עובדים עם משכורות, בונוסים וימי מחלה.",1,LEAK,LEGAL_HR
בדוח הרפואי של עידן דנינו מבית החולים סורוקה מופיע טיפול רגיש.,1,LEAK,HEALTH
הועבר סיכום כללי של דיון שבועי ללא פרטים אישיים.,0,NON_LEAK,BORDERLINE_NON_LEAK
הועבר סיכום כללי של ישיבת צוות ללא פרטים אישיים.,0,NON_LEAK,BORDERLINE_NON_LEAK
התיק הרפואי של ניר ביטון מציין אבחנה של אלרגיה חריפה.,1,LEAK,HEALTH
"פרטי הקשר של איתי פרץ: טלפון 0504379365, מייל itay.peretz@org.co.il.",1,LEAK,PII_DIRECT
הקבוצה תיפגש מחר בבוקר לדיון על תכנון הרבעון הבא.,0,NON_LEAK,NON_SENSITIVE_GENERAL
הקבוצה תיפגש מחר בבוקר לדיון על תכנון הרבעון הבא.,0,NON_LEAK,NON_SENSITIVE_GENERAL
הצוות דן בשיפור חוויית המשתמש של מודול ברק לקראת הרבעון הבא.,0,NON_LEAK,BORDERLINE_NON_LEAK
"במסמך האישור מופיעים משה אוחנה, באר שבע ומספר הזהות 432225359.",1,LEAK,MIXED_BORDERLINE
הפרויקט עבר לשלב האינטגרציה ונדרשת בדיקת עומסים.,0,NON_LEAK,LOW_RISK_CONTEXT
החברה הודיעה לציבור על פתיחת מרכז שירות חדש בירושלים.,0,NON_LEAK,PUBLIC_INFO
"הכתובת של אלון מלכה היא רחוב ויצמן 18, רעננה.",1,LEAK,PII_DIRECT
"נא לא לשלוח החוצה את דוח הגבייה של ליאור מלכה עם סכום 42,859 ש""ח.",1,LEAK,FINANCIAL
המסמך כולל סיכום שימוע של משה אוחנה ופרטים אישיים רגישים.,1,LEAK,LEGAL_HR
הפרויקט עבר לשלב האינטגרציה ונדרשת בדיקת עומסים.,0,NON_LEAK,LOW_RISK_CONTEXT
הפרויקט עבר לשלב האינטגרציה ונדרשת בדיקת עומסים.,0,NON_LEAK,LOW_RISK_CONTEXT
אינטל פרסמה הודעה רשמית על הרחבת הפעילות בבאר שבע.,0,NON_LEAK,PUBLIC_INFO
הפגישה עם מנהל אבטחת מידע תתקיים ביום ראשון בירושלים.,0,NON_LEAK,NON_SENSITIVE_GENERAL
"המסמך מכיל מידע רפואי אישי על הילה חדד, כולל אבחנות ותרופות.",1,LEAK,HEALTH
מספר תעודת הזהות של אורן אברהם הוא 834050107.,1,LEAK,PII_DIRECT
הקבוצה תיפגש מחר בבוקר לדיון על תכנון הרבעון הבא.,0,NON_LEAK,NON_SENSITIVE_GENERAL
הועבר סיכום כללי של עדכון סטטוס ללא פרטים אישיים.,0,NON_LEAK,BORDERLINE_NON_LEAK
המסמך כולל סיכום שימוע של משה אוחנה ופרטים אישיים רגישים.,1,LEAK,LEGAL_HR
"הוכן דוח לקוח עבור צ'ק פוינט, הכולל איש קשר בשם הילה חדד ומייל hila.hadad@gmail.com.",1,LEAK,MIXED_BORDERLINE
"הועבר תשלום בגובה 20,427 ש""ח מחשבון 0989938474 של ניר ביטון.",1,LEAK,FINANCIAL
הועבר קובץ עם תלונת משמעת פנימית נגד אורן אברהם.,1,LEAK,LEGAL_HR
בדוח הפנימי מופיעים שמות לקוחות אסטרטגיים ותנאי התקשרות.,1,LEAK,CONFIDENTIAL_BUSINESS
"במסמך האישור מופיעים יואב לוי, הרצליה ומספר הזהות 425166857.",1,LEAK,MIXED_BORDERLINE
אין להפיץ את תוצאות הבדיקה של רון חדד שנערכו באיכילוב.,1,LEAK,HEALTH
האתר הרשמי עודכן עם מסמכי ההדרכה החדשים למשתמשים.,0,NON_LEAK,PUBLIC_INFO
בנק לאומי פרסמה הודעה רשמית על הרחבת הפעילות באשדוד.,0,NON_LEAK,PUBLIC_INFO
הצוות מבקש להוסיף מסך התחברות חדש למערכת.,0,NON_LEAK,LOW_RISK_CONTEXT
"פרטי החשבון של איתי פרץ: בנק בנק הפועלים, חשבון 4641555469.",1,LEAK,FINANCIAL
הפרויקט עבר לשלב האינטגרציה ונדרשת בדיקת עומסים.,0,NON_LEAK,LOW_RISK_CONTEXT
מפתח ה-API של הסביבה הפנימית נשמר במסמך המצורף.,1,LEAK,AUTH_SECRET
הפרויקט עבר לשלב האינטגרציה ונדרשת בדיקת עומסים.,0,NON_LEAK,LOW_RISK_CONTEXT
כתובת המייל האישית של יואב לוי היא yoav.levi@org.co.il.,1,LEAK,PII_DIRECT
הועבר סיכום כללי של ישיבת צוות ללא פרטים אישיים.,0,NON_LEAK,BORDERLINE_NON_LEAK
"פרטי החשבון של עמית אלקיים: בנק דיסקונט, חשבון 8351232112.",1,LEAK,FINANCIAL
"הקובץ כולל פרטי גישה למערכת, כולל שם משתמש וסיסמה.",1,LEAK,AUTH_SECRET
האתר הרשמי עודכן עם מסמכי ההדרכה החדשים למשתמשים.,0,NON_LEAK,PUBLIC_INFO
הישיבה תתקיים בחדר הגדול בקומה השנייה.,0,NON_LEAK,LOW_RISK_CONTEXT
הפגישה עם חשב שכר תתקיים ביום ראשון בנתניה.,0,NON_LEAK,NON_SENSITIVE_GENERAL
שם הפרויקט הוא גרסת אפריל והוא יוצג בישיבת הנהלה.,0,NON_LEAK,BORDERLINE_NON_LEAK
יש לשלוח את הקובץ המעודכן עד סוף היום.,0,NON_LEAK,LOW_RISK_CONTEXT
הקבוצה תיפגש מחר בבוקר לדיון על תכנון הרבעון הבא.,0,NON_LEAK,NON_SENSITIVE_GENERAL
המסמך כולל תאריך יעד של 25/8/2026 אך אינו מכיל פרטים אישיים.,0,NON_LEAK,BORDERLINE_NON_LEAK
"הועבר תשלום בגובה 42,584 ש""ח מחשבון 2785422494 של שרון סעדה.",1,LEAK,FINANCIAL
קופת חולים כללית פרסמה הודעה רשמית על הרחבת הפעילות ברעננה.,0,NON_LEAK,PUBLIC_INFO
החברה הודיעה לציבור על פתיחת מרכז שירות חדש בבאר שבע.,0,NON_LEAK,PUBLIC_INFO
"הכתובת של שירה אברהם היא רחוב ביאליק 7, תל אביב.",1,LEAK,PII_DIRECT
כתובת המייל האישית של מאיה ביטון היא maya.biton@org.co.il.,1,LEAK,PII_DIRECT
מסמך זה כולל מידע פנימי על מבצע שקמה ואסור לשתף אותו מחוץ לארגון.,1,LEAK,CONFIDENTIAL_BUSINESS
"הקובץ מציג רשימת עובדים עם משכורות, בונוסים וימי מחלה.",1,LEAK,LEGAL_HR
הצוות דן בשיפור חוויית המשתמש של מוצר הדס לקראת הרבעון הבא.,0,NON_LEAK,BORDERLINE_NON_LEAK
"מנהל המוצר ביקש לעדכן את הלו""ז ולשתף את הסטטוס.",0,NON_LEAK,LOW_RISK_CONTEXT
קוד האימות שנשלח ליעל לוי הוא 483921.,1,LEAK,AUTH_SECRET
"נדרש לעדכן את פרטי הלקוח דוד כהן, תעודת זהות 505434701, טלפון 0563799366.",1,LEAK,PII_DIRECT
סיכום הפגישה כולל גם את תאריך ההשקה 27/9/2026 וגם את פרטי הקשר של ליאור מלכה.,1,LEAK,MIXED_BORDERLINE
הצוות דן בשיפור חוויית המשתמש של שירות אביב לקראת הרבעון הבא.,0,NON_LEAK,BORDERLINE_NON_LEAK
מספר כרטיס האשראי של רון חדד הוא 0078765719755319.,1,LEAK,FINANCIAL
"הקובץ מציג רשימת עובדים עם משכורות, בונוסים וימי מחלה.",1,LEAK,LEGAL_HR
מסמך זה כולל מידע פנימי על מבצע שקמה ואסור לשתף אותו מחוץ לארגון.,1,LEAK,CONFIDENTIAL_BUSINESS
"הוכן דוח לקוח עבור קופת חולים כללית, הכולל איש קשר בשם דוד כהן ומייל david.cohen@outlook.com.",1,LEAK,MIXED_BORDERLINE
"בדוח מופיעים פרטי חיוב של לקוחות, כולל מספרי חשבון וסכומים.",1,LEAK,FINANCIAL
אין להפיץ את תוצאות הבדיקה של מיכל כהן שנערכו בשיבא.,1,LEAK,HEALTH
שם הפרויקט הוא פרויקט דרור והוא יוצג בישיבת הנהלה.,0,NON_LEAK,BORDERLINE_NON_LEAK
מכבי שירותי בריאות פרסמה הודעה רשמית על הרחבת הפעילות ברעננה.,0,NON_LEAK,PUBLIC_INFO
"פרטי הקשר של טל אוחנה: טלפון 0568209822, מייל tal.ohana@outlook.com.",1,LEAK,PII_DIRECT
המערכת החדשה תושק ב25/2/2026 לפי הודעה רשמית שפורסמה לכלל העובדים.,0,NON_LEAK,BORDERLINE_NON_LEAK
האתר הרשמי עודכן עם מסמכי ההדרכה החדשים למשתמשים.,0,NON_LEAK,PUBLIC_INFO
לקראת הפגישה עם הילה חדד הועבר גם מספר הטלפון האישי שלו: 0525294161.,1,LEAK,MIXED_BORDERLINE
המערכת החדשה תושק ב25/11/2026 לפי הודעה רשמית שפורסמה לכלל העובדים.,0,NON_LEAK,BORDERLINE_NON_LEAK
האתר הרשמי עודכן עם מסמכי ההדרכה החדשים למשתמשים.,0,NON_LEAK,PUBLIC_INFO
מספר כרטיס האשראי של דנה דנינו הוא 4597970180381658.,1,LEAK,FINANCIAL
בכנס הטכנולוגיה הוצגו מגמות חדשות בתחום הבינה המלאכותית.,0,NON_LEAK,PUBLIC_INFO
הישיבה תתקיים בחדר הגדול בקומה השנייה.,0,NON_LEAK,LOW_RISK_CONTEXT
יש לשלוח את הקובץ המעודכן עד סוף היום.,0,NON_LEAK,LOW_RISK_CONTEXT
בפגישה עם אנליסטית סוכם כי שירות אביב יושק ב6/12/2026.,1,LEAK,CONFIDENTIAL_BUSINESS
הצוות מבקש להוסיף מסך התחברות חדש למערכת.,0,NON_LEAK,LOW_RISK_CONTEXT
מספר הטלפון של ניר ביטון הוא 0591537987.,1,LEAK,PII_DIRECT
הקבוצה תיפגש מחר בבוקר לדיון על תכנון הרבעון הבא.,0,NON_LEAK,NON_SENSITIVE_GENERAL
הפרויקט עבר לשלב האינטגרציה ונדרשת בדיקת עומסים.,0,NON_LEAK,LOW_RISK_CONTEXT
"במסמך האישור מופיעים דנה דנינו, תל אביב ומספר הזהות 773763973.",1,LEAK,MIXED_BORDERLINE
נועם מזרחי עובד בחברת אינטל בתל אביב.,0,NON_LEAK,NON_SENSITIVE_GENERAL
"הכתובת של משה אוחנה היא רחוב בן גוריון 5, תל אביב.",1,LEAK,PII_DIRECT
מספר תעודת הזהות של איתי פרץ הוא 622043538.,1,LEAK,PII_DIRECT
בכנס הטכנולוגיה הוצגו מגמות חדשות בתחום הבינה המלאכותית.,0,NON_LEAK,PUBLIC_INFO
הצוות סיים את פיתוח פרויקט נוגה ועבר לשלב הבדיקות.,0,NON_LEAK,NON_SENSITIVE_GENERAL
שירה אברהם עובד בחברת מכבי שירותי בריאות באשדוד.,0,NON_LEAK,NON_SENSITIVE_GENERAL
מפתח ה-API של הסביבה הפנימית נשמר במסמך המצורף.,1,LEAK,AUTH_SECRET
הועבר סיכום כללי של סקר שביעות רצון ללא פרטים אישיים.,0,NON_LEAK,BORDERLINE_NON_LEAK
קוד האימות שנשלח להילה חדד הוא 483921.,1,LEAK,AUTH_SECRET
"בדוח מופיעים פרטי חיוב של לקוחות, כולל מספרי חשבון וסכומים.",1,LEAK,FINANCIAL
"הקובץ מציג רשימת עובדים עם משכורות, בונוסים וימי מחלה.",1,LEAK,LEGAL_HR
רון חדד עובד בחברת מכבי שירותי בריאות בתל אביב.,0,NON_LEAK,NON_SENSITIVE_GENERAL
כתובת המייל האישית של דנה דנינו היא dana.danino@gmail.com.,1,LEAK,PII_DIRECT
הצוות מבקש להוסיף מסך התחברות חדש למערכת.,0,NON_LEAK,LOW_RISK_CONTEXT
הצוות דן בשיפור חוויית המשתמש של מנוע זית לקראת הרבעון הבא.,0,NON_LEAK,BORDERLINE_NON_LEAK
"נדרש לעדכן את פרטי הלקוח מיכל כהן, תעודת זהות 410241270, טלפון 0537899179.",1,LEAK,PII_DIRECT
המסמך כולל תאריך יעד של 8/10/2026 אך אינו מכיל פרטים אישיים.,0,NON_LEAK,BORDERLINE_NON_LEAK
התיק הרפואי של יעל לוי מציין אבחנה של לחץ דם גבוה.,1,LEAK,HEALTH
קוד האימות שנשלח לנועם מזרחי הוא 483921.,1,LEAK,AUTH_SECRET
הפגישה עם יועץ משפטי תתקיים ביום ראשון בירושלים.,0,NON_LEAK,NON_SENSITIVE_GENERAL
"הועבר תשלום בגובה 20,287 ש""ח מחשבון 5783453924 של משה אוחנה.",1,LEAK,FINANCIAL
מכבי שירותי בריאות פרסמה הודעה רשמית על הרחבת הפעילות בהרצליה.,0,NON_LEAK,PUBLIC_INFO
אין להפיץ את תוצאות הבדיקה של דנה דנינו שנערכו בסורוקה.,1,LEAK,HEALTH
רפאל פרסמה הודעה רשמית על הרחבת הפעילות באשדוד.,0,NON_LEAK,PUBLIC_INFO
"נדרש לעדכן את פרטי הלקוח יואב לוי, תעודת זהות 281255043, טלפון 0509016851.",1,LEAK,PII_DIRECT
הועבר סיכום כללי של פגישת הנהלה ללא פרטים אישיים.,0,NON_LEAK,BORDERLINE_NON_LEAK
בדוח הפנימי מופיעים שמות לקוחות אסטרטגיים ותנאי התקשרות.,1,LEAK,CONFIDENTIAL_BUSINESS
הישיבה תתקיים בחדר הגדול בקומה השנייה.,0,NON_LEAK,LOW_RISK_CONTEXT
מספר תעודת הזהות של נועה מזרחי הוא 243046081.,1,LEAK,PII_DIRECT
המסמך כולל תאריך יעד של 28/1/2026 אך אינו מכיל פרטים אישיים.,0,NON_LEAK,BORDERLINE_NON_LEAK
בדוח משאבי האנוש מופיעים נתוני השכר של יואב לוי.,1,LEAK,LEGAL_HR
הפגישה עם ראש צוות תתקיים ביום ראשון באשדוד.,0,NON_LEAK,NON_SENSITIVE_GENERAL
מסמך זה כולל מידע פנימי על גרסת אפריל ואסור לשתף אותו מחוץ לארגון.,1,LEAK,CONFIDENTIAL_BUSINESS
"בדוח מופיעים פרטי חיוב של לקוחות, כולל מספרי חשבון וסכומים.",1,LEAK,FINANCIAL
הועבר סיכום כללי של פגישת הנהלה ללא פרטים אישיים.,0,NON_LEAK,BORDERLINE_NON_LEAK
"הועבר תשלום בגובה 9,160 ש""ח מחשבון 0609104952 של מיכל כהן.",1,LEAK,FINANCIAL
הועבר סיכום כללי של תכנון רבעון ללא פרטים אישיים.,0,NON_LEAK,BORDERLINE_NON_LEAK
הועבר סיכום כללי של תכנון רבעון ללא פרטים אישיים.,0,NON_LEAK,BORDERLINE_NON_LEAK
החברה הודיעה לציבור על פתיחת מרכז שירות חדש בירושלים.,0,NON_LEAK,PUBLIC_INFO
בדוח משאבי האנוש מופיעים נתוני השכר של משה אוחנה.,1,LEAK,LEGAL_HR
"הקובץ מציג רשימת עובדים עם משכורות, בונוסים וימי מחלה.",1,LEAK,LEGAL_HR
מספר תעודת הזהות של דנה דנינו הוא 324333552.,1,LEAK,PII_DIRECT
"נדרש לעדכן את פרטי הלקוח הילה חדד, תעודת זהות 898112840, טלפון 0544088789.",1,LEAK,PII_DIRECT
הקבוצה תיפגש מחר בבוקר לדיון על תכנון הרבעון הבא.,0,NON_LEAK,NON_SENSITIVE_GENERAL
הועבר סיכום כללי של ישיבת צוות ללא פרטים אישיים.,0,NON_LEAK,BORDERLINE_NON_LEAK
הפגישה עם מנהל פיתוח תתקיים ביום ראשון בירושלים.,0,NON_LEAK,NON_SENSITIVE_GENERAL
הצעת המחיר הסופית ללקוח תישלח רק לאחר אישור יועץ משפטי.,1,LEAK,CONFIDENTIAL_BUSINESS
הסיסמה הזמנית לחשבון של מאיה ביטון היא Welcome2026!.,1,LEAK,AUTH_SECRET
שם הפרויקט הוא תוכנית רימון והוא יוצג בישיבת הנהלה.,0,NON_LEAK,BORDERLINE_NON_LEAK
מכבי שירותי בריאות פרסמה הודעה רשמית על הרחבת הפעילות בנתניה.,0,NON_LEAK,PUBLIC_INFO
הצוות מבקש להוסיף מסך התחברות חדש למערכת.,0,NON_LEAK,LOW_RISK_CONTEXT
אלביט פרסמה הודעה רשמית על הרחבת הפעילות בבאר שבע.,0,NON_LEAK,PUBLIC_INFO
המסמך כולל סיכום שימוע של יואב לוי ופרטים אישיים רגישים.,1,LEAK,LEGAL_HR
הפרויקט עבר לשלב האינטגרציה ונדרשת בדיקת עומסים.,0,NON_LEAK,LOW_RISK_CONTEXT
"הכתובת של יעל לוי היא רחוב רוטשילד 21, נתניה.",1,LEAK,PII_DIRECT
מפתח ה-API של הסביבה הפנימית נשמר במסמך המצורף.,1,LEAK,AUTH_SECRET
מפתח ה-API של הסביבה הפנימית נשמר במסמך המצורף.,1,LEAK,AUTH_SECRET
מסמך זה כולל מידע פנימי על מבצע שקמה ואסור לשתף אותו מחוץ לארגון.,1,LEAK,CONFIDENTIAL_BUSINESS
"הקובץ מציג רשימת עובדים עם משכורות, בונוסים וימי מחלה.",1,LEAK,LEGAL_HR
בדוח הרפואי של הילה חדד מבית החולים איכילוב מופיע טיפול רגיש.,1,LEAK,HEALTH
"הועבר תשלום בגובה 39,729 ש""ח מחשבון 0140808554 של טל אוחנה.",1,LEAK,FINANCIAL
בכנס הטכנולוגיה הוצגו מגמות חדשות בתחום הבינה המלאכותית.,0,NON_LEAK,PUBLIC_INFO
"בדוח הרפואי של דוד כהן מבית החולים רמב""ם מופיע טיפול רגיש.",1,LEAK,HEALTH
המצגת עודכנה וכוללת את סטטוס המשימות לשבוע הקרוב.,0,NON_LEAK,NON_SENSITIVE_GENERAL
המסמך כולל סיכום שימוע של דוד כהן ופרטים אישיים רגישים.,1,LEAK,LEGAL_HR
האתר הרשמי עודכן עם מסמכי ההדרכה החדשים למשתמשים.,0,NON_LEAK,PUBLIC_INFO
הועבר סיכום כללי של סקר שביעות רצון ללא פרטים אישיים.,0,NON_LEAK,BORDERLINE_NON_LEAK
המסמך כולל תאריך יעד של 10/5/2026 אך אינו מכיל פרטים אישיים.,0,NON_LEAK,BORDERLINE_NON_LEAK
הפרויקט עבר לשלב האינטגרציה ונדרשת בדיקת עומסים.,0,NON_LEAK,LOW_RISK_CONTEXT
"נא לא לשלוח החוצה את דוח הגבייה של ליאור מלכה עם סכום 24,405 ש""ח.",1,LEAK,FINANCIAL
המצגת עודכנה וכוללת את סטטוס המשימות לשבוע הקרוב.,0,NON_LEAK,NON_SENSITIVE_GENERAL
הועבר סיכום כללי של דיון שבועי ללא פרטים אישיים.,0,NON_LEAK,BORDERLINE_NON_LEAK
"הכתובת של הילה חדד היא רחוב ויצמן 18, ראשון לציון.",1,LEAK,PII_DIRECT
המסמך מסווג פנימי וכולל את תוכנית ההשקה של מנוע זית.,1,LEAK,CONFIDENTIAL_BUSINESS
הפגישה עם אנליסטית תתקיים ביום ראשון בבאר שבע.,0,NON_LEAK,NON_SENSITIVE_GENERAL
אין להפיץ את תוצאות הבדיקה של נועם מזרחי שנערכו בסורוקה.,1,LEAK,HEALTH
בדוח הרפואי של דנה דנינו מבית החולים איכילוב מופיע טיפול רגיש.,1,LEAK,HEALTH
"הכתובת של טל אוחנה היא רחוב הרצל 12, אשדוד.",1,LEAK,PII_DIRECT
המסמך כולל סיכום שימוע של שירה אברהם ופרטים אישיים רגישים.,1,LEAK,LEGAL_HR
הקבוצה תיפגש מחר בבוקר לדיון על תכנון הרבעון הבא.,0,NON_LEAK,NON_SENSITIVE_GENERAL
"נא לא לשלוח החוצה את דוח הגבייה של הילה חדד עם סכום 4,029 ש""ח.",1,LEAK,FINANCIAL
הצוות מבקש להוסיף מסך התחברות חדש למערכת.,0,NON_LEAK,LOW_RISK_CONTEXT
קוד האימות שנשלח להילה חדד הוא 483921.,1,LEAK,AUTH_SECRET
"המסמך מכיל מידע רפואי אישי על אורן אברהם, כולל אבחנות ותרופות.",1,LEAK,HEALTH
הועבר קובץ עם תלונת משמעת פנימית נגד יעל לוי.,1,LEAK,LEGAL_HR
אלון מלכה עובד בחברת סלקום במודיעין.,0,NON_LEAK,NON_SENSITIVE_GENERAL
הועבר סיכום כללי של סקר שביעות רצון ללא פרטים אישיים.,0,NON_LEAK,BORDERLINE_NON_LEAK
הועבר סיכום כללי של ישיבת צוות ללא פרטים אישיים.,0,NON_LEAK,BORDERLINE_NON_LEAK
הועבר סיכום כללי של דיון שבועי ללא פרטים אישיים.,0,NON_LEAK,BORDERLINE_NON_LEAK
בכנס הטכנולוגיה הוצגו מגמות חדשות בתחום הבינה המלאכותית.,0,NON_LEAK,PUBLIC_INFO
סיכום הפגישה כולל גם את תאריך ההשקה 14/6/2026 וגם את פרטי הקשר של עידן דנינו.,1,LEAK,MIXED_BORDERLINE
"בפגישה עם מנכ""ל סוכם כי גרסה 4.2 יושק ב21/8/2026.",1,LEAK,CONFIDENTIAL_BUSINESS
בדוח משאבי האנוש מופיעים נתוני השכר של מיכל כהן.,1,LEAK,LEGAL_HR
יש לשלוח את הקובץ המעודכן עד סוף היום.,0,NON_LEAK,LOW_RISK_CONTEXT
הצעת המחיר הסופית ללקוח תישלח רק לאחר אישור יועץ משפטי.,1,LEAK,CONFIDENTIAL_BUSINESS
יש לשלוח את הקובץ המעודכן עד סוף היום.,0,NON_LEAK,LOW_RISK_CONTEXT
"נא לא לשלוח החוצה את דוח הגבייה של יעל לוי עם סכום 26,316 ש""ח.",1,LEAK,FINANCIAL
הועבר סיכום כללי של תכנון רבעון ללא פרטים אישיים.,0,NON_LEAK,BORDERLINE_NON_LEAK
"פרטי החשבון של דוד כהן: בנק בנק הפועלים, חשבון 2130477070.",1,LEAK,FINANCIAL
הקבוצה תיפגש מחר בבוקר לדיון על תכנון הרבעון הבא.,0,NON_LEAK,NON_SENSITIVE_GENERAL
שם הפרויקט הוא פרויקט דרור והוא יוצג בישיבת הנהלה.,0,NON_LEAK,BORDERLINE_NON_LEAK
הישיבה תתקיים בחדר הגדול בקומה השנייה.,0,NON_LEAK,LOW_RISK_CONTEXT
הצוות מבקש להוסיף מסך התחברות חדש למערכת.,0,NON_LEAK,LOW_RISK_CONTEXT
כתובת המייל האישית של נועם מזרחי היא noam.mizrahi@outlook.com.,1,LEAK,PII_DIRECT
עידן דנינו עובד בחברת גוגל ישראל בבאר שבע.,0,NON_LEAK,NON_SENSITIVE_GENERAL
בדוח הרפואי של יעל לוי מבית החולים אסותא מופיע טיפול רגיש.,1,LEAK,HEALTH
בדוח משאבי האנוש מופיעים נתוני השכר של שרון סעדה.,1,LEAK,LEGAL_HR
שם הפרויקט הוא תוכנית רימון והוא יוצג בישיבת הנהלה.,0,NON_LEAK,BORDERLINE_NON_LEAK
הפגישה עם מנהל פיתוח תתקיים ביום ראשון באשדוד.,0,NON_LEAK,NON_SENSITIVE_GENERAL
בדוח הרפואי של טל אוחנה מבית החולים איכילוב מופיע טיפול רגיש.,1,LEAK,HEALTH
"פרטי הקשר של עידן דנינו: טלפון 0519662889, מייל idan.danino@example.co.il.",1,LEAK,PII_DIRECT
"המסמך מכיל מידע רפואי אישי על מאיה ביטון, כולל אבחנות ותרופות.",1,LEAK,HEALTH
המסמך כולל תאריך יעד של 1/5/2026 אך אינו מכיל פרטים אישיים.,0,NON_LEAK,BORDERLINE_NON_LEAK
יש לשלוח את הקובץ המעודכן עד סוף היום.,0,NON_LEAK,LOW_RISK_CONTEXT
"הוכן דוח לקוח עבור נייס, הכולל איש קשר בשם יעל לוי ומייל yael.levi@example.co.il.",1,LEAK,MIXED_BORDERLINE
האתר הרשמי עודכן עם מסמכי ההדרכה החדשים למשתמשים.,0,NON_LEAK,PUBLIC_INFO
האתר הרשמי עודכן עם מסמכי ההדרכה החדשים למשתמשים.,0,NON_LEAK,PUBLIC_INFO
דוד כהן עובד בחברת אלביט בתל אביב.,0,NON_LEAK,NON_SENSITIVE_GENERAL
מסמך זה כולל מידע פנימי על גרסת אפריל ואסור לשתף אותו מחוץ לארגון.,1,LEAK,CONFIDENTIAL_BUSINESS
איתי פרץ עובד בחברת סלקום בבאר שבע.,0,NON_LEAK,NON_SENSITIVE_GENERAL
"במסמך האישור מופיעים נועה מזרחי, אשדוד ומספר הזהות 989895778.",1,LEAK,MIXED_BORDERLINE
"הפגישה עם מנכ""ל תתקיים ביום ראשון באשדוד.",0,NON_LEAK,NON_SENSITIVE_GENERAL
"במסמך האישור מופיעים עמית אלקיים, רעננה ומספר הזהות 194319673.",1,LEAK,MIXED_BORDERLINE
הפרויקט עבר לשלב האינטגרציה ונדרשת בדיקת עומסים.,0,NON_LEAK,LOW_RISK_CONTEXT
"בדוח מופיעים פרטי חיוב של לקוחות, כולל מספרי חשבון וסכומים.",1,LEAK,FINANCIAL
האתר הרשמי עודכן עם מסמכי ההדרכה החדשים למשתמשים.,0,NON_LEAK,PUBLIC_INFO
"הוכן דוח לקוח עבור מיקרוסופט, הכולל איש קשר בשם רון חדד ומייל ron.hadad@example.co.il.",1,LEAK,MIXED_BORDERLINE
קוד האימות שנשלח לרון חדד הוא 483921.,1,LEAK,AUTH_SECRET
נועה מזרחי עובד בחברת רפאל בנתניה.,0,NON_LEAK,NON_SENSITIVE_GENERAL
יש לשלוח את הקובץ המעודכן עד סוף היום.,0,NON_LEAK,LOW_RISK_CONTEXT
סיכום הפגישה כולל גם את תאריך ההשקה 18/9/2026 וגם את פרטי הקשר של נועם מזרחי.,1,LEAK,MIXED_BORDERLINE
הצוות מבקש להוסיף מסך התחברות חדש למערכת.,0,NON_LEAK,LOW_RISK_CONTEXT
כתובת המייל האישית של עמית אלקיים היא amit.elkayim@org.co.il.,1,LEAK,PII_DIRECT
תאריך ההשקה של מערכת קשת נקבע ל10/9/2026.,1,LEAK,CONFIDENTIAL_BUSINESS
המסמך כולל תאריך יעד של 23/11/2026 אך אינו מכיל פרטים אישיים.,0,NON_LEAK,BORDERLINE_NON_LEAK
המסמך כולל סיכום שימוע של רונית פרץ ופרטים אישיים רגישים.,1,LEAK,LEGAL_HR
מסמך זה כולל מידע פנימי על פרויקט דרור ואסור לשתף אותו מחוץ לארגון.,1,LEAK,CONFIDENTIAL_BUSINESS
סיכום הפגישה כולל גם את תאריך ההשקה 26/9/2026 וגם את פרטי הקשר של עידן דנינו.,1,LEAK,MIXED_BORDERLINE
הועבר קובץ עם תלונת משמעת פנימית נגד שירה אברהם.,1,LEAK,LEGAL_HR
הפגישה עם מנהל אבטחת מידע תתקיים ביום ראשון בבאר שבע.,0,NON_LEAK,NON_SENSITIVE_GENERAL
בכנס הטכנולוגיה הוצגו מגמות חדשות בתחום הבינה המלאכותית.,0,NON_LEAK,PUBLIC_INFO
סיכום הפגישה כולל גם את תאריך ההשקה 1/4/2026 וגם את פרטי הקשר של דוד כהן.,1,LEAK,MIXED_BORDERLINE
"במסמך האישור מופיעים עמית אלקיים, הרצליה ומספר הזהות 589813182.",1,LEAK,MIXED_BORDERLINE
"הקובץ מציג רשימת עובדים עם משכורות, בונוסים וימי מחלה.",1,LEAK,LEGAL_HR
המצגת עודכנה וכוללת את סטטוס המשימות לשבוע הקרוב.,0,NON_LEAK,NON_SENSITIVE_GENERAL
"הקובץ מציג רשימת עובדים עם משכורות, בונוסים וימי מחלה.",1,LEAK,LEGAL_HR
"במסמך האישור מופיעים שירה אברהם, נתניה ומספר הזהות 096656387.",1,LEAK,MIXED_BORDERLINE
סיכום הפגישה כולל גם את תאריך ההשקה 10/11/2026 וגם את פרטי הקשר של ניר ביטון.,1,LEAK,MIXED_BORDERLINE
בדוח משאבי האנוש מופיעים נתוני השכר של דוד כהן.,1,LEAK,LEGAL_HR
בדוח הרפואי של מאיה ביטון מבית החולים איכילוב מופיע טיפול רגיש.,1,LEAK,HEALTH
הצוות מבקש להוסיף מסך התחברות חדש למערכת.,0,NON_LEAK,LOW_RISK_CONTEXT
הסיסמה הזמנית לחשבון של שירה אברהם היא Welcome2026!.,1,LEAK,AUTH_SECRET
"מנהל המוצר ביקש לעדכן את הלו""ז ולשתף את הסטטוס.",0,NON_LEAK,LOW_RISK_CONTEXT
המסמך כולל תאריך יעד של 17/7/2026 אך אינו מכיל פרטים אישיים.,0,NON_LEAK,BORDERLINE_NON_LEAK
"הקובץ מציג רשימת עובדים עם משכורות, בונוסים וימי מחלה.",1,LEAK,LEGAL_HR
"במסמך האישור מופיעים אלון מלכה, אשדוד ומספר הזהות 634739154.",1,LEAK,MIXED_BORDERLINE
"נא לא לשלוח החוצה את דוח הגבייה של רונית פרץ עם סכום 18,173 ש""ח.",1,LEAK,FINANCIAL
מספר הטלפון של אורן אברהם הוא 0571663293.,1,LEAK,PII_DIRECT
בדוח הפנימי מופיעים שמות לקוחות אסטרטגיים ותנאי התקשרות.,1,LEAK,CONFIDENTIAL_BUSINESS
הועבר קובץ עם תלונת משמעת פנימית נגד איתי פרץ.,1,LEAK,LEGAL_HR
בדוח משאבי האנוש מופיעים נתוני השכר של מיכל כהן.,1,LEAK,LEGAL_HR
"נא לא לשלוח החוצה את דוח הגבייה של רונית פרץ עם סכום 4,929 ש""ח.",1,LEAK,FINANCIAL
הועבר סיכום כללי של פגישת הנהלה ללא פרטים אישיים.,0,NON_LEAK,BORDERLINE_NON_LEAK
הפרויקט עבר לשלב האינטגרציה ונדרשת בדיקת עומסים.,0,NON_LEAK,LOW_RISK_CONTEXT
התיק הרפואי של אורן אברהם מציין אבחנה של לחץ דם גבוה.,1,LEAK,HEALTH
הישיבה תתקיים בחדר הגדול בקומה השנייה.,0,NON_LEAK,LOW_RISK_CONTEXT
הפגישה עם מנהל פיתוח תתקיים ביום ראשון בבאר שבע.,0,NON_LEAK,NON_SENSITIVE_GENERAL
"פרטי הקשר של דוד כהן: טלפון 0531422042, מייל david.cohen@example.co.il.",1,LEAK,PII_DIRECT
המסמך כולל תאריך יעד של 13/12/2026 אך אינו מכיל פרטים אישיים.,0,NON_LEAK,BORDERLINE_NON_LEAK
"המסמך מכיל מידע רפואי אישי על אורן אברהם, כולל אבחנות ותרופות.",1,LEAK,HEALTH
מספר כרטיס האשראי של משה אוחנה הוא 6590766249892554.,1,LEAK,FINANCIAL
הצוות סיים את פיתוח מערכת קשת ועבר לשלב הבדיקות.,0,NON_LEAK,NON_SENSITIVE_GENERAL
כתובת המייל האישית של איתי פרץ היא itay.peretz@gmail.com.,1,LEAK,PII_DIRECT
הסיסמה הזמנית לחשבון של ליאור מלכה היא Welcome2026!.,1,LEAK,AUTH_SECRET
בדוח משאבי האנוש מופיעים נתוני השכר של דנה דנינו.,1,LEAK,LEGAL_HR
החברה הודיעה לציבור על פתיחת מרכז שירות חדש בבאר שבע.,0,NON_LEAK,PUBLIC_INFO
"נא לא לשלוח החוצה את דוח הגבייה של טל אוחנה עם סכום 35,704 ש""ח.",1,LEAK,FINANCIAL
"פרטי החשבון של רונית פרץ: בנק בנק לאומי, חשבון 7631022412.",1,LEAK,FINANCIAL
המצגת עודכנה וכוללת את סטטוס המשימות לשבוע הקרוב.,0,NON_LEAK,NON_SENSITIVE_GENERAL
הצוות סיים את פיתוח גרסה 4.2 ועבר לשלב הבדיקות.,0,NON_LEAK,NON_SENSITIVE_GENERAL
הצוות סיים את פיתוח מנוע זית ועבר לשלב הבדיקות.,0,NON_LEAK,NON_SENSITIVE_GENERAL
יש לשלוח את הקובץ המעודכן עד סוף היום.,0,NON_LEAK,LOW_RISK_CONTEXT
הועבר קובץ עם תלונת משמעת פנימית נגד ניר ביטון.,1,LEAK,LEGAL_HR
Amdocs פרסמה הודעה רשמית על הרחבת הפעילות בחיפה.,0,NON_LEAK,PUBLIC_INFO
האתר הרשמי עודכן עם מסמכי ההדרכה החדשים למשתמשים.,0,NON_LEAK,PUBLIC_INFO
הועבר סיכום כללי של ישיבת צוות ללא פרטים אישיים.,0,NON_LEAK,BORDERLINE_NON_LEAK
הסיסמה הזמנית לחשבון של עידן דנינו היא Welcome2026!.,1,LEAK,AUTH_SECRET
החברה הודיעה לציבור על פתיחת מרכז שירות חדש בירושלים.,0,NON_LEAK,PUBLIC_INFO
הצוות מבקש להוסיף מסך התחברות חדש למערכת.,0,NON_LEAK,LOW_RISK_CONTEXT
שם הפרויקט הוא פרויקט ברוש והוא יוצג בישיבת הנהלה.,0,NON_LEAK,BORDERLINE_NON_LEAK
"נא לא לשלוח החוצה את דוח הגבייה של רון חדד עם סכום 38,540 ש""ח.",1,LEAK,FINANCIAL
מאיה ביטון עובד בחברת קופת חולים כללית באשדוד.,0,NON_LEAK,NON_SENSITIVE_GENERAL
"הקובץ כולל פרטי גישה למערכת, כולל שם משתמש וסיסמה.",1,LEAK,AUTH_SECRET
המסמך כולל תאריך יעד של 28/8/2026 אך אינו מכיל פרטים אישיים.,0,NON_LEAK,BORDERLINE_NON_LEAK
הקבוצה תיפגש מחר בבוקר לדיון על תכנון הרבעון הבא.,0,NON_LEAK,NON_SENSITIVE_GENERAL
הצוות דן בשיפור חוויית המשתמש של גרסה 4.2 לקראת הרבעון הבא.,0,NON_LEAK,BORDERLINE_NON_LEAK
"בדוח מופיעים פרטי חיוב של לקוחות, כולל מספרי חשבון וסכומים.",1,LEAK,FINANCIAL
האתר הרשמי עודכן עם מסמכי ההדרכה החדשים למשתמשים.,0,NON_LEAK,PUBLIC_INFO
שם הפרויקט הוא תוכנית רימון והוא יוצג בישיבת הנהלה.,0,NON_LEAK,BORDERLINE_NON_LEAK
בדוח הרפואי של יעל לוי מבית החולים איכילוב מופיע טיפול רגיש.,1,LEAK,HEALTH
בכנס הטכנולוגיה הוצגו מגמות חדשות בתחום הבינה המלאכותית.,0,NON_LEAK,PUBLIC_INFO
המצגת עודכנה וכוללת את סטטוס המשימות לשבוע הקרוב.,0,NON_LEAK,NON_SENSITIVE_GENERAL
הצוות דן בשיפור חוויית המשתמש של מוצר אופק לקראת הרבעון הבא.,0,NON_LEAK,BORDERLINE_NON_LEAK
"הקובץ מציג רשימת עובדים עם משכורות, בונוסים וימי מחלה.",1,LEAK,LEGAL_HR
הצוות דן בשיפור חוויית המשתמש של מודול ברק לקראת הרבעון הבא.,0,NON_LEAK,BORDERLINE_NON_LEAK
הצוות סיים את פיתוח פרויקט נוגה ועבר לשלב הבדיקות.,0,NON_LEAK,NON_SENSITIVE_GENERAL
"הוכן דוח לקוח עבור אינטל, הכולל איש קשר בשם אורן אברהם ומייל oren.avraham@outlook.com.",1,LEAK,MIXED_BORDERLINE
קופת חולים כללית פרסמה הודעה רשמית על הרחבת הפעילות במודיעין.,0,NON_LEAK,PUBLIC_INFO
"המסמך מכיל מידע רפואי אישי על יואב לוי, כולל אבחנות ותרופות.",1,LEAK,HEALTH
החברה הודיעה לציבור על פתיחת מרכז שירות חדש בהרצליה.,0,NON_LEAK,PUBLIC_INFO
"פרטי החשבון של שירה אברהם: בנק דיסקונט, חשבון 8429602643.",1,LEAK,FINANCIAL
מפתח ה-API של הסביבה הפנימית נשמר במסמך המצורף.,1,LEAK,AUTH_SECRET
האתר הרשמי עודכן עם מסמכי ההדרכה החדשים למשתמשים.,0,NON_LEAK,PUBLIC_INFO
מספר כרטיס האשראי של משה אוחנה הוא 4024750799857752.,1,LEAK,FINANCIAL
"הקובץ מציג רשימת עובדים עם משכורות, בונוסים וימי מחלה.",1,LEAK,LEGAL_HR
הסיסמה הזמנית לחשבון של דוד כהן היא Welcome2026!.,1,LEAK,AUTH_SECRET
קוד האימות שנשלח להילה חדד הוא 483921.,1,LEAK,AUTH_SECRET
הועבר סיכום כללי של עדכון סטטוס ללא פרטים אישיים.,0,NON_LEAK,BORDERLINE_NON_LEAK
הקבוצה תיפגש מחר בבוקר לדיון על תכנון הרבעון הבא.,0,NON_LEAK,NON_SENSITIVE_GENERAL
מכבי שירותי בריאות פרסמה הודעה רשמית על הרחבת הפעילות בבאר שבע.,0,NON_LEAK,PUBLIC_INFO
המסמך כולל תאריך יעד של 21/2/2026 אך אינו מכיל פרטים אישיים.,0,NON_LEAK,BORDERLINE_NON_LEAK
תאריך ההשקה של מערכת קשת נקבע ל25/6/2026.,1,LEAK,CONFIDENTIAL_BUSINESS
מספר כרטיס האשראי של רון חדד הוא 5794167507679116.,1,LEAK,FINANCIAL
"הקובץ כולל פרטי גישה למערכת, כולל שם משתמש וסיסמה.",1,LEAK,AUTH_SECRET
החברה הודיעה לציבור על פתיחת מרכז שירות חדש בחיפה.,0,NON_LEAK,PUBLIC_INFO
הצוות מבקש להוסיף מסך התחברות חדש למערכת.,0,NON_LEAK,LOW_RISK_CONTEXT
אלון מלכה עובד בחברת אינטל בחיפה.,0,NON_LEAK,NON_SENSITIVE_GENERAL
נייס פרסמה הודעה רשמית על הרחבת הפעילות בבאר שבע.,0,NON_LEAK,PUBLIC_INFO
התיק הרפואי של נועם מזרחי מציין אבחנה של סוכרת.,1,LEAK,HEALTH
סיכום הפגישה כולל גם את תאריך ההשקה 1/10/2026 וגם את פרטי הקשר של עידן דנינו.,1,LEAK,MIXED_BORDERLINE
האתר הרשמי עודכן עם מסמכי ההדרכה החדשים למשתמשים.,0,NON_LEAK,PUBLIC_INFO
אין להפיץ את תוצאות הבדיקה של אורן אברהם שנערכו בשיבא.,1,LEAK,HEALTH
"בפגישה עם סמנכ""לית כספים סוכם כי פלטפורמת ארז יושק ב24/10/2026.",1,LEAK,CONFIDENTIAL_BUSINESS
מספר כרטיס האשראי של איתי פרץ הוא 4534478185516715.,1,LEAK,FINANCIAL
החברה הודיעה לציבור על פתיחת מרכז שירות חדש בראשון לציון.,0,NON_LEAK,PUBLIC_INFO
המסמך כולל סיכום שימוע של שרון סעדה ופרטים אישיים רגישים.,1,LEAK,LEGAL_HR
הישיבה תתקיים בחדר הגדול בקומה השנייה.,0,NON_LEAK,LOW_RISK_CONTEXT
מספר תעודת הזהות של נועם מזרחי הוא 308359223.,1,LEAK,PII_DIRECT
"נא לא לשלוח החוצה את דוח הגבייה של אורן אברהם עם סכום 31,200 ש""ח.",1,LEAK,FINANCIAL
המערכת החדשה תושק ב13/1/2026 לפי הודעה רשמית שפורסמה לכלל העובדים.,0,NON_LEAK,BORDERLINE_NON_LEAK
שם הפרויקט הוא מבצע שקמה והוא יוצג בישיבת הנהלה.,0,NON_LEAK,BORDERLINE_NON_LEAK
אין להפיץ את תוצאות הבדיקה של עידן דנינו שנערכו באסותא.,1,LEAK,HEALTH
הצוות סיים את פיתוח מודול ברק ועבר לשלב הבדיקות.,0,NON_LEAK,NON_SENSITIVE_GENERAL
שם הפרויקט הוא פרויקט דרור והוא יוצג בישיבת הנהלה.,0,NON_LEAK,BORDERLINE_NON_LEAK
הישיבה תתקיים בחדר הגדול בקומה השנייה.,0,NON_LEAK,LOW_RISK_CONTEXT
האתר הרשמי עודכן עם מסמכי ההדרכה החדשים למשתמשים.,0,NON_LEAK,PUBLIC_INFO
מספר הטלפון של דנה דנינו הוא 0502463073.,1,LEAK,PII_DIRECT
"הכתובת של נועם מזרחי היא רחוב הזית 11, פתח תקווה.",1,LEAK,PII_DIRECT
סיכום הפגישה כולל גם את תאריך ההשקה 11/2/2026 וגם את פרטי הקשר של ליאור מלכה.,1,LEAK,MIXED_BORDERLINE
יש לשלוח את הקובץ המעודכן עד סוף היום.,0,NON_LEAK,LOW_RISK_CONTEXT
האתר הרשמי עודכן עם מסמכי ההדרכה החדשים למשתמשים.,0,NON_LEAK,PUBLIC_INFO
"הוכן דוח לקוח עבור Amdocs, הכולל איש קשר בשם עמית אלקיים ומייל amit.elkayim@company.co.il.",1,LEAK,MIXED_BORDERLINE
הישיבה תתקיים בחדר הגדול בקומה השנייה.,0,NON_LEAK,LOW_RISK_CONTEXT
בדוח הפנימי מופיעים שמות לקוחות אסטרטגיים ותנאי התקשרות.,1,LEAK,CONFIDENTIAL_BUSINESS
בכנס הטכנולוגיה הוצגו מגמות חדשות בתחום הבינה המלאכותית.,0,NON_LEAK,PUBLIC_INFO
החברה הודיעה לציבור על פתיחת מרכז שירות חדש ברעננה.,0,NON_LEAK,PUBLIC_INFO
שם הפרויקט הוא פרויקט דרור והוא יוצג בישיבת הנהלה.,0,NON_LEAK,BORDERLINE_NON_LEAK
ליאור מלכה עובד בחברת נייס בתל אביב.,0,NON_LEAK,NON_SENSITIVE_GENERAL
התיק הרפואי של דנה דנינו מציין אבחנה של אסתמה.,1,LEAK,HEALTH
הסיסמה הזמנית לחשבון של יואב לוי היא Welcome2026!.,1,LEAK,AUTH_SECRET
קופת חולים כללית פרסמה הודעה רשמית על הרחבת הפעילות בראשון לציון.,0,NON_LEAK,PUBLIC_INFO
שטראוס פרסמה הודעה רשמית על הרחבת הפעילות בירושלים.,0,NON_LEAK,PUBLIC_INFO
הצוות סיים את פיתוח מנוע זית ועבר לשלב הבדיקות.,0,NON_LEAK,NON_SENSITIVE_GENERAL
החברה הודיעה לציבור על פתיחת מרכז שירות חדש בנתניה.,0,NON_LEAK,PUBLIC_INFO
הפגישה עם אנליסטית תתקיים ביום ראשון בהרצליה.,0,NON_LEAK,NON_SENSITIVE_GENERAL
"אין להפיץ את תוצאות הבדיקה של אלון מלכה שנערכו ברמב""ם.",1,LEAK,HEALTH
הצוות דן בשיפור חוויית המשתמש של פרויקט נוגה לקראת הרבעון הבא.,0,NON_LEAK,BORDERLINE_NON_LEAK
הועבר קובץ עם תלונת משמעת פנימית נגד עידן דנינו.,1,LEAK,LEGAL_HR
הישיבה תתקיים בחדר הגדול בקומה השנייה.,0,NON_LEAK,LOW_RISK_CONTEXT
"פרטי הקשר של אלון מלכה: טלפון 0539174649, מייל alon.malka@outlook.com.",1,LEAK,PII_DIRECT
המסמך מסווג פנימי וכולל את תוכנית ההשקה של מוצר הדס.,1,LEAK,CONFIDENTIAL_BUSINESS
יואב לוי עובד בחברת Amdocs בפתח תקווה.,0,NON_LEAK,NON_SENSITIVE_GENERAL
בכנס הטכנולוגיה הוצגו מגמות חדשות בתחום הבינה המלאכותית.,0,NON_LEAK,PUBLIC_INFO
מספר הטלפון של איתי פרץ הוא 0581420841.,1,LEAK,PII_DIRECT
האתר הרשמי עודכן עם מסמכי ההדרכה החדשים למשתמשים.,0,NON_LEAK,PUBLIC_INFO
הצעת המחיר הסופית ללקוח תישלח רק לאחר אישור מנהל אבטחת מידע.,1,LEAK,CONFIDENTIAL_BUSINESS
"נדרש לעדכן את פרטי הלקוח אורן אברהם, תעודת זהות 471046804, טלפון 0551191486.",1,LEAK,PII_DIRECT
בכנס הטכנולוגיה הוצגו מגמות חדשות בתחום הבינה המלאכותית.,0,NON_LEAK,PUBLIC_INFO
המצגת עודכנה וכוללת את סטטוס המשימות לשבוע הקרוב.,0,NON_LEAK,NON_SENSITIVE_GENERAL
"הועבר תשלום בגובה 1,727 ש""ח מחשבון 5196775732 של רון חדד.",1,LEAK,FINANCIAL
בפגישה עם מנהלת משאבי אנוש סוכם כי מוצר אופק יושק ב13/6/2026.,1,LEAK,CONFIDENTIAL_BUSINESS
"נא לא לשלוח החוצה את דוח הגבייה של עידן דנינו עם סכום 8,119 ש""ח.",1,LEAK,FINANCIAL
קוד האימות שנשלח לטל אוחנה הוא 483921.,1,LEAK,AUTH_SECRET
מפתח ה-API של הסביבה הפנימית נשמר במסמך המצורף.,1,LEAK,AUTH_SECRET
"הכתובת של נועה מזרחי היא רחוב ביאליק 7, ירושלים.",1,LEAK,PII_DIRECT
כתובת המייל האישית של ניר ביטון היא nir.biton@company.co.il.,1,LEAK,PII_DIRECT
"הקובץ מציג רשימת עובדים עם משכורות, בונוסים וימי מחלה.",1,LEAK,LEGAL_HR
הצוות סיים את פיתוח גרסה 4.2 ועבר לשלב הבדיקות.,0,NON_LEAK,NON_SENSITIVE_GENERAL
האתר הרשמי עודכן עם מסמכי ההדרכה החדשים למשתמשים.,0,NON_LEAK,PUBLIC_INFO
"הקובץ כולל פרטי גישה למערכת, כולל שם משתמש וסיסמה.",1,LEAK,AUTH_SECRET
האתר הרשמי עודכן עם מסמכי ההדרכה החדשים למשתמשים.,0,NON_LEAK,PUBLIC_INFO
המסמך כולל סיכום שימוע של איתי פרץ ופרטים אישיים רגישים.,1,LEAK,LEGAL_HR
"הוכן דוח לקוח עבור בנק לאומי, הכולל איש קשר בשם יואב לוי ומייל yoav.levi@gmail.com.",1,LEAK,MIXED_BORDERLINE
עידן דנינו עובד בחברת בנק הפועלים בתל אביב.,0,NON_LEAK,NON_SENSITIVE_GENERAL
בפגישה עם מנהל פיתוח סוכם כי מערכת קשת יושק ב12/3/2026.,1,LEAK,CONFIDENTIAL_BUSINESS
"הוכן דוח לקוח עבור בזק, הכולל איש קשר בשם איתי פרץ ומייל itay.peretz@org.co.il.",1,LEAK,MIXED_BORDERLINE
הועבר סיכום כללי של סקר שביעות רצון ללא פרטים אישיים.,0,NON_LEAK,BORDERLINE_NON_LEAK
הישיבה תתקיים בחדר הגדול בקומה השנייה.,0,NON_LEAK,LOW_RISK_CONTEXT
הסיסמה הזמנית לחשבון של עמית אלקיים היא Welcome2026!.,1,LEAK,AUTH_SECRET
החברה הודיעה לציבור על פתיחת מרכז שירות חדש באשדוד.,0,NON_LEAK,PUBLIC_INFO
מפתח ה-API של הסביבה הפנימית נשמר במסמך המצורף.,1,LEAK,AUTH_SECRET
מספר הטלפון של טל אוחנה הוא 0529784402.,1,LEAK,PII_DIRECT
לקראת הפגישה עם מאיה ביטון הועבר גם מספר הטלפון האישי שלו: 0537911681.,1,LEAK,MIXED_BORDERLINE
הישיבה תתקיים בחדר הגדול בקומה השנייה.,0,NON_LEAK,LOW_RISK_CONTEXT
החברה הודיעה לציבור על פתיחת מרכז שירות חדש בנתניה.,0,NON_LEAK,PUBLIC_INFO
תאריך ההשקה של מערכת קשת נקבע ל19/4/2026.,1,LEAK,CONFIDENTIAL_BUSINESS
"מנהל המוצר ביקש לעדכן את הלו""ז ולשתף את הסטטוס.",0,NON_LEAK,LOW_RISK_CONTEXT
שטראוס פרסמה הודעה רשמית על הרחבת הפעילות בראשון לציון.,0,NON_LEAK,PUBLIC_INFO
נועה מזרחי עובד בחברת גוגל ישראל בראשון לציון.,0,NON_LEAK,NON_SENSITIVE_GENERAL
"בדוח מופיעים פרטי חיוב של לקוחות, כולל מספרי חשבון וסכומים.",1,LEAK,FINANCIAL
התיק הרפואי של ליאור מלכה מציין אבחנה של אסתמה.,1,LEAK,HEALTH
הועבר סיכום כללי של ישיבת צוות ללא פרטים אישיים.,0,NON_LEAK,BORDERLINE_NON_LEAK
בפגישה עם חשב שכר סוכם כי מנוע זית יושק ב27/10/2026.,1,LEAK,CONFIDENTIAL_BUSINESS
שם הפרויקט הוא פרויקט ברוש והוא יוצג בישיבת הנהלה.,0,NON_LEAK,BORDERLINE_NON_LEAK
הקבוצה תיפגש מחר בבוקר לדיון על תכנון הרבעון הבא.,0,NON_LEAK,NON_SENSITIVE_GENERAL
לקראת הפגישה עם שרון סעדה הועבר גם מספר הטלפון האישי שלו: 0548855324.,1,LEAK,MIXED_BORDERLINE
הקבוצה תיפגש מחר בבוקר לדיון על תכנון הרבעון הבא.,0,NON_LEAK,NON_SENSITIVE_GENERAL
הפרויקט עבר לשלב האינטגרציה ונדרשת בדיקת עומסים.,0,NON_LEAK,LOW_RISK_CONTEXT
שם הפרויקט הוא תוכנית רימון והוא יוצג בישיבת הנהלה.,0,NON_LEAK,BORDERLINE_NON_LEAK
"הקובץ כולל פרטי גישה למערכת, כולל שם משתמש וסיסמה.",1,LEAK,AUTH_SECRET
המצגת עודכנה וכוללת את סטטוס המשימות לשבוע הקרוב.,0,NON_LEAK,NON_SENSITIVE_GENERAL
"בדוח מופיעים פרטי חיוב של לקוחות, כולל מספרי חשבון וסכומים.",1,LEAK,FINANCIAL
"הקובץ מציג רשימת עובדים עם משכורות, בונוסים וימי מחלה.",1,LEAK,LEGAL_HR
"פרטי הקשר של נועה מזרחי: טלפון 0546690438, מייל noa.mizrahi@gmail.com.",1,LEAK,PII_DIRECT
בכנס הטכנולוגיה הוצגו מגמות חדשות בתחום הבינה המלאכותית.,0,NON_LEAK,PUBLIC_INFO
המערכת החדשה תושק ב5/5/2026 לפי הודעה רשמית שפורסמה לכלל העובדים.,0,NON_LEAK,BORDERLINE_NON_LEAK
בדוח הפנימי מופיעים שמות לקוחות אסטרטגיים ותנאי התקשרות.,1,LEAK,CONFIDENTIAL_BUSINESS
"הקובץ כולל פרטי גישה למערכת, כולל שם משתמש וסיסמה.",1,LEAK,AUTH_SECRET
בפגישה עם מנהל מוצר סוכם כי מערכת קשת יושק ב17/2/2026.,1,LEAK,CONFIDENTIAL_BUSINESS
"הכתובת של רונית פרץ היא רחוב הנביאים 14, נתניה.",1,LEAK,PII_DIRECT
בפגישה עם חשב שכר סוכם כי מודול ברק יושק ב6/1/2026.,1,LEAK,CONFIDENTIAL_BUSINESS
בכנס הטכנולוגיה הוצגו מגמות חדשות בתחום הבינה המלאכותית.,0,NON_LEAK,PUBLIC_INFO
"הקובץ מציג רשימת עובדים עם משכורות, בונוסים וימי מחלה.",1,LEAK,LEGAL_HR
מספר כרטיס האשראי של דנה דנינו הוא 8683258317488612.,1,LEAK,FINANCIAL
בדוח הפנימי מופיעים שמות לקוחות אסטרטגיים ותנאי התקשרות.,1,LEAK,CONFIDENTIAL_BUSINESS
המסמך כולל תאריך יעד של 23/10/2026 אך אינו מכיל פרטים אישיים.,0,NON_LEAK,BORDERLINE_NON_LEAK
שם הפרויקט הוא פרויקט ברוש והוא יוצג בישיבת הנהלה.,0,NON_LEAK,BORDERLINE_NON_LEAK
מיכל כהן עובד בחברת מכבי שירותי בריאות בפתח תקווה.,0,NON_LEAK,NON_SENSITIVE_GENERAL
בפגישה עם ראש צוות סוכם כי פלטפורמת ארז יושק ב22/5/2026.,1,LEAK,CONFIDENTIAL_BUSINESS
"נא לא לשלוח החוצה את דוח הגבייה של שרון סעדה עם סכום 16,505 ש""ח.",1,LEAK,FINANCIAL
בנק לאומי פרסמה הודעה רשמית על הרחבת הפעילות ברעננה.,0,NON_LEAK,PUBLIC_INFO
שם הפרויקט הוא פרויקט ברוש והוא יוצג בישיבת הנהלה.,0,NON_LEAK,BORDERLINE_NON_LEAK
יש לשלוח את הקובץ המעודכן עד סוף היום.,0,NON_LEAK,LOW_RISK_CONTEXT
החברה הודיעה לציבור על פתיחת מרכז שירות חדש בתל אביב.,0,NON_LEAK,PUBLIC_INFO
המצגת עודכנה וכוללת את סטטוס המשימות לשבוע הקרוב.,0,NON_LEAK,NON_SENSITIVE_GENERAL
בפגישה עם ראש צוות סוכם כי שירות אביב יושק ב2/12/2026.,1,LEAK,CONFIDENTIAL_BUSINESS
קוד האימות שנשלח לרונית פרץ הוא 483921.,1,LEAK,AUTH_SECRET
בכנס הטכנולוגיה הוצגו מגמות חדשות בתחום הבינה המלאכותית.,0,NON_LEAK,PUBLIC_INFO
אינטל פרסמה הודעה רשמית על הרחבת הפעילות באשדוד.,0,NON_LEAK,PUBLIC_INFO
קוד האימות שנשלח לניר ביטון הוא 483921.,1,LEAK,AUTH_SECRET
הפגישה עם יועץ משפטי תתקיים ביום ראשון בירושלים.,0,NON_LEAK,NON_SENSITIVE_GENERAL
"הוכן דוח לקוח עבור בנק לאומי, הכולל איש קשר בשם דנה דנינו ומייל dana.danino@org.co.il.",1,LEAK,MIXED_BORDERLINE
המערכת החדשה תושק ב1/2/2026 לפי הודעה רשמית שפורסמה לכלל העובדים.,0,NON_LEAK,BORDERLINE_NON_LEAK
קוד האימות שנשלח לנועם מזרחי הוא 483921.,1,LEAK,AUTH_SECRET
"מנהל המוצר ביקש לעדכן את הלו""ז ולשתף את הסטטוס.",0,NON_LEAK,LOW_RISK_CONTEXT
בפגישה עם מנהל פיתוח סוכם כי מוצר הדס יושק ב2/11/2026.,1,LEAK,CONFIDENTIAL_BUSINESS
המערכת החדשה תושק ב19/10/2026 לפי הודעה רשמית שפורסמה לכלל העובדים.,0,NON_LEAK,BORDERLINE_NON_LEAK
קוד האימות שנשלח לרון חדד הוא 483921.,1,LEAK,AUTH_SECRET
החברה הודיעה לציבור על פתיחת מרכז שירות חדש בראשון לציון.,0,NON_LEAK,PUBLIC_INFO
"המסמך מכיל מידע רפואי אישי על משה אוחנה, כולל אבחנות ותרופות.",1,LEAK,HEALTH
מספר תעודת הזהות של נועה מזרחי הוא 008817647.,1,LEAK,PII_DIRECT
"הקובץ מציג רשימת עובדים עם משכורות, בונוסים וימי מחלה.",1,LEAK,LEGAL_HR
אין להפיץ את תוצאות הבדיקה של יעל לוי שנערכו בסורוקה.,1,LEAK,HEALTH
המסמך כולל תאריך יעד של 28/11/2026 אך אינו מכיל פרטים אישיים.,0,NON_LEAK,BORDERLINE_NON_LEAK
בדוח משאבי האנוש מופיעים נתוני השכר של הילה חדד.,1,LEAK,LEGAL_HR
מספר תעודת הזהות של ניר ביטון הוא 562609718.,1,LEAK,PII_DIRECT
הועבר קובץ עם תלונת משמעת פנימית נגד עידן דנינו.,1,LEAK,LEGAL_HR
התיק הרפואי של עמית אלקיים מציין אבחנה של חרדה.,1,LEAK,HEALTH
"מנהל המוצר ביקש לעדכן את הלו""ז ולשתף את הסטטוס.",0,NON_LEAK,LOW_RISK_CONTEXT
בפגישה עם יועץ משפטי סוכם כי מנוע זית יושק ב28/1/2026.,1,LEAK,CONFIDENTIAL_BUSINESS
"במסמך האישור מופיעים יעל לוי, ראשון לציון ומספר הזהות 102980927.",1,LEAK,MIXED_BORDERLINE
הצוות סיים את פיתוח גרסה 4.2 ועבר לשלב הבדיקות.,0,NON_LEAK,NON_SENSITIVE_GENERAL
החברה הודיעה לציבור על פתיחת מרכז שירות חדש בראשון לציון.,0,NON_LEAK,PUBLIC_INFO
האתר הרשמי עודכן עם מסמכי ההדרכה החדשים למשתמשים.,0,NON_LEAK,PUBLIC_INFO
"פרטי החשבון של משה אוחנה: בנק מזרחי טפחות, חשבון 4444484566.",1,LEAK,FINANCIAL
המצגת עודכנה וכוללת את סטטוס המשימות לשבוע הקרוב.,0,NON_LEAK,NON_SENSITIVE_GENERAL
הפגישה עם ראש צוות תתקיים ביום ראשון בתל אביב.,0,NON_LEAK,NON_SENSITIVE_GENERAL
המסמך כולל סיכום שימוע של נועה מזרחי ופרטים אישיים רגישים.,1,LEAK,LEGAL_HR
הישיבה תתקיים בחדר הגדול בקומה השנייה.,0,NON_LEAK,LOW_RISK_CONTEXT
מסמך זה כולל מידע פנימי על פרויקט דרור ואסור לשתף אותו מחוץ לארגון.,1,LEAK,CONFIDENTIAL_BUSINESS
הצעת המחיר הסופית ללקוח תישלח רק לאחר אישור חשב שכר.,1,LEAK,CONFIDENTIAL_BUSINESS
הצוות סיים את פיתוח גרסה 4.2 ועבר לשלב הבדיקות.,0,NON_LEAK,NON_SENSITIVE_GENERAL
הצעת המחיר הסופית ללקוח תישלח רק לאחר אישור יועץ משפטי.,1,LEAK,CONFIDENTIAL_BUSINESS
Amdocs פרסמה הודעה רשמית על הרחבת הפעילות באשדוד.,0,NON_LEAK,PUBLIC_INFO
הועבר סיכום כללי של פגישת הנהלה ללא פרטים אישיים.,0,NON_LEAK,BORDERLINE_NON_LEAK
Amdocs פרסמה הודעה רשמית על הרחבת הפעילות בהרצליה.,0,NON_LEAK,PUBLIC_INFO
אין להפיץ את תוצאות הבדיקה של מיכל כהן שנערכו בסורוקה.,1,LEAK,HEALTH
המסמך כולל תאריך יעד של 10/5/2026 אך אינו מכיל פרטים אישיים.,0,NON_LEAK,BORDERLINE_NON_LEAK
יש לשלוח את הקובץ המעודכן עד סוף היום.,0,NON_LEAK,LOW_RISK_CONTEXT
"הועבר תשלום בגובה 17,261 ש""ח מחשבון 4252208822 של שירה אברהם.",1,LEAK,FINANCIAL
"בדוח מופיעים פרטי חיוב של לקוחות, כולל מספרי חשבון וסכומים.",1,LEAK,FINANCIAL
קוד האימות שנשלח לרונית פרץ הוא 483921.,1,LEAK,AUTH_SECRET
הפגישה עם מנהל פיתוח תתקיים ביום ראשון בירושלים.,0,NON_LEAK,NON_SENSITIVE_GENERAL
יש לשלוח את הקובץ המעודכן עד סוף היום.,0,NON_LEAK,LOW_RISK_CONTEXT
לקראת הפגישה עם מיכל כהן הועבר גם מספר הטלפון האישי שלו: 0596081700.,1,LEAK,MIXED_BORDERLINE
החברה הודיעה לציבור על פתיחת מרכז שירות חדש בפתח תקווה.,0,NON_LEAK,PUBLIC_INFO
"נא לא לשלוח החוצה את דוח הגבייה של טל אוחנה עם סכום 39,125 ש""ח.",1,LEAK,FINANCIAL
הקבוצה תיפגש מחר בבוקר לדיון על תכנון הרבעון הבא.,0,NON_LEAK,NON_SENSITIVE_GENERAL
ניר ביטון עובד בחברת מיקרוסופט באשדוד.,0,NON_LEAK,NON_SENSITIVE_GENERAL
שם הפרויקט הוא מבצע שקמה והוא יוצג בישיבת הנהלה.,0,NON_LEAK,BORDERLINE_NON_LEAK
המצגת עודכנה וכוללת את סטטוס המשימות לשבוע הקרוב.,0,NON_LEAK,NON_SENSITIVE_GENERAL
"מנהל המוצר ביקש לעדכן את הלו""ז ולשתף את הסטטוס.",0,NON_LEAK,LOW_RISK_CONTEXT
"במסמך האישור מופיעים נועם מזרחי, מודיעין ומספר הזהות 924907932.",1,LEAK,MIXED_BORDERLINE
"בדוח מופיעים פרטי חיוב של לקוחות, כולל מספרי חשבון וסכומים.",1,LEAK,FINANCIAL
בדוח משאבי האנוש מופיעים נתוני השכר של דנה דנינו.,1,LEAK,LEGAL_HR
"מנהל המוצר ביקש לעדכן את הלו""ז ולשתף את הסטטוס.",0,NON_LEAK,LOW_RISK_CONTEXT
"מנהל המוצר ביקש לעדכן את הלו""ז ולשתף את הסטטוס.",0,NON_LEAK,LOW_RISK_CONTEXT
אינטל פרסמה הודעה רשמית על הרחבת הפעילות בפתח תקווה.,0,NON_LEAK,PUBLIC_INFO
"בדוח הרפואי של רון חדד מבית החולים רמב""ם מופיע טיפול רגיש.",1,LEAK,HEALTH
המערכת החדשה תושק ב23/3/2026 לפי הודעה רשמית שפורסמה לכלל העובדים.,0,NON_LEAK,BORDERLINE_NON_LEAK
"הועבר תשלום בגובה 3,371 ש""ח מחשבון 5589184812 של רונית פרץ.",1,LEAK,FINANCIAL
המצגת עודכנה וכוללת את סטטוס המשימות לשבוע הקרוב.,0,NON_LEAK,NON_SENSITIVE_GENERAL
"פרטי החשבון של נועם מזרחי: בנק דיסקונט, חשבון 5982598599.",1,LEAK,FINANCIAL
"מנהל המוצר ביקש לעדכן את הלו""ז ולשתף את הסטטוס.",0,NON_LEAK,LOW_RISK_CONTEXT
Amdocs פרסמה הודעה רשמית על הרחבת הפעילות בנתניה.,0,NON_LEAK,PUBLIC_INFO
"נא לא לשלוח החוצה את דוח הגבייה של שירה אברהם עם סכום 5,816 ש""ח.",1,LEAK,FINANCIAL
מכבי שירותי בריאות פרסמה הודעה רשמית על הרחבת הפעילות בבאר שבע.,0,NON_LEAK,PUBLIC_INFO
הישיבה תתקיים בחדר הגדול בקומה השנייה.,0,NON_LEAK,LOW_RISK_CONTEXT
בדוח משאבי האנוש מופיעים נתוני השכר של יואב לוי.,1,LEAK,LEGAL_HR
"הכתובת של שירה אברהם היא רחוב דיזנגוף 90, באר שבע.",1,LEAK,PII_DIRECT
קוד האימות שנשלח לטל אוחנה הוא 483921.,1,LEAK,AUTH_SECRET
"המסמך מכיל מידע רפואי אישי על מיכל כהן, כולל אבחנות ותרופות.",1,LEAK,HEALTH
מסמך זה כולל מידע פנימי על מבצע שקמה ואסור לשתף אותו מחוץ לארגון.,1,LEAK,CONFIDENTIAL_BUSINESS
האתר הרשמי עודכן עם מסמכי ההדרכה החדשים למשתמשים.,0,NON_LEAK,PUBLIC_INFO
יש לשלוח את הקובץ המעודכן עד סוף היום.,0,NON_LEAK,LOW_RISK_CONTEXT
מסמך זה כולל מידע פנימי על פרויקט ברוש ואסור לשתף אותו מחוץ לארגון.,1,LEAK,CONFIDENTIAL_BUSINESS
כתובת המייל האישית של נועה מזרחי היא noa.mizrahi@example.co.il.,1,LEAK,PII_DIRECT
הצוות מבקש להוסיף מסך התחברות חדש למערכת.,0,NON_LEAK,LOW_RISK_CONTEXT
בכנס הטכנולוגיה הוצגו מגמות חדשות בתחום הבינה המלאכותית.,0,NON_LEAK,PUBLIC_INFO
הצוות סיים את פיתוח פלטפורמת ארז ועבר לשלב הבדיקות.,0,NON_LEAK,NON_SENSITIVE_GENERAL
הועבר קובץ עם תלונת משמעת פנימית נגד יואב לוי.,1,LEAK,LEGAL_HR
הצוות מבקש להוסיף מסך התחברות חדש למערכת.,0,NON_LEAK,LOW_RISK_CONTEXT
התיק הרפואי של טל אוחנה מציין אבחנה של חרדה.,1,LEAK,HEALTH
בדוח הרפואי של יעל לוי מבית החולים איכילוב מופיע טיפול רגיש.,1,LEAK,HEALTH
בפגישה עם אנליסטית סוכם כי גרסה 4.2 יושק ב4/5/2026.,1,LEAK,CONFIDENTIAL_BUSINESS
"הקובץ כולל פרטי גישה למערכת, כולל שם משתמש וסיסמה.",1,LEAK,AUTH_SECRET
מספר כרטיס האשראי של נועה מזרחי הוא 4251142402877531.,1,LEAK,FINANCIAL
הועבר קובץ עם תלונת משמעת פנימית נגד רונית פרץ.,1,LEAK,LEGAL_HR
הסיסמה הזמנית לחשבון של דוד כהן היא Welcome2026!.,1,LEAK,AUTH_SECRET
בדוח הרפואי של הילה חדד מבית החולים אסותא מופיע טיפול רגיש.,1,LEAK,HEALTH
החברה הודיעה לציבור על פתיחת מרכז שירות חדש בירושלים.,0,NON_LEAK,PUBLIC_INFO
הפרויקט עבר לשלב האינטגרציה ונדרשת בדיקת עומסים.,0,NON_LEAK,LOW_RISK_CONTEXT
המסמך מסווג פנימי וכולל את תוכנית ההשקה של שירות אביב.,1,LEAK,CONFIDENTIAL_BUSINESS
טל אוחנה עובד בחברת סלקום בחיפה.,0,NON_LEAK,NON_SENSITIVE_GENERAL
בפגישה עם מנהל פיתוח סוכם כי פלטפורמת ארז יושק ב1/9/2026.,1,LEAK,CONFIDENTIAL_BUSINESS
בדוח משאבי האנוש מופיעים נתוני השכר של מאיה ביטון.,1,LEAK,LEGAL_HR
מספר כרטיס האשראי של רונית פרץ הוא 3952111585754178.,1,LEAK,FINANCIAL
המצגת עודכנה וכוללת את סטטוס המשימות לשבוע הקרוב.,0,NON_LEAK,NON_SENSITIVE_GENERAL
המסמך כולל סיכום שימוע של יואב לוי ופרטים אישיים רגישים.,1,LEAK,LEGAL_HR
מכבי שירותי בריאות פרסמה הודעה רשמית על הרחבת הפעילות בתל אביב.,0,NON_LEAK,PUBLIC_INFO
הפגישה עם יועץ משפטי תתקיים ביום ראשון ברעננה.,0,NON_LEAK,NON_SENSITIVE_GENERAL
הועבר קובץ עם תלונת משמעת פנימית נגד עידן דנינו.,1,LEAK,LEGAL_HR
הצוות סיים את פיתוח מודול ברק ועבר לשלב הבדיקות.,0,NON_LEAK,NON_SENSITIVE_GENERAL
נועה מזרחי עובד בחברת שטראוס בתל אביב.,0,NON_LEAK,NON_SENSITIVE_GENERAL
נייס פרסמה הודעה רשמית על הרחבת הפעילות בחיפה.,0,NON_LEAK,PUBLIC_INFO
בכנס הטכנולוגיה הוצגו מגמות חדשות בתחום הבינה המלאכותית.,0,NON_LEAK,PUBLIC_INFO
שטראוס פרסמה הודעה רשמית על הרחבת הפעילות בתל אביב.,0,NON_LEAK,PUBLIC_INFO
"הוכן דוח לקוח עבור קופת חולים כללית, הכולל איש קשר בשם משה אוחנה ומייל moshe.ohana@example.co.il.",1,LEAK,MIXED_BORDERLINE
האתר הרשמי עודכן עם מסמכי ההדרכה החדשים למשתמשים.,0,NON_LEAK,PUBLIC_INFO
שם הפרויקט הוא פרויקט ברוש והוא יוצג בישיבת הנהלה.,0,NON_LEAK,BORDERLINE_NON_LEAK
בדוח הרפואי של יעל לוי מבית החולים איכילוב מופיע טיפול רגיש.,1,LEAK,HEALTH
יש לשלוח את הקובץ המעודכן עד סוף היום.,0,NON_LEAK,LOW_RISK_CONTEXT
המצגת עודכנה וכוללת את סטטוס המשימות לשבוע הקרוב.,0,NON_LEAK,NON_SENSITIVE_GENERAL
"הועבר תשלום בגובה 4,421 ש""ח מחשבון 4781223243 של נועה מזרחי.",1,LEAK,FINANCIAL
"הכתובת של דוד כהן היא רחוב ביאליק 7, ראשון לציון.",1,LEAK,PII_DIRECT
המסמך כולל תאריך יעד של 1/9/2026 אך אינו מכיל פרטים אישיים.,0,NON_LEAK,BORDERLINE_NON_LEAK
המסמך כולל סיכום שימוע של ניר ביטון ופרטים אישיים רגישים.,1,LEAK,LEGAL_HR
"הוכן דוח לקוח עבור Amdocs, הכולל איש קשר בשם איתי פרץ ומייל itay.peretz@org.co.il.",1,LEAK,MIXED_BORDERLINE
מפתח ה-API של הסביבה הפנימית נשמר במסמך המצורף.,1,LEAK,AUTH_SECRET
בכנס הטכנולוגיה הוצגו מגמות חדשות בתחום הבינה המלאכותית.,0,NON_LEAK,PUBLIC_INFO
"הועבר תשלום בגובה 40,751 ש""ח מחשבון 6874445451 של מאיה ביטון.",1,LEAK,FINANCIAL
יש לשלוח את הקובץ המעודכן עד סוף היום.,0,NON_LEAK,LOW_RISK_CONTEXT
בדוח משאבי האנוש מופיעים נתוני השכר של אורן אברהם.,1,LEAK,LEGAL_HR
אין להפיץ את תוצאות הבדיקה של אלון מלכה שנערכו בסורוקה.,1,LEAK,HEALTH
"הוכן דוח לקוח עבור בזק, הכולל איש קשר בשם אלון מלכה ומייל alon.malka@mail.com.",1,LEAK,MIXED_BORDERLINE
הועבר סיכום כללי של ישיבת צוות ללא פרטים אישיים.,0,NON_LEAK,BORDERLINE_NON_LEAK
המסמך מסווג פנימי וכולל את תוכנית ההשקה של מערכת קשת.,1,LEAK,CONFIDENTIAL_BUSINESS
בדוח הרפואי של עידן דנינו מבית החולים שיבא מופיע טיפול רגיש.,1,LEAK,HEALTH
בכנס הטכנולוגיה הוצגו מגמות חדשות בתחום הבינה המלאכותית.,0,NON_LEAK,PUBLIC_INFO
המצגת עודכנה וכוללת את סטטוס המשימות לשבוע הקרוב.,0,NON_LEAK,NON_SENSITIVE_GENERAL
מספר כרטיס האשראי של מאיה ביטון הוא 6484253478668685.,1,LEAK,FINANCIAL
האתר הרשמי עודכן עם מסמכי ההדרכה החדשים למשתמשים.,0,NON_LEAK,PUBLIC_INFO
מספר כרטיס האשראי של אלון מלכה הוא 3149140733422798.,1,LEAK,FINANCIAL
הועבר סיכום כללי של עדכון סטטוס ללא פרטים אישיים.,0,NON_LEAK,BORDERLINE_NON_LEAK
הקבוצה תיפגש מחר בבוקר לדיון על תכנון הרבעון הבא.,0,NON_LEAK,NON_SENSITIVE_GENERAL
הסיסמה הזמנית לחשבון של מיכל כהן היא Welcome2026!.,1,LEAK,AUTH_SECRET
"בדוח מופיעים פרטי חיוב של לקוחות, כולל מספרי חשבון וסכומים.",1,LEAK,FINANCIAL
הקבוצה תיפגש מחר בבוקר לדיון על תכנון הרבעון הבא.,0,NON_LEAK,NON_SENSITIVE_GENERAL
מפתח ה-API של הסביבה הפנימית נשמר במסמך המצורף.,1,LEAK,AUTH_SECRET
לקראת הפגישה עם הילה חדד הועבר גם מספר הטלפון האישי שלו: 0512115864.,1,LEAK,MIXED_BORDERLINE
לקראת הפגישה עם טל אוחנה הועבר גם מספר הטלפון האישי שלו: 0561621011.,1,LEAK,MIXED_BORDERLINE
הקבוצה תיפגש מחר בבוקר לדיון על תכנון הרבעון הבא.,0,NON_LEAK,NON_SENSITIVE_GENERAL
בכנס הטכנולוגיה הוצגו מגמות חדשות בתחום הבינה המלאכותית.,0,NON_LEAK,PUBLIC_INFO
סיכום הפגישה כולל גם את תאריך ההשקה 7/12/2026 וגם את פרטי הקשר של אלון מלכה.,1,LEAK,MIXED_BORDERLINE
הועבר קובץ עם תלונת משמעת פנימית נגד רונית פרץ.,1,LEAK,LEGAL_HR
המצגת עודכנה וכוללת את סטטוס המשימות לשבוע הקרוב.,0,NON_LEAK,NON_SENSITIVE_GENERAL
מפתח ה-API של הסביבה הפנימית נשמר במסמך המצורף.,1,LEAK,AUTH_SECRET
מסמך זה כולל מידע פנימי על תוכנית רימון ואסור לשתף אותו מחוץ לארגון.,1,LEAK,CONFIDENTIAL_BUSINESS
"המסמך מכיל מידע רפואי אישי על משה אוחנה, כולל אבחנות ותרופות.",1,LEAK,HEALTH
הצעת המחיר הסופית ללקוח תישלח רק לאחר אישור מנהל פיתוח.,1,LEAK,CONFIDENTIAL_BUSINESS
המסמך כולל תאריך יעד של 24/11/2026 אך אינו מכיל פרטים אישיים.,0,NON_LEAK,BORDERLINE_NON_LEAK
כתובת המייל האישית של יעל לוי היא yael.levi@org.co.il.,1,LEAK,PII_DIRECT
מסמך זה כולל מידע פנימי על גרסת אפריל ואסור לשתף אותו מחוץ לארגון.,1,LEAK,CONFIDENTIAL_BUSINESS
מסמך זה כולל מידע פנימי על מבצע שקמה ואסור לשתף אותו מחוץ לארגון.,1,LEAK,CONFIDENTIAL_BUSINESS
בדוח משאבי האנוש מופיעים נתוני השכר של הילה חדד.,1,LEAK,LEGAL_HR
מסמך זה כולל מידע פנימי על גרסת אפריל ואסור לשתף אותו מחוץ לארגון.,1,LEAK,CONFIDENTIAL_BUSINESS
לקראת הפגישה עם טל אוחנה הועבר גם מספר הטלפון האישי שלו: 0539781515.,1,LEAK,MIXED_BORDERLINE
יואב לוי עובד בחברת שטראוס בהרצליה.,0,NON_LEAK,NON_SENSITIVE_GENERAL
"הכתובת של יעל לוי היא רחוב דיזנגוף 90, הרצליה.",1,LEAK,PII_DIRECT
"במסמך האישור מופיעים משה אוחנה, הרצליה ומספר הזהות 474394891.",1,LEAK,MIXED_BORDERLINE
סיכום הפגישה כולל גם את תאריך ההשקה 25/6/2026 וגם את פרטי הקשר של נועה מזרחי.,1,LEAK,MIXED_BORDERLINE
מספר כרטיס האשראי של דנה דנינו הוא 5659431521350710.,1,LEAK,FINANCIAL
הועבר קובץ עם תלונת משמעת פנימית נגד שירה אברהם.,1,LEAK,LEGAL_HR
הצוות דן בשיפור חוויית המשתמש של שירות אביב לקראת הרבעון הבא.,0,NON_LEAK,BORDERLINE_NON_LEAK
נועם מזרחי עובד בחברת מכבי שירותי בריאות בתל אביב.,0,NON_LEAK,NON_SENSITIVE_GENERAL
הסיסמה הזמנית לחשבון של מאיה ביטון היא Welcome2026!.,1,LEAK,AUTH_SECRET
הצעת המחיר הסופית ללקוח תישלח רק לאחר אישור יועץ משפטי.,1,LEAK,CONFIDENTIAL_BUSINESS
המערכת החדשה תושק ב11/5/2026 לפי הודעה רשמית שפורסמה לכלל העובדים.,0,NON_LEAK,BORDERLINE_NON_LEAK
שם הפרויקט הוא תוכנית רימון והוא יוצג בישיבת הנהלה.,0,NON_LEAK,BORDERLINE_NON_LEAK
המסמך כולל תאריך יעד של 10/9/2026 אך אינו מכיל פרטים אישיים.,0,NON_LEAK,BORDERLINE_NON_LEAK
קוד האימות שנשלח לאורן אברהם הוא 483921.,1,LEAK,AUTH_SECRET
"נא לא לשלוח החוצה את דוח הגבייה של אלון מלכה עם סכום 43,785 ש""ח.",1,LEAK,FINANCIAL
בדוח הרפואי של מאיה ביטון מבית החולים שיבא מופיע טיפול רגיש.,1,LEAK,HEALTH
מכבי שירותי בריאות פרסמה הודעה רשמית על הרחבת הפעילות בראשון לציון.,0,NON_LEAK,PUBLIC_INFO
מספר תעודת הזהות של איתי פרץ הוא 099175010.,1,LEAK,PII_DIRECT
בדוח משאבי האנוש מופיעים נתוני השכר של יואב לוי.,1,LEAK,LEGAL_HR
הצוות סיים את פיתוח פרויקט נוגה ועבר לשלב הבדיקות.,0,NON_LEAK,NON_SENSITIVE_GENERAL
התיק הרפואי של אלון מלכה מציין אבחנה של לחץ דם גבוה.,1,LEAK,HEALTH
שם הפרויקט הוא תוכנית רימון והוא יוצג בישיבת הנהלה.,0,NON_LEAK,BORDERLINE_NON_LEAK
"הקובץ מציג רשימת עובדים עם משכורות, בונוסים וימי מחלה.",1,LEAK,LEGAL_HR
שם הפרויקט הוא מבצע שקמה והוא יוצג בישיבת הנהלה.,0,NON_LEAK,BORDERLINE_NON_LEAK
"הקובץ מציג רשימת עובדים עם משכורות, בונוסים וימי מחלה.",1,LEAK,LEGAL_HR
כתובת המייל האישית של רון חדד היא ron.hadad@company.co.il.,1,LEAK,PII_DIRECT
בכנס הטכנולוגיה הוצגו מגמות חדשות בתחום הבינה המלאכותית.,0,NON_LEAK,PUBLIC_INFO
"המסמך מכיל מידע רפואי אישי על ניר ביטון, כולל אבחנות ותרופות.",1,LEAK,HEALTH
הישיבה תתקיים בחדר הגדול בקומה השנייה.,0,NON_LEAK,LOW_RISK_CONTEXT
"נדרש לעדכן את פרטי הלקוח עידן דנינו, תעודת זהות 815664453, טלפון 0580770901.",1,LEAK,PII_DIRECT
בדוח הפנימי מופיעים שמות לקוחות אסטרטגיים ותנאי התקשרות.,1,LEAK,CONFIDENTIAL_BUSINESS
"הפגישה עם סמנכ""לית כספים תתקיים ביום ראשון ברעננה.",0,NON_LEAK,NON_SENSITIVE_GENERAL
"נדרש לעדכן את פרטי הלקוח שרון סעדה, תעודת זהות 704145790, טלפון 0591569957.",1,LEAK,PII_DIRECT
"מנהל המוצר ביקש לעדכן את הלו""ז ולשתף את הסטטוס.",0,NON_LEAK,LOW_RISK_CONTEXT
המצגת עודכנה וכוללת את סטטוס המשימות לשבוע הקרוב.,0,NON_LEAK,NON_SENSITIVE_GENERAL
"בדוח מופיעים פרטי חיוב של לקוחות, כולל מספרי חשבון וסכומים.",1,LEAK,FINANCIAL
איתי פרץ עובד בחברת בנק הפועלים באשדוד.,0,NON_LEAK,NON_SENSITIVE_GENERAL
הועבר קובץ עם תלונת משמעת פנימית נגד רון חדד.,1,LEAK,LEGAL_HR
קוד האימות שנשלח לשרון סעדה הוא 483921.,1,LEAK,AUTH_SECRET
הועבר קובץ עם תלונת משמעת פנימית נגד יואב לוי.,1,LEAK,LEGAL_HR
"המסמך מכיל מידע רפואי אישי על שירה אברהם, כולל אבחנות ותרופות.",1,LEAK,HEALTH
המצגת עודכנה וכוללת את סטטוס המשימות לשבוע הקרוב.,0,NON_LEAK,NON_SENSITIVE_GENERAL
הפגישה עם מנהל אבטחת מידע תתקיים ביום ראשון בפתח תקווה.,0,NON_LEAK,NON_SENSITIVE_GENERAL
"בדוח הרפואי של עידן דנינו מבית החולים רמב""ם מופיע טיפול רגיש.",1,LEAK,HEALTH
"הועבר תשלום בגובה 40,670 ש""ח מחשבון 1412199827 של איתי פרץ.",1,LEAK,FINANCIAL
"הקובץ כולל פרטי גישה למערכת, כולל שם משתמש וסיסמה.",1,LEAK,AUTH_SECRET
מספר הטלפון של נועם מזרחי הוא 0537380417.,1,LEAK,PII_DIRECT
בדוח הרפואי של עידן דנינו מבית החולים סורוקה מופיע טיפול רגיש.,1,LEAK,HEALTH
הסיסמה הזמנית לחשבון של נועה מזרחי היא Welcome2026!.,1,LEAK,AUTH_SECRET
בכנס הטכנולוגיה הוצגו מגמות חדשות בתחום הבינה המלאכותית.,0,NON_LEAK,PUBLIC_INFO
הצוות מבקש להוסיף מסך התחברות חדש למערכת.,0,NON_LEAK,LOW_RISK_CONTEXT
"המסמך מכיל מידע רפואי אישי על אלון מלכה, כולל אבחנות ותרופות.",1,LEAK,HEALTH
הצוות מבקש להוסיף מסך התחברות חדש למערכת.,0,NON_LEAK,LOW_RISK_CONTEXT
בדוח משאבי האנוש מופיעים נתוני השכר של טל אוחנה.,1,LEAK,LEGAL_HR
התיק הרפואי של אורן אברהם מציין אבחנה של לחץ דם גבוה.,1,LEAK,HEALTH
הצוות דן בשיפור חוויית המשתמש של גרסה 4.2 לקראת הרבעון הבא.,0,NON_LEAK,BORDERLINE_NON_LEAK
בדוח משאבי האנוש מופיעים נתוני השכר של טל אוחנה.,1,LEAK,LEGAL_HR
"נא לא לשלוח החוצה את דוח הגבייה של הילה חדד עם סכום 36,214 ש""ח.",1,LEAK,FINANCIAL
בכנס הטכנולוגיה הוצגו מגמות חדשות בתחום הבינה המלאכותית.,0,NON_LEAK,PUBLIC_INFO
החברה הודיעה לציבור על פתיחת מרכז שירות חדש בירושלים.,0,NON_LEAK,PUBLIC_INFO
"פרטי החשבון של עמית אלקיים: בנק מזרחי טפחות, חשבון 2907245404.",1,LEAK,FINANCIAL
בדוח הפנימי מופיעים שמות לקוחות אסטרטגיים ותנאי התקשרות.,1,LEAK,CONFIDENTIAL_BUSINESS
האתר הרשמי עודכן עם מסמכי ההדרכה החדשים למשתמשים.,0,NON_LEAK,PUBLIC_INFO
החברה הודיעה לציבור על פתיחת מרכז שירות חדש בהרצליה.,0,NON_LEAK,PUBLIC_INFO
רפאל פרסמה הודעה רשמית על הרחבת הפעילות ברעננה.,0,NON_LEAK,PUBLIC_INFO
התיק הרפואי של שרון סעדה מציין אבחנה של חרדה.,1,LEAK,HEALTH
מספר כרטיס האשראי של יעל לוי הוא 0637223944871537.,1,LEAK,FINANCIAL
הצוות דן בשיפור חוויית המשתמש של מערכת קשת לקראת הרבעון הבא.,0,NON_LEAK,BORDERLINE_NON_LEAK
החברה הודיעה לציבור על פתיחת מרכז שירות חדש ברעננה.,0,NON_LEAK,PUBLIC_INFO
הצוות דן בשיפור חוויית המשתמש של גרסה 4.2 לקראת הרבעון הבא.,0,NON_LEAK,BORDERLINE_NON_LEAK
הקבוצה תיפגש מחר בבוקר לדיון על תכנון הרבעון הבא.,0,NON_LEAK,NON_SENSITIVE_GENERAL
בדוח משאבי האנוש מופיעים נתוני השכר של דוד כהן.,1,LEAK,LEGAL_HR
המצגת עודכנה וכוללת את סטטוס המשימות לשבוע הקרוב.,0,NON_LEAK,NON_SENSITIVE_GENERAL
"הקובץ מציג רשימת עובדים עם משכורות, בונוסים וימי מחלה.",1,LEAK,LEGAL_HR
"במסמך האישור מופיעים דוד כהן, ירושלים ומספר הזהות 343440852.",1,LEAK,MIXED_BORDERLINE
בדוח משאבי האנוש מופיעים נתוני השכר של עמית אלקיים.,1,LEAK,LEGAL_HR
הפרויקט עבר לשלב האינטגרציה ונדרשת בדיקת עומסים.,0,NON_LEAK,LOW_RISK_CONTEXT
המערכת החדשה תושק ב25/12/2026 לפי הודעה רשמית שפורסמה לכלל העובדים.,0,NON_LEAK,BORDERLINE_NON_LEAK
הועבר קובץ עם תלונת משמעת פנימית נגד אורן אברהם.,1,LEAK,LEGAL_HR
"המסמך מכיל מידע רפואי אישי על טל אוחנה, כולל אבחנות ותרופות.",1,LEAK,HEALTH
בדוח משאבי האנוש מופיעים נתוני השכר של אורן אברהם.,1,LEAK,LEGAL_HR
שם הפרויקט הוא תוכנית רימון והוא יוצג בישיבת הנהלה.,0,NON_LEAK,BORDERLINE_NON_LEAK
בדוח הפנימי מופיעים שמות לקוחות אסטרטגיים ותנאי התקשרות.,1,LEAK,CONFIDENTIAL_BUSINESS
עידן דנינו עובד בחברת בזק בבאר שבע.,0,NON_LEAK,NON_SENSITIVE_GENERAL
המסמך כולל סיכום שימוע של ניר ביטון ופרטים אישיים רגישים.,1,LEAK,LEGAL_HR
"מנהל המוצר ביקש לעדכן את הלו""ז ולשתף את הסטטוס.",0,NON_LEAK,LOW_RISK_CONTEXT
יש לשלוח את הקובץ המעודכן עד סוף היום.,0,NON_LEAK,LOW_RISK_CONTEXT
בפגישה עם מנהל פיתוח סוכם כי מוצר אופק יושק ב4/10/2026.,1,LEAK,CONFIDENTIAL_BUSINESS
בדוח הרפואי של יואב לוי מבית החולים איכילוב מופיע טיפול רגיש.,1,LEAK,HEALTH
"פרטי הקשר של דנה דנינו: טלפון 0591840933, מייל dana.danino@outlook.com.",1,LEAK,PII_DIRECT
הקבוצה תיפגש מחר בבוקר לדיון על תכנון הרבעון הבא.,0,NON_LEAK,NON_SENSITIVE_GENERAL
האתר הרשמי עודכן עם מסמכי ההדרכה החדשים למשתמשים.,0,NON_LEAK,PUBLIC_INFO
בכנס הטכנולוגיה הוצגו מגמות חדשות בתחום הבינה המלאכותית.,0,NON_LEAK,PUBLIC_INFO
מספר הטלפון של יואב לוי הוא 0574621449.,1,LEAK,PII_DIRECT
הישיבה תתקיים בחדר הגדול בקומה השנייה.,0,NON_LEAK,LOW_RISK_CONTEXT
המסמך כולל סיכום שימוע של עמית אלקיים ופרטים אישיים רגישים.,1,LEAK,LEGAL_HR
שירה אברהם עובד בחברת קופת חולים כללית בראשון לציון.,0,NON_LEAK,NON_SENSITIVE_GENERAL
הפרויקט עבר לשלב האינטגרציה ונדרשת בדיקת עומסים.,0,NON_LEAK,LOW_RISK_CONTEXT
"במסמך האישור מופיעים יואב לוי, ירושלים ומספר הזהות 281077075.",1,LEAK,MIXED_BORDERLINE
בדוח משאבי האנוש מופיעים נתוני השכר של מיכל כהן.,1,LEAK,LEGAL_HR
"הקובץ מציג רשימת עובדים עם משכורות, בונוסים וימי מחלה.",1,LEAK,LEGAL_HR
בכנס הטכנולוגיה הוצגו מגמות חדשות בתחום הבינה המלאכותית.,0,NON_LEAK,PUBLIC_INFO
בדוח הרפואי של דנה דנינו מבית החולים אסותא מופיע טיפול רגיש.,1,LEAK,HEALTH
דנה דנינו עובד בחברת בנק הפועלים בתל אביב.,0,NON_LEAK,NON_SENSITIVE_GENERAL
בפגישה עם מנהל מוצר סוכם כי שירות אביב יושק ב10/6/2026.,1,LEAK,CONFIDENTIAL_BUSINESS
הועבר סיכום כללי של סקר שביעות רצון ללא פרטים אישיים.,0,NON_LEAK,BORDERLINE_NON_LEAK
"במסמך האישור מופיעים טל אוחנה, באר שבע ומספר הזהות 562635177.",1,LEAK,MIXED_BORDERLINE
הצוות מבקש להוסיף מסך התחברות חדש למערכת.,0,NON_LEAK,LOW_RISK_CONTEXT
האתר הרשמי עודכן עם מסמכי ההדרכה החדשים למשתמשים.,0,NON_LEAK,PUBLIC_INFO
"המסמך מכיל מידע רפואי אישי על אלון מלכה, כולל אבחנות ותרופות.",1,LEAK,HEALTH
בדוח הרפואי של מאיה ביטון מבית החולים איכילוב מופיע טיפול רגיש.,1,LEAK,HEALTH
תאריך ההשקה של פרויקט נוגה נקבע ל3/12/2026.,1,LEAK,CONFIDENTIAL_BUSINESS
קוד האימות שנשלח למאיה ביטון הוא 483921.,1,LEAK,AUTH_SECRET
סיכום הפגישה כולל גם את תאריך ההשקה 27/7/2026 וגם את פרטי הקשר של דוד כהן.,1,LEAK,MIXED_BORDERLINE
הצעת המחיר הסופית ללקוח תישלח רק לאחר אישור יועץ משפטי.,1,LEAK,CONFIDENTIAL_BUSINESS
"פרטי החשבון של אלון מלכה: בנק בנק לאומי, חשבון 0179858367.",1,LEAK,FINANCIAL
כתובת המייל האישית של טל אוחנה היא tal.ohana@company.co.il.,1,LEAK,PII_DIRECT
הצוות סיים את פיתוח מוצר אופק ועבר לשלב הבדיקות.,0,NON_LEAK,NON_SENSITIVE_GENERAL
"מנהל המוצר ביקש לעדכן את הלו""ז ולשתף את הסטטוס.",0,NON_LEAK,LOW_RISK_CONTEXT
"במסמך האישור מופיעים נועה מזרחי, באר שבע ומספר הזהות 388842879.",1,LEAK,MIXED_BORDERLINE
בדוח הפנימי מופיעים שמות לקוחות אסטרטגיים ותנאי התקשרות.,1,LEAK,CONFIDENTIAL_BUSINESS
"הוכן דוח לקוח עבור סלקום, הכולל איש קשר בשם עידן דנינו ומייל idan.danino@example.co.il.",1,LEAK,MIXED_BORDERLINE
"בדוח הרפואי של יעל לוי מבית החולים רמב""ם מופיע טיפול רגיש.",1,LEAK,HEALTH
הועבר סיכום כללי של פגישת הנהלה ללא פרטים אישיים.,0,NON_LEAK,BORDERLINE_NON_LEAK
ליאור מלכה עובד בחברת Amdocs במודיעין.,0,NON_LEAK,NON_SENSITIVE_GENERAL
מפתח ה-API של הסביבה הפנימית נשמר במסמך המצורף.,1,LEAK,AUTH_SECRET
הסיסמה הזמנית לחשבון של הילה חדד היא Welcome2026!.,1,LEAK,AUTH_SECRET
מספר כרטיס האשראי של רונית פרץ הוא 9153329988940150.,1,LEAK,FINANCIAL
התיק הרפואי של ליאור מלכה מציין אבחנה של לחץ דם גבוה.,1,LEAK,HEALTH
הקבוצה תיפגש מחר בבוקר לדיון על תכנון הרבעון הבא.,0,NON_LEAK,NON_SENSITIVE_GENERAL
רונית פרץ עובד בחברת בזק בפתח תקווה.,0,NON_LEAK,NON_SENSITIVE_GENERAL
"בדוח מופיעים פרטי חיוב של לקוחות, כולל מספרי חשבון וסכומים.",1,LEAK,FINANCIAL
"במסמך האישור מופיעים רון חדד, פתח תקווה ומספר הזהות 304896133.",1,LEAK,MIXED_BORDERLINE
החברה הודיעה לציבור על פתיחת מרכז שירות חדש בתל אביב.,0,NON_LEAK,PUBLIC_INFO
שם הפרויקט הוא תוכנית רימון והוא יוצג בישיבת הנהלה.,0,NON_LEAK,BORDERLINE_NON_LEAK
בכנס הטכנולוגיה הוצגו מגמות חדשות בתחום הבינה המלאכותית.,0,NON_LEAK,PUBLIC_INFO
הפגישה עם יועץ משפטי תתקיים ביום ראשון במודיעין.,0,NON_LEAK,NON_SENSITIVE_GENERAL
האתר הרשמי עודכן עם מסמכי ההדרכה החדשים למשתמשים.,0,NON_LEAK,PUBLIC_INFO
האתר הרשמי עודכן עם מסמכי ההדרכה החדשים למשתמשים.,0,NON_LEAK,PUBLIC_INFO
בדוח הרפואי של איתי פרץ מבית החולים שיבא מופיע טיפול רגיש.,1,LEAK,HEALTH
"מנהל המוצר ביקש לעדכן את הלו""ז ולשתף את הסטטוס.",0,NON_LEAK,LOW_RISK_CONTEXT
המצגת עודכנה וכוללת את סטטוס המשימות לשבוע הקרוב.,0,NON_LEAK,NON_SENSITIVE_GENERAL
האתר הרשמי עודכן עם מסמכי ההדרכה החדשים למשתמשים.,0,NON_LEAK,PUBLIC_INFO
המסמך מסווג פנימי וכולל את תוכנית ההשקה של מערכת קשת.,1,LEAK,CONFIDENTIAL_BUSINESS
הצוות סיים את פיתוח פרויקט נוגה ועבר לשלב הבדיקות.,0,NON_LEAK,NON_SENSITIVE_GENERAL
החברה הודיעה לציבור על פתיחת מרכז שירות חדש באשדוד.,0,NON_LEAK,PUBLIC_INFO
בדוח משאבי האנוש מופיעים נתוני השכר של אורן אברהם.,1,LEAK,LEGAL_HR
המסמך כולל תאריך יעד של 25/11/2026 אך אינו מכיל פרטים אישיים.,0,NON_LEAK,BORDERLINE_NON_LEAK
הצעת המחיר הסופית ללקוח תישלח רק לאחר אישור אנליסטית.,1,LEAK,CONFIDENTIAL_BUSINESS
הפרויקט עבר לשלב האינטגרציה ונדרשת בדיקת עומסים.,0,NON_LEAK,LOW_RISK_CONTEXT
"נדרש לעדכן את פרטי הלקוח דוד כהן, תעודת זהות 484483837, טלפון 0571543262.",1,LEAK,PII_DIRECT
שטראוס פרסמה הודעה רשמית על הרחבת הפעילות בהרצליה.,0,NON_LEAK,PUBLIC_INFO
הועבר סיכום כללי של תכנון רבעון ללא פרטים אישיים.,0,NON_LEAK,BORDERLINE_NON_LEAK
לקראת הפגישה עם יואב לוי הועבר גם מספר הטלפון האישי שלו: 0582549036.,1,LEAK,MIXED_BORDERLINE
סיכום הפגישה כולל גם את תאריך ההשקה 12/6/2026 וגם את פרטי הקשר של דוד כהן.,1,LEAK,MIXED_BORDERLINE
הסיסמה הזמנית לחשבון של דוד כהן היא Welcome2026!.,1,LEAK,AUTH_SECRET
הצוות מבקש להוסיף מסך התחברות חדש למערכת.,0,NON_LEAK,LOW_RISK_CONTEXT
מפתח ה-API של הסביבה הפנימית נשמר במסמך המצורף.,1,LEAK,AUTH_SECRET
האתר הרשמי עודכן עם מסמכי ההדרכה החדשים למשתמשים.,0,NON_LEAK,PUBLIC_INFO
"נא לא לשלוח החוצה את דוח הגבייה של ליאור מלכה עם סכום 37,891 ש""ח.",1,LEAK,FINANCIAL
הפרויקט עבר לשלב האינטגרציה ונדרשת בדיקת עומסים.,0,NON_LEAK,LOW_RISK_CONTEXT
"הקובץ כולל פרטי גישה למערכת, כולל שם משתמש וסיסמה.",1,LEAK,AUTH_SECRET
"הקובץ כולל פרטי גישה למערכת, כולל שם משתמש וסיסמה.",1,LEAK,AUTH_SECRET
לקראת הפגישה עם רונית פרץ הועבר גם מספר הטלפון האישי שלו: 0546622225.,1,LEAK,MIXED_BORDERLINE
כתובת המייל האישית של אלון מלכה היא alon.malka@org.co.il.,1,LEAK,PII_DIRECT
התיק הרפואי של מיכל כהן מציין אבחנה של אסתמה.,1,LEAK,HEALTH
אין להפיץ את תוצאות הבדיקה של אורן אברהם שנערכו בסורוקה.,1,LEAK,HEALTH
רונית פרץ עובד בחברת בנק לאומי בחיפה.,0,NON_LEAK,NON_SENSITIVE_GENERAL
החברה הודיעה לציבור על פתיחת מרכז שירות חדש באשדוד.,0,NON_LEAK,PUBLIC_INFO
המערכת החדשה תושק ב22/2/2026 לפי הודעה רשמית שפורסמה לכלל העובדים.,0,NON_LEAK,BORDERLINE_NON_LEAK
הצוות דן בשיפור חוויית המשתמש של מערכת קשת לקראת הרבעון הבא.,0,NON_LEAK,BORDERLINE_NON_LEAK
כתובת המייל האישית של דוד כהן היא david.cohen@example.co.il.,1,LEAK,PII_DIRECT
אין להפיץ את תוצאות הבדיקה של נועה מזרחי שנערכו בסורוקה.,1,LEAK,HEALTH
המסמך כולל תאריך יעד של 21/6/2026 אך אינו מכיל פרטים אישיים.,0,NON_LEAK,BORDERLINE_NON_LEAK
הישיבה תתקיים בחדר הגדול בקומה השנייה.,0,NON_LEAK,LOW_RISK_CONTEXT
הפרויקט עבר לשלב האינטגרציה ונדרשת בדיקת עומסים.,0,NON_LEAK,LOW_RISK_CONTEXT
הצוות מבקש להוסיף מסך התחברות חדש למערכת.,0,NON_LEAK,LOW_RISK_CONTEXT
המצגת עודכנה וכוללת את סטטוס המשימות לשבוע הקרוב.,0,NON_LEAK,NON_SENSITIVE_GENERAL
המסמך כולל סיכום שימוע של שירה אברהם ופרטים אישיים רגישים.,1,LEAK,LEGAL_HR
הצוות מבקש להוסיף מסך התחברות חדש למערכת.,0,NON_LEAK,LOW_RISK_CONTEXT
מסמך זה כולל מידע פנימי על פרויקט ברוש ואסור לשתף אותו מחוץ לארגון.,1,LEAK,CONFIDENTIAL_BUSINESS
"מנהל המוצר ביקש לעדכן את הלו""ז ולשתף את הסטטוס.",0,NON_LEAK,LOW_RISK_CONTEXT
מפתח ה-API של הסביבה הפנימית נשמר במסמך המצורף.,1,LEAK,AUTH_SECRET
מפתח ה-API של הסביבה הפנימית נשמר במסמך המצורף.,1,LEAK,AUTH_SECRET
סיכום הפגישה כולל גם את תאריך ההשקה 10/9/2026 וגם את פרטי הקשר של יואב לוי.,1,LEAK,MIXED_BORDERLINE
מספר תעודת הזהות של משה אוחנה הוא 730601848.,1,LEAK,PII_DIRECT
החברה הודיעה לציבור על פתיחת מרכז שירות חדש בראשון לציון.,0,NON_LEAK,PUBLIC_INFO
מסמך זה כולל מידע פנימי על תוכנית רימון ואסור לשתף אותו מחוץ לארגון.,1,LEAK,CONFIDENTIAL_BUSINESS
הועבר סיכום כללי של פגישת הנהלה ללא פרטים אישיים.,0,NON_LEAK,BORDERLINE_NON_LEAK
לקראת הפגישה עם נועם מזרחי הועבר גם מספר הטלפון האישי שלו: 0515908648.,1,LEAK,MIXED_BORDERLINE
מספר תעודת הזהות של יואב לוי הוא 057334867.,1,LEAK,PII_DIRECT
"נדרש לעדכן את פרטי הלקוח עידן דנינו, תעודת זהות 011388968, טלפון 0571959098.",1,LEAK,PII_DIRECT
יש לשלוח את הקובץ המעודכן עד סוף היום.,0,NON_LEAK,LOW_RISK_CONTEXT
הפגישה עם מנהל פיתוח תתקיים ביום ראשון בירושלים.,0,NON_LEAK,NON_SENSITIVE_GENERAL
המסמך כולל תאריך יעד של 4/9/2026 אך אינו מכיל פרטים אישיים.,0,NON_LEAK,BORDERLINE_NON_LEAK
"הועבר תשלום בגובה 30,773 ש""ח מחשבון 4568280860 של יואב לוי.",1,LEAK,FINANCIAL
בנק הפועלים פרסמה הודעה רשמית על הרחבת הפעילות בפתח תקווה.,0,NON_LEAK,PUBLIC_INFO
המערכת החדשה תושק ב15/1/2026 לפי הודעה רשמית שפורסמה לכלל העובדים.,0,NON_LEAK,BORDERLINE_NON_LEAK
"במסמך האישור מופיעים רונית פרץ, נתניה ומספר הזהות 817045725.",1,LEAK,MIXED_BORDERLINE
שם הפרויקט הוא פרויקט ברוש והוא יוצג בישיבת הנהלה.,0,NON_LEAK,BORDERLINE_NON_LEAK
"מנהל המוצר ביקש לעדכן את הלו""ז ולשתף את הסטטוס.",0,NON_LEAK,LOW_RISK_CONTEXT
הישיבה תתקיים בחדר הגדול בקומה השנייה.,0,NON_LEAK,LOW_RISK_CONTEXT
"הכתובת של נועם מזרחי היא רחוב הרצל 12, חיפה.",1,LEAK,PII_DIRECT
הצוות סיים את פיתוח גרסה 4.2 ועבר לשלב הבדיקות.,0,NON_LEAK,NON_SENSITIVE_GENERAL
תאריך ההשקה של פלטפורמת ארז נקבע ל10/10/2026.,1,LEAK,CONFIDENTIAL_BUSINESS
הצוות מבקש להוסיף מסך התחברות חדש למערכת.,0,NON_LEAK,LOW_RISK_CONTEXT
הועבר סיכום כללי של עדכון סטטוס ללא פרטים אישיים.,0,NON_LEAK,BORDERLINE_NON_LEAK
שם הפרויקט הוא תוכנית רימון והוא יוצג בישיבת הנהלה.,0,NON_LEAK,BORDERLINE_NON_LEAK
מכבי שירותי בריאות פרסמה הודעה רשמית על הרחבת הפעילות באשדוד.,0,NON_LEAK,PUBLIC_INFO
המסמך מסווג פנימי וכולל את תוכנית ההשקה של מודול ברק.,1,LEAK,CONFIDENTIAL_BUSINESS
המסמך כולל תאריך יעד של 14/9/2026 אך אינו מכיל פרטים אישיים.,0,NON_LEAK,BORDERLINE_NON_LEAK
"הקובץ מציג רשימת עובדים עם משכורות, בונוסים וימי מחלה.",1,LEAK,LEGAL_HR
התיק הרפואי של רון חדד מציין אבחנה של סוכרת.,1,LEAK,HEALTH
מכבי שירותי בריאות פרסמה הודעה רשמית על הרחבת הפעילות ברעננה.,0,NON_LEAK,PUBLIC_INFO
המסמך מסווג פנימי וכולל את תוכנית ההשקה של פלטפורמת ארז.,1,LEAK,CONFIDENTIAL_BUSINESS
המערכת החדשה תושק ב23/9/2026 לפי הודעה רשמית שפורסמה לכלל העובדים.,0,NON_LEAK,BORDERLINE_NON_LEAK
האתר הרשמי עודכן עם מסמכי ההדרכה החדשים למשתמשים.,0,NON_LEAK,PUBLIC_INFO
"הקובץ מציג רשימת עובדים עם משכורות, בונוסים וימי מחלה.",1,LEAK,LEGAL_HR
כתובת המייל האישית של שירה אברהם היא shira.avraham@example.co.il.,1,LEAK,PII_DIRECT
המצגת עודכנה וכוללת את סטטוס המשימות לשבוע הקרוב.,0,NON_LEAK,NON_SENSITIVE_GENERAL
המצגת עודכנה וכוללת את סטטוס המשימות לשבוע הקרוב.,0,NON_LEAK,NON_SENSITIVE_GENERAL
המצגת עודכנה וכוללת את סטטוס המשימות לשבוע הקרוב.,0,NON_LEAK,NON_SENSITIVE_GENERAL
מספר כרטיס האשראי של יואב לוי הוא 4281258170770261.,1,LEAK,FINANCIAL
הועבר סיכום כללי של תכנון רבעון ללא פרטים אישיים.,0,NON_LEAK,BORDERLINE_NON_LEAK
עמית אלקיים עובד בחברת גוגל ישראל בפתח תקווה.,0,NON_LEAK,NON_SENSITIVE_GENERAL
"מנהל המוצר ביקש לעדכן את הלו""ז ולשתף את הסטטוס.",0,NON_LEAK,LOW_RISK_CONTEXT
"הכתובת של מיכל כהן היא רחוב הזית 11, מודיעין.",1,LEAK,PII_DIRECT
הצוות מבקש להוסיף מסך התחברות חדש למערכת.,0,NON_LEAK,LOW_RISK_CONTEXT
קוד האימות שנשלח למאיה ביטון הוא 483921.,1,LEAK,AUTH_SECRET
"פרטי הקשר של יעל לוי: טלפון 0588360098, מייל yael.levi@org.co.il.",1,LEAK,PII_DIRECT
שם הפרויקט הוא תוכנית רימון והוא יוצג בישיבת הנהלה.,0,NON_LEAK,BORDERLINE_NON_LEAK
הצוות מבקש להוסיף מסך התחברות חדש למערכת.,0,NON_LEAK,LOW_RISK_CONTEXT
הישיבה תתקיים בחדר הגדול בקומה השנייה.,0,NON_LEAK,LOW_RISK_CONTEXT
"המסמך מכיל מידע רפואי אישי על טל אוחנה, כולל אבחנות ותרופות.",1,LEAK,HEALTH
"פרטי הקשר של שרון סעדה: טלפון 0589978938, מייל sharon.saada@gmail.com.",1,LEAK,PII_DIRECT
מסמך זה כולל מידע פנימי על גרסת אפריל ואסור לשתף אותו מחוץ לארגון.,1,LEAK,CONFIDENTIAL_BUSINESS
"בפגישה עם מנכ""ל סוכם כי גרסה 4.2 יושק ב3/1/2026.",1,LEAK,CONFIDENTIAL_BUSINESS
המערכת החדשה תושק ב26/8/2026 לפי הודעה רשמית שפורסמה לכלל העובדים.,0,NON_LEAK,BORDERLINE_NON_LEAK
המסמך כולל תאריך יעד של 8/12/2026 אך אינו מכיל פרטים אישיים.,0,NON_LEAK,BORDERLINE_NON_LEAK
בדוח משאבי האנוש מופיעים נתוני השכר של שירה אברהם.,1,LEAK,LEGAL_HR
הישיבה תתקיים בחדר הגדול בקומה השנייה.,0,NON_LEAK,LOW_RISK_CONTEXT
"המסמך מכיל מידע רפואי אישי על איתי פרץ, כולל אבחנות ותרופות.",1,LEAK,HEALTH
תאריך ההשקה של גרסה 4.2 נקבע ל9/7/2026.,1,LEAK,CONFIDENTIAL_BUSINESS
בדוח הפנימי מופיעים שמות לקוחות אסטרטגיים ותנאי התקשרות.,1,LEAK,CONFIDENTIAL_BUSINESS
"הצעת המחיר הסופית ללקוח תישלח רק לאחר אישור סמנכ""לית כספים.",1,LEAK,CONFIDENTIAL_BUSINESS
לקראת הפגישה עם דנה דנינו הועבר גם מספר הטלפון האישי שלו: 0522420537.,1,LEAK,MIXED_BORDERLINE
הפגישה עם מנהל פיתוח תתקיים ביום ראשון בחיפה.,0,NON_LEAK,NON_SENSITIVE_GENERAL
מפתח ה-API של הסביבה הפנימית נשמר במסמך המצורף.,1,LEAK,AUTH_SECRET
המצגת עודכנה וכוללת את סטטוס המשימות לשבוע הקרוב.,0,NON_LEAK,NON_SENSITIVE_GENERAL
הפגישה עם אנליסטית תתקיים ביום ראשון בבאר שבע.,0,NON_LEAK,NON_SENSITIVE_GENERAL
לקראת הפגישה עם משה אוחנה הועבר גם מספר הטלפון האישי שלו: 0524458941.,1,LEAK,MIXED_BORDERLINE
"פרטי החשבון של שירה אברהם: בנק מזרחי טפחות, חשבון 0602540441.",1,LEAK,FINANCIAL
שירה אברהם עובד בחברת שטראוס במודיעין.,0,NON_LEAK,NON_SENSITIVE_GENERAL
הקבוצה תיפגש מחר בבוקר לדיון על תכנון הרבעון הבא.,0,NON_LEAK,NON_SENSITIVE_GENERAL
האתר הרשמי עודכן עם מסמכי ההדרכה החדשים למשתמשים.,0,NON_LEAK,PUBLIC_INFO
יש לשלוח את הקובץ המעודכן עד סוף היום.,0,NON_LEAK,LOW_RISK_CONTEXT
יש לשלוח את הקובץ המעודכן עד סוף היום.,0,NON_LEAK,LOW_RISK_CONTEXT
הועבר קובץ עם תלונת משמעת פנימית נגד רונית פרץ.,1,LEAK,LEGAL_HR
הצוות סיים את פיתוח מערכת קשת ועבר לשלב הבדיקות.,0,NON_LEAK,NON_SENSITIVE_GENERAL
הישיבה תתקיים בחדר הגדול בקומה השנייה.,0,NON_LEAK,LOW_RISK_CONTEXT
האתר הרשמי עודכן עם מסמכי ההדרכה החדשים למשתמשים.,0,NON_LEAK,PUBLIC_INFO
אלביט פרסמה הודעה רשמית על הרחבת הפעילות בפתח תקווה.,0,NON_LEAK,PUBLIC_INFO
הפרויקט עבר לשלב האינטגרציה ונדרשת בדיקת עומסים.,0,NON_LEAK,LOW_RISK_CONTEXT
הצוות סיים את פיתוח פלטפורמת ארז ועבר לשלב הבדיקות.,0,NON_LEAK,NON_SENSITIVE_GENERAL
שם הפרויקט הוא מבצע שקמה והוא יוצג בישיבת הנהלה.,0,NON_LEAK,BORDERLINE_NON_LEAK
התיק הרפואי של נועה מזרחי מציין אבחנה של אסתמה.,1,LEAK,HEALTH
המערכת החדשה תושק ב21/3/2026 לפי הודעה רשמית שפורסמה לכלל העובדים.,0,NON_LEAK,BORDERLINE_NON_LEAK
המסמך כולל תאריך יעד של 6/12/2026 אך אינו מכיל פרטים אישיים.,0,NON_LEAK,BORDERLINE_NON_LEAK
"נא לא לשלוח החוצה את דוח הגבייה של הילה חדד עם סכום 1,521 ש""ח.",1,LEAK,FINANCIAL
הישיבה תתקיים בחדר הגדול בקומה השנייה.,0,NON_LEAK,LOW_RISK_CONTEXT
אין להפיץ את תוצאות הבדיקה של רון חדד שנערכו באיכילוב.,1,LEAK,HEALTH
הישיבה תתקיים בחדר הגדול בקומה השנייה.,0,NON_LEAK,LOW_RISK_CONTEXT
הצוות דן בשיפור חוויית המשתמש של מערכת קשת לקראת הרבעון הבא.,0,NON_LEAK,BORDERLINE_NON_LEAK
הצוות מבקש להוסיף מסך התחברות חדש למערכת.,0,NON_LEAK,LOW_RISK_CONTEXT
אין להפיץ את תוצאות הבדיקה של שירה אברהם שנערכו בסורוקה.,1,LEAK,HEALTH
הקבוצה תיפגש מחר בבוקר לדיון על תכנון הרבעון הבא.,0,NON_LEAK,NON_SENSITIVE_GENERAL
מכבי שירותי בריאות פרסמה הודעה רשמית על הרחבת הפעילות בבאר שבע.,0,NON_LEAK,PUBLIC_INFO
קוד האימות שנשלח לניר ביטון הוא 483921.,1,LEAK,AUTH_SECRET
שם הפרויקט הוא מבצע שקמה והוא יוצג בישיבת הנהלה.,0,NON_LEAK,BORDERLINE_NON_LEAK
אין להפיץ את תוצאות הבדיקה של שרון סעדה שנערכו בסורוקה.,1,LEAK,HEALTH
הצוות דן בשיפור חוויית המשתמש של גרסה 4.2 לקראת הרבעון הבא.,0,NON_LEAK,BORDERLINE_NON_LEAK
החברה הודיעה לציבור על פתיחת מרכז שירות חדש בבאר שבע.,0,NON_LEAK,PUBLIC_INFO
יש לשלוח את הקובץ המעודכן עד סוף היום.,0,NON_LEAK,LOW_RISK_CONTEXT
הישיבה תתקיים בחדר הגדול בקומה השנייה.,0,NON_LEAK,LOW_RISK_CONTEXT
"פרטי החשבון של דוד כהן: בנק מזרחי טפחות, חשבון 3555545910.",1,LEAK,FINANCIAL
הצעת המחיר הסופית ללקוח תישלח רק לאחר אישור מנהל מוצר.,1,LEAK,CONFIDENTIAL_BUSINESS
"הוכן דוח לקוח עבור שטראוס, הכולל איש קשר בשם נועה מזרחי ומייל noa.mizrahi@org.co.il.",1,LEAK,MIXED_BORDERLINE
"הקובץ כולל פרטי גישה למערכת, כולל שם משתמש וסיסמה.",1,LEAK,AUTH_SECRET
כתובת המייל האישית של שירה אברהם היא shira.avraham@org.co.il.,1,LEAK,PII_DIRECT
המסמך כולל סיכום שימוע של מאיה ביטון ופרטים אישיים רגישים.,1,LEAK,LEGAL_HR
"פרטי החשבון של רונית פרץ: בנק בנק הפועלים, חשבון 1355669745.",1,LEAK,FINANCIAL
"הכתובת של ניר ביטון היא רחוב ויצמן 18, באר שבע.",1,LEAK,PII_DIRECT
המצגת עודכנה וכוללת את סטטוס המשימות לשבוע הקרוב.,0,NON_LEAK,NON_SENSITIVE_GENERAL
"המסמך מכיל מידע רפואי אישי על נועם מזרחי, כולל אבחנות ותרופות.",1,LEAK,HEALTH
אין להפיץ את תוצאות הבדיקה של רונית פרץ שנערכו באסותא.,1,LEAK,HEALTH
בדוח הרפואי של רון חדד מבית החולים איכילוב מופיע טיפול רגיש.,1,LEAK,HEALTH
הפגישה עם מנהל מוצר תתקיים ביום ראשון בנתניה.,0,NON_LEAK,NON_SENSITIVE_GENERAL
הסיסמה הזמנית לחשבון של איתי פרץ היא Welcome2026!.,1,LEAK,AUTH_SECRET
"הכתובת של משה אוחנה היא רחוב ביאליק 7, ראשון לציון.",1,LEAK,PII_DIRECT
בדוח הפנימי מופיעים שמות לקוחות אסטרטגיים ותנאי התקשרות.,1,LEAK,CONFIDENTIAL_BUSINESS
האתר הרשמי עודכן עם מסמכי ההדרכה החדשים למשתמשים.,0,NON_LEAK,PUBLIC_INFO
בכנס הטכנולוגיה הוצגו מגמות חדשות בתחום הבינה המלאכותית.,0,NON_LEAK,PUBLIC_INFO
"פרטי הקשר של אורן אברהם: טלפון 0577666147, מייל oren.avraham@mail.com.",1,LEAK,PII_DIRECT
"הקובץ כולל פרטי גישה למערכת, כולל שם משתמש וסיסמה.",1,LEAK,AUTH_SECRET
"בפגישה עם מנכ""ל סוכם כי מוצר הדס יושק ב12/7/2026.",1,LEAK,CONFIDENTIAL_BUSINESS
"פרטי החשבון של איתי פרץ: בנק מזרחי טפחות, חשבון 3597404355.",1,LEAK,FINANCIAL
מספר כרטיס האשראי של רון חדד הוא 3559095257166723.,1,LEAK,FINANCIAL
"הוכן דוח לקוח עבור Amdocs, הכולל איש קשר בשם ליאור מלכה ומייל lior.malka@company.co.il.",1,LEAK,MIXED_BORDERLINE
"המסמך מכיל מידע רפואי אישי על שירה אברהם, כולל אבחנות ותרופות.",1,LEAK,HEALTH
יש לשלוח את הקובץ המעודכן עד סוף היום.,0,NON_LEAK,LOW_RISK_CONTEXT
המצגת עודכנה וכוללת את סטטוס המשימות לשבוע הקרוב.,0,NON_LEAK,NON_SENSITIVE_GENERAL
הצוות סיים את פיתוח מנוע זית ועבר לשלב הבדיקות.,0,NON_LEAK,NON_SENSITIVE_GENERAL
הסיסמה הזמנית לחשבון של מאיה ביטון היא Welcome2026!.,1,LEAK,AUTH_SECRET
קוד האימות שנשלח לרונית פרץ הוא 483921.,1,LEAK,AUTH_SECRET
הצעת המחיר הסופית ללקוח תישלח רק לאחר אישור ראש צוות.,1,LEAK,CONFIDENTIAL_BUSINESS
בכנס הטכנולוגיה הוצגו מגמות חדשות בתחום הבינה המלאכותית.,0,NON_LEAK,PUBLIC_INFO
אורן אברהם עובד בחברת בזק באשדוד.,0,NON_LEAK,NON_SENSITIVE_GENERAL
שרון סעדה עובד בחברת גוגל ישראל במודיעין.,0,NON_LEAK,NON_SENSITIVE_GENERAL
"הקובץ מציג רשימת עובדים עם משכורות, בונוסים וימי מחלה.",1,LEAK,LEGAL_HR
שם הפרויקט הוא פרויקט ברוש והוא יוצג בישיבת הנהלה.,0,NON_LEAK,BORDERLINE_NON_LEAK
התיק הרפואי של עידן דנינו מציין אבחנה של סוכרת.,1,LEAK,HEALTH
סיכום הפגישה כולל גם את תאריך ההשקה 16/3/2026 וגם את פרטי הקשר של ליאור מלכה.,1,LEAK,MIXED_BORDERLINE
יש לשלוח את הקובץ המעודכן עד סוף היום.,0,NON_LEAK,LOW_RISK_CONTEXT
"המסמך מכיל מידע רפואי אישי על שירה אברהם, כולל אבחנות ותרופות.",1,LEAK,HEALTH
"פרטי החשבון של איתי פרץ: בנק מזרחי טפחות, חשבון 5510344808.",1,LEAK,FINANCIAL
בדוח משאבי האנוש מופיעים נתוני השכר של יואב לוי.,1,LEAK,LEGAL_HR
"במסמך האישור מופיעים דוד כהן, ראשון לציון ומספר הזהות 151839515.",1,LEAK,MIXED_BORDERLINE
האתר הרשמי עודכן עם מסמכי ההדרכה החדשים למשתמשים.,0,NON_LEAK,PUBLIC_INFO
מכבי שירותי בריאות פרסמה הודעה רשמית על הרחבת הפעילות בראשון לציון.,0,NON_LEAK,PUBLIC_INFO
"פרטי החשבון של רון חדד: בנק בנק הפועלים, חשבון 7872988099.",1,LEAK,FINANCIAL
אלביט פרסמה הודעה רשמית על הרחבת הפעילות בירושלים.,0,NON_LEAK,PUBLIC_INFO
הועבר סיכום כללי של ישיבת צוות ללא פרטים אישיים.,0,NON_LEAK,BORDERLINE_NON_LEAK
"הוכן דוח לקוח עבור אלביט, הכולל איש קשר בשם דוד כהן ומייל david.cohen@gmail.com.",1,LEAK,MIXED_BORDERLINE
תאריך ההשקה של פרויקט נוגה נקבע ל13/10/2026.,1,LEAK,CONFIDENTIAL_BUSINESS
המסמך כולל תאריך יעד של 20/1/2026 אך אינו מכיל פרטים אישיים.,0,NON_LEAK,BORDERLINE_NON_LEAK
מסמך זה כולל מידע פנימי על מבצע שקמה ואסור לשתף אותו מחוץ לארגון.,1,LEAK,CONFIDENTIAL_BUSINESS
יואב לוי עובד בחברת שטראוס בפתח תקווה.,0,NON_LEAK,NON_SENSITIVE_GENERAL
הצוות דן בשיפור חוויית המשתמש של מוצר הדס לקראת הרבעון הבא.,0,NON_LEAK,BORDERLINE_NON_LEAK
מסמך זה כולל מידע פנימי על גרסת אפריל ואסור לשתף אותו מחוץ לארגון.,1,LEAK,CONFIDENTIAL_BUSINESS
קוד האימות שנשלח לשירה אברהם הוא 483921.,1,LEAK,AUTH_SECRET
כתובת המייל האישית של אלון מלכה היא alon.malka@company.co.il.,1,LEAK,PII_DIRECT
מספר הטלפון של ליאור מלכה הוא 0505193456.,1,LEAK,PII_DIRECT
אין להפיץ את תוצאות הבדיקה של נועם מזרחי שנערכו בסורוקה.,1,LEAK,HEALTH
"פרטי החשבון של ניר ביטון: בנק בנק לאומי, חשבון 1834396698.",1,LEAK,FINANCIAL
סיכום הפגישה כולל גם את תאריך ההשקה 24/6/2026 וגם את פרטי הקשר של טל אוחנה.,1,LEAK,MIXED_BORDERLINE
בכנס הטכנולוגיה הוצגו מגמות חדשות בתחום הבינה המלאכותית.,0,NON_LEAK,PUBLIC_INFO
החברה הודיעה לציבור על פתיחת מרכז שירות חדש באשדוד.,0,NON_LEAK,PUBLIC_INFO
"הקובץ כולל פרטי גישה למערכת, כולל שם משתמש וסיסמה.",1,LEAK,AUTH_SECRET
"פרטי החשבון של דנה דנינו: בנק בנק הפועלים, חשבון 7353076701.",1,LEAK,FINANCIAL
הועבר קובץ עם תלונת משמעת פנימית נגד ליאור מלכה.,1,LEAK,LEGAL_HR
שם הפרויקט הוא פרויקט ברוש והוא יוצג בישיבת הנהלה.,0,NON_LEAK,BORDERLINE_NON_LEAK
שם הפרויקט הוא פרויקט ברוש והוא יוצג בישיבת הנהלה.,0,NON_LEAK,BORDERLINE_NON_LEAK
בדוח הרפואי של אלון מלכה מבית החולים אסותא מופיע טיפול רגיש.,1,LEAK,HEALTH
הועבר קובץ עם תלונת משמעת פנימית נגד שרון סעדה.,1,LEAK,LEGAL_HR
הצוות מבקש להוסיף מסך התחברות חדש למערכת.,0,NON_LEAK,LOW_RISK_CONTEXT
הצוות מבקש להוסיף מסך התחברות חדש למערכת.,0,NON_LEAK,LOW_RISK_CONTEXT
"הכתובת של מיכל כהן היא רחוב ביאליק 7, חיפה.",1,LEAK,PII_DIRECT
הפרויקט עבר לשלב האינטגרציה ונדרשת בדיקת עומסים.,0,NON_LEAK,LOW_RISK_CONTEXT
מספר כרטיס האשראי של הילה חדד הוא 7157102008335219.,1,LEAK,FINANCIAL
בנק לאומי פרסמה הודעה רשמית על הרחבת הפעילות בירושלים.,0,NON_LEAK,PUBLIC_INFO
Amdocs פרסמה הודעה רשמית על הרחבת הפעילות בירושלים.,0,NON_LEAK,PUBLIC_INFO
האתר הרשמי עודכן עם מסמכי ההדרכה החדשים למשתמשים.,0,NON_LEAK,PUBLIC_INFO
"הקובץ מציג רשימת עובדים עם משכורות, בונוסים וימי מחלה.",1,LEAK,LEGAL_HR
המצגת עודכנה וכוללת את סטטוס המשימות לשבוע הקרוב.,0,NON_LEAK,NON_SENSITIVE_GENERAL
המצגת עודכנה וכוללת את סטטוס המשימות לשבוע הקרוב.,0,NON_LEAK,NON_SENSITIVE_GENERAL
הועבר קובץ עם תלונת משמעת פנימית נגד נועה מזרחי.,1,LEAK,LEGAL_HR
הועבר סיכום כללי של סקר שביעות רצון ללא פרטים אישיים.,0,NON_LEAK,BORDERLINE_NON_LEAK
אין להפיץ את תוצאות הבדיקה של אלון מלכה שנערכו בסורוקה.,1,LEAK,HEALTH
המסמך כולל סיכום שימוע של נועם מזרחי ופרטים אישיים רגישים.,1,LEAK,LEGAL_HR
בדוח הפנימי מופיעים שמות לקוחות אסטרטגיים ותנאי התקשרות.,1,LEAK,CONFIDENTIAL_BUSINESS
תאריך ההשקה של גרסה 4.2 נקבע ל27/12/2026.,1,LEAK,CONFIDENTIAL_BUSINESS
לקראת הפגישה עם רונית פרץ הועבר גם מספר הטלפון האישי שלו: 0513637067.,1,LEAK,MIXED_BORDERLINE
נועה מזרחי עובד בחברת רפאל בנתניה.,0,NON_LEAK,NON_SENSITIVE_GENERAL
"המסמך מכיל מידע רפואי אישי על עידן דנינו, כולל אבחנות ותרופות.",1,LEAK,HEALTH
"מנהל המוצר ביקש לעדכן את הלו""ז ולשתף את הסטטוס.",0,NON_LEAK,LOW_RISK_CONTEXT
סיכום הפגישה כולל גם את תאריך ההשקה 1/1/2026 וגם את פרטי הקשר של רונית פרץ.,1,LEAK,MIXED_BORDERLINE
סיכום הפגישה כולל גם את תאריך ההשקה 16/2/2026 וגם את פרטי הקשר של נועם מזרחי.,1,LEAK,MIXED_BORDERLINE
"הכתובת של דנה דנינו היא רחוב בן גוריון 5, אשדוד.",1,LEAK,PII_DIRECT
כתובת המייל האישית של דוד כהן היא david.cohen@mail.com.,1,LEAK,PII_DIRECT
אין להפיץ את תוצאות הבדיקה של שירה אברהם שנערכו באסותא.,1,LEAK,HEALTH
הצוות סיים את פיתוח פלטפורמת ארז ועבר לשלב הבדיקות.,0,NON_LEAK,NON_SENSITIVE_GENERAL
כתובת המייל האישית של שרון סעדה היא sharon.saada@org.co.il.,1,LEAK,PII_DIRECT
כתובת המייל האישית של ליאור מלכה היא lior.malka@outlook.com.,1,LEAK,PII_DIRECT
אין להפיץ את תוצאות הבדיקה של אלון מלכה שנערכו באיכילוב.,1,LEAK,HEALTH
מיקרוסופט פרסמה הודעה רשמית על הרחבת הפעילות בנתניה.,0,NON_LEAK,PUBLIC_INFO
האתר הרשמי עודכן עם מסמכי ההדרכה החדשים למשתמשים.,0,NON_LEAK,PUBLIC_INFO
"הקובץ מציג רשימת עובדים עם משכורות, בונוסים וימי מחלה.",1,LEAK,LEGAL_HR
"המסמך מכיל מידע רפואי אישי על עמית אלקיים, כולל אבחנות ותרופות.",1,LEAK,HEALTH
מספר הטלפון של נועה מזרחי הוא 0501150233.,1,LEAK,PII_DIRECT
המצגת עודכנה וכוללת את סטטוס המשימות לשבוע הקרוב.,0,NON_LEAK,NON_SENSITIVE_GENERAL
בכנס הטכנולוגיה הוצגו מגמות חדשות בתחום הבינה המלאכותית.,0,NON_LEAK,PUBLIC_INFO
"הכתובת של יואב לוי היא רחוב ביאליק 7, רעננה.",1,LEAK,PII_DIRECT
הצוות מבקש להוסיף מסך התחברות חדש למערכת.,0,NON_LEAK,LOW_RISK_CONTEXT
בכנס הטכנולוגיה הוצגו מגמות חדשות בתחום הבינה המלאכותית.,0,NON_LEAK,PUBLIC_INFO
המסמך מסווג פנימי וכולל את תוכנית ההשקה של מודול ברק.,1,LEAK,CONFIDENTIAL_BUSINESS
האתר הרשמי עודכן עם מסמכי ההדרכה החדשים למשתמשים.,0,NON_LEAK,PUBLIC_INFO
"מנהל המוצר ביקש לעדכן את הלו""ז ולשתף את הסטטוס.",0,NON_LEAK,LOW_RISK_CONTEXT
"הוכן דוח לקוח עבור בזק, הכולל איש קשר בשם ניר ביטון ומייל nir.biton@mail.com.",1,LEAK,MIXED_BORDERLINE
"פרטי החשבון של טל אוחנה: בנק דיסקונט, חשבון 1458522557.",1,LEAK,FINANCIAL
הצוות דן בשיפור חוויית המשתמש של מוצר הדס לקראת הרבעון הבא.,0,NON_LEAK,BORDERLINE_NON_LEAK
"הצעת המחיר הסופית ללקוח תישלח רק לאחר אישור סמנכ""לית כספים.",1,LEAK,CONFIDENTIAL_BUSINESS
הסיסמה הזמנית לחשבון של יעל לוי היא Welcome2026!.,1,LEAK,AUTH_SECRET
הצוות סיים את פיתוח שירות אביב ועבר לשלב הבדיקות.,0,NON_LEAK,NON_SENSITIVE_GENERAL
סיכום הפגישה כולל גם את תאריך ההשקה 5/3/2026 וגם את פרטי הקשר של נועם מזרחי.,1,LEAK,MIXED_BORDERLINE
הצוות סיים את פיתוח מנוע זית ועבר לשלב הבדיקות.,0,NON_LEAK,NON_SENSITIVE_GENERAL
הצוות דן בשיפור חוויית המשתמש של מודול ברק לקראת הרבעון הבא.,0,NON_LEAK,BORDERLINE_NON_LEAK
המצגת עודכנה וכוללת את סטטוס המשימות לשבוע הקרוב.,0,NON_LEAK,NON_SENSITIVE_GENERAL
"נא לא לשלוח החוצה את דוח הגבייה של אורן אברהם עם סכום 39,124 ש""ח.",1,LEAK,FINANCIAL
כתובת המייל האישית של נועם מזרחי היא noam.mizrahi@org.co.il.,1,LEAK,PII_DIRECT
המסמך כולל תאריך יעד של 3/1/2026 אך אינו מכיל פרטים אישיים.,0,NON_LEAK,BORDERLINE_NON_LEAK
אין להפיץ את תוצאות הבדיקה של מיכל כהן שנערכו באסותא.,1,LEAK,HEALTH
"המסמך מכיל מידע רפואי אישי על יעל לוי, כולל אבחנות ותרופות.",1,LEAK,HEALTH
שם הפרויקט הוא גרסת אפריל והוא יוצג בישיבת הנהלה.,0,NON_LEAK,BORDERLINE_NON_LEAK
האתר הרשמי עודכן עם מסמכי ההדרכה החדשים למשתמשים.,0,NON_LEAK,PUBLIC_INFO
"בדוח מופיעים פרטי חיוב של לקוחות, כולל מספרי חשבון וסכומים.",1,LEAK,FINANCIAL
הסיסמה הזמנית לחשבון של דנה דנינו היא Welcome2026!.,1,LEAK,AUTH_SECRET
התיק הרפואי של נועה מזרחי מציין אבחנה של חרדה.,1,LEAK,HEALTH
המסמך כולל תאריך יעד של 19/2/2026 אך אינו מכיל פרטים אישיים.,0,NON_LEAK,BORDERLINE_NON_LEAK
תאריך ההשקה של מודול ברק נקבע ל28/4/2026.,1,LEAK,CONFIDENTIAL_BUSINESS
הפגישה עם מנהלת משאבי אנוש תתקיים ביום ראשון בנתניה.,0,NON_LEAK,NON_SENSITIVE_GENERAL
המסמך כולל סיכום שימוע של אורן אברהם ופרטים אישיים רגישים.,1,LEAK,LEGAL_HR
המסמך כולל סיכום שימוע של הילה חדד ופרטים אישיים רגישים.,1,LEAK,LEGAL_HR
הפרויקט עבר לשלב האינטגרציה ונדרשת בדיקת עומסים.,0,NON_LEAK,LOW_RISK_CONTEXT
"הועבר תשלום בגובה 14,006 ש""ח מחשבון 4166355409 של איתי פרץ.",1,LEAK,FINANCIAL
בנק הפועלים פרסמה הודעה רשמית על הרחבת הפעילות בראשון לציון.,0,NON_LEAK,PUBLIC_INFO
הצוות סיים את פיתוח פלטפורמת ארז ועבר לשלב הבדיקות.,0,NON_LEAK,NON_SENSITIVE_GENERAL
המסמך מסווג פנימי וכולל את תוכנית ההשקה של פרויקט נוגה.,1,LEAK,CONFIDENTIAL_BUSINESS
הסיסמה הזמנית לחשבון של עמית אלקיים היא Welcome2026!.,1,LEAK,AUTH_SECRET
הפרויקט עבר לשלב האינטגרציה ונדרשת בדיקת עומסים.,0,NON_LEAK,LOW_RISK_CONTEXT
"פרטי החשבון של יואב לוי: בנק בנק לאומי, חשבון 8906300612.",1,LEAK,FINANCIAL
הפגישה עם מנהלת משאבי אנוש תתקיים ביום ראשון בתל אביב.,0,NON_LEAK,NON_SENSITIVE_GENERAL
אין להפיץ את תוצאות הבדיקה של מאיה ביטון שנערכו בסורוקה.,1,LEAK,HEALTH
הצוות מבקש להוסיף מסך התחברות חדש למערכת.,0,NON_LEAK,LOW_RISK_CONTEXT
המסמך כולל סיכום שימוע של הילה חדד ופרטים אישיים רגישים.,1,LEAK,LEGAL_HR
הצוות דן בשיפור חוויית המשתמש של מודול ברק לקראת הרבעון הבא.,0,NON_LEAK,BORDERLINE_NON_LEAK
הישיבה תתקיים בחדר הגדול בקומה השנייה.,0,NON_LEAK,LOW_RISK_CONTEXT
עידן דנינו עובד בחברת צ'ק פוינט בחיפה.,0,NON_LEAK,NON_SENSITIVE_GENERAL
סיכום הפגישה כולל גם את תאריך ההשקה 5/11/2026 וגם את פרטי הקשר של נועם מזרחי.,1,LEAK,MIXED_BORDERLINE
"פרטי החשבון של עמית אלקיים: בנק בנק הפועלים, חשבון 7230858634.",1,LEAK,FINANCIAL
הסיסמה הזמנית לחשבון של אלון מלכה היא Welcome2026!.,1,LEAK,AUTH_SECRET
"במסמך האישור מופיעים רונית פרץ, פתח תקווה ומספר הזהות 875487535.",1,LEAK,MIXED_BORDERLINE
הועבר קובץ עם תלונת משמעת פנימית נגד הילה חדד.,1,LEAK,LEGAL_HR
מספר כרטיס האשראי של הילה חדד הוא 1659602086635109.,1,LEAK,FINANCIAL
מספר הטלפון של אורן אברהם הוא 0562849939.,1,LEAK,PII_DIRECT
המסמך כולל סיכום שימוע של נועה מזרחי ופרטים אישיים רגישים.,1,LEAK,LEGAL_HR
שם הפרויקט הוא פרויקט דרור והוא יוצג בישיבת הנהלה.,0,NON_LEAK,BORDERLINE_NON_LEAK
"מנהל המוצר ביקש לעדכן את הלו""ז ולשתף את הסטטוס.",0,NON_LEAK,LOW_RISK_CONTEXT
שם הפרויקט הוא תוכנית רימון והוא יוצג בישיבת הנהלה.,0,NON_LEAK,BORDERLINE_NON_LEAK
בדוח הפנימי מופיעים שמות לקוחות אסטרטגיים ותנאי התקשרות.,1,LEAK,CONFIDENTIAL_BUSINESS
הקבוצה תיפגש מחר בבוקר לדיון על תכנון הרבעון הבא.,0,NON_LEAK,NON_SENSITIVE_GENERAL
סיכום הפגישה כולל גם את תאריך ההשקה 2/6/2026 וגם את פרטי הקשר של איתי פרץ.,1,LEAK,MIXED_BORDERLINE
הקבוצה תיפגש מחר בבוקר לדיון על תכנון הרבעון הבא.,0,NON_LEAK,NON_SENSITIVE_GENERAL
הועבר סיכום כללי של ישיבת צוות ללא פרטים אישיים.,0,NON_LEAK,BORDERLINE_NON_LEAK
הפגישה עם ראש צוות תתקיים ביום ראשון בראשון לציון.,0,NON_LEAK,NON_SENSITIVE_GENERAL
הועבר סיכום כללי של עדכון סטטוס ללא פרטים אישיים.,0,NON_LEAK,BORDERLINE_NON_LEAK
המסמך כולל תאריך יעד של 11/9/2026 אך אינו מכיל פרטים אישיים.,0,NON_LEAK,BORDERLINE_NON_LEAK
הקבוצה תיפגש מחר בבוקר לדיון על תכנון הרבעון הבא.,0,NON_LEAK,NON_SENSITIVE_GENERAL
התיק הרפואי של עמית אלקיים מציין אבחנה של דלקת ריאות.,1,LEAK,HEALTH
סלקום פרסמה הודעה רשמית על הרחבת הפעילות בפתח תקווה.,0,NON_LEAK,PUBLIC_INFO
הפרויקט עבר לשלב האינטגרציה ונדרשת בדיקת עומסים.,0,NON_LEAK,LOW_RISK_CONTEXT
רון חדד עובד בחברת מכבי שירותי בריאות ברעננה.,0,NON_LEAK,NON_SENSITIVE_GENERAL
הצוות מבקש להוסיף מסך התחברות חדש למערכת.,0,NON_LEAK,LOW_RISK_CONTEXT
טל אוחנה עובד בחברת גוגל ישראל באשדוד.,0,NON_LEAK,NON_SENSITIVE_GENERAL
המערכת החדשה תושק ב17/3/2026 לפי הודעה רשמית שפורסמה לכלל העובדים.,0,NON_LEAK,BORDERLINE_NON_LEAK
המערכת החדשה תושק ב14/4/2026 לפי הודעה רשמית שפורסמה לכלל העובדים.,0,NON_LEAK,BORDERLINE_NON_LEAK
בכנס הטכנולוגיה הוצגו מגמות חדשות בתחום הבינה המלאכותית.,0,NON_LEAK,PUBLIC_INFO
מפתח ה-API של הסביבה הפנימית נשמר במסמך המצורף.,1,LEAK,AUTH_SECRET
הפרויקט עבר לשלב האינטגרציה ונדרשת בדיקת עומסים.,0,NON_LEAK,LOW_RISK_CONTEXT
לקראת הפגישה עם אלון מלכה הועבר גם מספר הטלפון האישי שלו: 0506493361.,1,LEAK,MIXED_BORDERLINE
"בדוח מופיעים פרטי חיוב של לקוחות, כולל מספרי חשבון וסכומים.",1,LEAK,FINANCIAL
החברה הודיעה לציבור על פתיחת מרכז שירות חדש בתל אביב.,0,NON_LEAK,PUBLIC_INFO
מספר תעודת הזהות של רונית פרץ הוא 606684286.,1,LEAK,PII_DIRECT
"מנהל המוצר ביקש לעדכן את הלו""ז ולשתף את הסטטוס.",0,NON_LEAK,LOW_RISK_CONTEXT
שם הפרויקט הוא מבצע שקמה והוא יוצג בישיבת הנהלה.,0,NON_LEAK,BORDERLINE_NON_LEAK
בדוח הרפואי של ניר ביטון מבית החולים סורוקה מופיע טיפול רגיש.,1,LEAK,HEALTH
תאריך ההשקה של מוצר הדס נקבע ל27/10/2026.,1,LEAK,CONFIDENTIAL_BUSINESS
המערכת החדשה תושק ב2/4/2026 לפי הודעה רשמית שפורסמה לכלל העובדים.,0,NON_LEAK,BORDERLINE_NON_LEAK
הקבוצה תיפגש מחר בבוקר לדיון על תכנון הרבעון הבא.,0,NON_LEAK,NON_SENSITIVE_GENERAL
מפתח ה-API של הסביבה הפנימית נשמר במסמך המצורף.,1,LEAK,AUTH_SECRET
הועבר קובץ עם תלונת משמעת פנימית נגד דוד כהן.,1,LEAK,LEGAL_HR
התיק הרפואי של שירה אברהם מציין אבחנה של סוכרת.,1,LEAK,HEALTH
מפתח ה-API של הסביבה הפנימית נשמר במסמך המצורף.,1,LEAK,AUTH_SECRET
"המסמך מכיל מידע רפואי אישי על איתי פרץ, כולל אבחנות ותרופות.",1,LEAK,HEALTH
אין להפיץ את תוצאות הבדיקה של מאיה ביטון שנערכו בסורוקה.,1,LEAK,HEALTH
המסמך כולל סיכום שימוע של מאיה ביטון ופרטים אישיים רגישים.,1,LEAK,LEGAL_HR
סלקום פרסמה הודעה רשמית על הרחבת הפעילות בתל אביב.,0,NON_LEAK,PUBLIC_INFO
הצוות סיים את פיתוח מנוע זית ועבר לשלב הבדיקות.,0,NON_LEAK,NON_SENSITIVE_GENERAL
בזק פרסמה הודעה רשמית על הרחבת הפעילות בהרצליה.,0,NON_LEAK,PUBLIC_INFO
הצוות דן בשיפור חוויית המשתמש של מנוע זית לקראת הרבעון הבא.,0,NON_LEAK,BORDERLINE_NON_LEAK
בכנס הטכנולוגיה הוצגו מגמות חדשות בתחום הבינה המלאכותית.,0,NON_LEAK,PUBLIC_INFO
"פרטי הקשר של דוד כהן: טלפון 0572626651, מייל david.cohen@example.co.il.",1,LEAK,PII_DIRECT
המסמך מסווג פנימי וכולל את תוכנית ההשקה של מוצר אופק.,1,LEAK,CONFIDENTIAL_BUSINESS
החברה הודיעה לציבור על פתיחת מרכז שירות חדש בפתח תקווה.,0,NON_LEAK,PUBLIC_INFO
יש לשלוח את הקובץ המעודכן עד סוף היום.,0,NON_LEAK,LOW_RISK_CONTEXT
המסמך כולל סיכום שימוע של שרון סעדה ופרטים אישיים רגישים.,1,LEAK,LEGAL_HR
הועבר סיכום כללי של ישיבת צוות ללא פרטים אישיים.,0,NON_LEAK,BORDERLINE_NON_LEAK
הצוות דן בשיפור חוויית המשתמש של מנוע זית לקראת הרבעון הבא.,0,NON_LEAK,BORDERLINE_NON_LEAK
יש לשלוח את הקובץ המעודכן עד סוף היום.,0,NON_LEAK,LOW_RISK_CONTEXT
מספר כרטיס האשראי של שרון סעדה הוא 0519491070354526.,1,LEAK,FINANCIAL
הפרויקט עבר לשלב האינטגרציה ונדרשת בדיקת עומסים.,0,NON_LEAK,LOW_RISK_CONTEXT
