text,label,label_name,category,style,difficulty,group_id
REQ-613834 | בדשבורד הציבורי מופיע סטטוס כללי של פרויקט פרויקט דרור,0,NON_LEAK,diverse_negative,ticket,medium,div_neg_39
מתוך הדוח: יש לעדכן את טבלת ההזמנות עם מזהה פנימי 7656248510.,0,NON_LEAK,paired_hard_negative,report,hard,pair_5_neg
מתוך הדוח: הפגישה עם שרון סעדה נקבעה ל22/2/2026 בתל אביב.,0,NON_LEAK,paired_hard_negative,report,hard,pair_2_neg
שולח: הצוות דן בהשקת מוצר הדס ביום 3/6/2026.,0,NON_LEAK,paired_hard_negative,chat,hard,pair_4_neg
"נושא: בקשה
הקובץ מכיל שם משתמש, סיסמה וגישה לסביבת הייצור",1,LEAK,diverse_positive,email,hard,div_pos_34
"סיכום פגישה: הועבר סיכום על משה אוחנה שעובד באינטל במודיעין, כולל מספר הזהות 766240080.",1,LEAK,paired_hard_positive,meeting_note,hard,pair_1_pos
בדיקה: מספר הקריאה הוא FIN-800957 ויש לעקוב אחריו מול משאבי אנוש.,0,NON_LEAK,diverse_negative,chat,hard,div_neg_16
"סיכום פגישה: הועבר סיכום על קרן אמסלם שעובד בשופרסל בנתניה, כולל מספר הזהות 800448891.",1,LEAK,paired_hard_positive,meeting_note,hard,pair_1_pos
"מתוך הדוח: הועבר סיכום על יעל לוי שעובד בגוגל ישראל באשדוד, כולל מספר הזהות 803917162",1,LEAK,paired_hard_positive,report,hard,pair_1_pos
SR-038287 | יש לעדכן את טבלת ההזמנות עם מזהה פנימי 3011437989 תודה,0,NON_LEAK,paired_hard_negative,ticket,hard,pair_5_neg
"לתיעוד פנימי - הועבר דוח עם רשימת לקוחות אסטרטגיים, הצעות מחיר ותנאי התקשרות",1,LEAK,diverse_positive,memo,hard,div_pos_4
סיכום פגישה - בדשבורד הציבורי מופיע סטטוס כללי של פרויקט מיזם תמר.,0,NON_LEAK,diverse_negative,meeting_note,hard,div_neg_45
"נושא: מעקב
הועבר סיכום על איתי פרץ שעובד בAmdocs ברעננה, כולל מספר הזהות 374833159.",1,LEAK,paired_hard_positive,email,hard,pair_1_pos
"INC-578813 | בדוח מופיע רק שם החברה מיקרוסופט ותאריך יעד 17/7/2026, ללא מידע אישי.",0,NON_LEAK,diverse_negative,ticket,hard,div_neg_17
מתוך הדוח: במצגת הופיעו שמות העובדים לצד נתוני שכר ובונוסים.,1,LEAK,paired_hard_positive,report,hard,pair_7_pos
תזכורת: הצוות דן בהשקת מערכת קשת ביום 10/5/2026.,0,NON_LEAK,paired_hard_negative,chat,hard,pair_4_neg
REQ-239974 | יש לעדכן את טבלת ההזמנות עם מזהה פנימי 4812207538. תודה,0,NON_LEAK,paired_hard_negative,ticket,hard,pair_5_neg
תזכורת: בדוח הלקוח מופיע איש קשר בשם יעל לוי.,0,NON_LEAK,paired_hard_negative,chat,hard,pair_3_neg
מתוך הדוח: בדוח הלקוח מופיע איש קשר בשם ליאור מלכה,0,NON_LEAK,paired_hard_negative,report,hard,pair_3_neg
"שולח: הקובץ מכיל שם משתמש, סיסמה וגישה לסביבת הייצור",1,LEAK,diverse_positive,chat,hard,div_pos_2
מתוך הדוח: הצוות עבר לשלב בדיקות אינטגרציה ונדרש לעדכן סטטוס עד סוף היום.,0,NON_LEAK,diverse_negative,report,medium,div_neg_15
"סיכום פגישה: הקובץ מכיל שם משתמש, סיסמה וגישה לסביבת הייצור.",1,LEAK,diverse_positive,meeting_note,hard,div_pos_35
"לתיעוד פנימי: הועבר דוח עם רשימת לקוחות אסטרטגיים, הצעות מחיר ותנאי התקשרות.",1,LEAK,diverse_positive,memo,hard,div_pos_30
"בדיקה: המסמך מזכיר את רמב""ם ואת עמית אלקיים בהקשר אדמיניסטרטיבי.",0,NON_LEAK,paired_hard_negative,chat,hard,pair_6_neg
מתוך הדוח: במצגת הופיעו שמות העובדים לצד נתוני שכר ובונוסים.,1,LEAK,paired_hard_positive,report,hard,pair_7_pos
SR-450314 | נא לשמור על סודיות: תוכנית ההשקה של שירות אביב וקוד השם תוכנית רימון מצורפים.,1,LEAK,diverse_positive,ticket,medium,div_pos_43
"בדיקה: היעד הכספי לרבעון הוא 36,956 ש""ח ולא מדובר במידע על לקוח ספציפי.",0,NON_LEAK,diverse_negative,chat,hard,div_neg_35
"נושא: מעקב
פרטי הקשר של משה אוחנה: מייל mosheohana@mailcom, טלפון 0567708758",1,LEAK,diverse_positive,email,hard,div_pos_38
"נושא - עדכון
במצגת הופיעו שמות העובדים לצורך חלוקת משימות. תודה",0,NON_LEAK,paired_hard_negative,email,hard,pair_7_neg
"INC-914569 | פרטי הקשר של איתי פרץ: מייל itay.peretz@example.co.il, טלפון 0528745945.",1,LEAK,diverse_positive,ticket,medium,div_pos_3
"נושא: עדכון
בדשבורד הציבורי מופיע סטטוס כללי של פרויקט תוכנית רימון.",0,NON_LEAK,diverse_negative,email,medium,div_neg_25
בדיקה: הפגישה עם מנהל אבטחת מידע תתקיים ביום ראשון באשדוד.,0,NON_LEAK,diverse_negative,chat,medium,div_neg_59
"סיכום פגישה - הועבר סיכום על קרן אמסלם שעובד בבזק ברעננה, כולל מספר הזהות 511842590",1,LEAK,paired_hard_positive,meeting_note,hard,pair_1_pos
"סיכום פגישה: בנספח מופיעים פרטי החשבון של דנה דנינו: דיסקונט, חשבון 1152403079. תודה",1,LEAK,diverse_positive,meeting_note,hard,div_pos_15
"REQ-578376 | בנספח מופיעים פרטי החשבון של אורן אברהם - דיסקונט, חשבון 7431705233.",1,LEAK,diverse_positive,ticket,hard,div_pos_30
סיכום פגישה - מספר הקריאה הוא INC-478467 ויש לעקוב אחריו מול אבטחת מידע. תודה,0,NON_LEAK,diverse_negative,meeting_note,medium,div_neg_18
"שולח: הקובץ מכיל שם משתמש, סיסמה וגישה לסביבת הייצור.",1,LEAK,diverse_positive,chat,medium,div_pos_50
"מתוך הדוח - המסמך מזכיר את רמב""ם ואת מאיה ביטון בהקשר אדמיניסטרטיבי",0,NON_LEAK,paired_hard_negative,report,hard,pair_6_neg
עדכון: במצגת הופיעו שמות העובדים לצורך חלוקת משימות.,0,NON_LEAK,paired_hard_negative,chat,hard,pair_7_neg
"INC-975966 | הועבר סיכום על מיכל כהן שעובד ברפאל בנתניה, כולל מספר הזהות 871965834 תודה",1,LEAK,paired_hard_positive,ticket,hard,pair_1_pos
מתוך הדוח - שם העובד קרן אמסלם מופיע במצגת הפנימית ללא פרטים נוספים.,0,NON_LEAK,diverse_negative,report,medium,div_neg_3
סיכום פגישה: המערכת החדשה תושק ב12/3/2026 לפי הודעה רשמית שפורסמה לכלל העובדים,0,NON_LEAK,diverse_negative,meeting_note,hard,div_neg_22
מתוך הדוח: נא לשמור על סודיות: תוכנית ההשקה של מערכת קשת וקוד השם פרויקט דרור מצורפים,1,LEAK,diverse_positive,report,hard,div_pos_26
עדכון: במצגת הופיעו שמות העובדים לצד נתוני שכר ובונוסים,1,LEAK,paired_hard_positive,chat,hard,pair_7_pos
"נושא: עדכון
המסמך מזכיר את סורוקה ואת רון חדד בהקשר אדמיניסטרטיבי",0,NON_LEAK,paired_hard_negative,email,hard,pair_6_neg
סיכום פגישה: הסיסמה הזמנית לחשבון של ליאור מלכה היא Welcome2026! ויש להחליף אותה מיד.,1,LEAK,diverse_positive,meeting_note,hard,div_pos_2
מתוך הדוח - מספר הקריאה הוא FIN-146426 ויש לעקוב אחריו מול אבטחת מידע.,0,NON_LEAK,diverse_negative,report,hard,div_neg_48
"לתיעוד פנימי: הועבר דוח עם רשימת לקוחות אסטרטגיים, הצעות מחיר ותנאי התקשרות.",1,LEAK,diverse_positive,memo,medium,div_pos_45
מתוך הדוח: הצוות דן בהשקת מודול ברק ביום 12/8/2026 במסמך מסווג פנימי שלא נועד להפצה.,1,LEAK,paired_hard_positive,report,hard,pair_4_pos
INC-764066 | יש לעדכן את טבלת ההזמנות עם חשבון הבנק 0357858954 של שירה אברהם.,1,LEAK,paired_hard_positive,ticket,hard,pair_5_pos
מתוך הדוח: בדוח משאבי האנוש מופיעים נתוני השכר של עדי שלום עבור חודש מרץ.,1,LEAK,diverse_positive,report,medium,div_pos_56
"נושא: עדכון
הפגישה עם מיכל כהן נקבעה ל6/6/2026 ברעננה, ובמסמך צורף גם הטלפון 0577021142. תודה",1,LEAK,paired_hard_positive,email,hard,pair_2_pos
"FIN-591734 | הפגישה עם הילה חדד נקבעה ל18/7/2026 בהרצליה, ובמסמך צורף גם הטלפון 0511966646.",1,LEAK,paired_hard_positive,ticket,hard,pair_2_pos
לתיעוד פנימי: הפגישה עם יעל לוי נקבעה ל4/7/2026 בראשון לציון,0,NON_LEAK,paired_hard_negative,memo,hard,pair_2_neg
מתוך הדוח: לצורך זיהוי מול הספק הועבר מספר הזהות של אורן אברהם: 953691852. תודה,1,LEAK,diverse_positive,report,medium,div_pos_29
סיכום פגישה: בדוח הלקוח מופיע איש קשר בשם רון חדד.,0,NON_LEAK,paired_hard_negative,meeting_note,hard,pair_3_neg
"סיכום פגישה: הועבר החזר בגובה 35,547 ש""ח לחשבון 6125214131 של איתי פרץ.",1,LEAK,diverse_positive,meeting_note,hard,div_pos_5
סיכום פגישה: בדוח הלקוח מופיע איש קשר בשם מיכל כהן יחד עם כתובת המייל michal.cohen@org.co.il.,1,LEAK,paired_hard_positive,meeting_note,hard,pair_3_pos
"לתיעוד פנימי: הקובץ מכיל שם משתמש, סיסמה וגישה לסביבת הייצור.",1,LEAK,diverse_positive,memo,hard,div_pos_5
מתוך הדוח - הצוות דן בהשקת שירות אביב ביום 24/7/2026.,0,NON_LEAK,paired_hard_negative,report,hard,pair_4_neg
לתיעוד פנימי - יש לעדכן את טבלת ההזמנות עם מזהה פנימי 0848720877.,0,NON_LEAK,paired_hard_negative,memo,hard,pair_5_neg
"נושא: טיפול
במצגת הופיעו שמות העובדים לצד נתוני שכר ובונוסים.",1,LEAK,paired_hard_positive,email,hard,pair_7_pos
"נושא: טיפול
הסיסמה הזמנית לחשבון של עדי שלום היא Welcome2026! ויש להחליף אותה מיד. תודה",1,LEAK,diverse_positive,email,medium,div_pos_46
"מתוך הדוח: הקובץ מכיל שם משתמש, סיסמה וגישה לסביבת הייצור",1,LEAK,diverse_positive,report,medium,div_pos_4
"נושא: מעקב
במסמך המצורף אין מידע אישי, רק סיכום משימות והחלטות.",0,NON_LEAK,diverse_negative,email,hard,div_neg_36
HR-662107 | בדוח שהגיע מאסותא מופיעים פרטי טיפול של ניר ביטון.,1,LEAK,diverse_positive,ticket,medium,div_pos_0
עדכון: הועבר סיכום על טל אוחנה שעובד בנייס בראשון לציון. תודה,0,NON_LEAK,paired_hard_negative,chat,hard,pair_1_neg
שולח: המסמך מזכיר את שיבא ואת מאיה ביטון בהקשר אדמיניסטרטיבי,0,NON_LEAK,paired_hard_negative,chat,hard,pair_6_neg
מתוך הדוח: המערכת החדשה תושק ב2/12/2026 לפי הודעה רשמית שפורסמה לכלל העובדים.,0,NON_LEAK,diverse_negative,report,hard,div_neg_29
סיכום פגישה - יש לעדכן את טבלת ההזמנות עם מזהה פנימי 7122855051.,0,NON_LEAK,paired_hard_negative,meeting_note,hard,pair_5_neg
"לתיעוד פנימי: הפגישה עם עדי שלום נקבעה ל28/9/2026 באשדוד, ובמסמך צורף גם הטלפון 0578952405.",1,LEAK,paired_hard_positive,memo,hard,pair_2_pos
שולח - הועבר סיכום על נועה מזרחי שעובד בשופרסל בירושלים.,0,NON_LEAK,paired_hard_negative,chat,hard,pair_1_neg
"נושא: מעקב
במסמך המצורף אין מידע אישי, רק סיכום משימות והחלטות.",0,NON_LEAK,diverse_negative,email,medium,div_neg_31
עדכון: המסמך מזכיר את איכילוב ואת אילן שבתאי בהקשר אדמיניסטרטיבי,0,NON_LEAK,paired_hard_negative,chat,hard,pair_6_neg
עדכון: הפגישה עם שירה אברהם נקבעה ל6/1/2026 בירושלים.,0,NON_LEAK,paired_hard_negative,chat,hard,pair_2_neg
HR-865071 | המסמך מזכיר את שיבא ואת אורן אברהם וכולל גם אבחנה של אלרגיה חריפה.,1,LEAK,paired_hard_positive,ticket,hard,pair_6_pos
שולח: המסמך מזכיר את שיבא ואת קרן אמסלם וכולל גם אבחנה של חרדה.,1,LEAK,paired_hard_positive,chat,hard,pair_6_pos
לתיעוד פנימי: המסמך מזכיר את סורוקה ואת עדי שלום בהקשר אדמיניסטרטיבי.,0,NON_LEAK,paired_hard_negative,memo,hard,pair_6_neg
"REQ-466928 | הועבר דוח עם רשימת לקוחות אסטרטגיים, הצעות מחיר ותנאי התקשרות.",1,LEAK,diverse_positive,ticket,hard,div_pos_14
"נושא: עדכון
במסמך המצורף אין מידע אישי, רק סיכום משימות והחלטות.",0,NON_LEAK,diverse_negative,email,hard,div_neg_43
בדיקה: במצגת הופיעו שמות העובדים לצורך חלוקת משימות.,0,NON_LEAK,paired_hard_negative,chat,hard,pair_7_neg
לתיעוד פנימי: הצוות עבר לשלב בדיקות אינטגרציה ונדרש לעדכן סטטוס עד סוף היום,0,NON_LEAK,diverse_negative,memo,hard,div_neg_58
מתוך הדוח: יש לעדכן את טבלת ההזמנות עם מזהה פנימי 8583930344 תודה,0,NON_LEAK,paired_hard_negative,report,hard,pair_5_neg
"נושא: מעקב
שם העובד עדי שלום מופיע במצגת הפנימית ללא פרטים נוספים",0,NON_LEAK,diverse_negative,email,medium,div_neg_34
HR-113647 | הצוות עבר לשלב בדיקות אינטגרציה ונדרש לעדכן סטטוס עד סוף היום.,0,NON_LEAK,diverse_negative,ticket,medium,div_neg_39
HR-270647 | יש לעדכן את טבלת ההזמנות עם חשבון הבנק 5160271915 של קרן אמסלם. תודה,1,LEAK,paired_hard_positive,ticket,hard,pair_5_pos
"נושא: מעקב
מספר הקריאה הוא SR-298068 ויש לעקוב אחריו מול משאבי אנוש.",0,NON_LEAK,diverse_negative,email,medium,div_neg_3
"נושא - טיפול
המסמך מזכיר את שיבא ואת דוד כהן בהקשר אדמיניסטרטיבי.",0,NON_LEAK,paired_hard_negative,email,hard,pair_6_neg
תזכורת: בדוח הלקוח מופיע איש קשר בשם יואב לוי יחד עם כתובת המייל yoavlevi@outlookcom,1,LEAK,paired_hard_positive,chat,hard,pair_3_pos
"נושא: עדכון
פרטי הקשר של טל אוחנה: מייל talohana@outlookcom, טלפון 0543057158",1,LEAK,diverse_positive,email,medium,div_pos_7
סיכום פגישה: הועבר סיכום על רונית פרץ שעובד בסלקום בפתח תקווה.,0,NON_LEAK,paired_hard_negative,meeting_note,hard,pair_1_neg
לתיעוד פנימי - שם העובד טל אוחנה מופיע במצגת הפנימית ללא פרטים נוספים.,0,NON_LEAK,diverse_negative,memo,hard,div_neg_6
"לתיעוד פנימי: במסמך המצורף אין מידע אישי, רק סיכום משימות והחלטות",0,NON_LEAK,diverse_negative,memo,hard,div_neg_15
לתיעוד פנימי - בדוח משאבי האנוש מופיעים נתוני השכר של שירה אברהם עבור חודש מרץ.,1,LEAK,diverse_positive,memo,hard,div_pos_30
"נושא: בקשה
המסמך מזכיר את שיבא ואת שרון סעדה בהקשר אדמיניסטרטיבי.",0,NON_LEAK,paired_hard_negative,email,hard,pair_6_neg
"INC-558970 | בדוח מופיע רק שם החברה Amdocs ותאריך יעד 16/6/2026, ללא מידע אישי.",0,NON_LEAK,diverse_negative,ticket,hard,div_neg_16
סיכום פגישה - נא לשמור על סודיות - תוכנית ההשקה של שירות אביב וקוד השם תוכנית רימון מצורפים.,1,LEAK,diverse_positive,meeting_note,hard,div_pos_29
"SR-957408 | הלקוח ביקש עדכון על הפרויקט, אבל לא נשלחו פרטי קשר או מזהים.",0,NON_LEAK,diverse_negative,ticket,medium,div_neg_45
מתוך הדוח: במצגת הופיעו שמות העובדים לצד נתוני שכר ובונוסים.,1,LEAK,paired_hard_positive,report,hard,pair_7_pos
"לתיעוד פנימי: הועבר החזר בגובה 30,397 ש""ח לחשבון 6836758036 של איתי פרץ.",1,LEAK,diverse_positive,memo,hard,div_pos_53
"לתיעוד פנימי: היעד הכספי לרבעון הוא 15,708 ש""ח ולא מדובר במידע על לקוח ספציפי.",0,NON_LEAK,diverse_negative,memo,medium,div_neg_3
סיכום פגישה: הפגישה עם ראש צוות תתקיים ביום ראשון בתל אביב,0,NON_LEAK,diverse_negative,meeting_note,hard,div_neg_51
סיכום פגישה: בדשבורד הציבורי מופיע סטטוס כללי של פרויקט תוכנית רימון.,0,NON_LEAK,diverse_negative,meeting_note,hard,div_neg_54
FIN-703083 | המסמך מזכיר את סורוקה ואת ליאור מלכה בהקשר אדמיניסטרטיבי,0,NON_LEAK,paired_hard_negative,ticket,hard,pair_6_neg
סיכום פגישה: בדשבורד הציבורי מופיע סטטוס כללי של פרויקט פרויקט ברוש.,0,NON_LEAK,diverse_negative,meeting_note,hard,div_neg_53
סיכום פגישה - בדשבורד הציבורי מופיע סטטוס כללי של פרויקט מיזם תמר.,0,NON_LEAK,diverse_negative,meeting_note,medium,div_neg_40
"נושא: טיפול
במצגת הופיעו שמות העובדים לצד נתוני שכר ובונוסים",1,LEAK,paired_hard_positive,email,hard,pair_7_pos
"נושא: מעקב
בדוח הלקוח מופיע איש קשר בשם אלון מלכה יחד עם כתובת המייל alon.malka@org.co.il.",1,LEAK,paired_hard_positive,email,hard,pair_3_pos
סיכום פגישה: בדוח משאבי האנוש מופיעים נתוני השכר של אורן אברהם עבור חודש מרץ.,1,LEAK,diverse_positive,meeting_note,hard,div_pos_32
לתיעוד פנימי: במצגת הופיעו שמות העובדים לצורך חלוקת משימות.,0,NON_LEAK,paired_hard_negative,memo,hard,pair_7_neg
"סיכום פגישה: בדוח מופיע רק שם החברה רפאל ותאריך יעד 10/11/2026, ללא מידע אישי.",0,NON_LEAK,diverse_negative,meeting_note,medium,div_neg_59
לתיעוד פנימי: בדוח הלקוח מופיע איש קשר בשם רון חדד יחד עם כתובת המייל ronhadad@examplecoil,1,LEAK,paired_hard_positive,memo,hard,pair_3_pos
"HR-029059 | הלקוח ביקש עדכון על הפרויקט, אבל לא נשלחו פרטי קשר או מזהים.",0,NON_LEAK,diverse_negative,ticket,hard,div_neg_10
"לתיעוד פנימי: הלקוח ביקש עדכון על הפרויקט, אבל לא נשלחו פרטי קשר או מזהים.",0,NON_LEAK,diverse_negative,memo,medium,div_neg_38
"נושא: טיפול
הצוות דן בהשקת פרויקט נוגה ביום 2/6/2026.",0,NON_LEAK,paired_hard_negative,email,hard,pair_4_neg
לתיעוד פנימי: במצגת הופיעו שמות העובדים לצורך חלוקת משימות.,0,NON_LEAK,paired_hard_negative,memo,hard,pair_7_neg
"מתוך הדוח: היעד הכספי לרבעון הוא 21,885 ש""ח ולא מדובר במידע על לקוח ספציפי.",0,NON_LEAK,diverse_negative,report,medium,div_neg_57
מתוך הדוח - בדשבורד הציבורי מופיע סטטוס כללי של פרויקט פרויקט ברוש תודה,0,NON_LEAK,diverse_negative,report,hard,div_neg_5
HR-386398 | הסיסמה הזמנית לחשבון של אילן שבתאי היא Welcome2026! ויש להחליף אותה מיד,1,LEAK,diverse_positive,ticket,medium,div_pos_31
לתיעוד פנימי: הועבר סיכום על דנה דנינו שעובד בשופרסל בחיפה.,0,NON_LEAK,paired_hard_negative,memo,hard,pair_1_neg
"REQ-585147 | בדוח שהגיע מרמב""ם מופיעים פרטי טיפול של אורן אברהם. תודה",1,LEAK,diverse_positive,ticket,hard,div_pos_13
עדכון: מספר הקריאה הוא REQ-347637 ויש לעקוב אחריו מול משאבי אנוש,0,NON_LEAK,diverse_negative,chat,medium,div_neg_47
"לתיעוד פנימי: במסמך המצורף אין מידע אישי, רק סיכום משימות והחלטות.",0,NON_LEAK,diverse_negative,memo,medium,div_neg_44
"מתוך הדוח: בנספח מופיעים פרטי החשבון של יעל לוי: בנק הפועלים, חשבון 5250869806.",1,LEAK,diverse_positive,report,hard,div_pos_42
"REQ-097837 | במסמך המצורף אין מידע אישי, רק סיכום משימות והחלטות.",0,NON_LEAK,diverse_negative,ticket,medium,div_neg_37
לתיעוד פנימי: הצוות דן בהשקת גרסה 4.2 ביום 9/2/2026 במסמך מסווג פנימי שלא נועד להפצה.,1,LEAK,paired_hard_positive,memo,hard,pair_4_pos
סיכום פגישה: המסמך מזכיר את סורוקה ואת דוד כהן וכולל גם אבחנה של אסתמה.,1,LEAK,paired_hard_positive,meeting_note,hard,pair_6_pos
"נושא - בקשה
הפגישה עם מנכ""ל תתקיים ביום ראשון במודיעין",0,NON_LEAK,diverse_negative,email,hard,div_neg_11
"נושא: טיפול
הצוות דן בהשקת מערכת קשת ביום 3/5/2026. תודה",0,NON_LEAK,paired_hard_negative,email,hard,pair_4_neg
"נושא: טיפול
המערכת החדשה תושק ב5/8/2026 לפי הודעה רשמית שפורסמה לכלל העובדים.",0,NON_LEAK,diverse_negative,email,medium,div_neg_50
SR-829339 | הפגישה עם איתי פרץ נקבעה ל25/3/2026 בתל אביב.,0,NON_LEAK,paired_hard_negative,ticket,hard,pair_2_neg
לתיעוד פנימי: הסיסמה הזמנית לחשבון של קרן אמסלם היא Welcome2026! ויש להחליף אותה מיד,1,LEAK,diverse_positive,memo,hard,div_pos_18
"נושא: טיפול
בדוח מופיע רק שם החברה שופרסל ותאריך יעד 14/7/2026, ללא מידע אישי.",0,NON_LEAK,diverse_negative,email,medium,div_neg_30
"REQ-725090 | הלקוח ביקש עדכון על הפרויקט, אבל לא נשלחו פרטי קשר או מזהים",0,NON_LEAK,diverse_negative,ticket,medium,div_neg_27
"סיכום פגישה: הלקוח ביקש עדכון על הפרויקט, אבל לא נשלחו פרטי קשר או מזהים.",0,NON_LEAK,diverse_negative,meeting_note,hard,div_neg_46
לתיעוד פנימי - בדוח הלקוח מופיע איש קשר בשם יואב לוי,0,NON_LEAK,paired_hard_negative,memo,hard,pair_3_neg
סיכום פגישה: הצוות דן בהשקת פלטפורמת ארז ביום 17/4/2026 במסמך מסווג פנימי שלא נועד להפצה.,1,LEAK,paired_hard_positive,meeting_note,hard,pair_4_pos
"עדכון - בנספח מופיעים פרטי החשבון של יעל לוי - דיסקונט, חשבון 6553334840. תודה",1,LEAK,diverse_positive,chat,hard,div_pos_1
"מתוך הדוח: הפגישה עם סמנכ""לית כספים תתקיים ביום ראשון בנתניה.",0,NON_LEAK,diverse_negative,report,hard,div_neg_16
סיכום פגישה: נא לשמור על סודיות: תוכנית ההשקה של מערכת קשת וקוד השם מבצע שקמה מצורפים,1,LEAK,diverse_positive,meeting_note,hard,div_pos_16
סיכום פגישה: הסיסמה הזמנית לחשבון של דנה דנינו היא Welcome2026! ויש להחליף אותה מיד.,1,LEAK,diverse_positive,meeting_note,medium,div_pos_34
HR-437922 | בדשבורד הציבורי מופיע סטטוס כללי של פרויקט פרויקט ברוש תודה,0,NON_LEAK,diverse_negative,ticket,hard,div_neg_52
"נושא: מעקב
הועבר דוח עם רשימת לקוחות אסטרטגיים, הצעות מחיר ותנאי התקשרות.",1,LEAK,diverse_positive,email,hard,div_pos_52
"נושא: בקשה
במצגת הופיעו שמות העובדים לצורך חלוקת משימות.",0,NON_LEAK,paired_hard_negative,email,hard,pair_7_neg
"נושא: עדכון
היעד הכספי לרבעון הוא 7,254 ש""ח ולא מדובר במידע על לקוח ספציפי. תודה",0,NON_LEAK,diverse_negative,email,medium,div_neg_19
לתיעוד פנימי - הצוות דן בהשקת מוצר אופק ביום 23/11/2026 במסמך מסווג פנימי שלא נועד להפצה,1,LEAK,paired_hard_positive,memo,hard,pair_4_pos
"סיכום פגישה: הועבר סיכום על מאיה ביטון שעובד בשטראוס בראשון לציון, כולל מספר הזהות 866254997.",1,LEAK,paired_hard_positive,meeting_note,hard,pair_1_pos
"שולח: בדוח מופיע רק שם החברה צ'ק פוינט ותאריך יעד 28/11/2026, ללא מידע אישי.",0,NON_LEAK,diverse_negative,chat,hard,div_neg_51
INC-192180 | הפגישה עם מנהל פיתוח תתקיים ביום ראשון בחיפה. תודה,0,NON_LEAK,diverse_negative,ticket,hard,div_neg_37
בדיקה: הועבר סיכום על יעל לוי שעובד באינטל בירושלים.,0,NON_LEAK,paired_hard_negative,chat,hard,pair_1_neg
"מתוך הדוח: הועבר סיכום על דוד כהן שעובד בבנק הפועלים במודיעין, כולל מספר הזהות 607084110",1,LEAK,paired_hard_positive,report,hard,pair_1_pos
מתוך הדוח: מספר הקריאה הוא FIN-389259 ויש לעקוב אחריו מול אבטחת מידע. תודה,0,NON_LEAK,diverse_negative,report,hard,div_neg_31
"שולח: פרטי הקשר של מיכל כהן: מייל michal.cohen@company.co.il, טלפון 0581291629.",1,LEAK,diverse_positive,chat,hard,div_pos_16
"סיכום פגישה: בדוח מופיע רק שם החברה נייס ותאריך יעד 11/3/2026, ללא מידע אישי.",0,NON_LEAK,diverse_negative,meeting_note,hard,div_neg_23
"מתוך הדוח: היעד הכספי לרבעון הוא 34,246 ש""ח ולא מדובר במידע על לקוח ספציפי.",0,NON_LEAK,diverse_negative,report,medium,div_neg_6
שולח: הפגישה עם נועה מזרחי נקבעה ל5/6/2026 בירושלים.,0,NON_LEAK,paired_hard_negative,chat,hard,pair_2_neg
לתיעוד פנימי: יש לעדכן את טבלת ההזמנות עם מזהה פנימי 3627241909 תודה,0,NON_LEAK,paired_hard_negative,memo,hard,pair_5_neg
INC-897534 | הועבר סיכום על מיכל כהן שעובד במיקרוסופט במודיעין,0,NON_LEAK,paired_hard_negative,ticket,hard,pair_1_neg
בדיקה: הצוות דן בהשקת גרסה 42 ביום 23/1/2026 תודה,0,NON_LEAK,paired_hard_negative,chat,hard,pair_4_neg
לתיעוד פנימי: הצוות דן בהשקת מודול ברק ביום 7/6/2026 במסמך מסווג פנימי שלא נועד להפצה.,1,LEAK,paired_hard_positive,memo,hard,pair_4_pos
"עדכון - הועבר דוח עם רשימת לקוחות אסטרטגיים, הצעות מחיר ותנאי התקשרות.",1,LEAK,diverse_positive,chat,medium,div_pos_11
"לתיעוד פנימי: היעד הכספי לרבעון הוא 14,051 ש""ח ולא מדובר במידע על לקוח ספציפי.",0,NON_LEAK,diverse_negative,memo,hard,div_neg_59
"לתיעוד פנימי: בנספח מופיעים פרטי החשבון של רונית פרץ: דיסקונט, חשבון 5638893017",1,LEAK,diverse_positive,memo,hard,div_pos_53
תזכורת - המערכת החדשה תושק ב21/4/2026 לפי הודעה רשמית שפורסמה לכלל העובדים.,0,NON_LEAK,diverse_negative,chat,hard,div_neg_18
מתוך הדוח: המסמך מזכיר את סורוקה ואת אלון מלכה וכולל גם אבחנה של לחץ דם גבוה.,1,LEAK,paired_hard_positive,report,hard,pair_6_pos
"נושא: בקשה
הפגישה עם עמית אלקיים נקבעה ל6/11/2026 באשדוד, ובמסמך צורף גם הטלפון 0556922055",1,LEAK,paired_hard_positive,email,hard,pair_2_pos
סיכום פגישה: נא לשמור על סודיות: תוכנית ההשקה של פרויקט נוגה וקוד השם פרויקט דרור מצורפים.,1,LEAK,diverse_positive,meeting_note,medium,div_pos_40
"נושא: עדכון
המסמך מזכיר את אסותא ואת שירה אברהם בהקשר אדמיניסטרטיבי.",0,NON_LEAK,paired_hard_negative,email,hard,pair_6_neg
"מתוך הדוח - פרטי הקשר של מאיה ביטון - מייל mayabiton@gmailcom, טלפון 0591241158",1,LEAK,diverse_positive,report,medium,div_pos_20
"שולח: הועבר סיכום על אלון מלכה שעובד במיקרוסופט בתל אביב, כולל מספר הזהות 544813710.",1,LEAK,paired_hard_positive,chat,hard,pair_1_pos
לתיעוד פנימי: יש לעדכן את טבלת ההזמנות עם מזהה פנימי 7433449411.,0,NON_LEAK,paired_hard_negative,memo,hard,pair_5_neg
לתיעוד פנימי - בדוח הלקוח מופיע איש קשר בשם אורן אברהם יחד עם כתובת המייל oren.avraham@outlook.com.,1,LEAK,paired_hard_positive,memo,hard,pair_3_pos
בדיקה - הפגישה עם ראש צוות תתקיים ביום ראשון בבאר שבע.,0,NON_LEAK,diverse_negative,chat,hard,div_neg_43
מתוך הדוח - בדוח שהגיע מסורוקה מופיעים פרטי טיפול של אילן שבתאי,1,LEAK,diverse_positive,report,hard,div_pos_41
"נושא - עדכון
הפגישה עם רונית פרץ נקבעה ל8/11/2026 בפתח תקווה, ובמסמך צורף גם הטלפון 0549784171",1,LEAK,paired_hard_positive,email,hard,pair_2_pos
SR-249810 | במצגת הופיעו שמות העובדים לצד נתוני שכר ובונוסים.,1,LEAK,paired_hard_positive,ticket,hard,pair_7_pos
"סיכום פגישה: הלקוח ביקש עדכון על הפרויקט, אבל לא נשלחו פרטי קשר או מזהים.",0,NON_LEAK,diverse_negative,meeting_note,medium,div_neg_22
"תזכורת: בדוח מופיע רק שם החברה שטראוס ותאריך יעד 7/5/2026, ללא מידע אישי",0,NON_LEAK,diverse_negative,chat,medium,div_neg_20
"לתיעוד פנימי: בדוח מופיע רק שם החברה מכבי שירותי בריאות ותאריך יעד 8/8/2026, ללא מידע אישי",0,NON_LEAK,diverse_negative,memo,hard,div_neg_41
מתוך הדוח: יש לעדכן את טבלת ההזמנות עם מזהה פנימי 2034995203.,0,NON_LEAK,paired_hard_negative,report,hard,pair_5_neg
עדכון: יש לעדכן את טבלת ההזמנות עם מזהה פנימי 8563728507.,0,NON_LEAK,paired_hard_negative,chat,hard,pair_5_neg
REQ-538134 | לצורך זיהוי מול הספק הועבר מספר הזהות של רונית פרץ: 875127081,1,LEAK,diverse_positive,ticket,hard,div_pos_49
FIN-579211 | הצוות דן בהשקת שירות אביב ביום 20/12/2026. תודה,0,NON_LEAK,paired_hard_negative,ticket,hard,pair_4_neg
מתוך הדוח: הפגישה עם עמית אלקיים נקבעה ל5/3/2026 במודיעין.,0,NON_LEAK,paired_hard_negative,report,hard,pair_2_neg
תזכורת: מספר הקריאה הוא SR-471420 ויש לעקוב אחריו מול כספים,0,NON_LEAK,diverse_negative,chat,hard,div_neg_23
"שולח: הפגישה עם מאיה ביטון נקבעה ל27/8/2026 במודיעין, ובמסמך צורף גם הטלפון 0593280641",1,LEAK,paired_hard_positive,chat,hard,pair_2_pos
סיכום פגישה: הצוות עבר לשלב בדיקות אינטגרציה ונדרש לעדכן סטטוס עד סוף היום.,0,NON_LEAK,diverse_negative,meeting_note,medium,div_neg_39
סיכום פגישה: הפגישה עם איתי פרץ נקבעה ל22/5/2026 בהרצליה.,0,NON_LEAK,paired_hard_negative,meeting_note,hard,pair_2_neg
"סיכום פגישה: בנספח מופיעים פרטי החשבון של אילן שבתאי: בנק הפועלים, חשבון 6448148571. תודה",1,LEAK,diverse_positive,meeting_note,medium,div_pos_41
מתוך הדוח: הצוות דן בהשקת פרויקט נוגה ביום 20/6/2026 במסמך מסווג פנימי שלא נועד להפצה.,1,LEAK,paired_hard_positive,report,hard,pair_4_pos
לתיעוד פנימי - במצגת הופיעו שמות העובדים לצד נתוני שכר ובונוסים.,1,LEAK,paired_hard_positive,memo,hard,pair_7_pos
REQ-648827 | הצוות עבר לשלב בדיקות אינטגרציה ונדרש לעדכן סטטוס עד סוף היום.,0,NON_LEAK,diverse_negative,ticket,medium,div_neg_41
"נושא: מעקב
הלקוח ביקש עדכון על הפרויקט, אבל לא נשלחו פרטי קשר או מזהים",0,NON_LEAK,diverse_negative,email,medium,div_neg_11
שולח: מספר הקריאה הוא INC-913128 ויש לעקוב אחריו מול פיתוח,0,NON_LEAK,diverse_negative,chat,medium,div_neg_19
"מתוך הדוח: במסמך המצורף אין מידע אישי, רק סיכום משימות והחלטות.",0,NON_LEAK,diverse_negative,report,hard,div_neg_44
"נושא - עדכון
הצוות דן בהשקת פלטפורמת ארז ביום 23/10/2026.",0,NON_LEAK,paired_hard_negative,email,hard,pair_4_neg
"עדכון - הועבר סיכום על דנה דנינו שעובד בשטראוס בראשון לציון, כולל מספר הזהות 517741631.",1,LEAK,paired_hard_positive,chat,hard,pair_1_pos
עדכון: במצגת הופיעו שמות העובדים לצורך חלוקת משימות.,0,NON_LEAK,paired_hard_negative,chat,hard,pair_7_neg
"FIN-763159 | הועבר דוח עם רשימת לקוחות אסטרטגיים, הצעות מחיר ותנאי התקשרות.",1,LEAK,diverse_positive,ticket,medium,div_pos_28
"סיכום פגישה - הועבר החזר בגובה 32,305 ש""ח לחשבון 2312463345 של שרון סעדה.",1,LEAK,diverse_positive,meeting_note,medium,div_pos_6
"נושא: עדכון
הצוות עבר לשלב בדיקות אינטגרציה ונדרש לעדכן סטטוס עד סוף היום.",0,NON_LEAK,diverse_negative,email,medium,div_neg_12
"שולח: הפגישה עם מנכ""ל תתקיים ביום ראשון בתל אביב.",0,NON_LEAK,diverse_negative,chat,hard,div_neg_10
"שולח: הפגישה עם אלון מלכה נקבעה ל19/8/2026 בחיפה, ובמסמך צורף גם הטלפון 0580341176.",1,LEAK,paired_hard_positive,chat,hard,pair_2_pos
"נושא: עדכון
היעד הכספי לרבעון הוא 28,277 ש""ח ולא מדובר במידע על לקוח ספציפי",0,NON_LEAK,diverse_negative,email,hard,div_neg_57
לתיעוד פנימי: המערכת החדשה תושק ב10/3/2026 לפי הודעה רשמית שפורסמה לכלל העובדים.,0,NON_LEAK,diverse_negative,memo,hard,div_neg_31
"מתוך הדוח: הפגישה עם הילה חדד נקבעה ל14/11/2026 בתל אביב, ובמסמך צורף גם הטלפון 0571280763",1,LEAK,paired_hard_positive,report,hard,pair_2_pos
סיכום פגישה: יש לעדכן את טבלת ההזמנות עם חשבון הבנק 1429901247 של טל אוחנה.,1,LEAK,paired_hard_positive,meeting_note,hard,pair_5_pos
מתוך הדוח: בדוח הלקוח מופיע איש קשר בשם איתי פרץ.,0,NON_LEAK,paired_hard_negative,report,hard,pair_3_neg
"תזכורת - פרטי הקשר של יואב לוי - מייל yoav.levi@gmail.com, טלפון 0531332579.",1,LEAK,diverse_positive,chat,hard,div_pos_58
"מתוך הדוח: בדוח מופיע רק שם החברה קופת חולים כללית ותאריך יעד 22/8/2026, ללא מידע אישי.",0,NON_LEAK,diverse_negative,report,hard,div_neg_13
"סיכום פגישה: הקובץ מכיל שם משתמש, סיסמה וגישה לסביבת הייצור.",1,LEAK,diverse_positive,meeting_note,hard,div_pos_42
"מתוך הדוח: הפגישה עם אלון מלכה נקבעה ל25/3/2026 במודיעין, ובמסמך צורף גם הטלפון 0516384580",1,LEAK,paired_hard_positive,report,hard,pair_2_pos
FIN-430033 | הסיסמה הזמנית לחשבון של אורן אברהם היא Welcome2026! ויש להחליף אותה מיד.,1,LEAK,diverse_positive,ticket,hard,div_pos_32
"נושא - מעקב
הפגישה עם יועץ משפטי תתקיים ביום ראשון בבאר שבע.",0,NON_LEAK,diverse_negative,email,hard,div_neg_15
"סיכום פגישה: במסמך המצורף אין מידע אישי, רק סיכום משימות והחלטות",0,NON_LEAK,diverse_negative,meeting_note,medium,div_neg_42
"סיכום פגישה: הועבר החזר בגובה 25,651 ש""ח לחשבון 2981727960 של שירה אברהם.",1,LEAK,diverse_positive,meeting_note,hard,div_pos_31
לתיעוד פנימי: יש לעדכן את טבלת ההזמנות עם חשבון הבנק 8833879071 של עדי שלום.,1,LEAK,paired_hard_positive,memo,hard,pair_5_pos
"עדכון - פרטי הקשר של שירה אברהם - מייל shiraavraham@companycoil, טלפון 0543139350",1,LEAK,diverse_positive,chat,hard,div_pos_50
"תזכורת: בדוח מופיע רק שם החברה בנק הפועלים ותאריך יעד 27/12/2026, ללא מידע אישי.",0,NON_LEAK,diverse_negative,chat,medium,div_neg_13
לתיעוד פנימי: בדוח הלקוח מופיע איש קשר בשם אילן שבתאי.,0,NON_LEAK,paired_hard_negative,memo,hard,pair_3_neg
מתוך הדוח: הצוות דן בהשקת מערכת קשת ביום 1/12/2026.,0,NON_LEAK,paired_hard_negative,report,hard,pair_4_neg
"נושא: טיפול
יש לעדכן את טבלת ההזמנות עם חשבון הבנק 7481910246 של שרון סעדה.",1,LEAK,paired_hard_positive,email,hard,pair_5_pos
בדיקה: במצגת הופיעו שמות העובדים לצד נתוני שכר ובונוסים.,1,LEAK,paired_hard_positive,chat,hard,pair_7_pos
בדיקה: במצגת הופיעו שמות העובדים לצורך חלוקת משימות.,0,NON_LEAK,paired_hard_negative,chat,hard,pair_7_neg
"לתיעוד פנימי: הועבר דוח עם רשימת לקוחות אסטרטגיים, הצעות מחיר ותנאי התקשרות. תודה",1,LEAK,diverse_positive,memo,hard,div_pos_40
"FIN-325994 | הפגישה עם סמנכ""לית כספים תתקיים ביום ראשון בתל אביב.",0,NON_LEAK,diverse_negative,ticket,medium,div_neg_55
HR-091381 | בדוח הלקוח מופיע איש קשר בשם עדי שלום יחד עם כתובת המייל adishalom@orgcoil,1,LEAK,paired_hard_positive,ticket,hard,pair_3_pos
"תזכורת: הועבר דוח עם רשימת לקוחות אסטרטגיים, הצעות מחיר ותנאי התקשרות.",1,LEAK,diverse_positive,chat,medium,div_pos_24
"סיכום פגישה: בנספח מופיעים פרטי החשבון של אילן שבתאי: מזרחי טפחות, חשבון 5541633956. תודה",1,LEAK,diverse_positive,meeting_note,hard,div_pos_34
INC-470039 | הסיסמה הזמנית לחשבון של אורן אברהם היא Welcome2026! ויש להחליף אותה מיד,1,LEAK,diverse_positive,ticket,hard,div_pos_46
לתיעוד פנימי: המערכת החדשה תושק ב17/1/2026 לפי הודעה רשמית שפורסמה לכלל העובדים תודה,0,NON_LEAK,diverse_negative,memo,medium,div_neg_10
עדכון: יש לעדכן את טבלת ההזמנות עם חשבון הבנק 4937028821 של קרן אמסלם.,1,LEAK,paired_hard_positive,chat,hard,pair_5_pos
"נושא: עדכון
בדוח שהגיע מאסותא מופיעים פרטי טיפול של אורן אברהם.",1,LEAK,diverse_positive,email,hard,div_pos_26
"נושא: עדכון
הצוות דן בהשקת מוצר אופק ביום 24/10/2026 במסמך מסווג פנימי שלא נועד להפצה.",1,LEAK,paired_hard_positive,email,hard,pair_4_pos
FIN-608485 | בדוח שהגיע משיבא מופיעים פרטי טיפול של יואב לוי,1,LEAK,diverse_positive,ticket,medium,div_pos_43
"נושא: טיפול
מספר הקריאה הוא INC-307920 ויש לעקוב אחריו מול מכירות.",0,NON_LEAK,diverse_negative,email,medium,div_neg_4
לתיעוד פנימי: במצגת הופיעו שמות העובדים לצורך חלוקת משימות,0,NON_LEAK,paired_hard_negative,memo,hard,pair_7_neg
"נושא: טיפול
בדוח שהגיע מאסותא מופיעים פרטי טיפול של אלון מלכה. תודה",1,LEAK,diverse_positive,email,hard,div_pos_31
"לתיעוד פנימי: הועבר דוח עם רשימת לקוחות אסטרטגיים, הצעות מחיר ותנאי התקשרות תודה",1,LEAK,diverse_positive,memo,medium,div_pos_32
"לתיעוד פנימי: במסמך המצורף אין מידע אישי, רק סיכום משימות והחלטות. תודה",0,NON_LEAK,diverse_negative,memo,hard,div_neg_24
לתיעוד פנימי: במצגת הופיעו שמות העובדים לצד נתוני שכר ובונוסים,1,LEAK,paired_hard_positive,memo,hard,pair_7_pos
סיכום פגישה: הצוות דן בהשקת מוצר אופק ביום 27/5/2026 במסמך מסווג פנימי שלא נועד להפצה.,1,LEAK,paired_hard_positive,meeting_note,hard,pair_4_pos
"נושא: מעקב
במצגת הופיעו שמות העובדים לצורך חלוקת משימות.",0,NON_LEAK,paired_hard_negative,email,hard,pair_7_neg
"REQ-043340 | הועבר החזר בגובה 26,916 ש""ח לחשבון 4259000236 של אורן אברהם.",1,LEAK,diverse_positive,ticket,medium,div_pos_8
עדכון: המערכת החדשה תושק ב6/8/2026 לפי הודעה רשמית שפורסמה לכלל העובדים. תודה,0,NON_LEAK,diverse_negative,chat,medium,div_neg_50
לתיעוד פנימי: לצורך זיהוי מול הספק הועבר מספר הזהות של עדי שלום: 098978019.,1,LEAK,diverse_positive,memo,hard,div_pos_32
סיכום פגישה - המערכת החדשה תושק ב22/2/2026 לפי הודעה רשמית שפורסמה לכלל העובדים.,0,NON_LEAK,diverse_negative,meeting_note,medium,div_neg_13
"שולח - הועבר החזר בגובה 40,406 ש""ח לחשבון 0472626009 של ניר ביטון",1,LEAK,diverse_positive,chat,hard,div_pos_11
"סיכום פגישה: בנספח מופיעים פרטי החשבון של יואב לוי: בנק לאומי, חשבון 1760428257.",1,LEAK,diverse_positive,meeting_note,medium,div_pos_46
בדיקה: המסמך מזכיר את סורוקה ואת שרון סעדה בהקשר אדמיניסטרטיבי.,0,NON_LEAK,paired_hard_negative,chat,hard,pair_6_neg
"לתיעוד פנימי: היעד הכספי לרבעון הוא 23,107 ש""ח ולא מדובר במידע על לקוח ספציפי.",0,NON_LEAK,diverse_negative,memo,medium,div_neg_54
סיכום פגישה: הועבר סיכום על נועה מזרחי שעובד בבזק בנתניה.,0,NON_LEAK,paired_hard_negative,meeting_note,hard,pair_1_neg
"INC-131081 | הועבר דוח עם רשימת לקוחות אסטרטגיים, הצעות מחיר ותנאי התקשרות.",1,LEAK,diverse_positive,ticket,hard,div_pos_27
"נושא: טיפול
יש לעדכן את טבלת ההזמנות עם חשבון הבנק 6708407277 של עמית אלקיים.",1,LEAK,paired_hard_positive,email,hard,pair_5_pos
"נושא: עדכון
שם העובד מאיה ביטון מופיע במצגת הפנימית ללא פרטים נוספים",0,NON_LEAK,diverse_negative,email,medium,div_neg_48
מתוך הדוח: מספר הקריאה הוא SR-190675 ויש לעקוב אחריו מול אבטחת מידע.,0,NON_LEAK,diverse_negative,report,medium,div_neg_41
סיכום פגישה: הצוות דן בהשקת פרויקט נוגה ביום 15/7/2026.,0,NON_LEAK,paired_hard_negative,meeting_note,hard,pair_4_neg
מתוך הדוח: המסמך מזכיר את איכילוב ואת משה אוחנה וכולל גם אבחנה של פציעת גב.,1,LEAK,paired_hard_positive,report,hard,pair_6_pos
סיכום פגישה - הצוות דן בהשקת גרסה 42 ביום 6/8/2026 במסמך מסווג פנימי שלא נועד להפצה,1,LEAK,paired_hard_positive,meeting_note,hard,pair_4_pos
לתיעוד פנימי - יש לעדכן את טבלת ההזמנות עם מזהה פנימי 2541044606,0,NON_LEAK,paired_hard_negative,memo,hard,pair_5_neg
"שולח: במסמך המצורף אין מידע אישי, רק סיכום משימות והחלטות",0,NON_LEAK,diverse_negative,chat,medium,div_neg_0
סיכום פגישה: נא לשמור על סודיות: תוכנית ההשקה של מוצר הדס וקוד השם מיזם תמר מצורפים.,1,LEAK,diverse_positive,meeting_note,medium,div_pos_37
"עדכון: הועבר החזר בגובה 18,352 ש""ח לחשבון 7594436268 של יואב לוי.",1,LEAK,diverse_positive,chat,hard,div_pos_33
לתיעוד פנימי: הצוות דן בהשקת גרסה 42 ביום 9/12/2026 במסמך מסווג פנימי שלא נועד להפצה,1,LEAK,paired_hard_positive,memo,hard,pair_4_pos
"נושא: מעקב
הקובץ מכיל שם משתמש, סיסמה וגישה לסביבת הייצור. תודה",1,LEAK,diverse_positive,email,hard,div_pos_21
עדכון: בדוח הלקוח מופיע איש קשר בשם יעל לוי,0,NON_LEAK,paired_hard_negative,chat,hard,pair_3_neg
"FIN-033378 | היעד הכספי לרבעון הוא 3,417 ש""ח ולא מדובר במידע על לקוח ספציפי.",0,NON_LEAK,diverse_negative,ticket,medium,div_neg_24
"לתיעוד פנימי: הפגישה עם יעל לוי נקבעה ל1/11/2026 בראשון לציון, ובמסמך צורף גם הטלפון 0529973802 תודה",1,LEAK,paired_hard_positive,memo,hard,pair_2_pos
"נושא - בקשה
בדוח הלקוח מופיע איש קשר בשם רונית פרץ יחד עם כתובת המייל ronit.peretz@example.co.il. תודה",1,LEAK,paired_hard_positive,email,hard,pair_3_pos
"לתיעוד פנימי: הועבר סיכום על יעל לוי שעובד בAmdocs בבאר שבע, כולל מספר הזהות 593372686. תודה",1,LEAK,paired_hard_positive,memo,hard,pair_1_pos
סיכום פגישה: יש לעדכן את טבלת ההזמנות עם מזהה פנימי 8847049334.,0,NON_LEAK,paired_hard_negative,meeting_note,hard,pair_5_neg
"נושא: טיפול
במסמך המצורף אין מידע אישי, רק סיכום משימות והחלטות.",0,NON_LEAK,diverse_negative,email,hard,div_neg_45
לתיעוד פנימי: המסמך מזכיר את אסותא ואת רון חדד וכולל גם אבחנה של דלקת ריאות.,1,LEAK,paired_hard_positive,memo,hard,pair_6_pos
"נושא: טיפול
בנספח מופיעים פרטי החשבון של מיכל כהן: דיסקונט, חשבון 6368475025.",1,LEAK,diverse_positive,email,medium,div_pos_51
"נושא: מעקב
במסמך המצורף אין מידע אישי, רק סיכום משימות והחלטות",0,NON_LEAK,diverse_negative,email,medium,div_neg_49
סיכום פגישה: בדוח הלקוח מופיע איש קשר בשם טל אוחנה יחד עם כתובת המייל tal.ohana@mail.com.,1,LEAK,paired_hard_positive,meeting_note,hard,pair_3_pos
"נושא - בקשה
הלקוח ביקש עדכון על הפרויקט, אבל לא נשלחו פרטי קשר או מזהים",0,NON_LEAK,diverse_negative,email,medium,div_neg_33
REQ-204791 | מספר הקריאה הוא HR-226693 ויש לעקוב אחריו מול פיתוח.,0,NON_LEAK,diverse_negative,ticket,hard,div_neg_50
עדכון - מספר הקריאה הוא REQ-543657 ויש לעקוב אחריו מול שיווק.,0,NON_LEAK,diverse_negative,chat,hard,div_neg_35
סיכום פגישה - הצוות דן בהשקת גרסה 4.2 ביום 28/6/2026 במסמך מסווג פנימי שלא נועד להפצה.,1,LEAK,paired_hard_positive,meeting_note,hard,pair_4_pos
מתוך הדוח: הצוות דן בהשקת פלטפורמת ארז ביום 14/8/2026.,0,NON_LEAK,paired_hard_negative,report,hard,pair_4_neg
לתיעוד פנימי: יש לעדכן את טבלת ההזמנות עם מזהה פנימי 6169904426.,0,NON_LEAK,paired_hard_negative,memo,hard,pair_5_neg
עדכון: לצורך זיהוי מול הספק הועבר מספר הזהות של משה אוחנה: 449023507.,1,LEAK,diverse_positive,chat,medium,div_pos_19
"HR-919138 | הועבר דוח עם רשימת לקוחות אסטרטגיים, הצעות מחיר ותנאי התקשרות",1,LEAK,diverse_positive,ticket,medium,div_pos_41
סיכום פגישה: המסמך מזכיר את אסותא ואת יעל לוי בהקשר אדמיניסטרטיבי. תודה,0,NON_LEAK,paired_hard_negative,meeting_note,hard,pair_6_neg
REQ-318974 | במצגת הופיעו שמות העובדים לצד נתוני שכר ובונוסים,1,LEAK,paired_hard_positive,ticket,hard,pair_7_pos
סיכום פגישה: בדוח הלקוח מופיע איש קשר בשם נועה מזרחי יחד עם כתובת המייל noa.mizrahi@company.co.il. תודה,1,LEAK,paired_hard_positive,meeting_note,hard,pair_3_pos
מתוך הדוח: הועבר סיכום על ליאור מלכה שעובד בגוגל ישראל בבאר שבע.,0,NON_LEAK,paired_hard_negative,report,hard,pair_1_neg
סיכום פגישה - במצגת הופיעו שמות העובדים לצד נתוני שכר ובונוסים.,1,LEAK,paired_hard_positive,meeting_note,hard,pair_7_pos
מתוך הדוח: יש לעדכן את טבלת ההזמנות עם חשבון הבנק 3163657422 של רון חדד.,1,LEAK,paired_hard_positive,report,hard,pair_5_pos
סיכום פגישה: שם העובד ניר ביטון מופיע במצגת הפנימית ללא פרטים נוספים.,0,NON_LEAK,diverse_negative,meeting_note,medium,div_neg_43
סיכום פגישה - הועבר סיכום על אורן אברהם שעובד בבנק הפועלים בראשון לציון,0,NON_LEAK,paired_hard_negative,meeting_note,hard,pair_1_neg
לתיעוד פנימי: הפגישה עם עמית אלקיים נקבעה ל23/11/2026 במודיעין.,0,NON_LEAK,paired_hard_negative,memo,hard,pair_2_neg
HR-892052 | הסיסמה הזמנית לחשבון של אלון מלכה היא Welcome2026! ויש להחליף אותה מיד,1,LEAK,diverse_positive,ticket,hard,div_pos_44
"נושא - עדכון
בדוח שהגיע מאיכילוב מופיעים פרטי טיפול של משה אוחנה.",1,LEAK,diverse_positive,email,medium,div_pos_39
SR-846900 | הצוות עבר לשלב בדיקות אינטגרציה ונדרש לעדכן סטטוס עד סוף היום.,0,NON_LEAK,diverse_negative,ticket,medium,div_neg_37
"שולח: במסמך המצורף אין מידע אישי, רק סיכום משימות והחלטות.",0,NON_LEAK,diverse_negative,chat,hard,div_neg_56
בדיקה - הצוות עבר לשלב בדיקות אינטגרציה ונדרש לעדכן סטטוס עד סוף היום,0,NON_LEAK,diverse_negative,chat,hard,div_neg_39
לתיעוד פנימי: במצגת הופיעו שמות העובדים לצורך חלוקת משימות,0,NON_LEAK,paired_hard_negative,memo,hard,pair_7_neg
"נושא: בקשה
המסמך מזכיר את שיבא ואת יואב לוי וכולל גם אבחנה של אלרגיה חריפה",1,LEAK,paired_hard_positive,email,hard,pair_6_pos
מתוך הדוח: יש לעדכן את טבלת ההזמנות עם מזהה פנימי 5266984687.,0,NON_LEAK,paired_hard_negative,report,hard,pair_5_neg
"נושא: בקשה
הועבר סיכום על רון חדד שעובד בבנק הפועלים בחיפה.",0,NON_LEAK,paired_hard_negative,email,hard,pair_1_neg
"לתיעוד פנימי: הועבר החזר בגובה 24,656 ש""ח לחשבון 3854469582 של טל אוחנה.",1,LEAK,diverse_positive,memo,medium,div_pos_23
"נושא - עדכון
הסיסמה הזמנית לחשבון של הילה חדד היא Welcome2026! ויש להחליף אותה מיד.",1,LEAK,diverse_positive,email,medium,div_pos_50
"INC-200371 | בדוח שהגיע מרמב""ם מופיעים פרטי טיפול של עדי שלום",1,LEAK,diverse_positive,ticket,hard,div_pos_9
מתוך הדוח: המסמך מזכיר את אסותא ואת שירה אברהם בהקשר אדמיניסטרטיבי.,0,NON_LEAK,paired_hard_negative,report,hard,pair_6_neg
"נושא - טיפול
במצגת הופיעו שמות העובדים לצורך חלוקת משימות.",0,NON_LEAK,paired_hard_negative,email,hard,pair_7_neg
"נושא: עדכון
המערכת החדשה תושק ב14/12/2026 לפי הודעה רשמית שפורסמה לכלל העובדים",0,NON_LEAK,diverse_negative,email,medium,div_neg_24
"לתיעוד פנימי: הפגישה עם משה אוחנה נקבעה ל10/2/2026 בבאר שבע, ובמסמך צורף גם הטלפון 0513074573.",1,LEAK,paired_hard_positive,memo,hard,pair_2_pos
"נושא: עדכון
המסמך מזכיר את רמב""ם ואת מיכל כהן וכולל גם אבחנה של אסתמה.",1,LEAK,paired_hard_positive,email,hard,pair_6_pos
מתוך הדוח: המערכת החדשה תושק ב20/11/2026 לפי הודעה רשמית שפורסמה לכלל העובדים.,0,NON_LEAK,diverse_negative,report,medium,div_neg_56
"נושא: בקשה
הפגישה עם עמית אלקיים נקבעה ל18/8/2026 בראשון לציון.",0,NON_LEAK,paired_hard_negative,email,hard,pair_2_neg
"סיכום פגישה: הלקוח ביקש עדכון על הפרויקט, אבל לא נשלחו פרטי קשר או מזהים.",0,NON_LEAK,diverse_negative,meeting_note,medium,div_neg_46
עדכון: בדוח שהגיע מאסותא מופיעים פרטי טיפול של יעל לוי.,1,LEAK,diverse_positive,chat,medium,div_pos_59
מתוך הדוח: במצגת הופיעו שמות העובדים לצורך חלוקת משימות.,0,NON_LEAK,paired_hard_negative,report,hard,pair_7_neg
"שולח - הפגישה עם סמנכ""לית כספים תתקיים ביום ראשון בירושלים.",0,NON_LEAK,diverse_negative,chat,hard,div_neg_11
"מתוך הדוח: הועבר דוח עם רשימת לקוחות אסטרטגיים, הצעות מחיר ותנאי התקשרות",1,LEAK,diverse_positive,report,hard,div_pos_9
"תזכורת: הועבר סיכום על משה אוחנה שעובד באלביט בראשון לציון, כולל מספר הזהות 528429582 תודה",1,LEAK,paired_hard_positive,chat,hard,pair_1_pos
מתוך הדוח: בדוח הלקוח מופיע איש קשר בשם מאיה ביטון יחד עם כתובת המייל mayabiton@orgcoil תודה,1,LEAK,paired_hard_positive,report,hard,pair_3_pos
סיכום פגישה: הצוות דן בהשקת מוצר הדס ביום 18/10/2026 במסמך מסווג פנימי שלא נועד להפצה. תודה,1,LEAK,paired_hard_positive,meeting_note,hard,pair_4_pos
סיכום פגישה - לצורך זיהוי מול הספק הועבר מספר הזהות של עדי שלום - 920265472.,1,LEAK,diverse_positive,meeting_note,medium,div_pos_41
סיכום פגישה: המערכת החדשה תושק ב25/5/2026 לפי הודעה רשמית שפורסמה לכלל העובדים. תודה,0,NON_LEAK,diverse_negative,meeting_note,medium,div_neg_55
"HR-551947 | הפגישה עם ליאור מלכה נקבעה ל25/12/2026 בחיפה, ובמסמך צורף גם הטלפון 0506122499",1,LEAK,paired_hard_positive,ticket,hard,pair_2_pos
"לתיעוד פנימי: הפגישה עם דוד כהן נקבעה ל7/1/2026 ברעננה, ובמסמך צורף גם הטלפון 0504502169. תודה",1,LEAK,paired_hard_positive,memo,hard,pair_2_pos
FIN-644218 | המסמך מזכיר את איכילוב ואת אורן אברהם בהקשר אדמיניסטרטיבי.,0,NON_LEAK,paired_hard_negative,ticket,hard,pair_6_neg
"נושא: טיפול
הועבר סיכום על קרן אמסלם שעובד באלביט בנתניה, כולל מספר הזהות 864853554",1,LEAK,paired_hard_positive,email,hard,pair_1_pos
"REQ-683340 | הועבר דוח עם רשימת לקוחות אסטרטגיים, הצעות מחיר ותנאי התקשרות.",1,LEAK,diverse_positive,ticket,medium,div_pos_25
HR-395425 | הצוות עבר לשלב בדיקות אינטגרציה ונדרש לעדכן סטטוס עד סוף היום,0,NON_LEAK,diverse_negative,ticket,medium,div_neg_24
מתוך הדוח: בדשבורד הציבורי מופיע סטטוס כללי של פרויקט מיזם תמר.,0,NON_LEAK,diverse_negative,report,medium,div_neg_26
מתוך הדוח: הפגישה עם מנהל אבטחת מידע תתקיים ביום ראשון ברעננה תודה,0,NON_LEAK,diverse_negative,report,hard,div_neg_3
"נושא: מעקב
בדוח הלקוח מופיע איש קשר בשם נועה מזרחי. תודה",0,NON_LEAK,paired_hard_negative,email,hard,pair_3_neg
תזכורת - בדוח הלקוח מופיע איש קשר בשם משה אוחנה תודה,0,NON_LEAK,paired_hard_negative,chat,hard,pair_3_neg
HR-479914 | המסמך מזכיר את איכילוב ואת רונית פרץ וכולל גם אבחנה של לחץ דם גבוה.,1,LEAK,paired_hard_positive,ticket,hard,pair_6_pos
סיכום פגישה - במצגת הופיעו שמות העובדים לצד נתוני שכר ובונוסים.,1,LEAK,paired_hard_positive,meeting_note,hard,pair_7_pos
לתיעוד פנימי: יש לעדכן את טבלת ההזמנות עם חשבון הבנק 5785366908 של יעל לוי.,1,LEAK,paired_hard_positive,memo,hard,pair_5_pos
"לתיעוד פנימי: בדוח מופיע רק שם החברה בנק הפועלים ותאריך יעד 2/5/2026, ללא מידע אישי.",0,NON_LEAK,diverse_negative,memo,hard,div_neg_35
מתוך הדוח: בדוח הלקוח מופיע איש קשר בשם משה אוחנה.,0,NON_LEAK,paired_hard_negative,report,hard,pair_3_neg
לתיעוד פנימי: בדוח הלקוח מופיע איש קשר בשם רונית פרץ יחד עם כתובת המייל ronit.peretz@org.co.il.,1,LEAK,paired_hard_positive,memo,hard,pair_3_pos
שולח: בדשבורד הציבורי מופיע סטטוס כללי של פרויקט תוכנית רימון,0,NON_LEAK,diverse_negative,chat,hard,div_neg_37
בדיקה: נא לשמור על סודיות: תוכנית ההשקה של פרויקט נוגה וקוד השם מיזם תמר מצורפים.,1,LEAK,diverse_positive,chat,hard,div_pos_33
עדכון - הצוות עבר לשלב בדיקות אינטגרציה ונדרש לעדכן סטטוס עד סוף היום.,0,NON_LEAK,diverse_negative,chat,hard,div_neg_53
לתיעוד פנימי: הפגישה עם מאיה ביטון נקבעה ל5/11/2026 באשדוד.,0,NON_LEAK,paired_hard_negative,memo,hard,pair_2_neg
לתיעוד פנימי: לצורך זיהוי מול הספק הועבר מספר הזהות של עדי שלום: 587478956.,1,LEAK,diverse_positive,memo,medium,div_pos_48
מתוך הדוח: במצגת הופיעו שמות העובדים לצד נתוני שכר ובונוסים,1,LEAK,paired_hard_positive,report,hard,pair_7_pos
"נושא: עדכון
יש לעדכן את טבלת ההזמנות עם מזהה פנימי 3321699194.",0,NON_LEAK,paired_hard_negative,email,hard,pair_5_neg
"בדיקה: הועבר סיכום על רון חדד שעובד באינטל בתל אביב, כולל מספר הזהות 234946958",1,LEAK,paired_hard_positive,chat,hard,pair_1_pos
מתוך הדוח: הצוות דן בהשקת מודול ברק ביום 27/1/2026 במסמך מסווג פנימי שלא נועד להפצה.,1,LEAK,paired_hard_positive,report,hard,pair_4_pos
סיכום פגישה: הועבר סיכום על דנה דנינו שעובד באינטל במודיעין.,0,NON_LEAK,paired_hard_negative,meeting_note,hard,pair_1_neg
מתוך הדוח: המסמך מזכיר את אסותא ואת רונית פרץ בהקשר אדמיניסטרטיבי,0,NON_LEAK,paired_hard_negative,report,hard,pair_6_neg
סיכום פגישה - המסמך מזכיר את אסותא ואת אלון מלכה וכולל גם אבחנה של פציעת גב. תודה,1,LEAK,paired_hard_positive,meeting_note,hard,pair_6_pos
HR-555916 | הצוות דן בהשקת מודול ברק ביום 12/12/2026 במסמך מסווג פנימי שלא נועד להפצה.,1,LEAK,paired_hard_positive,ticket,hard,pair_4_pos
"סיכום פגישה: היעד הכספי לרבעון הוא 16,784 ש""ח ולא מדובר במידע על לקוח ספציפי.",0,NON_LEAK,diverse_negative,meeting_note,medium,div_neg_51
REQ-831045 | יש לעדכן את טבלת ההזמנות עם מזהה פנימי 0255073468.,0,NON_LEAK,paired_hard_negative,ticket,hard,pair_5_neg
תזכורת: בדוח הלקוח מופיע איש קשר בשם רון חדד.,0,NON_LEAK,paired_hard_negative,chat,hard,pair_3_neg
מתוך הדוח: בדוח הלקוח מופיע איש קשר בשם הילה חדד יחד עם כתובת המייל hila.hadad@org.co.il.,1,LEAK,paired_hard_positive,report,hard,pair_3_pos
לתיעוד פנימי: יש לעדכן את טבלת ההזמנות עם חשבון הבנק 0057279566 של ליאור מלכה.,1,LEAK,paired_hard_positive,memo,hard,pair_5_pos
"בדיקה: בדוח שהגיע מרמב""ם מופיעים פרטי טיפול של אלון מלכה.",1,LEAK,diverse_positive,chat,medium,div_pos_21
"INC-496355 | הועבר סיכום על עדי שלום שעובד בגוגל ישראל בחיפה, כולל מספר הזהות 667014195.",1,LEAK,paired_hard_positive,ticket,hard,pair_1_pos
לתיעוד פנימי: שם העובד מאיה ביטון מופיע במצגת הפנימית ללא פרטים נוספים,0,NON_LEAK,diverse_negative,memo,hard,div_neg_22
"לתיעוד פנימי: בנספח מופיעים פרטי החשבון של רון חדד: בנק הפועלים, חשבון 7890343328",1,LEAK,diverse_positive,memo,hard,div_pos_14
"נושא: בקשה
הועבר סיכום על טל אוחנה שעובד בבזק בירושלים.",0,NON_LEAK,paired_hard_negative,email,hard,pair_1_neg
בדיקה - הצוות דן בהשקת שירות אביב ביום 28/5/2026 במסמך מסווג פנימי שלא נועד להפצה.,1,LEAK,paired_hard_positive,chat,hard,pair_4_pos
תזכורת: מספר הקריאה הוא HR-433069 ויש לעקוב אחריו מול משאבי אנוש.,0,NON_LEAK,diverse_negative,chat,hard,div_neg_48
לתיעוד פנימי - הצוות דן בהשקת פרויקט נוגה ביום 2/1/2026 במסמך מסווג פנימי שלא נועד להפצה. תודה,1,LEAK,paired_hard_positive,memo,hard,pair_4_pos
"לתיעוד פנימי: הקובץ מכיל שם משתמש, סיסמה וגישה לסביבת הייצור.",1,LEAK,diverse_positive,memo,hard,div_pos_44
לתיעוד פנימי: בדוח הלקוח מופיע איש קשר בשם רון חדד. תודה,0,NON_LEAK,paired_hard_negative,memo,hard,pair_3_neg
INC-306275 | בדוח הלקוח מופיע איש קשר בשם אילן שבתאי,0,NON_LEAK,paired_hard_negative,ticket,hard,pair_3_neg
"בדיקה - הועבר החזר בגובה 22,237 ש""ח לחשבון 2105109447 של איתי פרץ.",1,LEAK,diverse_positive,chat,hard,div_pos_42
לתיעוד פנימי: הצוות דן בהשקת מוצר אופק ביום 8/7/2026 במסמך מסווג פנימי שלא נועד להפצה.,1,LEAK,paired_hard_positive,memo,hard,pair_4_pos
סיכום פגישה - הצוות דן בהשקת פרויקט נוגה ביום 7/9/2026.,0,NON_LEAK,paired_hard_negative,meeting_note,hard,pair_4_neg
"REQ-799199 | פרטי הקשר של שירה אברהם: מייל shira.avraham@mail.com, טלפון 0560021102.",1,LEAK,diverse_positive,ticket,hard,div_pos_48
REQ-104818 | לצורך זיהוי מול הספק הועבר מספר הזהות של הילה חדד: 634290047.,1,LEAK,diverse_positive,ticket,medium,div_pos_42
"נושא: בקשה
הפגישה עם רונית פרץ נקבעה ל28/12/2026 בראשון לציון.",0,NON_LEAK,paired_hard_negative,email,hard,pair_2_neg
מתוך הדוח: המערכת החדשה תושק ב12/9/2026 לפי הודעה רשמית שפורסמה לכלל העובדים.,0,NON_LEAK,diverse_negative,report,medium,div_neg_22
INC-326121 | הצוות דן בהשקת פלטפורמת ארז ביום 11/10/2026.,0,NON_LEAK,paired_hard_negative,ticket,hard,pair_4_neg
לתיעוד פנימי: הפגישה עם מנהלת משאבי אנוש תתקיים ביום ראשון בהרצליה.,0,NON_LEAK,diverse_negative,memo,hard,div_neg_55
"שולח: בנספח מופיעים פרטי החשבון של ליאור מלכה: בנק הפועלים, חשבון 7807630355",1,LEAK,diverse_positive,chat,medium,div_pos_39
"לתיעוד פנימי - במסמך המצורף אין מידע אישי, רק סיכום משימות והחלטות.",0,NON_LEAK,diverse_negative,memo,hard,div_neg_26
"נושא: בקשה
הקובץ מכיל שם משתמש, סיסמה וגישה לסביבת הייצור.",1,LEAK,diverse_positive,email,medium,div_pos_25
SR-670061 | מספר הקריאה הוא SR-395625 ויש לעקוב אחריו מול מכירות.,0,NON_LEAK,diverse_negative,ticket,medium,div_neg_6
"לתיעוד פנימי: פרטי הקשר של אורן אברהם: מייל oren.avraham@org.co.il, טלפון 0545840476.",1,LEAK,diverse_positive,memo,hard,div_pos_31
סיכום פגישה - שם העובד קרן אמסלם מופיע במצגת הפנימית ללא פרטים נוספים.,0,NON_LEAK,diverse_negative,meeting_note,hard,div_neg_40
מתוך הדוח - בדוח שהגיע מאסותא מופיעים פרטי טיפול של איתי פרץ. תודה,1,LEAK,diverse_positive,report,medium,div_pos_5
סיכום פגישה: יש לעדכן את טבלת ההזמנות עם מזהה פנימי 3658864288,0,NON_LEAK,paired_hard_negative,meeting_note,hard,pair_5_neg
סיכום פגישה: המסמך מזכיר את שיבא ואת אורן אברהם בהקשר אדמיניסטרטיבי,0,NON_LEAK,paired_hard_negative,meeting_note,hard,pair_6_neg
"בדיקה: הקובץ מכיל שם משתמש, סיסמה וגישה לסביבת הייצור.",1,LEAK,diverse_positive,chat,medium,div_pos_14
"סיכום פגישה: בדוח שהגיע מרמב""ם מופיעים פרטי טיפול של מאיה ביטון.",1,LEAK,diverse_positive,meeting_note,hard,div_pos_2
מתוך הדוח - בדוח הלקוח מופיע איש קשר בשם ליאור מלכה.,0,NON_LEAK,paired_hard_negative,report,hard,pair_3_neg
"נושא: עדכון
המסמך מזכיר את סורוקה ואת טל אוחנה בהקשר אדמיניסטרטיבי.",0,NON_LEAK,paired_hard_negative,email,hard,pair_6_neg
INC-213069 | הצוות דן בהשקת פרויקט נוגה ביום 20/11/2026 במסמך מסווג פנימי שלא נועד להפצה,1,LEAK,paired_hard_positive,ticket,hard,pair_4_pos
עדכון: לצורך זיהוי מול הספק הועבר מספר הזהות של דוד כהן: 668980722.,1,LEAK,diverse_positive,chat,hard,div_pos_59
"לתיעוד פנימי: הועבר סיכום על טל אוחנה שעובד ברפאל ברעננה, כולל מספר הזהות 991361110.",1,LEAK,paired_hard_positive,memo,hard,pair_1_pos
לתיעוד פנימי - בדוח שהגיע מאיכילוב מופיעים פרטי טיפול של ניר ביטון. תודה,1,LEAK,diverse_positive,memo,medium,div_pos_42
שולח - הצוות דן בהשקת פרויקט נוגה ביום 10/9/2026. תודה,0,NON_LEAK,paired_hard_negative,chat,hard,pair_4_neg
REQ-455609 | במצגת הופיעו שמות העובדים לצד נתוני שכר ובונוסים.,1,LEAK,paired_hard_positive,ticket,hard,pair_7_pos
שולח: לצורך זיהוי מול הספק הועבר מספר הזהות של עדי שלום: 155569960.,1,LEAK,diverse_positive,chat,hard,div_pos_40
"מתוך הדוח: הועבר סיכום על קרן אמסלם שעובד בגוגל ישראל באשדוד, כולל מספר הזהות 464558525.",1,LEAK,paired_hard_positive,report,hard,pair_1_pos
INC-683147 | הפגישה עם שירה אברהם נקבעה ל8/6/2026 בהרצליה,0,NON_LEAK,paired_hard_negative,ticket,hard,pair_2_neg
"סיכום פגישה: הקובץ מכיל שם משתמש, סיסמה וגישה לסביבת הייצור.",1,LEAK,diverse_positive,meeting_note,hard,div_pos_36
מתוך הדוח: בדוח שהגיע מאיכילוב מופיעים פרטי טיפול של רונית פרץ.,1,LEAK,diverse_positive,report,hard,div_pos_36
"מתוך הדוח: היעד הכספי לרבעון הוא 8,856 ש""ח ולא מדובר במידע על לקוח ספציפי. תודה",0,NON_LEAK,diverse_negative,report,medium,div_neg_18
"לתיעוד פנימי - בדוח שהגיע מרמב""ם מופיעים פרטי טיפול של הילה חדד.",1,LEAK,diverse_positive,memo,medium,div_pos_44
סיכום פגישה: נא לשמור על סודיות: תוכנית ההשקה של פרויקט נוגה וקוד השם מיזם תמר מצורפים. תודה,1,LEAK,diverse_positive,meeting_note,hard,div_pos_24
"נושא: עדכון
הלקוח ביקש עדכון על הפרויקט, אבל לא נשלחו פרטי קשר או מזהים. תודה",0,NON_LEAK,diverse_negative,email,medium,div_neg_22
מתוך הדוח: הסיסמה הזמנית לחשבון של קרן אמסלם היא Welcome2026! ויש להחליף אותה מיד.,1,LEAK,diverse_positive,report,hard,div_pos_49
"INC-269054 | במסמך המצורף אין מידע אישי, רק סיכום משימות והחלטות",0,NON_LEAK,diverse_negative,ticket,hard,div_neg_29
"לתיעוד פנימי: הועבר דוח עם רשימת לקוחות אסטרטגיים, הצעות מחיר ותנאי התקשרות",1,LEAK,diverse_positive,memo,medium,div_pos_33
"מתוך הדוח: הקובץ מכיל שם משתמש, סיסמה וגישה לסביבת הייצור.",1,LEAK,diverse_positive,report,hard,div_pos_35
לתיעוד פנימי: נא לשמור על סודיות: תוכנית ההשקה של שירות אביב וקוד השם מיזם תמר מצורפים.,1,LEAK,diverse_positive,memo,medium,div_pos_50
"נושא: בקשה
הפגישה עם ראש צוות תתקיים ביום ראשון בנתניה.",0,NON_LEAK,diverse_negative,email,hard,div_neg_5
לתיעוד פנימי: בדשבורד הציבורי מופיע סטטוס כללי של פרויקט תוכנית רימון.,0,NON_LEAK,diverse_negative,memo,hard,div_neg_4
מתוך הדוח: הצוות עבר לשלב בדיקות אינטגרציה ונדרש לעדכן סטטוס עד סוף היום.,0,NON_LEAK,diverse_negative,report,hard,div_neg_19
"תזכורת: הפגישה עם יעל לוי נקבעה ל5/2/2026 בנתניה, ובמסמך צורף גם הטלפון 0551536545.",1,LEAK,paired_hard_positive,chat,hard,pair_2_pos
"מתוך הדוח - הפגישה עם אילן שבתאי נקבעה ל4/9/2026 במודיעין, ובמסמך צורף גם הטלפון 0548207705",1,LEAK,paired_hard_positive,report,hard,pair_2_pos
"בדיקה: בנספח מופיעים פרטי החשבון של יואב לוי: בנק לאומי, חשבון 0187232952.",1,LEAK,diverse_positive,chat,medium,div_pos_8
לתיעוד פנימי: מספר הקריאה הוא SR-795812 ויש לעקוב אחריו מול פיתוח.,0,NON_LEAK,diverse_negative,memo,medium,div_neg_40
לתיעוד פנימי - מספר הקריאה הוא SR-536320 ויש לעקוב אחריו מול רכש.,0,NON_LEAK,diverse_negative,memo,hard,div_neg_3
תזכורת: המסמך מזכיר את איכילוב ואת טל אוחנה בהקשר אדמיניסטרטיבי תודה,0,NON_LEAK,paired_hard_negative,chat,hard,pair_6_neg
מתוך הדוח: הצוות דן בהשקת מערכת קשת ביום 21/2/2026 במסמך מסווג פנימי שלא נועד להפצה.,1,LEAK,paired_hard_positive,report,hard,pair_4_pos
"לתיעוד פנימי - הועבר סיכום על קרן אמסלם שעובד בגוגל ישראל בנתניה, כולל מספר הזהות 142606841.",1,LEAK,paired_hard_positive,memo,hard,pair_1_pos
עדכון: יש לעדכן את טבלת ההזמנות עם מזהה פנימי 0565895567.,0,NON_LEAK,paired_hard_negative,chat,hard,pair_5_neg
"נושא - עדכון
שם העובד שרון סעדה מופיע במצגת הפנימית ללא פרטים נוספים",0,NON_LEAK,diverse_negative,email,medium,div_neg_44
מתוך הדוח: הצוות דן בהשקת פלטפורמת ארז ביום 12/12/2026. תודה,0,NON_LEAK,paired_hard_negative,report,hard,pair_4_neg
לתיעוד פנימי: בדוח הלקוח מופיע איש קשר בשם אלון מלכה יחד עם כתובת המייל alon.malka@outlook.com.,1,LEAK,paired_hard_positive,memo,hard,pair_3_pos
"REQ-131273 | הקובץ מכיל שם משתמש, סיסמה וגישה לסביבת הייצור.",1,LEAK,diverse_positive,ticket,hard,div_pos_58
תזכורת: הצוות דן בהשקת מוצר אופק ביום 16/10/2026 במסמך מסווג פנימי שלא נועד להפצה.,1,LEAK,paired_hard_positive,chat,hard,pair_4_pos
"נושא: בקשה
הלקוח ביקש עדכון על הפרויקט, אבל לא נשלחו פרטי קשר או מזהים.",0,NON_LEAK,diverse_negative,email,medium,div_neg_59
"FIN-122924 | הועבר סיכום על שרון סעדה שעובד בבזק בירושלים, כולל מספר הזהות 112042076.",1,LEAK,paired_hard_positive,ticket,hard,pair_1_pos
סיכום פגישה - המסמך מזכיר את שיבא ואת איתי פרץ וכולל גם אבחנה של אלרגיה חריפה. תודה,1,LEAK,paired_hard_positive,meeting_note,hard,pair_6_pos
"שולח: בדוח מופיע רק שם החברה בזק ותאריך יעד 1/6/2026, ללא מידע אישי",0,NON_LEAK,diverse_negative,chat,hard,div_neg_30
לתיעוד פנימי: בדוח הלקוח מופיע איש קשר בשם דוד כהן.,0,NON_LEAK,paired_hard_negative,memo,hard,pair_3_neg
INC-042535 | המסמך מזכיר את אסותא ואת שרון סעדה בהקשר אדמיניסטרטיבי.,0,NON_LEAK,paired_hard_negative,ticket,hard,pair_6_neg
סיכום פגישה: בדוח שהגיע מאיכילוב מופיעים פרטי טיפול של עדי שלום,1,LEAK,diverse_positive,meeting_note,medium,div_pos_14
סיכום פגישה - בדוח הלקוח מופיע איש קשר בשם יואב לוי.,0,NON_LEAK,paired_hard_negative,meeting_note,hard,pair_3_neg
"SR-384198 | הועבר סיכום על רונית פרץ שעובד בשופרסל בבאר שבע, כולל מספר הזהות 805013092.",1,LEAK,paired_hard_positive,ticket,hard,pair_1_pos
עדכון: הצוות דן בהשקת גרסה 42 ביום 7/12/2026 במסמך מסווג פנימי שלא נועד להפצה,1,LEAK,paired_hard_positive,chat,hard,pair_4_pos
מתוך הדוח: במצגת הופיעו שמות העובדים לצורך חלוקת משימות. תודה,0,NON_LEAK,paired_hard_negative,report,hard,pair_7_neg
"נושא: טיפול
הועבר החזר בגובה 9,884 ש""ח לחשבון 5502413204 של נועה מזרחי.",1,LEAK,diverse_positive,email,hard,div_pos_45
"נושא: עדכון
היעד הכספי לרבעון הוא 2,995 ש""ח ולא מדובר במידע על לקוח ספציפי.",0,NON_LEAK,diverse_negative,email,medium,div_neg_29
סיכום פגישה - המסמך מזכיר את שיבא ואת רון חדד וכולל גם אבחנה של חרדה.,1,LEAK,paired_hard_positive,meeting_note,hard,pair_6_pos
"REQ-767714 | הועבר סיכום על קרן אמסלם שעובד בקופת חולים כללית בנתניה, כולל מספר הזהות 430529733.",1,LEAK,paired_hard_positive,ticket,hard,pair_1_pos
לתיעוד פנימי: המסמך מזכיר את שיבא ואת מאיה ביטון וכולל גם אבחנה של סוכרת.,1,LEAK,paired_hard_positive,memo,hard,pair_6_pos
"לתיעוד פנימי: הפגישה עם משה אוחנה נקבעה ל6/11/2026 בראשון לציון, ובמסמך צורף גם הטלפון 0597398988.",1,LEAK,paired_hard_positive,memo,hard,pair_2_pos
מתוך הדוח: בדוח משאבי האנוש מופיעים נתוני השכר של דוד כהן עבור חודש מרץ.,1,LEAK,diverse_positive,report,hard,div_pos_11
סיכום פגישה: בדוח הלקוח מופיע איש קשר בשם רון חדד.,0,NON_LEAK,paired_hard_negative,meeting_note,hard,pair_3_neg
מתוך הדוח: הצוות עבר לשלב בדיקות אינטגרציה ונדרש לעדכן סטטוס עד סוף היום.,0,NON_LEAK,diverse_negative,report,medium,div_neg_4
לתיעוד פנימי - במצגת הופיעו שמות העובדים לצורך חלוקת משימות.,0,NON_LEAK,paired_hard_negative,memo,hard,pair_7_neg
שולח - בדוח הלקוח מופיע איש קשר בשם אורן אברהם.,0,NON_LEAK,paired_hard_negative,chat,hard,pair_3_neg
"סיכום פגישה: הקובץ מכיל שם משתמש, סיסמה וגישה לסביבת הייצור.",1,LEAK,diverse_positive,meeting_note,medium,div_pos_14
"סיכום פגישה: הועבר החזר בגובה 12,649 ש""ח לחשבון 3218518077 של טל אוחנה",1,LEAK,diverse_positive,meeting_note,medium,div_pos_25
"מתוך הדוח: בנספח מופיעים פרטי החשבון של רונית פרץ: בנק הפועלים, חשבון 1754135109. תודה",1,LEAK,diverse_positive,report,hard,div_pos_9
לתיעוד פנימי: הצוות דן בהשקת פלטפורמת ארז ביום 8/4/2026 במסמך מסווג פנימי שלא נועד להפצה.,1,LEAK,paired_hard_positive,memo,hard,pair_4_pos
"סיכום פגישה: הועבר דוח עם רשימת לקוחות אסטרטגיים, הצעות מחיר ותנאי התקשרות.",1,LEAK,diverse_positive,meeting_note,medium,div_pos_48
"FIN-038543 | הועבר דוח עם רשימת לקוחות אסטרטגיים, הצעות מחיר ותנאי התקשרות.",1,LEAK,diverse_positive,ticket,medium,div_pos_24
מתוך הדוח: המסמך מזכיר את סורוקה ואת ניר ביטון וכולל גם אבחנה של אסתמה.,1,LEAK,paired_hard_positive,report,hard,pair_6_pos
"FIN-052525 | הועבר סיכום על אורן אברהם שעובד במכבי שירותי בריאות בנתניה, כולל מספר הזהות 423097755. תודה",1,LEAK,paired_hard_positive,ticket,hard,pair_1_pos
"נושא: מעקב
הלקוח ביקש עדכון על הפרויקט, אבל לא נשלחו פרטי קשר או מזהים.",0,NON_LEAK,diverse_negative,email,medium,div_neg_50
סיכום פגישה: הפגישה עם מנהלת משאבי אנוש תתקיים ביום ראשון בתל אביב.,0,NON_LEAK,diverse_negative,meeting_note,medium,div_neg_34
לתיעוד פנימי - במצגת הופיעו שמות העובדים לצורך חלוקת משימות.,0,NON_LEAK,paired_hard_negative,memo,hard,pair_7_neg
"לתיעוד פנימי: במסמך המצורף אין מידע אישי, רק סיכום משימות והחלטות.",0,NON_LEAK,diverse_negative,memo,medium,div_neg_52
לתיעוד פנימי: יש לעדכן את טבלת ההזמנות עם חשבון הבנק 0114862308 של רון חדד. תודה,1,LEAK,paired_hard_positive,memo,hard,pair_5_pos
"נושא: טיפול
מספר הקריאה הוא INC-944874 ויש לעקוב אחריו מול מכירות.",0,NON_LEAK,diverse_negative,email,medium,div_neg_58
מתוך הדוח: הצוות דן בהשקת מערכת קשת ביום 8/6/2026 במסמך מסווג פנימי שלא נועד להפצה. תודה,1,LEAK,paired_hard_positive,report,hard,pair_4_pos
לתיעוד פנימי - המסמך מזכיר את סורוקה ואת מיכל כהן בהקשר אדמיניסטרטיבי.,0,NON_LEAK,paired_hard_negative,memo,hard,pair_6_neg
לתיעוד פנימי: בדוח הלקוח מופיע איש קשר בשם מאיה ביטון יחד עם כתובת המייל mayabiton@outlookcom,1,LEAK,paired_hard_positive,memo,hard,pair_3_pos
"נושא: מעקב
במסמך המצורף אין מידע אישי, רק סיכום משימות והחלטות",0,NON_LEAK,diverse_negative,email,medium,div_neg_55
"HR-366144 | הועבר סיכום על איתי פרץ שעובד בבנק לאומי בתל אביב, כולל מספר הזהות 242214653.",1,LEAK,paired_hard_positive,ticket,hard,pair_1_pos
REQ-123958 | במצגת הופיעו שמות העובדים לצד נתוני שכר ובונוסים.,1,LEAK,paired_hard_positive,ticket,hard,pair_7_pos
"מתוך הדוח - הועבר סיכום על שירה אברהם שעובד באלביט בהרצליה, כולל מספר הזהות 610673959.",1,LEAK,paired_hard_positive,report,hard,pair_1_pos
"סיכום פגישה: הפגישה עם נועה מזרחי נקבעה ל9/12/2026 בהרצליה, ובמסמך צורף גם הטלפון 0537384363",1,LEAK,paired_hard_positive,meeting_note,hard,pair_2_pos
"לתיעוד פנימי: הפגישה עם סמנכ""לית כספים תתקיים ביום ראשון במודיעין.",0,NON_LEAK,diverse_negative,memo,hard,div_neg_19
לתיעוד פנימי: לצורך זיהוי מול הספק הועבר מספר הזהות של שירה אברהם: 025630962.,1,LEAK,diverse_positive,memo,hard,div_pos_26
מתוך הדוח: הצוות דן בהשקת מערכת קשת ביום 23/11/2026 במסמך מסווג פנימי שלא נועד להפצה. תודה,1,LEAK,paired_hard_positive,report,hard,pair_4_pos
SR-295470 | לצורך זיהוי מול הספק הועבר מספר הזהות של יעל לוי: 974767282.,1,LEAK,diverse_positive,ticket,medium,div_pos_56
"מתוך הדוח: במסמך המצורף אין מידע אישי, רק סיכום משימות והחלטות",0,NON_LEAK,diverse_negative,report,hard,div_neg_5
"נושא: מעקב
הועבר סיכום על שרון סעדה שעובד באלביט באשדוד, כולל מספר הזהות 902353870.",1,LEAK,paired_hard_positive,email,hard,pair_1_pos
מתוך הדוח: במצגת הופיעו שמות העובדים לצורך חלוקת משימות.,0,NON_LEAK,paired_hard_negative,report,hard,pair_7_neg
HR-520762 | המסמך מזכיר את שיבא ואת ניר ביטון וכולל גם אבחנה של אלרגיה חריפה. תודה,1,LEAK,paired_hard_positive,ticket,hard,pair_6_pos
שולח - במצגת הופיעו שמות העובדים לצורך חלוקת משימות.,0,NON_LEAK,paired_hard_negative,chat,hard,pair_7_neg
"לתיעוד פנימי: הקובץ מכיל שם משתמש, סיסמה וגישה לסביבת הייצור.",1,LEAK,diverse_positive,memo,medium,div_pos_37
לתיעוד פנימי - נא לשמור על סודיות - תוכנית ההשקה של מודול ברק וקוד השם מבצע שקמה מצורפים.,1,LEAK,diverse_positive,memo,hard,div_pos_27
מתוך הדוח: הועבר סיכום על הילה חדד שעובד ברפאל בהרצליה,0,NON_LEAK,paired_hard_negative,report,hard,pair_1_neg
בדיקה: יש לעדכן את טבלת ההזמנות עם מזהה פנימי 9642573145. תודה,0,NON_LEAK,paired_hard_negative,chat,hard,pair_5_neg
HR-206928 | בדוח משאבי האנוש מופיעים נתוני השכר של הילה חדד עבור חודש מרץ,1,LEAK,diverse_positive,ticket,hard,div_pos_50
מתוך הדוח: בדוח שהגיע מאיכילוב מופיעים פרטי טיפול של עדי שלום.,1,LEAK,diverse_positive,report,medium,div_pos_11
HR-049942 | במצגת הופיעו שמות העובדים לצורך חלוקת משימות.,0,NON_LEAK,paired_hard_negative,ticket,hard,pair_7_neg
"תזכורת - הועבר דוח עם רשימת לקוחות אסטרטגיים, הצעות מחיר ותנאי התקשרות.",1,LEAK,diverse_positive,chat,medium,div_pos_52
"לתיעוד פנימי: הפגישה עם ליאור מלכה נקבעה ל1/7/2026 בראשון לציון, ובמסמך צורף גם הטלפון 0532475073.",1,LEAK,paired_hard_positive,memo,hard,pair_2_pos
סיכום פגישה - יש לעדכן את טבלת ההזמנות עם מזהה פנימי 1915019403.,0,NON_LEAK,paired_hard_negative,meeting_note,hard,pair_5_neg
"REQ-322267 | הפגישה עם אורן אברהם נקבעה ל21/6/2026 במודיעין, ובמסמך צורף גם הטלפון 0557359961.",1,LEAK,paired_hard_positive,ticket,hard,pair_2_pos
"HR-133207 | הלקוח ביקש עדכון על הפרויקט, אבל לא נשלחו פרטי קשר או מזהים.",0,NON_LEAK,diverse_negative,ticket,hard,div_neg_25
שולח: הצוות דן בהשקת מערכת קשת ביום 8/4/2026,0,NON_LEAK,paired_hard_negative,chat,hard,pair_4_neg
"לתיעוד פנימי: בדוח מופיע רק שם החברה גוגל ישראל ותאריך יעד 7/8/2026, ללא מידע אישי.",0,NON_LEAK,diverse_negative,memo,medium,div_neg_48
"נושא: מעקב
הלקוח ביקש עדכון על הפרויקט, אבל לא נשלחו פרטי קשר או מזהים.",0,NON_LEAK,diverse_negative,email,medium,div_neg_36
סיכום פגישה: הצוות דן בהשקת שירות אביב ביום 2/10/2026 תודה,0,NON_LEAK,paired_hard_negative,meeting_note,hard,pair_4_neg
לתיעוד פנימי - הצוות דן בהשקת מודול ברק ביום 10/10/2026 תודה,0,NON_LEAK,paired_hard_negative,memo,hard,pair_4_neg
מתוך הדוח - בדוח הלקוח מופיע איש קשר בשם שרון סעדה.,0,NON_LEAK,paired_hard_negative,report,hard,pair_3_neg
"סיכום פגישה: בנספח מופיעים פרטי החשבון של מיכל כהן: דיסקונט, חשבון 7080622768.",1,LEAK,diverse_positive,meeting_note,medium,div_pos_27
INC-305726 | נא לשמור על סודיות: תוכנית ההשקה של מוצר הדס וקוד השם מבצע שקמה מצורפים.,1,LEAK,diverse_positive,ticket,medium,div_pos_22
"INC-307562 | הלקוח ביקש עדכון על הפרויקט, אבל לא נשלחו פרטי קשר או מזהים. תודה",0,NON_LEAK,diverse_negative,ticket,hard,div_neg_31
INC-989513 | בדוח הלקוח מופיע איש קשר בשם יואב לוי.,0,NON_LEAK,paired_hard_negative,ticket,hard,pair_3_neg
"תזכורת: הקובץ מכיל שם משתמש, סיסמה וגישה לסביבת הייצור.",1,LEAK,diverse_positive,chat,medium,div_pos_5
"מתוך הדוח: היעד הכספי לרבעון הוא 22,775 ש""ח ולא מדובר במידע על לקוח ספציפי.",0,NON_LEAK,diverse_negative,report,medium,div_neg_38
סיכום פגישה: לצורך זיהוי מול הספק הועבר מספר הזהות של דוד כהן: 137440608.,1,LEAK,diverse_positive,meeting_note,hard,div_pos_28
"נושא: מעקב
בדוח שהגיע מאיכילוב מופיעים פרטי טיפול של רונית פרץ",1,LEAK,diverse_positive,email,medium,div_pos_18
"REQ-179873 | בדוח מופיע רק שם החברה שופרסל ותאריך יעד 3/4/2026, ללא מידע אישי.",0,NON_LEAK,diverse_negative,ticket,medium,div_neg_36
מתוך הדוח - הפגישה עם נועה מזרחי נקבעה ל25/10/2026 בירושלים.,0,NON_LEAK,paired_hard_negative,report,hard,pair_2_neg
"INC-323065 | הועבר דוח עם רשימת לקוחות אסטרטגיים, הצעות מחיר ותנאי התקשרות.",1,LEAK,diverse_positive,ticket,medium,div_pos_20
לתיעוד פנימי - הפגישה עם דנה דנינו נקבעה ל5/2/2026 בראשון לציון,0,NON_LEAK,paired_hard_negative,memo,hard,pair_2_neg
"נושא: עדכון
במסמך המצורף אין מידע אישי, רק סיכום משימות והחלטות.",0,NON_LEAK,diverse_negative,email,hard,div_neg_0
"סיכום פגישה: הלקוח ביקש עדכון על הפרויקט, אבל לא נשלחו פרטי קשר או מזהים.",0,NON_LEAK,diverse_negative,meeting_note,hard,div_neg_40
תזכורת - בדוח הלקוח מופיע איש קשר בשם קרן אמסלם,0,NON_LEAK,paired_hard_negative,chat,hard,pair_3_neg
"לתיעוד פנימי: בנספח מופיעים פרטי החשבון של מאיה ביטון: בנק הפועלים, חשבון 0967417617.",1,LEAK,diverse_positive,memo,hard,div_pos_3
"REQ-207591 | במסמך המצורף אין מידע אישי, רק סיכום משימות והחלטות",0,NON_LEAK,diverse_negative,ticket,medium,div_neg_57
לתיעוד פנימי - בדוח משאבי האנוש מופיעים נתוני השכר של מיכל כהן עבור חודש מרץ.,1,LEAK,diverse_positive,memo,medium,div_pos_48
לתיעוד פנימי: בדוח הלקוח מופיע איש קשר בשם יואב לוי יחד עם כתובת המייל yoavlevi@mailcom תודה,1,LEAK,paired_hard_positive,memo,hard,pair_3_pos
"בדיקה: היעד הכספי לרבעון הוא 33,809 ש""ח ולא מדובר במידע על לקוח ספציפי.",0,NON_LEAK,diverse_negative,chat,hard,div_neg_18
"מתוך הדוח: הלקוח ביקש עדכון על הפרויקט, אבל לא נשלחו פרטי קשר או מזהים.",0,NON_LEAK,diverse_negative,report,medium,div_neg_5
עדכון: הפגישה עם רונית פרץ נקבעה ל1/3/2026 בנתניה,0,NON_LEAK,paired_hard_negative,chat,hard,pair_2_neg
סיכום פגישה: שם העובד שירה אברהם מופיע במצגת הפנימית ללא פרטים נוספים.,0,NON_LEAK,diverse_negative,meeting_note,medium,div_neg_26
"נושא - טיפול
הצוות עבר לשלב בדיקות אינטגרציה ונדרש לעדכן סטטוס עד סוף היום.",0,NON_LEAK,diverse_negative,email,medium,div_neg_33
"לתיעוד פנימי: בדוח מופיע רק שם החברה שופרסל ותאריך יעד 11/2/2026, ללא מידע אישי.",0,NON_LEAK,diverse_negative,memo,hard,div_neg_28
לתיעוד פנימי: במצגת הופיעו שמות העובדים לצורך חלוקת משימות.,0,NON_LEAK,paired_hard_negative,memo,hard,pair_7_neg
בדיקה - בדוח הלקוח מופיע איש קשר בשם יעל לוי יחד עם כתובת המייל yael.levi@gmail.com.,1,LEAK,paired_hard_positive,chat,hard,pair_3_pos
"נושא: מעקב
המסמך מזכיר את סורוקה ואת יעל לוי וכולל גם אבחנה של דלקת ריאות.",1,LEAK,paired_hard_positive,email,hard,pair_6_pos
לתיעוד פנימי - יש לעדכן את טבלת ההזמנות עם חשבון הבנק 3809750311 של אילן שבתאי.,1,LEAK,paired_hard_positive,memo,hard,pair_5_pos
"נושא: בקשה
הועבר סיכום על יואב לוי שעובד בשופרסל בהרצליה, כולל מספר הזהות 711715969",1,LEAK,paired_hard_positive,email,hard,pair_1_pos
סיכום פגישה: הצוות עבר לשלב בדיקות אינטגרציה ונדרש לעדכן סטטוס עד סוף היום,0,NON_LEAK,diverse_negative,meeting_note,hard,div_neg_50
מתוך הדוח - בדוח הלקוח מופיע איש קשר בשם אלון מלכה.,0,NON_LEAK,paired_hard_negative,report,hard,pair_3_neg
"תזכורת: פרטי הקשר של נועה מזרחי: מייל noamizrahi@examplecoil, טלפון 0553298768",1,LEAK,diverse_positive,chat,hard,div_pos_40
"נושא: בקשה
בדוח הלקוח מופיע איש קשר בשם דנה דנינו.",0,NON_LEAK,paired_hard_negative,email,hard,pair_3_neg
"בדיקה: הועבר החזר בגובה 22,041 ש""ח לחשבון 2281833331 של אורן אברהם.",1,LEAK,diverse_positive,chat,medium,div_pos_39
סיכום פגישה: יש לעדכן את טבלת ההזמנות עם מזהה פנימי 0723108231.,0,NON_LEAK,paired_hard_negative,meeting_note,hard,pair_5_neg
תזכורת: בדוח שהגיע מסורוקה מופיעים פרטי טיפול של עמית אלקיים.,1,LEAK,diverse_positive,chat,hard,div_pos_43
"נושא: בקשה
הפגישה עם משה אוחנה נקבעה ל10/3/2026 במודיעין, ובמסמך צורף גם הטלפון 0521019875",1,LEAK,paired_hard_positive,email,hard,pair_2_pos
HR-262502 | שם העובד איתי פרץ מופיע במצגת הפנימית ללא פרטים נוספים.,0,NON_LEAK,diverse_negative,ticket,medium,div_neg_19
"שולח - הלקוח ביקש עדכון על הפרויקט, אבל לא נשלחו פרטי קשר או מזהים.",0,NON_LEAK,diverse_negative,chat,medium,div_neg_35
"נושא - מעקב
הפגישה עם אלון מלכה נקבעה ל10/8/2026 בהרצליה, ובמסמך צורף גם הטלפון 0599985396.",1,LEAK,paired_hard_positive,email,hard,pair_2_pos
לתיעוד פנימי - מספר הקריאה הוא INC-728710 ויש לעקוב אחריו מול שיווק,0,NON_LEAK,diverse_negative,memo,hard,div_neg_13
SR-831629 | המסמך מזכיר את איכילוב ואת איתי פרץ בהקשר אדמיניסטרטיבי,0,NON_LEAK,paired_hard_negative,ticket,hard,pair_6_neg
שולח: בדוח משאבי האנוש מופיעים נתוני השכר של משה אוחנה עבור חודש מרץ,1,LEAK,diverse_positive,chat,hard,div_pos_3
SR-528317 | בדוח משאבי האנוש מופיעים נתוני השכר של טל אוחנה עבור חודש מרץ.,1,LEAK,diverse_positive,ticket,hard,div_pos_6
"REQ-086041 | במסמך המצורף אין מידע אישי, רק סיכום משימות והחלטות.",0,NON_LEAK,diverse_negative,ticket,medium,div_neg_48
"לתיעוד פנימי: הועבר החזר בגובה 37,429 ש""ח לחשבון 5161125050 של עמית אלקיים.",1,LEAK,diverse_positive,memo,medium,div_pos_24
שולח - יש לעדכן את טבלת ההזמנות עם חשבון הבנק 6779930285 של אילן שבתאי.,1,LEAK,paired_hard_positive,chat,hard,pair_5_pos
"נושא: עדכון
הפגישה עם עמית אלקיים נקבעה ל20/10/2026 ברעננה. תודה",0,NON_LEAK,paired_hard_negative,email,hard,pair_2_neg
"לתיעוד פנימי - הלקוח ביקש עדכון על הפרויקט, אבל לא נשלחו פרטי קשר או מזהים.",0,NON_LEAK,diverse_negative,memo,medium,div_neg_6
"עדכון: הלקוח ביקש עדכון על הפרויקט, אבל לא נשלחו פרטי קשר או מזהים. תודה",0,NON_LEAK,diverse_negative,chat,hard,div_neg_8
לתיעוד פנימי: בדוח הלקוח מופיע איש קשר בשם מיכל כהן יחד עם כתובת המייל michal.cohen@mail.com.,1,LEAK,paired_hard_positive,memo,hard,pair_3_pos
מתוך הדוח: במצגת הופיעו שמות העובדים לצד נתוני שכר ובונוסים. תודה,1,LEAK,paired_hard_positive,report,hard,pair_7_pos
"נושא: טיפול
המסמך מזכיר את אסותא ואת משה אוחנה בהקשר אדמיניסטרטיבי.",0,NON_LEAK,paired_hard_negative,email,hard,pair_6_neg
סיכום פגישה: בדוח הלקוח מופיע איש קשר בשם אורן אברהם יחד עם כתובת המייל oren.avraham@gmail.com.,1,LEAK,paired_hard_positive,meeting_note,hard,pair_3_pos
REQ-665014 | המסמך מזכיר את איכילוב ואת רון חדד וכולל גם אבחנה של אלרגיה חריפה.,1,LEAK,paired_hard_positive,ticket,hard,pair_6_pos
סיכום פגישה: הפגישה עם חשב שכר תתקיים ביום ראשון בראשון לציון.,0,NON_LEAK,diverse_negative,meeting_note,hard,div_neg_5
"סיכום פגישה: הקובץ מכיל שם משתמש, סיסמה וגישה לסביבת הייצור תודה",1,LEAK,diverse_positive,meeting_note,hard,div_pos_45
סיכום פגישה: בדוח משאבי האנוש מופיעים נתוני השכר של ניר ביטון עבור חודש מרץ,1,LEAK,diverse_positive,meeting_note,hard,div_pos_9
"נושא: טיפול
במסמך המצורף אין מידע אישי, רק סיכום משימות והחלטות.",0,NON_LEAK,diverse_negative,email,medium,div_neg_54
"INC-510870 | במסמך המצורף אין מידע אישי, רק סיכום משימות והחלטות",0,NON_LEAK,diverse_negative,ticket,medium,div_neg_30
מתוך הדוח: הפגישה עם אלון מלכה נקבעה ל17/6/2026 בבאר שבע.,0,NON_LEAK,paired_hard_negative,report,hard,pair_2_neg
HR-433288 | המערכת החדשה תושק ב11/7/2026 לפי הודעה רשמית שפורסמה לכלל העובדים.,0,NON_LEAK,diverse_negative,ticket,hard,div_neg_21
"HR-376917 | הלקוח ביקש עדכון על הפרויקט, אבל לא נשלחו פרטי קשר או מזהים.",0,NON_LEAK,diverse_negative,ticket,medium,div_neg_55
סיכום פגישה: המסמך מזכיר את סורוקה ואת עדי שלום בהקשר אדמיניסטרטיבי.,0,NON_LEAK,paired_hard_negative,meeting_note,hard,pair_6_neg
FIN-845559 | במצגת הופיעו שמות העובדים לצד נתוני שכר ובונוסים. תודה,1,LEAK,paired_hard_positive,ticket,hard,pair_7_pos
סיכום פגישה: בדשבורד הציבורי מופיע סטטוס כללי של פרויקט מיזם תמר.,0,NON_LEAK,diverse_negative,meeting_note,hard,div_neg_3
לתיעוד פנימי: יש לעדכן את טבלת ההזמנות עם מזהה פנימי 3459235917.,0,NON_LEAK,paired_hard_negative,memo,hard,pair_5_neg
"SR-480962 | היעד הכספי לרבעון הוא 3,526 ש""ח ולא מדובר במידע על לקוח ספציפי",0,NON_LEAK,diverse_negative,ticket,hard,div_neg_57
סיכום פגישה: הפגישה עם ליאור מלכה נקבעה ל20/1/2026 בראשון לציון. תודה,0,NON_LEAK,paired_hard_negative,meeting_note,hard,pair_2_neg
"נושא: טיפול
במסמך המצורף אין מידע אישי, רק סיכום משימות והחלטות.",0,NON_LEAK,diverse_negative,email,medium,div_neg_11
מתוך הדוח - הסיסמה הזמנית לחשבון של יעל לוי היא Welcome2026! ויש להחליף אותה מיד,1,LEAK,diverse_positive,report,hard,div_pos_33
"מתוך הדוח: בנספח מופיעים פרטי החשבון של דנה דנינו: דיסקונט, חשבון 0381731261",1,LEAK,diverse_positive,report,medium,div_pos_47
לתיעוד פנימי - הסיסמה הזמנית לחשבון של מיכל כהן היא Welcome2026! ויש להחליף אותה מיד.,1,LEAK,diverse_positive,memo,hard,div_pos_16
"סיכום פגישה: בדוח מופיע רק שם החברה אלביט ותאריך יעד 14/8/2026, ללא מידע אישי.",0,NON_LEAK,diverse_negative,meeting_note,medium,div_neg_17
"סיכום פגישה - במסמך המצורף אין מידע אישי, רק סיכום משימות והחלטות.",0,NON_LEAK,diverse_negative,meeting_note,medium,div_neg_42
"לתיעוד פנימי: היעד הכספי לרבעון הוא 30,820 ש""ח ולא מדובר במידע על לקוח ספציפי.",0,NON_LEAK,diverse_negative,memo,hard,div_neg_20
מתוך הדוח: הצוות דן בהשקת מערכת קשת ביום 2/7/2026 במסמך מסווג פנימי שלא נועד להפצה. תודה,1,LEAK,paired_hard_positive,report,hard,pair_4_pos
תזכורת: הפגישה עם ניר ביטון נקבעה ל16/7/2026 בראשון לציון,0,NON_LEAK,paired_hard_negative,chat,hard,pair_2_neg
"לתיעוד פנימי: בנספח מופיעים פרטי החשבון של עמית אלקיים: בנק הפועלים, חשבון 0895399805 תודה",1,LEAK,diverse_positive,memo,medium,div_pos_30
מתוך הדוח: הצוות עבר לשלב בדיקות אינטגרציה ונדרש לעדכן סטטוס עד סוף היום. תודה,0,NON_LEAK,diverse_negative,report,medium,div_neg_57
"נושא - בקשה
בדוח הלקוח מופיע איש קשר בשם עדי שלום",0,NON_LEAK,paired_hard_negative,email,hard,pair_3_neg
סיכום פגישה: הפגישה עם יעל לוי נקבעה ל15/1/2026 בנתניה תודה,0,NON_LEAK,paired_hard_negative,meeting_note,hard,pair_2_neg
"לתיעוד פנימי: הלקוח ביקש עדכון על הפרויקט, אבל לא נשלחו פרטי קשר או מזהים.",0,NON_LEAK,diverse_negative,memo,hard,div_neg_1
"HR-682734 | הלקוח ביקש עדכון על הפרויקט, אבל לא נשלחו פרטי קשר או מזהים.",0,NON_LEAK,diverse_negative,ticket,hard,div_neg_12
לתיעוד פנימי: לצורך זיהוי מול הספק הועבר מספר הזהות של שירה אברהם: 812082340,1,LEAK,diverse_positive,memo,hard,div_pos_18
"נושא: עדכון
שם העובד הילה חדד מופיע במצגת הפנימית ללא פרטים נוספים",0,NON_LEAK,diverse_negative,email,medium,div_neg_51
"סיכום פגישה: היעד הכספי לרבעון הוא 8,054 ש""ח ולא מדובר במידע על לקוח ספציפי",0,NON_LEAK,diverse_negative,meeting_note,medium,div_neg_54
"REQ-422474 | בנספח מופיעים פרטי החשבון של קרן אמסלם: בנק הפועלים, חשבון 2331656742.",1,LEAK,diverse_positive,ticket,medium,div_pos_10
"נושא: טיפול
במצגת הופיעו שמות העובדים לצורך חלוקת משימות.",0,NON_LEAK,paired_hard_negative,email,hard,pair_7_neg
סיכום פגישה: בדוח הלקוח מופיע איש קשר בשם קרן אמסלם יחד עם כתובת המייל kerenamsalem@companycoil,1,LEAK,paired_hard_positive,meeting_note,hard,pair_3_pos
FIN-791466 | שם העובד עמית אלקיים מופיע במצגת הפנימית ללא פרטים נוספים.,0,NON_LEAK,diverse_negative,ticket,hard,div_neg_53
"מתוך הדוח: פרטי הקשר של משה אוחנה: מייל moshe.ohana@mail.com, טלפון 0584721642. תודה",1,LEAK,diverse_positive,report,medium,div_pos_7
סיכום פגישה: נא לשמור על סודיות: תוכנית ההשקה של גרסה 4.2 וקוד השם פרויקט דרור מצורפים.,1,LEAK,diverse_positive,meeting_note,medium,div_pos_54
"בדיקה: הועבר סיכום על רונית פרץ שעובד בנייס בירושלים, כולל מספר הזהות 786886918.",1,LEAK,paired_hard_positive,chat,hard,pair_1_pos
שולח: המערכת החדשה תושק ב16/2/2026 לפי הודעה רשמית שפורסמה לכלל העובדים תודה,0,NON_LEAK,diverse_negative,chat,medium,div_neg_59
"סיכום פגישה: הקובץ מכיל שם משתמש, סיסמה וגישה לסביבת הייצור.",1,LEAK,diverse_positive,meeting_note,hard,div_pos_43
עדכון: נא לשמור על סודיות: תוכנית ההשקה של מודול ברק וקוד השם מבצע שקמה מצורפים.,1,LEAK,diverse_positive,chat,medium,div_pos_41
"SR-196651 | במסמך המצורף אין מידע אישי, רק סיכום משימות והחלטות.",0,NON_LEAK,diverse_negative,ticket,medium,div_neg_50
"נושא - בקשה
הועבר סיכום על איתי פרץ שעובד בבזק בפתח תקווה, כולל מספר הזהות 375325072.",1,LEAK,paired_hard_positive,email,hard,pair_1_pos
REQ-577099 | בדוח משאבי האנוש מופיעים נתוני השכר של אורן אברהם עבור חודש מרץ.,1,LEAK,diverse_positive,ticket,hard,div_pos_47
לתיעוד פנימי: הצוות דן בהשקת פרויקט נוגה ביום 2/12/2026.,0,NON_LEAK,paired_hard_negative,memo,hard,pair_4_neg
HR-872235 | הפגישה עם מנהל אבטחת מידע תתקיים ביום ראשון בהרצליה.,0,NON_LEAK,diverse_negative,ticket,hard,div_neg_58
"בדיקה: במסמך המצורף אין מידע אישי, רק סיכום משימות והחלטות.",0,NON_LEAK,diverse_negative,chat,hard,div_neg_28
שולח: שם העובד שירה אברהם מופיע במצגת הפנימית ללא פרטים נוספים.,0,NON_LEAK,diverse_negative,chat,medium,div_neg_20
"נושא - מעקב
מספר הקריאה הוא REQ-862999 ויש לעקוב אחריו מול כספים",0,NON_LEAK,diverse_negative,email,hard,div_neg_49
תזכורת: בדוח הלקוח מופיע איש קשר בשם משה אוחנה,0,NON_LEAK,paired_hard_negative,chat,hard,pair_3_neg
"לתיעוד פנימי: במסמך המצורף אין מידע אישי, רק סיכום משימות והחלטות.",0,NON_LEAK,diverse_negative,memo,hard,div_neg_9
"נושא: בקשה
הקובץ מכיל שם משתמש, סיסמה וגישה לסביבת הייצור. תודה",1,LEAK,diverse_positive,email,hard,div_pos_9
לתיעוד פנימי: הפגישה עם טל אוחנה נקבעה ל24/9/2026 בפתח תקווה. תודה,0,NON_LEAK,paired_hard_negative,memo,hard,pair_2_neg
"לתיעוד פנימי: במסמך המצורף אין מידע אישי, רק סיכום משימות והחלטות.",0,NON_LEAK,diverse_negative,memo,hard,div_neg_4
סיכום פגישה: בדוח הלקוח מופיע איש קשר בשם איתי פרץ יחד עם כתובת המייל itay.peretz@gmail.com.,1,LEAK,paired_hard_positive,meeting_note,hard,pair_3_pos
"מתוך הדוח: הלקוח ביקש עדכון על הפרויקט, אבל לא נשלחו פרטי קשר או מזהים.",0,NON_LEAK,diverse_negative,report,hard,div_neg_15
"נושא: בקשה
בדוח מופיע רק שם החברה בזק ותאריך יעד 11/12/2026, ללא מידע אישי.",0,NON_LEAK,diverse_negative,email,hard,div_neg_58
HR-535142 | בדשבורד הציבורי מופיע סטטוס כללי של פרויקט פרויקט דרור.,0,NON_LEAK,diverse_negative,ticket,medium,div_neg_42
מתוך הדוח: הסיסמה הזמנית לחשבון של איתי פרץ היא Welcome2026! ויש להחליף אותה מיד. תודה,1,LEAK,diverse_positive,report,medium,div_pos_34
לתיעוד פנימי: הפגישה עם מנהל פיתוח תתקיים ביום ראשון בחיפה,0,NON_LEAK,diverse_negative,memo,hard,div_neg_41
לתיעוד פנימי - בדוח משאבי האנוש מופיעים נתוני השכר של רונית פרץ עבור חודש מרץ.,1,LEAK,diverse_positive,memo,hard,div_pos_25
"REQ-445463 | המסמך מזכיר את רמב""ם ואת רון חדד בהקשר אדמיניסטרטיבי.",0,NON_LEAK,paired_hard_negative,ticket,hard,pair_6_neg
"תזכורת: הפגישה עם יואב לוי נקבעה ל18/5/2026 בהרצליה, ובמסמך צורף גם הטלפון 0509505670",1,LEAK,paired_hard_positive,chat,hard,pair_2_pos
מתוך הדוח: הפגישה עם קרן אמסלם נקבעה ל27/7/2026 בנתניה,0,NON_LEAK,paired_hard_negative,report,hard,pair_2_neg
עדכון: הצוות דן בהשקת מוצר הדס ביום 17/4/2026.,0,NON_LEAK,paired_hard_negative,chat,hard,pair_4_neg
SR-001893 | הצוות דן בהשקת מודול ברק ביום 24/8/2026 במסמך מסווג פנימי שלא נועד להפצה,1,LEAK,paired_hard_positive,ticket,hard,pair_4_pos
סיכום פגישה - מספר הקריאה הוא FIN-327907 ויש לעקוב אחריו מול מכירות. תודה,0,NON_LEAK,diverse_negative,meeting_note,medium,div_neg_32
"INC-807185 | בנספח מופיעים פרטי החשבון של מאיה ביטון: דיסקונט, חשבון 5232238748",1,LEAK,diverse_positive,ticket,medium,div_pos_32
"מתוך הדוח: הלקוח ביקש עדכון על הפרויקט, אבל לא נשלחו פרטי קשר או מזהים.",0,NON_LEAK,diverse_negative,report,hard,div_neg_41
"נושא: עדכון
בדוח משאבי האנוש מופיעים נתוני השכר של רונית פרץ עבור חודש מרץ תודה",1,LEAK,diverse_positive,email,hard,div_pos_32
מתוך הדוח - בדוח משאבי האנוש מופיעים נתוני השכר של ליאור מלכה עבור חודש מרץ. תודה,1,LEAK,diverse_positive,report,medium,div_pos_3
"סיכום פגישה: בנספח מופיעים פרטי החשבון של יואב לוי: דיסקונט, חשבון 9965581660.",1,LEAK,diverse_positive,meeting_note,hard,div_pos_2
"נושא: טיפול
הצוות עבר לשלב בדיקות אינטגרציה ונדרש לעדכן סטטוס עד סוף היום.",0,NON_LEAK,diverse_negative,email,medium,div_neg_33
בדיקה: הצוות דן בהשקת פלטפורמת ארז ביום 27/4/2026,0,NON_LEAK,paired_hard_negative,chat,hard,pair_4_neg
לתיעוד פנימי: בדשבורד הציבורי מופיע סטטוס כללי של פרויקט מיזם תמר,0,NON_LEAK,diverse_negative,memo,medium,div_neg_41
"סיכום פגישה: הועבר החזר בגובה 11,527 ש""ח לחשבון 7606881157 של שירה אברהם.",1,LEAK,diverse_positive,meeting_note,hard,div_pos_23
"נושא: מעקב
בנספח מופיעים פרטי החשבון של קרן אמסלם: בנק לאומי, חשבון 7291128805",1,LEAK,diverse_positive,email,medium,div_pos_16
SR-231819 | מספר הקריאה הוא SR-788181 ויש לעקוב אחריו מול רכש,0,NON_LEAK,diverse_negative,ticket,medium,div_neg_1
"נושא: בקשה
הצוות דן בהשקת מודול ברק ביום 21/2/2026.",0,NON_LEAK,paired_hard_negative,email,hard,pair_4_neg
שולח - במצגת הופיעו שמות העובדים לצד נתוני שכר ובונוסים.,1,LEAK,paired_hard_positive,chat,hard,pair_7_pos
"HR-758900 | פרטי הקשר של שרון סעדה: מייל sharon.saada@company.co.il, טלפון 0505222196.",1,LEAK,diverse_positive,ticket,hard,div_pos_31
"נושא - טיפול
הקובץ מכיל שם משתמש, סיסמה וגישה לסביבת הייצור.",1,LEAK,diverse_positive,email,hard,div_pos_18
"נושא: בקשה
בדשבורד הציבורי מופיע סטטוס כללי של פרויקט פרויקט דרור",0,NON_LEAK,diverse_negative,email,hard,div_neg_47
מתוך הדוח - בדוח הלקוח מופיע איש קשר בשם אילן שבתאי יחד עם כתובת המייל ilan.shabtai@org.co.il.,1,LEAK,paired_hard_positive,report,hard,pair_3_pos
"HR-637763 | הועבר דוח עם רשימת לקוחות אסטרטגיים, הצעות מחיר ותנאי התקשרות.",1,LEAK,diverse_positive,ticket,medium,div_pos_5
"שולח: הועבר סיכום על אורן אברהם שעובד בAmdocs במודיעין, כולל מספר הזהות 240490689",1,LEAK,paired_hard_positive,chat,hard,pair_1_pos
"סיכום פגישה: היעד הכספי לרבעון הוא 3,603 ש""ח ולא מדובר במידע על לקוח ספציפי.",0,NON_LEAK,diverse_negative,meeting_note,hard,div_neg_17
"לתיעוד פנימי - הפגישה עם דוד כהן נקבעה ל27/1/2026 בחיפה, ובמסמך צורף גם הטלפון 0509643619.",1,LEAK,paired_hard_positive,memo,hard,pair_2_pos
"סיכום פגישה: הלקוח ביקש עדכון על הפרויקט, אבל לא נשלחו פרטי קשר או מזהים.",0,NON_LEAK,diverse_negative,meeting_note,hard,div_neg_1
עדכון: נא לשמור על סודיות: תוכנית ההשקה של מוצר הדס וקוד השם מבצע שקמה מצורפים.,1,LEAK,diverse_positive,chat,medium,div_pos_1
לתיעוד פנימי: הסיסמה הזמנית לחשבון של אילן שבתאי היא Welcome2026! ויש להחליף אותה מיד.,1,LEAK,diverse_positive,memo,hard,div_pos_4
עדכון: נא לשמור על סודיות: תוכנית ההשקה של מערכת קשת וקוד השם מבצע שקמה מצורפים. תודה,1,LEAK,diverse_positive,chat,hard,div_pos_12
"לתיעוד פנימי - הקובץ מכיל שם משתמש, סיסמה וגישה לסביבת הייצור.",1,LEAK,diverse_positive,memo,hard,div_pos_9
מתוך הדוח: הפגישה עם יעל לוי נקבעה ל15/5/2026 בבאר שבע. תודה,0,NON_LEAK,paired_hard_negative,report,hard,pair_2_neg
"נושא: עדכון
הועבר סיכום על קרן אמסלם שעובד בנייס בראשון לציון, כולל מספר הזהות 742791016.",1,LEAK,paired_hard_positive,email,hard,pair_1_pos
מתוך הדוח - הסיסמה הזמנית לחשבון של ניר ביטון היא Welcome2026! ויש להחליף אותה מיד,1,LEAK,diverse_positive,report,medium,div_pos_52
תזכורת - המערכת החדשה תושק ב26/3/2026 לפי הודעה רשמית שפורסמה לכלל העובדים. תודה,0,NON_LEAK,diverse_negative,chat,hard,div_neg_16
"HR-664640 | בנספח מופיעים פרטי החשבון של ליאור מלכה: בנק הפועלים, חשבון 8797252814",1,LEAK,diverse_positive,ticket,medium,div_pos_38
HR-110223 | הצוות דן בהשקת מודול ברק ביום 2/6/2026.,0,NON_LEAK,paired_hard_negative,ticket,hard,pair_4_neg
בדיקה: המסמך מזכיר את שיבא ואת הילה חדד בהקשר אדמיניסטרטיבי.,0,NON_LEAK,paired_hard_negative,chat,hard,pair_6_neg
"נושא: טיפול
הסיסמה הזמנית לחשבון של הילה חדד היא Welcome2026! ויש להחליף אותה מיד. תודה",1,LEAK,diverse_positive,email,medium,div_pos_14
"SR-758269 | הועבר החזר בגובה 17,207 ש""ח לחשבון 6081068683 של נועה מזרחי.",1,LEAK,diverse_positive,ticket,hard,div_pos_24
לתיעוד פנימי: הצוות דן בהשקת מערכת קשת ביום 13/9/2026 במסמך מסווג פנימי שלא נועד להפצה.,1,LEAK,paired_hard_positive,memo,hard,pair_4_pos
"נושא: בקשה
המסמך מזכיר את סורוקה ואת הילה חדד וכולל גם אבחנה של אסתמה.",1,LEAK,paired_hard_positive,email,hard,pair_6_pos
"נושא - בקשה
הצוות דן בהשקת מודול ברק ביום 13/2/2026 במסמך מסווג פנימי שלא נועד להפצה.",1,LEAK,paired_hard_positive,email,hard,pair_4_pos
לתיעוד פנימי: הצוות דן בהשקת פלטפורמת ארז ביום 24/7/2026. תודה,0,NON_LEAK,paired_hard_negative,memo,hard,pair_4_neg
בדיקה: שם העובד דוד כהן מופיע במצגת הפנימית ללא פרטים נוספים,0,NON_LEAK,diverse_negative,chat,hard,div_neg_39
מתוך הדוח: במצגת הופיעו שמות העובדים לצד נתוני שכר ובונוסים.,1,LEAK,paired_hard_positive,report,hard,pair_7_pos
תזכורת: בדוח משאבי האנוש מופיעים נתוני השכר של עדי שלום עבור חודש מרץ.,1,LEAK,diverse_positive,chat,hard,div_pos_53
מתוך הדוח: במצגת הופיעו שמות העובדים לצד נתוני שכר ובונוסים.,1,LEAK,paired_hard_positive,report,hard,pair_7_pos
עדכון: הועבר סיכום על נועה מזרחי שעובד בגוגל ישראל בראשון לציון.,0,NON_LEAK,paired_hard_negative,chat,hard,pair_1_neg
מתוך הדוח: בדוח הלקוח מופיע איש קשר בשם אילן שבתאי יחד עם כתובת המייל ilan.shabtai@mail.com.,1,LEAK,paired_hard_positive,report,hard,pair_3_pos
עדכון: בדוח הלקוח מופיע איש קשר בשם מאיה ביטון,0,NON_LEAK,paired_hard_negative,chat,hard,pair_3_neg
לתיעוד פנימי: בדוח הלקוח מופיע איש קשר בשם עדי שלום.,0,NON_LEAK,paired_hard_negative,memo,hard,pair_3_neg
מתוך הדוח - שם העובד מאיה ביטון מופיע במצגת הפנימית ללא פרטים נוספים. תודה,0,NON_LEAK,diverse_negative,report,hard,div_neg_20
מתוך הדוח - הועבר סיכום על קרן אמסלם שעובד בשופרסל ברעננה.,0,NON_LEAK,paired_hard_negative,report,hard,pair_1_neg
סיכום פגישה: יש לעדכן את טבלת ההזמנות עם חשבון הבנק 2778801247 של יעל לוי.,1,LEAK,paired_hard_positive,meeting_note,hard,pair_5_pos
סיכום פגישה: בדוח הלקוח מופיע איש קשר בשם משה אוחנה יחד עם כתובת המייל moshe.ohana@mail.com.,1,LEAK,paired_hard_positive,meeting_note,hard,pair_3_pos
"נושא: מעקב
בדוח הלקוח מופיע איש קשר בשם משה אוחנה יחד עם כתובת המייל moshe.ohana@example.co.il.",1,LEAK,paired_hard_positive,email,hard,pair_3_pos
"נושא: בקשה
יש לעדכן את טבלת ההזמנות עם מזהה פנימי 8678763216",0,NON_LEAK,paired_hard_negative,email,hard,pair_5_neg
לתיעוד פנימי: במצגת הופיעו שמות העובדים לצד נתוני שכר ובונוסים. תודה,1,LEAK,paired_hard_positive,memo,hard,pair_7_pos
"נושא - בקשה
בנספח מופיעים פרטי החשבון של קרן אמסלם - בנק לאומי, חשבון 3319622594.",1,LEAK,diverse_positive,email,medium,div_pos_6
שולח: הצוות עבר לשלב בדיקות אינטגרציה ונדרש לעדכן סטטוס עד סוף היום.,0,NON_LEAK,diverse_negative,chat,medium,div_neg_10
SR-902174 | בדוח משאבי האנוש מופיעים נתוני השכר של אלון מלכה עבור חודש מרץ,1,LEAK,diverse_positive,ticket,medium,div_pos_43
"נושא: עדכון
הקובץ מכיל שם משתמש, סיסמה וגישה לסביבת הייצור.",1,LEAK,diverse_positive,email,hard,div_pos_43
מתוך הדוח: המסמך מזכיר את אסותא ואת קרן אמסלם וכולל גם אבחנה של סוכרת.,1,LEAK,paired_hard_positive,report,hard,pair_6_pos
מתוך הדוח: לצורך זיהוי מול הספק הועבר מספר הזהות של הילה חדד: 110879927.,1,LEAK,diverse_positive,report,hard,div_pos_5
"נושא: מעקב
בדוח משאבי האנוש מופיעים נתוני השכר של ליאור מלכה עבור חודש מרץ.",1,LEAK,diverse_positive,email,medium,div_pos_34
"נושא: בקשה
הועבר סיכום על דנה דנינו שעובד בבזק ברעננה",0,NON_LEAK,paired_hard_negative,email,hard,pair_1_neg
סיכום פגישה: בדוח הלקוח מופיע איש קשר בשם אלון מלכה יחד עם כתובת המייל alon.malka@outlook.com.,1,LEAK,paired_hard_positive,meeting_note,hard,pair_3_pos
"נושא: מעקב
הועבר סיכום על איתי פרץ שעובד ברפאל בהרצליה.",0,NON_LEAK,paired_hard_negative,email,hard,pair_1_neg
סיכום פגישה: בדשבורד הציבורי מופיע סטטוס כללי של פרויקט מבצע שקמה,0,NON_LEAK,diverse_negative,meeting_note,medium,div_neg_51
מתוך הדוח: המערכת החדשה תושק ב15/10/2026 לפי הודעה רשמית שפורסמה לכלל העובדים,0,NON_LEAK,diverse_negative,report,medium,div_neg_38
"נושא: בקשה
יש לעדכן את טבלת ההזמנות עם מזהה פנימי 3786950811",0,NON_LEAK,paired_hard_negative,email,hard,pair_5_neg
"סיכום פגישה: פרטי הקשר של הילה חדד: מייל hila.hadad@example.co.il, טלפון 0568824572.",1,LEAK,diverse_positive,meeting_note,medium,div_pos_46
"מתוך הדוח: בדוח מופיע רק שם החברה שטראוס ותאריך יעד 26/11/2026, ללא מידע אישי.",0,NON_LEAK,diverse_negative,report,hard,div_neg_10
לתיעוד פנימי: נא לשמור על סודיות: תוכנית ההשקה של פרויקט נוגה וקוד השם תוכנית רימון מצורפים.,1,LEAK,diverse_positive,memo,hard,div_pos_54
לתיעוד פנימי: המערכת החדשה תושק ב8/5/2026 לפי הודעה רשמית שפורסמה לכלל העובדים,0,NON_LEAK,diverse_negative,memo,medium,div_neg_38
מתוך הדוח: יש לעדכן את טבלת ההזמנות עם חשבון הבנק 9574625446 של עדי שלום,1,LEAK,paired_hard_positive,report,hard,pair_5_pos
"נושא: בקשה
המסמך מזכיר את אסותא ואת יואב לוי בהקשר אדמיניסטרטיבי.",0,NON_LEAK,paired_hard_negative,email,hard,pair_6_neg
"עדכון: הפגישה עם ליאור מלכה נקבעה ל6/7/2026 בחיפה, ובמסמך צורף גם הטלפון 0593817192 תודה",1,LEAK,paired_hard_positive,chat,hard,pair_2_pos
"REQ-046055 | הפגישה עם סמנכ""לית כספים תתקיים ביום ראשון בתל אביב.",0,NON_LEAK,diverse_negative,ticket,medium,div_neg_13
לתיעוד פנימי: במצגת הופיעו שמות העובדים לצד נתוני שכר ובונוסים.,1,LEAK,paired_hard_positive,memo,hard,pair_7_pos
לתיעוד פנימי: יש לעדכן את טבלת ההזמנות עם חשבון הבנק 8581745539 של דנה דנינו.,1,LEAK,paired_hard_positive,memo,hard,pair_5_pos
מתוך הדוח: הועבר סיכום על נועה מזרחי שעובד בקופת חולים כללית בחיפה.,0,NON_LEAK,paired_hard_negative,report,hard,pair_1_neg
"SR-569589 | בנספח מופיעים פרטי החשבון של יואב לוי: דיסקונט, חשבון 7456920697.",1,LEAK,diverse_positive,ticket,hard,div_pos_49
לתיעוד פנימי: בדוח הלקוח מופיע איש קשר בשם קרן אמסלם יחד עם כתובת המייל keren.amsalem@gmail.com.,1,LEAK,paired_hard_positive,memo,hard,pair_3_pos
סיכום פגישה: לצורך זיהוי מול הספק הועבר מספר הזהות של מיכל כהן: 552574931,1,LEAK,diverse_positive,meeting_note,hard,div_pos_37
סיכום פגישה: הצוות דן בהשקת מודול ברק ביום 21/4/2026.,0,NON_LEAK,paired_hard_negative,meeting_note,hard,pair_4_neg
HR-693827 | נא לשמור על סודיות: תוכנית ההשקה של מודול ברק וקוד השם פרויקט ברוש מצורפים. תודה,1,LEAK,diverse_positive,ticket,hard,div_pos_53
"לתיעוד פנימי: פרטי הקשר של טל אוחנה: מייל tal.ohana@mail.com, טלפון 0581979332.",1,LEAK,diverse_positive,memo,hard,div_pos_29
"תזכורת: בנספח מופיעים פרטי החשבון של יעל לוי: בנק הפועלים, חשבון 9167896538.",1,LEAK,diverse_positive,chat,hard,div_pos_3
סיכום פגישה: המסמך מזכיר את סורוקה ואת משה אוחנה בהקשר אדמיניסטרטיבי,0,NON_LEAK,paired_hard_negative,meeting_note,hard,pair_6_neg
"לתיעוד פנימי - הלקוח ביקש עדכון על הפרויקט, אבל לא נשלחו פרטי קשר או מזהים.",0,NON_LEAK,diverse_negative,memo,hard,div_neg_0
"נושא - מעקב
בדוח שהגיע מרמב""ם מופיעים פרטי טיפול של עדי שלום.",1,LEAK,diverse_positive,email,medium,div_pos_39
"SR-532809 | בדוח מופיע רק שם החברה אינטל ותאריך יעד 15/5/2026, ללא מידע אישי. תודה",0,NON_LEAK,diverse_negative,ticket,hard,div_neg_37
סיכום פגישה: המערכת החדשה תושק ב11/1/2026 לפי הודעה רשמית שפורסמה לכלל העובדים.,0,NON_LEAK,diverse_negative,meeting_note,hard,div_neg_56
"נושא: עדכון
מספר הקריאה הוא HR-784947 ויש לעקוב אחריו מול שירות לקוחות.",0,NON_LEAK,diverse_negative,email,medium,div_neg_5
"מתוך הדוח: במסמך המצורף אין מידע אישי, רק סיכום משימות והחלטות.",0,NON_LEAK,diverse_negative,report,medium,div_neg_59
מתוך הדוח: במצגת הופיעו שמות העובדים לצורך חלוקת משימות.,0,NON_LEAK,paired_hard_negative,report,hard,pair_7_neg
מתוך הדוח: בדשבורד הציבורי מופיע סטטוס כללי של פרויקט מיזם תמר.,0,NON_LEAK,diverse_negative,report,hard,div_neg_55
"מתוך הדוח - פרטי הקשר של ליאור מלכה - מייל lior.malka@org.co.il, טלפון 0560514590. תודה",1,LEAK,diverse_positive,report,medium,div_pos_35
"FIN-671784 | הלקוח ביקש עדכון על הפרויקט, אבל לא נשלחו פרטי קשר או מזהים.",0,NON_LEAK,diverse_negative,ticket,hard,div_neg_14
שולח - שם העובד טל אוחנה מופיע במצגת הפנימית ללא פרטים נוספים.,0,NON_LEAK,diverse_negative,chat,hard,div_neg_34
מתוך הדוח - הפגישה עם חשב שכר תתקיים ביום ראשון בבאר שבע.,0,NON_LEAK,diverse_negative,report,hard,div_neg_0
"סיכום פגישה - הועבר החזר בגובה 14,123 ש""ח לחשבון 7449706885 של ליאור מלכה.",1,LEAK,diverse_positive,meeting_note,medium,div_pos_4
"לתיעוד פנימי: הפגישה עם סמנכ""לית כספים תתקיים ביום ראשון במודיעין. תודה",0,NON_LEAK,diverse_negative,memo,medium,div_neg_38
"לתיעוד פנימי: הקובץ מכיל שם משתמש, סיסמה וגישה לסביבת הייצור.",1,LEAK,diverse_positive,memo,hard,div_pos_56
"נושא - בקשה
מספר הקריאה הוא HR-093879 ויש לעקוב אחריו מול כספים",0,NON_LEAK,diverse_negative,email,hard,div_neg_19
תזכורת: הצוות דן בהשקת שירות אביב ביום 27/9/2026 במסמך מסווג פנימי שלא נועד להפצה,1,LEAK,paired_hard_positive,chat,hard,pair_4_pos
שולח: בדוח הלקוח מופיע איש קשר בשם עמית אלקיים יחד עם כתובת המייל amit.elkayim@company.co.il.,1,LEAK,paired_hard_positive,chat,hard,pair_3_pos
"תזכורת - הועבר דוח עם רשימת לקוחות אסטרטגיים, הצעות מחיר ותנאי התקשרות.",1,LEAK,diverse_positive,chat,hard,div_pos_20
INC-866097 | הפגישה עם ראש צוות תתקיים ביום ראשון בנתניה.,0,NON_LEAK,diverse_negative,ticket,hard,div_neg_43
לתיעוד פנימי - בדוח משאבי האנוש מופיעים נתוני השכר של אורן אברהם עבור חודש מרץ.,1,LEAK,diverse_positive,memo,hard,div_pos_54
עדכון - הועבר סיכום על אלון מלכה שעובד באלביט באשדוד. תודה,0,NON_LEAK,paired_hard_negative,chat,hard,pair_1_neg
"נושא - בקשה
הפגישה עם יעל לוי נקבעה ל15/6/2026 בירושלים",0,NON_LEAK,paired_hard_negative,email,hard,pair_2_neg
סיכום פגישה: הצוות דן בהשקת פלטפורמת ארז ביום 2/8/2026. תודה,0,NON_LEAK,paired_hard_negative,meeting_note,hard,pair_4_neg
"בדיקה: הלקוח ביקש עדכון על הפרויקט, אבל לא נשלחו פרטי קשר או מזהים.",0,NON_LEAK,diverse_negative,chat,hard,div_neg_29
"נושא: טיפול
בנספח מופיעים פרטי החשבון של הילה חדד: דיסקונט, חשבון 5937575329. תודה",1,LEAK,diverse_positive,email,hard,div_pos_50
"שולח: במסמך המצורף אין מידע אישי, רק סיכום משימות והחלטות. תודה",0,NON_LEAK,diverse_negative,chat,hard,div_neg_6
תזכורת: הצוות דן בהשקת מערכת קשת ביום 14/4/2026.,0,NON_LEAK,paired_hard_negative,chat,hard,pair_4_neg
"נושא - מעקב
במסמך המצורף אין מידע אישי, רק סיכום משימות והחלטות. תודה",0,NON_LEAK,diverse_negative,email,hard,div_neg_47
"לתיעוד פנימי: בדוח מופיע רק שם החברה רפאל ותאריך יעד 11/11/2026, ללא מידע אישי",0,NON_LEAK,diverse_negative,memo,hard,div_neg_26
"נושא: בקשה
הועבר החזר בגובה 18,278 ש""ח לחשבון 8692937653 של רון חדד",1,LEAK,diverse_positive,email,medium,div_pos_31
מתוך הדוח: לצורך זיהוי מול הספק הועבר מספר הזהות של קרן אמסלם: 856652224.,1,LEAK,diverse_positive,report,medium,div_pos_13
סיכום פגישה: בדשבורד הציבורי מופיע סטטוס כללי של פרויקט תוכנית רימון. תודה,0,NON_LEAK,diverse_negative,meeting_note,hard,div_neg_17
לתיעוד פנימי: שם העובד הילה חדד מופיע במצגת הפנימית ללא פרטים נוספים.,0,NON_LEAK,diverse_negative,memo,hard,div_neg_16
תזכורת - יש לעדכן את טבלת ההזמנות עם חשבון הבנק 6806584104 של אלון מלכה.,1,LEAK,paired_hard_positive,chat,hard,pair_5_pos
"סיכום פגישה: המסמך מזכיר את רמב""ם ואת יואב לוי בהקשר אדמיניסטרטיבי.",0,NON_LEAK,paired_hard_negative,meeting_note,hard,pair_6_neg
"בדיקה: הלקוח ביקש עדכון על הפרויקט, אבל לא נשלחו פרטי קשר או מזהים",0,NON_LEAK,diverse_negative,chat,hard,div_neg_26
סיכום פגישה: במצגת הופיעו שמות העובדים לצד נתוני שכר ובונוסים. תודה,1,LEAK,paired_hard_positive,meeting_note,hard,pair_7_pos
לתיעוד פנימי: מספר הקריאה הוא REQ-096763 ויש לעקוב אחריו מול אבטחת מידע,0,NON_LEAK,diverse_negative,memo,medium,div_neg_11
REQ-434428 | בדוח שהגיע משיבא מופיעים פרטי טיפול של שירה אברהם. תודה,1,LEAK,diverse_positive,ticket,hard,div_pos_31
סיכום פגישה: בדוח משאבי האנוש מופיעים נתוני השכר של אלון מלכה עבור חודש מרץ,1,LEAK,diverse_positive,meeting_note,medium,div_pos_48
מתוך הדוח: המערכת החדשה תושק ב10/6/2026 לפי הודעה רשמית שפורסמה לכלל העובדים,0,NON_LEAK,diverse_negative,report,hard,div_neg_50
"נושא: בקשה
הצוות דן בהשקת מערכת קשת ביום 25/6/2026 במסמך מסווג פנימי שלא נועד להפצה.",1,LEAK,paired_hard_positive,email,hard,pair_4_pos
INC-733166 | לצורך זיהוי מול הספק הועבר מספר הזהות של משה אוחנה: 774239182. תודה,1,LEAK,diverse_positive,ticket,medium,div_pos_34
לתיעוד פנימי: הצוות דן בהשקת מוצר הדס ביום 15/11/2026,0,NON_LEAK,paired_hard_negative,memo,hard,pair_4_neg
"לתיעוד פנימי - הפגישה עם שרון סעדה נקבעה ל25/2/2026 ברעננה, ובמסמך צורף גם הטלפון 0566856111.",1,LEAK,paired_hard_positive,memo,hard,pair_2_pos
"נושא: בקשה
בדוח מופיע רק שם החברה אינטל ותאריך יעד 8/2/2026, ללא מידע אישי.",0,NON_LEAK,diverse_negative,email,medium,div_neg_26
"HR-862481 | הלקוח ביקש עדכון על הפרויקט, אבל לא נשלחו פרטי קשר או מזהים.",0,NON_LEAK,diverse_negative,ticket,medium,div_neg_0
"נושא: מעקב
הועבר סיכום על איתי פרץ שעובד בבנק לאומי בתל אביב.",0,NON_LEAK,paired_hard_negative,email,hard,pair_1_neg
"נושא: עדכון
בדוח הלקוח מופיע איש קשר בשם איתי פרץ יחד עם כתובת המייל itay.peretz@company.co.il.",1,LEAK,paired_hard_positive,email,hard,pair_3_pos
מתוך הדוח: במצגת הופיעו שמות העובדים לצורך חלוקת משימות. תודה,0,NON_LEAK,paired_hard_negative,report,hard,pair_7_neg
"SR-613049 | הקובץ מכיל שם משתמש, סיסמה וגישה לסביבת הייצור.",1,LEAK,diverse_positive,ticket,hard,div_pos_33
HR-369012 | הסיסמה הזמנית לחשבון של עמית אלקיים היא Welcome2026! ויש להחליף אותה מיד,1,LEAK,diverse_positive,ticket,hard,div_pos_27
"נושא: טיפול
הסיסמה הזמנית לחשבון של מאיה ביטון היא Welcome2026! ויש להחליף אותה מיד.",1,LEAK,diverse_positive,email,medium,div_pos_15
"לתיעוד פנימי - בדוח מופיע רק שם החברה בזק ותאריך יעד 19/8/2026, ללא מידע אישי.",0,NON_LEAK,diverse_negative,memo,hard,div_neg_5
מתוך הדוח: הפגישה עם חשב שכר תתקיים ביום ראשון בבאר שבע,0,NON_LEAK,diverse_negative,report,medium,div_neg_3
מתוך הדוח: שם העובד קרן אמסלם מופיע במצגת הפנימית ללא פרטים נוספים. תודה,0,NON_LEAK,diverse_negative,report,hard,div_neg_55
לתיעוד פנימי: הצוות דן בהשקת מוצר אופק ביום 22/2/2026. תודה,0,NON_LEAK,paired_hard_negative,memo,hard,pair_4_neg
"מתוך הדוח: הפגישה עם ליאור מלכה נקבעה ל28/1/2026 ברעננה, ובמסמך צורף גם הטלפון 0524399822.",1,LEAK,paired_hard_positive,report,hard,pair_2_pos
"סיכום פגישה: במסמך המצורף אין מידע אישי, רק סיכום משימות והחלטות.",0,NON_LEAK,diverse_negative,meeting_note,medium,div_neg_19
"נושא - עדכון
הצוות עבר לשלב בדיקות אינטגרציה ונדרש לעדכן סטטוס עד סוף היום.",0,NON_LEAK,diverse_negative,email,medium,div_neg_28
"נושא: בקשה
הפגישה עם משה אוחנה נקבעה ל10/6/2026 בירושלים.",0,NON_LEAK,paired_hard_negative,email,hard,pair_2_neg
מתוך הדוח - בדוח משאבי האנוש מופיעים נתוני השכר של יואב לוי עבור חודש מרץ.,1,LEAK,diverse_positive,report,hard,div_pos_28
"לתיעוד פנימי - הועבר דוח עם רשימת לקוחות אסטרטגיים, הצעות מחיר ותנאי התקשרות",1,LEAK,diverse_positive,memo,hard,div_pos_34
"סיכום פגישה: הועבר סיכום על ליאור מלכה שעובד בשטראוס בבאר שבע, כולל מספר הזהות 369557549.",1,LEAK,paired_hard_positive,meeting_note,hard,pair_1_pos
מתוך הדוח: בדוח הלקוח מופיע איש קשר בשם דנה דנינו.,0,NON_LEAK,paired_hard_negative,report,hard,pair_3_neg
מתוך הדוח - במצגת הופיעו שמות העובדים לצורך חלוקת משימות. תודה,0,NON_LEAK,paired_hard_negative,report,hard,pair_7_neg
INC-195863 | בדשבורד הציבורי מופיע סטטוס כללי של פרויקט פרויקט דרור.,0,NON_LEAK,diverse_negative,ticket,medium,div_neg_50
"נושא - עדכון
היעד הכספי לרבעון הוא 25,237 ש""ח ולא מדובר במידע על לקוח ספציפי.",0,NON_LEAK,diverse_negative,email,hard,div_neg_23
שולח: הסיסמה הזמנית לחשבון של קרן אמסלם היא Welcome2026! ויש להחליף אותה מיד,1,LEAK,diverse_positive,chat,medium,div_pos_43
עדכון: במצגת הופיעו שמות העובדים לצד נתוני שכר ובונוסים.,1,LEAK,paired_hard_positive,chat,hard,pair_7_pos
"לתיעוד פנימי - הועבר החזר בגובה 9,045 ש""ח לחשבון 7498102504 של נועה מזרחי.",1,LEAK,diverse_positive,memo,hard,div_pos_19
HR-668966 | המערכת החדשה תושק ב18/10/2026 לפי הודעה רשמית שפורסמה לכלל העובדים,0,NON_LEAK,diverse_negative,ticket,hard,div_neg_45
מתוך הדוח - הצוות דן בהשקת מוצר הדס ביום 8/3/2026.,0,NON_LEAK,paired_hard_negative,report,hard,pair_4_neg
לתיעוד פנימי: הצוות עבר לשלב בדיקות אינטגרציה ונדרש לעדכן סטטוס עד סוף היום.,0,NON_LEAK,diverse_negative,memo,hard,div_neg_14
מתוך הדוח - המסמך מזכיר את סורוקה ואת רונית פרץ בהקשר אדמיניסטרטיבי,0,NON_LEAK,paired_hard_negative,report,hard,pair_6_neg
בדיקה: מספר הקריאה הוא REQ-986993 ויש לעקוב אחריו מול כספים.,0,NON_LEAK,diverse_negative,chat,medium,div_neg_26
מתוך הדוח: במצגת הופיעו שמות העובדים לצורך חלוקת משימות,0,NON_LEAK,paired_hard_negative,report,hard,pair_7_neg
INC-043545 | בדוח הלקוח מופיע איש קשר בשם רון חדד יחד עם כתובת המייל ron.hadad@mail.com. תודה,1,LEAK,paired_hard_positive,ticket,hard,pair_3_pos
"נושא: עדכון
פרטי הקשר של דנה דנינו: מייל dana.danino@org.co.il, טלפון 0519790113.",1,LEAK,diverse_positive,email,hard,div_pos_58
"SR-871982 | הפגישה עם הילה חדד נקבעה ל5/7/2026 בראשון לציון, ובמסמך צורף גם הטלפון 0580528792.",1,LEAK,paired_hard_positive,ticket,hard,pair_2_pos
"מתוך הדוח: הועבר דוח עם רשימת לקוחות אסטרטגיים, הצעות מחיר ותנאי התקשרות. תודה",1,LEAK,diverse_positive,report,hard,div_pos_40
"בדיקה: היעד הכספי לרבעון הוא 33,898 ש""ח ולא מדובר במידע על לקוח ספציפי",0,NON_LEAK,diverse_negative,chat,hard,div_neg_42
לתיעוד פנימי: נא לשמור על סודיות: תוכנית ההשקה של מוצר אופק וקוד השם מבצע שקמה מצורפים,1,LEAK,diverse_positive,memo,medium,div_pos_3
"נושא - מעקב
הועבר דוח עם רשימת לקוחות אסטרטגיים, הצעות מחיר ותנאי התקשרות.",1,LEAK,diverse_positive,email,medium,div_pos_10
FIN-219728 | לצורך זיהוי מול הספק הועבר מספר הזהות של אורן אברהם: 581096330.,1,LEAK,diverse_positive,ticket,hard,div_pos_13
"עדכון: הקובץ מכיל שם משתמש, סיסמה וגישה לסביבת הייצור",1,LEAK,diverse_positive,chat,hard,div_pos_15
INC-795237 | במצגת הופיעו שמות העובדים לצד נתוני שכר ובונוסים תודה,1,LEAK,paired_hard_positive,ticket,hard,pair_7_pos
סיכום פגישה: בדוח הלקוח מופיע איש קשר בשם איתי פרץ.,0,NON_LEAK,paired_hard_negative,meeting_note,hard,pair_3_neg
"עדכון: הועבר סיכום על ליאור מלכה שעובד באלביט בראשון לציון, כולל מספר הזהות 355652049.",1,LEAK,paired_hard_positive,chat,hard,pair_1_pos
לתיעוד פנימי - הצוות עבר לשלב בדיקות אינטגרציה ונדרש לעדכן סטטוס עד סוף היום. תודה,0,NON_LEAK,diverse_negative,memo,medium,div_neg_14
לתיעוד פנימי: הצוות דן בהשקת גרסה 4.2 ביום 2/9/2026. תודה,0,NON_LEAK,paired_hard_negative,memo,hard,pair_4_neg
REQ-350949 | הצוות דן בהשקת מוצר אופק ביום 22/11/2026 במסמך מסווג פנימי שלא נועד להפצה,1,LEAK,paired_hard_positive,ticket,hard,pair_4_pos
לתיעוד פנימי: יש לעדכן את טבלת ההזמנות עם חשבון הבנק 7250801201 של אילן שבתאי.,1,LEAK,paired_hard_positive,memo,hard,pair_5_pos
תזכורת: בדוח שהגיע מסורוקה מופיעים פרטי טיפול של ליאור מלכה.,1,LEAK,diverse_positive,chat,hard,div_pos_46
"נושא: עדכון
המסמך מזכיר את סורוקה ואת אילן שבתאי וכולל גם אבחנה של סוכרת. תודה",1,LEAK,paired_hard_positive,email,hard,pair_6_pos
עדכון: המסמך מזכיר את אסותא ואת עדי שלום בהקשר אדמיניסטרטיבי.,0,NON_LEAK,paired_hard_negative,chat,hard,pair_6_neg
"נושא - מעקב
הצוות דן בהשקת מוצר אופק ביום 19/2/2026 במסמך מסווג פנימי שלא נועד להפצה.",1,LEAK,paired_hard_positive,email,hard,pair_4_pos
סיכום פגישה: הצוות דן בהשקת שירות אביב ביום 24/4/2026.,0,NON_LEAK,paired_hard_negative,meeting_note,hard,pair_4_neg
לתיעוד פנימי: הפגישה עם דוד כהן נקבעה ל22/9/2026 בירושלים.,0,NON_LEAK,paired_hard_negative,memo,hard,pair_2_neg
סיכום פגישה: הצוות דן בהשקת פלטפורמת ארז ביום 8/2/2026 במסמך מסווג פנימי שלא נועד להפצה.,1,LEAK,paired_hard_positive,meeting_note,hard,pair_4_pos
סיכום פגישה: מספר הקריאה הוא REQ-546671 ויש לעקוב אחריו מול מכירות,0,NON_LEAK,diverse_negative,meeting_note,medium,div_neg_5
"שולח: הועבר דוח עם רשימת לקוחות אסטרטגיים, הצעות מחיר ותנאי התקשרות.",1,LEAK,diverse_positive,chat,hard,div_pos_45
סיכום פגישה: המערכת החדשה תושק ב26/8/2026 לפי הודעה רשמית שפורסמה לכלל העובדים,0,NON_LEAK,diverse_negative,meeting_note,medium,div_neg_29
"סיכום פגישה: במסמך המצורף אין מידע אישי, רק סיכום משימות והחלטות.",0,NON_LEAK,diverse_negative,meeting_note,medium,div_neg_56
סיכום פגישה: הפגישה עם דנה דנינו נקבעה ל18/5/2026 בפתח תקווה.,0,NON_LEAK,paired_hard_negative,meeting_note,hard,pair_2_neg
"עדכון: הועבר החזר בגובה 30,437 ש""ח לחשבון 5841899505 של אורן אברהם.",1,LEAK,diverse_positive,chat,hard,div_pos_17
"בדיקה: הועבר סיכום על שרון סעדה שעובד באלביט בפתח תקווה, כולל מספר הזהות 856042827. תודה",1,LEAK,paired_hard_positive,chat,hard,pair_1_pos
REQ-345985 | הפגישה עם מנהל פיתוח תתקיים ביום ראשון בפתח תקווה,0,NON_LEAK,diverse_negative,ticket,medium,div_neg_46
"נושא - עדכון
במצגת הופיעו שמות העובדים לצד נתוני שכר ובונוסים.",1,LEAK,paired_hard_positive,email,hard,pair_7_pos
"מתוך הדוח - המסמך מזכיר את רמב""ם ואת משה אוחנה בהקשר אדמיניסטרטיבי. תודה",0,NON_LEAK,paired_hard_negative,report,hard,pair_6_neg
SR-556735 | בדוח הלקוח מופיע איש קשר בשם יעל לוי. תודה,0,NON_LEAK,paired_hard_negative,ticket,hard,pair_3_neg
"תזכורת: הועבר דוח עם רשימת לקוחות אסטרטגיים, הצעות מחיר ותנאי התקשרות.",1,LEAK,diverse_positive,chat,hard,div_pos_48
בדיקה: לצורך זיהוי מול הספק הועבר מספר הזהות של עדי שלום: 704377737.,1,LEAK,diverse_positive,chat,medium,div_pos_28
לתיעוד פנימי: בדוח הלקוח מופיע איש קשר בשם נועה מזרחי יחד עם כתובת המייל noa.mizrahi@org.co.il. תודה,1,LEAK,paired_hard_positive,memo,hard,pair_3_pos
"נושא: טיפול
יש לעדכן את טבלת ההזמנות עם חשבון הבנק 2823345667 של שרון סעדה. תודה",1,LEAK,paired_hard_positive,email,hard,pair_5_pos
"לתיעוד פנימי: הפגישה עם עמית אלקיים נקבעה ל7/6/2026 בפתח תקווה, ובמסמך צורף גם הטלפון 0508873959.",1,LEAK,paired_hard_positive,memo,hard,pair_2_pos
"HR-821557 | הלקוח ביקש עדכון על הפרויקט, אבל לא נשלחו פרטי קשר או מזהים.",0,NON_LEAK,diverse_negative,ticket,medium,div_neg_13
סיכום פגישה: המערכת החדשה תושק ב20/4/2026 לפי הודעה רשמית שפורסמה לכלל העובדים.,0,NON_LEAK,diverse_negative,meeting_note,medium,div_neg_23
FIN-309177 | המסמך מזכיר את סורוקה ואת יואב לוי וכולל גם אבחנה של אלרגיה חריפה,1,LEAK,paired_hard_positive,ticket,hard,pair_6_pos
REQ-441862 | בדוח הלקוח מופיע איש קשר בשם קרן אמסלם.,0,NON_LEAK,paired_hard_negative,ticket,hard,pair_3_neg
"סיכום פגישה: היעד הכספי לרבעון הוא 40,524 ש""ח ולא מדובר במידע על לקוח ספציפי.",0,NON_LEAK,diverse_negative,meeting_note,hard,div_neg_17
"נושא: טיפול
הצוות דן בהשקת מודול ברק ביום 8/7/2026.",0,NON_LEAK,paired_hard_negative,email,hard,pair_4_neg
מתוך הדוח: שם העובד שירה אברהם מופיע במצגת הפנימית ללא פרטים נוספים.,0,NON_LEAK,diverse_negative,report,medium,div_neg_3
"מתוך הדוח: היעד הכספי לרבעון הוא 30,248 ש""ח ולא מדובר במידע על לקוח ספציפי.",0,NON_LEAK,diverse_negative,report,medium,div_neg_38
מתוך הדוח: במצגת הופיעו שמות העובדים לצד נתוני שכר ובונוסים.,1,LEAK,paired_hard_positive,report,hard,pair_7_pos
"לתיעוד פנימי: בנספח מופיעים פרטי החשבון של משה אוחנה: דיסקונט, חשבון 5269651485",1,LEAK,diverse_positive,memo,hard,div_pos_19
בדיקה: הצוות דן בהשקת מערכת קשת ביום 21/6/2026.,0,NON_LEAK,paired_hard_negative,chat,hard,pair_4_neg
"לתיעוד פנימי: בדוח מופיע רק שם החברה נייס ותאריך יעד 1/10/2026, ללא מידע אישי. תודה",0,NON_LEAK,diverse_negative,memo,medium,div_neg_3
"לתיעוד פנימי: במסמך המצורף אין מידע אישי, רק סיכום משימות והחלטות.",0,NON_LEAK,diverse_negative,memo,hard,div_neg_12
"לתיעוד פנימי: הפגישה עם ליאור מלכה נקבעה ל23/6/2026 בבאר שבע, ובמסמך צורף גם הטלפון 0551086539.",1,LEAK,paired_hard_positive,memo,hard,pair_2_pos
מתוך הדוח: הצוות דן בהשקת פלטפורמת ארז ביום 19/3/2026.,0,NON_LEAK,paired_hard_negative,report,hard,pair_4_neg
מתוך הדוח: הצוות עבר לשלב בדיקות אינטגרציה ונדרש לעדכן סטטוס עד סוף היום,0,NON_LEAK,diverse_negative,report,medium,div_neg_23
מתוך הדוח: בדשבורד הציבורי מופיע סטטוס כללי של פרויקט תוכנית רימון.,0,NON_LEAK,diverse_negative,report,hard,div_neg_49
שולח - בדוח שהגיע מסורוקה מופיעים פרטי טיפול של משה אוחנה.,1,LEAK,diverse_positive,chat,hard,div_pos_14
מתוך הדוח - במצגת הופיעו שמות העובדים לצורך חלוקת משימות,0,NON_LEAK,paired_hard_negative,report,hard,pair_7_neg
מתוך הדוח: המסמך מזכיר את סורוקה ואת יעל לוי בהקשר אדמיניסטרטיבי.,0,NON_LEAK,paired_hard_negative,report,hard,pair_6_neg
"סיכום פגישה: בדוח שהגיע מרמב""ם מופיעים פרטי טיפול של הילה חדד.",1,LEAK,diverse_positive,meeting_note,hard,div_pos_38
לתיעוד פנימי: הצוות דן בהשקת גרסה 4.2 ביום 4/1/2026 במסמך מסווג פנימי שלא נועד להפצה.,1,LEAK,paired_hard_positive,memo,hard,pair_4_pos
INC-326442 | הצוות דן בהשקת מודול ברק ביום 9/1/2026.,0,NON_LEAK,paired_hard_negative,ticket,hard,pair_4_neg
לתיעוד פנימי: בדוח הלקוח מופיע איש קשר בשם אלון מלכה.,0,NON_LEAK,paired_hard_negative,memo,hard,pair_3_neg
"נושא: עדכון
היעד הכספי לרבעון הוא 3,348 ש""ח ולא מדובר במידע על לקוח ספציפי.",0,NON_LEAK,diverse_negative,email,hard,div_neg_1
לתיעוד פנימי: המסמך מזכיר את סורוקה ואת אילן שבתאי וכולל גם אבחנה של פציעת גב. תודה,1,LEAK,paired_hard_positive,memo,hard,pair_6_pos
SR-480493 | בדוח משאבי האנוש מופיעים נתוני השכר של רון חדד עבור חודש מרץ,1,LEAK,diverse_positive,ticket,medium,div_pos_58
"מתוך הדוח: הועבר דוח עם רשימת לקוחות אסטרטגיים, הצעות מחיר ותנאי התקשרות.",1,LEAK,diverse_positive,report,medium,div_pos_38
"נושא: בקשה
במסמך המצורף אין מידע אישי, רק סיכום משימות והחלטות.",0,NON_LEAK,diverse_negative,email,medium,div_neg_6
לתיעוד פנימי: בדוח הלקוח מופיע איש קשר בשם מיכל כהן יחד עם כתובת המייל michalcohen@companycoil,1,LEAK,paired_hard_positive,memo,hard,pair_3_pos
"HR-734372 | בדוח מופיע רק שם החברה סלקום ותאריך יעד 27/12/2026, ללא מידע אישי.",0,NON_LEAK,diverse_negative,ticket,medium,div_neg_36
תזכורת: הועבר סיכום על שירה אברהם שעובד בבנק לאומי בהרצליה.,0,NON_LEAK,paired_hard_negative,chat,hard,pair_1_neg
שולח: בדוח הלקוח מופיע איש קשר בשם עדי שלום.,0,NON_LEAK,paired_hard_negative,chat,hard,pair_3_neg
סיכום פגישה: הפגישה עם יעל לוי נקבעה ל10/3/2026 בירושלים,0,NON_LEAK,paired_hard_negative,meeting_note,hard,pair_2_neg
INC-375715 | הצוות דן בהשקת מוצר הדס ביום 28/2/2026 במסמך מסווג פנימי שלא נועד להפצה,1,LEAK,paired_hard_positive,ticket,hard,pair_4_pos
INC-548250 | בדוח הלקוח מופיע איש קשר בשם שרון סעדה.,0,NON_LEAK,paired_hard_negative,ticket,hard,pair_3_neg
מתוך הדוח: המערכת החדשה תושק ב13/2/2026 לפי הודעה רשמית שפורסמה לכלל העובדים.,0,NON_LEAK,diverse_negative,report,hard,div_neg_27
"נושא - מעקב
יש לעדכן את טבלת ההזמנות עם מזהה פנימי 1676049238. תודה",0,NON_LEAK,paired_hard_negative,email,hard,pair_5_neg
מתוך הדוח: בדוח משאבי האנוש מופיעים נתוני השכר של אלון מלכה עבור חודש מרץ,1,LEAK,diverse_positive,report,medium,div_pos_30
מתוך הדוח: בדוח הלקוח מופיע איש קשר בשם יואב לוי,0,NON_LEAK,paired_hard_negative,report,hard,pair_3_neg
"תזכורת: הועבר דוח עם רשימת לקוחות אסטרטגיים, הצעות מחיר ותנאי התקשרות.",1,LEAK,diverse_positive,chat,medium,div_pos_56
שולח: בדשבורד הציבורי מופיע סטטוס כללי של פרויקט פרויקט דרור. תודה,0,NON_LEAK,diverse_negative,chat,hard,div_neg_24
HR-979602 | במצגת הופיעו שמות העובדים לצד נתוני שכר ובונוסים. תודה,1,LEAK,paired_hard_positive,ticket,hard,pair_7_pos
"SR-968840 | בדוח מופיע רק שם החברה רפאל ותאריך יעד 8/1/2026, ללא מידע אישי.",0,NON_LEAK,diverse_negative,ticket,medium,div_neg_8
"לתיעוד פנימי: הפגישה עם מיכל כהן נקבעה ל17/5/2026 בתל אביב, ובמסמך צורף גם הטלפון 0596922936.",1,LEAK,paired_hard_positive,memo,hard,pair_2_pos
סיכום פגישה: בדוח משאבי האנוש מופיעים נתוני השכר של דנה דנינו עבור חודש מרץ.,1,LEAK,diverse_positive,meeting_note,hard,div_pos_19
מתוך הדוח: במצגת הופיעו שמות העובדים לצד נתוני שכר ובונוסים.,1,LEAK,paired_hard_positive,report,hard,pair_7_pos
מתוך הדוח: לצורך זיהוי מול הספק הועבר מספר הזהות של ניר ביטון: 325527864.,1,LEAK,diverse_positive,report,medium,div_pos_45
"סיכום פגישה: הועבר דוח עם רשימת לקוחות אסטרטגיים, הצעות מחיר ותנאי התקשרות.",1,LEAK,diverse_positive,meeting_note,medium,div_pos_21
מתוך הדוח: הצוות עבר לשלב בדיקות אינטגרציה ונדרש לעדכן סטטוס עד סוף היום.,0,NON_LEAK,diverse_negative,report,medium,div_neg_3
HR-955484 | בדוח הלקוח מופיע איש קשר בשם דוד כהן,0,NON_LEAK,paired_hard_negative,ticket,hard,pair_3_neg
"סיכום פגישה: הועבר סיכום על עמית אלקיים שעובד בקופת חולים כללית בראשון לציון, כולל מספר הזהות 705839794.",1,LEAK,paired_hard_positive,meeting_note,hard,pair_1_pos
לתיעוד פנימי: בדוח משאבי האנוש מופיעים נתוני השכר של עמית אלקיים עבור חודש מרץ. תודה,1,LEAK,diverse_positive,memo,medium,div_pos_32
FIN-615614 | יש לעדכן את טבלת ההזמנות עם חשבון הבנק 2483786581 של אלון מלכה.,1,LEAK,paired_hard_positive,ticket,hard,pair_5_pos
"שולח: בנספח מופיעים פרטי החשבון של רון חדד: בנק לאומי, חשבון 4978820382.",1,LEAK,diverse_positive,chat,medium,div_pos_46
לתיעוד פנימי: יש לעדכן את טבלת ההזמנות עם מזהה פנימי 8947696802.,0,NON_LEAK,paired_hard_negative,memo,hard,pair_5_neg
"נושא - טיפול
הסיסמה הזמנית לחשבון של יעל לוי היא Welcome2026! ויש להחליף אותה מיד.",1,LEAK,diverse_positive,email,hard,div_pos_24
תזכורת - שם העובד עדי שלום מופיע במצגת הפנימית ללא פרטים נוספים,0,NON_LEAK,diverse_negative,chat,medium,div_neg_20
מתוך הדוח: הצוות עבר לשלב בדיקות אינטגרציה ונדרש לעדכן סטטוס עד סוף היום.,0,NON_LEAK,diverse_negative,report,medium,div_neg_12
סיכום פגישה - יש לעדכן את טבלת ההזמנות עם חשבון הבנק 0585505756 של דנה דנינו.,1,LEAK,paired_hard_positive,meeting_note,hard,pair_5_pos
INC-469171 | בדוח משאבי האנוש מופיעים נתוני השכר של שרון סעדה עבור חודש מרץ.,1,LEAK,diverse_positive,ticket,medium,div_pos_59
סיכום פגישה: המערכת החדשה תושק ב13/9/2026 לפי הודעה רשמית שפורסמה לכלל העובדים,0,NON_LEAK,diverse_negative,meeting_note,medium,div_neg_16
SR-611604 | הועבר סיכום על מיכל כהן שעובד בAmdocs בנתניה.,0,NON_LEAK,paired_hard_negative,ticket,hard,pair_1_neg
"נושא: מעקב
נא לשמור על סודיות: תוכנית ההשקה של מודול ברק וקוד השם תוכנית רימון מצורפים.",1,LEAK,diverse_positive,email,hard,div_pos_0
"נושא - מעקב
הפגישה עם שירה אברהם נקבעה ל6/9/2026 בתל אביב",0,NON_LEAK,paired_hard_negative,email,hard,pair_2_neg
שולח: בדוח שהגיע מאיכילוב מופיעים פרטי טיפול של אילן שבתאי,1,LEAK,diverse_positive,chat,hard,div_pos_35
FIN-390666 | שם העובד הילה חדד מופיע במצגת הפנימית ללא פרטים נוספים.,0,NON_LEAK,diverse_negative,ticket,medium,div_neg_45
"נושא - עדכון
המסמך מזכיר את סורוקה ואת איתי פרץ וכולל גם אבחנה של אסתמה.",1,LEAK,paired_hard_positive,email,hard,pair_6_pos
SR-947204 | נא לשמור על סודיות: תוכנית ההשקה של מוצר הדס וקוד השם תוכנית רימון מצורפים.,1,LEAK,diverse_positive,ticket,hard,div_pos_45
סיכום פגישה - בדוח שהגיע משיבא מופיעים פרטי טיפול של מיכל כהן,1,LEAK,diverse_positive,meeting_note,hard,div_pos_59
"סיכום פגישה: הועבר דוח עם רשימת לקוחות אסטרטגיים, הצעות מחיר ותנאי התקשרות",1,LEAK,diverse_positive,meeting_note,medium,div_pos_25
שולח - הפגישה עם טל אוחנה נקבעה ל24/12/2026 באשדוד. תודה,0,NON_LEAK,paired_hard_negative,chat,hard,pair_2_neg
"סיכום פגישה - בנספח מופיעים פרטי החשבון של משה אוחנה - בנק לאומי, חשבון 7829296487.",1,LEAK,diverse_positive,meeting_note,hard,div_pos_24
"סיכום פגישה: בנספח מופיעים פרטי החשבון של עדי שלום: בנק לאומי, חשבון 8814085283.",1,LEAK,diverse_positive,meeting_note,hard,div_pos_34
"בדיקה: היעד הכספי לרבעון הוא 34,103 ש""ח ולא מדובר במידע על לקוח ספציפי",0,NON_LEAK,diverse_negative,chat,medium,div_neg_47
מתוך הדוח: יש לעדכן את טבלת ההזמנות עם מזהה פנימי 1024877014.,0,NON_LEAK,paired_hard_negative,report,hard,pair_5_neg
לתיעוד פנימי - הפגישה עם ראש צוות תתקיים ביום ראשון ברעננה.,0,NON_LEAK,diverse_negative,memo,hard,div_neg_19
"נושא - מעקב
בדוח שהגיע מאסותא מופיעים פרטי טיפול של נועה מזרחי תודה",1,LEAK,diverse_positive,email,hard,div_pos_27
"נושא: טיפול
הועבר החזר בגובה 5,382 ש""ח לחשבון 7627414352 של דוד כהן.",1,LEAK,diverse_positive,email,hard,div_pos_5
HR-623922 | יש לעדכן את טבלת ההזמנות עם חשבון הבנק 9805976609 של מיכל כהן.,1,LEAK,paired_hard_positive,ticket,hard,pair_5_pos
תזכורת: המסמך מזכיר את אסותא ואת דנה דנינו וכולל גם אבחנה של סוכרת.,1,LEAK,paired_hard_positive,chat,hard,pair_6_pos
SR-690881 | במצגת הופיעו שמות העובדים לצורך חלוקת משימות.,0,NON_LEAK,paired_hard_negative,ticket,hard,pair_7_neg
עדכון: בדשבורד הציבורי מופיע סטטוס כללי של פרויקט תוכנית רימון תודה,0,NON_LEAK,diverse_negative,chat,hard,div_neg_4
מתוך הדוח - נא לשמור על סודיות - תוכנית ההשקה של מודול ברק וקוד השם פרויקט ברוש מצורפים.,1,LEAK,diverse_positive,report,hard,div_pos_9
מתוך הדוח: הסיסמה הזמנית לחשבון של רונית פרץ היא Welcome2026! ויש להחליף אותה מיד.,1,LEAK,diverse_positive,report,hard,div_pos_5
עדכון: הפגישה עם נועה מזרחי נקבעה ל26/1/2026 בבאר שבע.,0,NON_LEAK,paired_hard_negative,chat,hard,pair_2_neg
לתיעוד פנימי: המערכת החדשה תושק ב10/7/2026 לפי הודעה רשמית שפורסמה לכלל העובדים.,0,NON_LEAK,diverse_negative,memo,hard,div_neg_44
סיכום פגישה - במצגת הופיעו שמות העובדים לצורך חלוקת משימות. תודה,0,NON_LEAK,paired_hard_negative,meeting_note,hard,pair_7_neg
מתוך הדוח: במצגת הופיעו שמות העובדים לצד נתוני שכר ובונוסים.,1,LEAK,paired_hard_positive,report,hard,pair_7_pos
עדכון: המערכת החדשה תושק ב15/12/2026 לפי הודעה רשמית שפורסמה לכלל העובדים,0,NON_LEAK,diverse_negative,chat,hard,div_neg_30
"SR-622112 | הפגישה עם ליאור מלכה נקבעה ל11/2/2026 בתל אביב, ובמסמך צורף גם הטלפון 0575131541.",1,LEAK,paired_hard_positive,ticket,hard,pair_2_pos
תזכורת: הסיסמה הזמנית לחשבון של אלון מלכה היא Welcome2026! ויש להחליף אותה מיד.,1,LEAK,diverse_positive,chat,hard,div_pos_47
לתיעוד פנימי: בדוח הלקוח מופיע איש קשר בשם מאיה ביטון יחד עם כתובת המייל maya.biton@org.co.il.,1,LEAK,paired_hard_positive,memo,hard,pair_3_pos
"סיכום פגישה: פרטי הקשר של מאיה ביטון: מייל mayabiton@outlookcom, טלפון 0542061530",1,LEAK,diverse_positive,meeting_note,medium,div_pos_37
"REQ-223442 | פרטי הקשר של יואב לוי: מייל yoav.levi@outlook.com, טלפון 0534216373.",1,LEAK,diverse_positive,ticket,medium,div_pos_49
תזכורת: המסמך מזכיר את איכילוב ואת אילן שבתאי וכולל גם אבחנה של אסתמה,1,LEAK,paired_hard_positive,chat,hard,pair_6_pos
"נושא: בקשה
הסיסמה הזמנית לחשבון של ניר ביטון היא Welcome2026! ויש להחליף אותה מיד.",1,LEAK,diverse_positive,email,medium,div_pos_45
"לתיעוד פנימי: בדוח מופיע רק שם החברה רפאל ותאריך יעד 21/6/2026, ללא מידע אישי",0,NON_LEAK,diverse_negative,memo,medium,div_neg_25
עדכון: בדשבורד הציבורי מופיע סטטוס כללי של פרויקט מיזם תמר,0,NON_LEAK,diverse_negative,chat,hard,div_neg_2
"נושא: בקשה
לצורך זיהוי מול הספק הועבר מספר הזהות של דוד כהן: 559015262.",1,LEAK,diverse_positive,email,medium,div_pos_34
"לתיעוד פנימי: הקובץ מכיל שם משתמש, סיסמה וגישה לסביבת הייצור",1,LEAK,diverse_positive,memo,hard,div_pos_13
"בדיקה: הועבר סיכום על ליאור מלכה שעובד בגוגל ישראל בתל אביב, כולל מספר הזהות 871639645.",1,LEAK,paired_hard_positive,chat,hard,pair_1_pos
מתוך הדוח: הועבר סיכום על דנה דנינו שעובד במיקרוסופט בחיפה,0,NON_LEAK,paired_hard_negative,report,hard,pair_1_neg
סיכום פגישה: המסמך מזכיר את איכילוב ואת אלון מלכה בהקשר אדמיניסטרטיבי,0,NON_LEAK,paired_hard_negative,meeting_note,hard,pair_6_neg
לתיעוד פנימי: הצוות דן בהשקת שירות אביב ביום 26/9/2026.,0,NON_LEAK,paired_hard_negative,memo,hard,pair_4_neg
שולח - הסיסמה הזמנית לחשבון של הילה חדד היא Welcome2026! ויש להחליף אותה מיד,1,LEAK,diverse_positive,chat,medium,div_pos_50
שולח: המסמך מזכיר את שיבא ואת ליאור מלכה וכולל גם אבחנה של אסתמה.,1,LEAK,paired_hard_positive,chat,hard,pair_6_pos
סיכום פגישה: יש לעדכן את טבלת ההזמנות עם מזהה פנימי 9606296882.,0,NON_LEAK,paired_hard_negative,meeting_note,hard,pair_5_neg
"לתיעוד פנימי: בנספח מופיעים פרטי החשבון של דנה דנינו: דיסקונט, חשבון 6512816330.",1,LEAK,diverse_positive,memo,hard,div_pos_46
סיכום פגישה: נא לשמור על סודיות: תוכנית ההשקה של מוצר הדס וקוד השם תוכנית רימון מצורפים,1,LEAK,diverse_positive,meeting_note,hard,div_pos_34
"לתיעוד פנימי: בדוח מופיע רק שם החברה שופרסל ותאריך יעד 9/4/2026, ללא מידע אישי.",0,NON_LEAK,diverse_negative,memo,hard,div_neg_46
"תזכורת: הועבר דוח עם רשימת לקוחות אסטרטגיים, הצעות מחיר ותנאי התקשרות",1,LEAK,diverse_positive,chat,medium,div_pos_50
HR-836943 | הועבר סיכום על מיכל כהן שעובד בנייס בהרצליה.,0,NON_LEAK,paired_hard_negative,ticket,hard,pair_1_neg
"נושא: מעקב
הפגישה עם קרן אמסלם נקבעה ל27/3/2026 בחיפה, ובמסמך צורף גם הטלפון 0509714749. תודה",1,LEAK,paired_hard_positive,email,hard,pair_2_pos
מתוך הדוח: יש לעדכן את טבלת ההזמנות עם חשבון הבנק 9851664779 של הילה חדד.,1,LEAK,paired_hard_positive,report,hard,pair_5_pos
מתוך הדוח - בדשבורד הציבורי מופיע סטטוס כללי של פרויקט פרויקט ברוש,0,NON_LEAK,diverse_negative,report,medium,div_neg_16
"נושא: בקשה
במסמך המצורף אין מידע אישי, רק סיכום משימות והחלטות",0,NON_LEAK,diverse_negative,email,medium,div_neg_52
מתוך הדוח: המערכת החדשה תושק ב9/7/2026 לפי הודעה רשמית שפורסמה לכלל העובדים.,0,NON_LEAK,diverse_negative,report,hard,div_neg_0
"לתיעוד פנימי: הועבר דוח עם רשימת לקוחות אסטרטגיים, הצעות מחיר ותנאי התקשרות",1,LEAK,diverse_positive,memo,medium,div_pos_46
"סיכום פגישה: היעד הכספי לרבעון הוא 41,480 ש""ח ולא מדובר במידע על לקוח ספציפי.",0,NON_LEAK,diverse_negative,meeting_note,hard,div_neg_2
שולח: הסיסמה הזמנית לחשבון של שירה אברהם היא Welcome2026! ויש להחליף אותה מיד.,1,LEAK,diverse_positive,chat,hard,div_pos_37
לתיעוד פנימי: בדוח הלקוח מופיע איש קשר בשם ליאור מלכה.,0,NON_LEAK,paired_hard_negative,memo,hard,pair_3_neg
בדיקה: יש לעדכן את טבלת ההזמנות עם מזהה פנימי 3453401005.,0,NON_LEAK,paired_hard_negative,chat,hard,pair_5_neg
"נושא: מעקב
הלקוח ביקש עדכון על הפרויקט, אבל לא נשלחו פרטי קשר או מזהים.",0,NON_LEAK,diverse_negative,email,medium,div_neg_30
לתיעוד פנימי: בדוח הלקוח מופיע איש קשר בשם יואב לוי,0,NON_LEAK,paired_hard_negative,memo,hard,pair_3_neg
מתוך הדוח: בדוח משאבי האנוש מופיעים נתוני השכר של קרן אמסלם עבור חודש מרץ.,1,LEAK,diverse_positive,report,medium,div_pos_55
סיכום פגישה: המסמך מזכיר את סורוקה ואת דוד כהן בהקשר אדמיניסטרטיבי.,0,NON_LEAK,paired_hard_negative,meeting_note,hard,pair_6_neg
FIN-941675 | בדשבורד הציבורי מופיע סטטוס כללי של פרויקט פרויקט ברוש.,0,NON_LEAK,diverse_negative,ticket,hard,div_neg_36
"לתיעוד פנימי: היעד הכספי לרבעון הוא 18,482 ש""ח ולא מדובר במידע על לקוח ספציפי",0,NON_LEAK,diverse_negative,memo,medium,div_neg_24
מתוך הדוח: המסמך מזכיר את סורוקה ואת עמית אלקיים בהקשר אדמיניסטרטיבי. תודה,0,NON_LEAK,paired_hard_negative,report,hard,pair_6_neg
INC-949989 | הצוות עבר לשלב בדיקות אינטגרציה ונדרש לעדכן סטטוס עד סוף היום,0,NON_LEAK,diverse_negative,ticket,hard,div_neg_53
"סיכום פגישה - הועבר סיכום על דנה דנינו שעובד בסלקום בפתח תקווה, כולל מספר הזהות 777106984.",1,LEAK,paired_hard_positive,meeting_note,hard,pair_1_pos
מתוך הדוח: הפגישה עם יעל לוי נקבעה ל18/10/2026 בהרצליה,0,NON_LEAK,paired_hard_negative,report,hard,pair_2_neg
"נושא: בקשה
הפגישה עם סמנכ""לית כספים תתקיים ביום ראשון בפתח תקווה",0,NON_LEAK,diverse_negative,email,hard,div_neg_50
לתיעוד פנימי: הועבר סיכום על אלון מלכה שעובד במכבי שירותי בריאות בפתח תקווה.,0,NON_LEAK,paired_hard_negative,memo,hard,pair_1_neg
"מתוך הדוח: במסמך המצורף אין מידע אישי, רק סיכום משימות והחלטות.",0,NON_LEAK,diverse_negative,report,medium,div_neg_23
"נושא: בקשה
היעד הכספי לרבעון הוא 25,816 ש""ח ולא מדובר במידע על לקוח ספציפי. תודה",0,NON_LEAK,diverse_negative,email,hard,div_neg_58
HR-351069 | במצגת הופיעו שמות העובדים לצד נתוני שכר ובונוסים.,1,LEAK,paired_hard_positive,ticket,hard,pair_7_pos
תזכורת: בדוח הלקוח מופיע איש קשר בשם אורן אברהם יחד עם כתובת המייל oren.avraham@gmail.com.,1,LEAK,paired_hard_positive,chat,hard,pair_3_pos
תזכורת: בדוח משאבי האנוש מופיעים נתוני השכר של דנה דנינו עבור חודש מרץ,1,LEAK,diverse_positive,chat,medium,div_pos_59
"סיכום פגישה: הועבר דוח עם רשימת לקוחות אסטרטגיים, הצעות מחיר ותנאי התקשרות.",1,LEAK,diverse_positive,meeting_note,medium,div_pos_9
מתוך הדוח: בדוח משאבי האנוש מופיעים נתוני השכר של יעל לוי עבור חודש מרץ,1,LEAK,diverse_positive,report,medium,div_pos_8
לתיעוד פנימי: הפגישה עם איתי פרץ נקבעה ל18/1/2026 במודיעין.,0,NON_LEAK,paired_hard_negative,memo,hard,pair_2_neg
FIN-203671 | בדוח הלקוח מופיע איש קשר בשם נועה מזרחי יחד עם כתובת המייל noa.mizrahi@outlook.com.,1,LEAK,paired_hard_positive,ticket,hard,pair_3_pos
"נושא: בקשה
הועבר סיכום על איתי פרץ שעובד בשטראוס בחיפה, כולל מספר הזהות 460558723",1,LEAK,paired_hard_positive,email,hard,pair_1_pos
סיכום פגישה: הועבר סיכום על עמית אלקיים שעובד בצ'ק פוינט בחיפה,0,NON_LEAK,paired_hard_negative,meeting_note,hard,pair_1_neg
מתוך הדוח: המסמך מזכיר את שיבא ואת יואב לוי וכולל גם אבחנה של חרדה.,1,LEAK,paired_hard_positive,report,hard,pair_6_pos
"סיכום פגישה: בדוח מופיע רק שם החברה בזק ותאריך יעד 12/11/2026, ללא מידע אישי.",0,NON_LEAK,diverse_negative,meeting_note,hard,div_neg_30
"סיכום פגישה - בנספח מופיעים פרטי החשבון של קרן אמסלם - בנק לאומי, חשבון 9425084706.",1,LEAK,diverse_positive,meeting_note,hard,div_pos_44
תזכורת: במצגת הופיעו שמות העובדים לצד נתוני שכר ובונוסים,1,LEAK,paired_hard_positive,chat,hard,pair_7_pos
מתוך הדוח: המערכת החדשה תושק ב16/3/2026 לפי הודעה רשמית שפורסמה לכלל העובדים.,0,NON_LEAK,diverse_negative,report,medium,div_neg_52
לתיעוד פנימי - בדוח משאבי האנוש מופיעים נתוני השכר של אורן אברהם עבור חודש מרץ. תודה,1,LEAK,diverse_positive,memo,hard,div_pos_54
REQ-796172 | שם העובד יואב לוי מופיע במצגת הפנימית ללא פרטים נוספים.,0,NON_LEAK,diverse_negative,ticket,medium,div_neg_42
"סיכום פגישה: בנספח מופיעים פרטי החשבון של דוד כהן: דיסקונט, חשבון 1704518853.",1,LEAK,diverse_positive,meeting_note,hard,div_pos_52
"מתוך הדוח: הפגישה עם דנה דנינו נקבעה ל5/8/2026 ברעננה, ובמסמך צורף גם הטלפון 0537337251. תודה",1,LEAK,paired_hard_positive,report,hard,pair_2_pos
לתיעוד פנימי: לצורך זיהוי מול הספק הועבר מספר הזהות של הילה חדד: 594907347.,1,LEAK,diverse_positive,memo,hard,div_pos_53
INC-346662 | מספר הקריאה הוא FIN-887531 ויש לעקוב אחריו מול כספים.,0,NON_LEAK,diverse_negative,ticket,hard,div_neg_39
לתיעוד פנימי: הצוות עבר לשלב בדיקות אינטגרציה ונדרש לעדכן סטטוס עד סוף היום.,0,NON_LEAK,diverse_negative,memo,hard,div_neg_20
INC-929636 | שם העובד שרון סעדה מופיע במצגת הפנימית ללא פרטים נוספים,0,NON_LEAK,diverse_negative,ticket,hard,div_neg_34
INC-025153 | יש לעדכן את טבלת ההזמנות עם חשבון הבנק 2659211805 של רון חדד.,1,LEAK,paired_hard_positive,ticket,hard,pair_5_pos
"עדכון: היעד הכספי לרבעון הוא 26,988 ש""ח ולא מדובר במידע על לקוח ספציפי. תודה",0,NON_LEAK,diverse_negative,chat,medium,div_neg_23
שולח: המערכת החדשה תושק ב19/12/2026 לפי הודעה רשמית שפורסמה לכלל העובדים. תודה,0,NON_LEAK,diverse_negative,chat,hard,div_neg_14
שולח: בדוח שהגיע מסורוקה מופיעים פרטי טיפול של עמית אלקיים,1,LEAK,diverse_positive,chat,hard,div_pos_19
מתוך הדוח: בדוח הלקוח מופיע איש קשר בשם יואב לוי יחד עם כתובת המייל yoav.levi@outlook.com.,1,LEAK,paired_hard_positive,report,hard,pair_3_pos
"מתוך הדוח - הועבר החזר בגובה 17,956 ש""ח לחשבון 7640440048 של מאיה ביטון.",1,LEAK,diverse_positive,report,hard,div_pos_12
סיכום פגישה: יש לעדכן את טבלת ההזמנות עם חשבון הבנק 4968504592 של משה אוחנה.,1,LEAK,paired_hard_positive,meeting_note,hard,pair_5_pos
מתוך הדוח: המסמך מזכיר את אסותא ואת אורן אברהם בהקשר אדמיניסטרטיבי.,0,NON_LEAK,paired_hard_negative,report,hard,pair_6_neg
מתוך הדוח: יש לעדכן את טבלת ההזמנות עם מזהה פנימי 5641313764.,0,NON_LEAK,paired_hard_negative,report,hard,pair_5_neg
מתוך הדוח: נא לשמור על סודיות: תוכנית ההשקה של פרויקט נוגה וקוד השם מבצע שקמה מצורפים.,1,LEAK,diverse_positive,report,hard,div_pos_25
לתיעוד פנימי: נא לשמור על סודיות: תוכנית ההשקה של גרסה 4.2 וקוד השם פרויקט דרור מצורפים.,1,LEAK,diverse_positive,memo,medium,div_pos_52
"לתיעוד פנימי: הועבר החזר בגובה 31,719 ש""ח לחשבון 7332470623 של ניר ביטון.",1,LEAK,diverse_positive,memo,medium,div_pos_35
לתיעוד פנימי: המסמך מזכיר את איכילוב ואת יעל לוי בהקשר אדמיניסטרטיבי. תודה,0,NON_LEAK,paired_hard_negative,memo,hard,pair_6_neg
"לתיעוד פנימי: בדוח שהגיע מרמב""ם מופיעים פרטי טיפול של שרון סעדה. תודה",1,LEAK,diverse_positive,memo,medium,div_pos_45
מתוך הדוח: יש לעדכן את טבלת ההזמנות עם חשבון הבנק 9124427250 של ניר ביטון.,1,LEAK,paired_hard_positive,report,hard,pair_5_pos
לתיעוד פנימי: נא לשמור על סודיות: תוכנית ההשקה של מוצר אופק וקוד השם מיזם תמר מצורפים. תודה,1,LEAK,diverse_positive,memo,medium,div_pos_36
לתיעוד פנימי: הפגישה עם חשב שכר תתקיים ביום ראשון בבאר שבע. תודה,0,NON_LEAK,diverse_negative,memo,medium,div_neg_0
"נושא: מעקב
הפגישה עם ראש צוות תתקיים ביום ראשון בנתניה.",0,NON_LEAK,diverse_negative,email,medium,div_neg_2
INC-038974 | במצגת הופיעו שמות העובדים לצורך חלוקת משימות.,0,NON_LEAK,paired_hard_negative,ticket,hard,pair_7_neg
מתוך הדוח: הפגישה עם מנהל פיתוח תתקיים ביום ראשון בבאר שבע.,0,NON_LEAK,diverse_negative,report,medium,div_neg_33
"FIN-016341 | הקובץ מכיל שם משתמש, סיסמה וגישה לסביבת הייצור תודה",1,LEAK,diverse_positive,ticket,hard,div_pos_24
מתוך הדוח: הצוות עבר לשלב בדיקות אינטגרציה ונדרש לעדכן סטטוס עד סוף היום.,0,NON_LEAK,diverse_negative,report,hard,div_neg_29
"לתיעוד פנימי: הפגישה עם שירה אברהם נקבעה ל13/8/2026 בבאר שבע, ובמסמך צורף גם הטלפון 0565951658. תודה",1,LEAK,paired_hard_positive,memo,hard,pair_2_pos
"נושא: בקשה
הפגישה עם חשב שכר תתקיים ביום ראשון באשדוד",0,NON_LEAK,diverse_negative,email,hard,div_neg_47
סיכום פגישה: יש לעדכן את טבלת ההזמנות עם חשבון הבנק 6534878733 של עמית אלקיים.,1,LEAK,paired_hard_positive,meeting_note,hard,pair_5_pos
תזכורת: במצגת הופיעו שמות העובדים לצד נתוני שכר ובונוסים.,1,LEAK,paired_hard_positive,chat,hard,pair_7_pos
INC-612892 | המערכת החדשה תושק ב21/12/2026 לפי הודעה רשמית שפורסמה לכלל העובדים,0,NON_LEAK,diverse_negative,ticket,hard,div_neg_46
"נושא: טיפול
שם העובד דנה דנינו מופיע במצגת הפנימית ללא פרטים נוספים.",0,NON_LEAK,diverse_negative,email,hard,div_neg_33
"נושא: בקשה
הועבר סיכום על ניר ביטון שעובד בצ'ק פוינט במודיעין, כולל מספר הזהות 347691558.",1,LEAK,paired_hard_positive,email,hard,pair_1_pos
עדכון: הצוות דן בהשקת מערכת קשת ביום 3/2/2026.,0,NON_LEAK,paired_hard_negative,chat,hard,pair_4_neg
"נושא: עדכון
הפגישה עם אלון מלכה נקבעה ל18/11/2026 בתל אביב, ובמסמך צורף גם הטלפון 0584603987.",1,LEAK,paired_hard_positive,email,hard,pair_2_pos
"נושא: בקשה
במצגת הופיעו שמות העובדים לצורך חלוקת משימות. תודה",0,NON_LEAK,paired_hard_negative,email,hard,pair_7_neg
"מתוך הדוח: הפגישה עם דנה דנינו נקבעה ל8/10/2026 בפתח תקווה, ובמסמך צורף גם הטלפון 0574712828. תודה",1,LEAK,paired_hard_positive,report,hard,pair_2_pos
בדיקה - הצוות דן בהשקת פלטפורמת ארז ביום 12/12/2026 במסמך מסווג פנימי שלא נועד להפצה.,1,LEAK,paired_hard_positive,chat,hard,pair_4_pos
"נושא - עדכון
הצוות עבר לשלב בדיקות אינטגרציה ונדרש לעדכן סטטוס עד סוף היום.",0,NON_LEAK,diverse_negative,email,medium,div_neg_27
בדיקה: הצוות עבר לשלב בדיקות אינטגרציה ונדרש לעדכן סטטוס עד סוף היום. תודה,0,NON_LEAK,diverse_negative,chat,medium,div_neg_16
סיכום פגישה: הפגישה עם הילה חדד נקבעה ל11/12/2026 במודיעין.,0,NON_LEAK,paired_hard_negative,meeting_note,hard,pair_2_neg
"מתוך הדוח: בנספח מופיעים פרטי החשבון של יעל לוי: בנק הפועלים, חשבון 5619833556. תודה",1,LEAK,diverse_positive,report,medium,div_pos_43
HR-184937 | יש לעדכן את טבלת ההזמנות עם חשבון הבנק 1067538400 של מאיה ביטון.,1,LEAK,paired_hard_positive,ticket,hard,pair_5_pos
"נושא: בקשה
המסמך מזכיר את אסותא ואת שרון סעדה בהקשר אדמיניסטרטיבי.",0,NON_LEAK,paired_hard_negative,email,hard,pair_6_neg
עדכון: במצגת הופיעו שמות העובדים לצד נתוני שכר ובונוסים.,1,LEAK,paired_hard_positive,chat,hard,pair_7_pos
"נושא: מעקב
במצגת הופיעו שמות העובדים לצורך חלוקת משימות",0,NON_LEAK,paired_hard_negative,email,hard,pair_7_neg
"נושא: בקשה
בדוח הלקוח מופיע איש קשר בשם שירה אברהם יחד עם כתובת המייל shira.avraham@company.co.il. תודה",1,LEAK,paired_hard_positive,email,hard,pair_3_pos
"מתוך הדוח: הפגישה עם רון חדד נקבעה ל4/10/2026 בחיפה, ובמסמך צורף גם הטלפון 0531662686.",1,LEAK,paired_hard_positive,report,hard,pair_2_pos
"נושא: מעקב
הפגישה עם ראש צוות תתקיים ביום ראשון בהרצליה.",0,NON_LEAK,diverse_negative,email,hard,div_neg_7
"מתוך הדוח: בדוח שהגיע מרמב""ם מופיעים פרטי טיפול של שרון סעדה.",1,LEAK,diverse_positive,report,hard,div_pos_43
"סיכום פגישה: הועבר סיכום על יעל לוי שעובד ברפאל בראשון לציון, כולל מספר הזהות 547792902.",1,LEAK,paired_hard_positive,meeting_note,hard,pair_1_pos
SR-016922 | הפגישה עם שירה אברהם נקבעה ל27/5/2026 בתל אביב.,0,NON_LEAK,paired_hard_negative,ticket,hard,pair_2_neg
סיכום פגישה: הצוות דן בהשקת מערכת קשת ביום 18/4/2026 במסמך מסווג פנימי שלא נועד להפצה. תודה,1,LEAK,paired_hard_positive,meeting_note,hard,pair_4_pos
"נושא: עדכון
פרטי הקשר של דנה דנינו: מייל dana.danino@mail.com, טלפון 0556489605.",1,LEAK,diverse_positive,email,hard,div_pos_56
"נושא: בקשה
יש לעדכן את טבלת ההזמנות עם חשבון הבנק 3552171890 של מיכל כהן",1,LEAK,paired_hard_positive,email,hard,pair_5_pos
"שולח: הפגישה עם איתי פרץ נקבעה ל18/1/2026 בתל אביב, ובמסמך צורף גם הטלפון 0510485400",1,LEAK,paired_hard_positive,chat,hard,pair_2_pos
"מתוך הדוח: הלקוח ביקש עדכון על הפרויקט, אבל לא נשלחו פרטי קשר או מזהים.",0,NON_LEAK,diverse_negative,report,medium,div_neg_10
סיכום פגישה: יש לעדכן את טבלת ההזמנות עם חשבון הבנק 0293362219 של משה אוחנה,1,LEAK,paired_hard_positive,meeting_note,hard,pair_5_pos
מתוך הדוח: לצורך זיהוי מול הספק הועבר מספר הזהות של אילן שבתאי: 761573984,1,LEAK,diverse_positive,report,medium,div_pos_19
סיכום פגישה: הצוות דן בהשקת פלטפורמת ארז ביום 9/1/2026 במסמך מסווג פנימי שלא נועד להפצה,1,LEAK,paired_hard_positive,meeting_note,hard,pair_4_pos
מתוך הדוח: הסיסמה הזמנית לחשבון של אורן אברהם היא Welcome2026! ויש להחליף אותה מיד תודה,1,LEAK,diverse_positive,report,medium,div_pos_41
לתיעוד פנימי: הצוות דן בהשקת מוצר אופק ביום 3/7/2026.,0,NON_LEAK,paired_hard_negative,memo,hard,pair_4_neg
לתיעוד פנימי: המסמך מזכיר את סורוקה ואת אילן שבתאי וכולל גם אבחנה של אסתמה.,1,LEAK,paired_hard_positive,memo,hard,pair_6_pos
"מתוך הדוח - הועבר החזר בגובה 20,552 ש""ח לחשבון 3675430361 של יואב לוי.",1,LEAK,diverse_positive,report,medium,div_pos_7
REQ-565595 | הפגישה עם משה אוחנה נקבעה ל21/1/2026 ברעננה.,0,NON_LEAK,paired_hard_negative,ticket,hard,pair_2_neg
מתוך הדוח - הפגישה עם מנהלת משאבי אנוש תתקיים ביום ראשון בהרצליה. תודה,0,NON_LEAK,diverse_negative,report,hard,div_neg_37
"נושא - טיפול
נא לשמור על סודיות - תוכנית ההשקה של פלטפורמת ארז וקוד השם פרויקט דרור מצורפים",1,LEAK,diverse_positive,email,hard,div_pos_21
"תזכורת: הועבר דוח עם רשימת לקוחות אסטרטגיים, הצעות מחיר ותנאי התקשרות.",1,LEAK,diverse_positive,chat,hard,div_pos_43
"מתוך הדוח: הפגישה עם מנכ""ל תתקיים ביום ראשון במודיעין. תודה",0,NON_LEAK,diverse_negative,report,hard,div_neg_40
תזכורת: מספר הקריאה הוא SR-729712 ויש לעקוב אחריו מול רכש.,0,NON_LEAK,diverse_negative,chat,hard,div_neg_46
עדכון: במצגת הופיעו שמות העובדים לצד נתוני שכר ובונוסים.,1,LEAK,paired_hard_positive,chat,hard,pair_7_pos
FIN-762562 | הצוות דן בהשקת מודול ברק ביום 2/5/2026 במסמך מסווג פנימי שלא נועד להפצה.,1,LEAK,paired_hard_positive,ticket,hard,pair_4_pos
שולח - יש לעדכן את טבלת ההזמנות עם חשבון הבנק 6821162157 של הילה חדד,1,LEAK,paired_hard_positive,chat,hard,pair_5_pos
לתיעוד פנימי: בדוח הלקוח מופיע איש קשר בשם דנה דנינו,0,NON_LEAK,paired_hard_negative,memo,hard,pair_3_neg
תזכורת: המערכת החדשה תושק ב11/4/2026 לפי הודעה רשמית שפורסמה לכלל העובדים.,0,NON_LEAK,diverse_negative,chat,medium,div_neg_53
"שולח: פרטי הקשר של אורן אברהם: מייל oren.avraham@company.co.il, טלפון 0564428493.",1,LEAK,diverse_positive,chat,hard,div_pos_44
סיכום פגישה: המסמך מזכיר את אסותא ואת עמית אלקיים בהקשר אדמיניסטרטיבי.,0,NON_LEAK,paired_hard_negative,meeting_note,hard,pair_6_neg
"סיכום פגישה: בדוח מופיע רק שם החברה שטראוס ותאריך יעד 13/10/2026, ללא מידע אישי.",0,NON_LEAK,diverse_negative,meeting_note,medium,div_neg_2
"נושא: עדכון
הועבר סיכום על ניר ביטון שעובד במכבי שירותי בריאות בחיפה, כולל מספר הזהות 827524663.",1,LEAK,paired_hard_positive,email,hard,pair_1_pos
מתוך הדוח: נא לשמור על סודיות: תוכנית ההשקה של מוצר אופק וקוד השם מבצע שקמה מצורפים.,1,LEAK,diverse_positive,report,hard,div_pos_41
"נושא - בקשה
הועבר סיכום על דוד כהן שעובד בAmdocs בפתח תקווה, כולל מספר הזהות 990893113",1,LEAK,paired_hard_positive,email,hard,pair_1_pos
"סיכום פגישה: פרטי הקשר של דנה דנינו: מייל dana.danino@example.co.il, טלפון 0523274138.",1,LEAK,diverse_positive,meeting_note,medium,div_pos_47
"מתוך הדוח: במסמך המצורף אין מידע אישי, רק סיכום משימות והחלטות.",0,NON_LEAK,diverse_negative,report,medium,div_neg_37
סיכום פגישה: המערכת החדשה תושק ב12/6/2026 לפי הודעה רשמית שפורסמה לכלל העובדים,0,NON_LEAK,diverse_negative,meeting_note,medium,div_neg_33
"לתיעוד פנימי: פרטי הקשר של יעל לוי: מייל yael.levi@gmail.com, טלפון 0539421658.",1,LEAK,diverse_positive,memo,medium,div_pos_20
"נושא: עדכון
נא לשמור על סודיות: תוכנית ההשקה של גרסה 4.2 וקוד השם תוכנית רימון מצורפים.",1,LEAK,diverse_positive,email,medium,div_pos_13
"נושא: בקשה
בדוח משאבי האנוש מופיעים נתוני השכר של עמית אלקיים עבור חודש מרץ.",1,LEAK,diverse_positive,email,medium,div_pos_48
סיכום פגישה - מספר הקריאה הוא REQ-350584 ויש לעקוב אחריו מול רכש.,0,NON_LEAK,diverse_negative,meeting_note,medium,div_neg_24
סיכום פגישה: הפגישה עם שירה אברהם נקבעה ל15/3/2026 בתל אביב,0,NON_LEAK,paired_hard_negative,meeting_note,hard,pair_2_neg
"לתיעוד פנימי - בדוח שהגיע מרמב""ם מופיעים פרטי טיפול של אילן שבתאי.",1,LEAK,diverse_positive,memo,medium,div_pos_58
לתיעוד פנימי: המסמך מזכיר את סורוקה ואת נועה מזרחי וכולל גם אבחנה של פציעת גב.,1,LEAK,paired_hard_positive,memo,hard,pair_6_pos
INC-050842 | במצגת הופיעו שמות העובדים לצורך חלוקת משימות.,0,NON_LEAK,paired_hard_negative,ticket,hard,pair_7_neg
בדיקה: המסמך מזכיר את איכילוב ואת נועה מזרחי וכולל גם אבחנה של סוכרת.,1,LEAK,paired_hard_positive,chat,hard,pair_6_pos
לתיעוד פנימי: הצוות דן בהשקת מוצר אופק ביום 17/1/2026.,0,NON_LEAK,paired_hard_negative,memo,hard,pair_4_neg
תזכורת: בדוח שהגיע משיבא מופיעים פרטי טיפול של יואב לוי תודה,1,LEAK,diverse_positive,chat,medium,div_pos_14
"נושא: טיפול
הצוות דן בהשקת גרסה 4.2 ביום 2/12/2026 במסמך מסווג פנימי שלא נועד להפצה.",1,LEAK,paired_hard_positive,email,hard,pair_4_pos
"לתיעוד פנימי: הקובץ מכיל שם משתמש, סיסמה וגישה לסביבת הייצור.",1,LEAK,diverse_positive,memo,hard,div_pos_26
"נושא: עדכון
בדוח הלקוח מופיע איש קשר בשם אילן שבתאי יחד עם כתובת המייל ilanshabtai@examplecoil",1,LEAK,paired_hard_positive,email,hard,pair_3_pos
מתוך הדוח: בדוח הלקוח מופיע איש קשר בשם מאיה ביטון יחד עם כתובת המייל maya.biton@gmail.com.,1,LEAK,paired_hard_positive,report,hard,pair_3_pos
מתוך הדוח - בדוח הלקוח מופיע איש קשר בשם עדי שלום.,0,NON_LEAK,paired_hard_negative,report,hard,pair_3_neg
מתוך הדוח - הפגישה עם ראש צוות תתקיים ביום ראשון בירושלים.,0,NON_LEAK,diverse_negative,report,medium,div_neg_58
"בדיקה: הלקוח ביקש עדכון על הפרויקט, אבל לא נשלחו פרטי קשר או מזהים",0,NON_LEAK,diverse_negative,chat,hard,div_neg_52
לתיעוד פנימי: בדוח הלקוח מופיע איש קשר בשם אורן אברהם,0,NON_LEAK,paired_hard_negative,memo,hard,pair_3_neg
"מתוך הדוח: במסמך המצורף אין מידע אישי, רק סיכום משימות והחלטות",0,NON_LEAK,diverse_negative,report,hard,div_neg_31
"שולח: בנספח מופיעים פרטי החשבון של מאיה ביטון: מזרחי טפחות, חשבון 5836143872.",1,LEAK,diverse_positive,chat,hard,div_pos_42
סיכום פגישה: לצורך זיהוי מול הספק הועבר מספר הזהות של אלון מלכה: 296964021,1,LEAK,diverse_positive,meeting_note,medium,div_pos_33
בדיקה - המערכת החדשה תושק ב14/6/2026 לפי הודעה רשמית שפורסמה לכלל העובדים,0,NON_LEAK,diverse_negative,chat,hard,div_neg_43
"עדכון - הועבר סיכום על אורן אברהם שעובד במיקרוסופט בתל אביב, כולל מספר הזהות 800537205.",1,LEAK,paired_hard_positive,chat,hard,pair_1_pos
סיכום פגישה - מספר הקריאה הוא INC-380061 ויש לעקוב אחריו מול כספים.,0,NON_LEAK,diverse_negative,meeting_note,hard,div_neg_32
סיכום פגישה - הצוות דן בהשקת מוצר אופק ביום 20/8/2026 במסמך מסווג פנימי שלא נועד להפצה,1,LEAK,paired_hard_positive,meeting_note,hard,pair_4_pos
"FIN-811383 | במסמך המצורף אין מידע אישי, רק סיכום משימות והחלטות.",0,NON_LEAK,diverse_negative,ticket,medium,div_neg_59
INC-529824 | הצוות דן בהשקת שירות אביב ביום 7/3/2026 במסמך מסווג פנימי שלא נועד להפצה.,1,LEAK,paired_hard_positive,ticket,hard,pair_4_pos
לתיעוד פנימי - בדוח הלקוח מופיע איש קשר בשם שרון סעדה.,0,NON_LEAK,paired_hard_negative,memo,hard,pair_3_neg
"מתוך הדוח: הועבר דוח עם רשימת לקוחות אסטרטגיים, הצעות מחיר ותנאי התקשרות.",1,LEAK,diverse_positive,report,medium,div_pos_39
לתיעוד פנימי: במצגת הופיעו שמות העובדים לצורך חלוקת משימות.,0,NON_LEAK,paired_hard_negative,memo,hard,pair_7_neg
"מתוך הדוח: בדוח מופיע רק שם החברה מיקרוסופט ותאריך יעד 28/2/2026, ללא מידע אישי.",0,NON_LEAK,diverse_negative,report,hard,div_neg_47
"סיכום פגישה: פרטי הקשר של אלון מלכה: מייל alon.malka@mail.com, טלפון 0505111814.",1,LEAK,diverse_positive,meeting_note,medium,div_pos_6
"נושא: עדכון
הצוות דן בהשקת מערכת קשת ביום 13/9/2026.",0,NON_LEAK,paired_hard_negative,email,hard,pair_4_neg
סיכום פגישה: נא לשמור על סודיות: תוכנית ההשקה של מודול ברק וקוד השם מבצע שקמה מצורפים תודה,1,LEAK,diverse_positive,meeting_note,medium,div_pos_21
מתוך הדוח: הסיסמה הזמנית לחשבון של משה אוחנה היא Welcome2026! ויש להחליף אותה מיד.,1,LEAK,diverse_positive,report,hard,div_pos_2
HR-640977 | במצגת הופיעו שמות העובדים לצורך חלוקת משימות.,0,NON_LEAK,paired_hard_negative,ticket,hard,pair_7_neg
"נושא - עדכון
במסמך המצורף אין מידע אישי, רק סיכום משימות והחלטות. תודה",0,NON_LEAK,diverse_negative,email,hard,div_neg_20
בדיקה: שם העובד שירה אברהם מופיע במצגת הפנימית ללא פרטים נוספים תודה,0,NON_LEAK,diverse_negative,chat,medium,div_neg_2
"נושא: מעקב
המסמך מזכיר את אסותא ואת נועה מזרחי בהקשר אדמיניסטרטיבי.",0,NON_LEAK,paired_hard_negative,email,hard,pair_6_neg
"נושא: עדכון
יש לעדכן את טבלת ההזמנות עם חשבון הבנק 5644252440 של אורן אברהם.",1,LEAK,paired_hard_positive,email,hard,pair_5_pos
"מתוך הדוח: במסמך המצורף אין מידע אישי, רק סיכום משימות והחלטות. תודה",0,NON_LEAK,diverse_negative,report,medium,div_neg_5
"נושא - בקשה
בדוח מופיע רק שם החברה רפאל ותאריך יעד 11/9/2026, ללא מידע אישי.",0,NON_LEAK,diverse_negative,email,hard,div_neg_42
סיכום פגישה: במצגת הופיעו שמות העובדים לצד נתוני שכר ובונוסים.,1,LEAK,paired_hard_positive,meeting_note,hard,pair_7_pos
"נושא: עדכון
המערכת החדשה תושק ב12/2/2026 לפי הודעה רשמית שפורסמה לכלל העובדים. תודה",0,NON_LEAK,diverse_negative,email,hard,div_neg_17
"מתוך הדוח - במסמך המצורף אין מידע אישי, רק סיכום משימות והחלטות. תודה",0,NON_LEAK,diverse_negative,report,hard,div_neg_53
"נושא: טיפול
המסמך מזכיר את רמב""ם ואת עדי שלום וכולל גם אבחנה של סוכרת",1,LEAK,paired_hard_positive,email,hard,pair_6_pos
"לתיעוד פנימי: היעד הכספי לרבעון הוא 17,100 ש""ח ולא מדובר במידע על לקוח ספציפי תודה",0,NON_LEAK,diverse_negative,memo,hard,div_neg_52
"שולח: בנספח מופיעים פרטי החשבון של עדי שלום: דיסקונט, חשבון 3012992217.",1,LEAK,diverse_positive,chat,hard,div_pos_50
"סיכום פגישה: המסמך מזכיר את רמב""ם ואת שירה אברהם וכולל גם אבחנה של סוכרת",1,LEAK,paired_hard_positive,meeting_note,hard,pair_6_pos
INC-352667 | בדוח הלקוח מופיע איש קשר בשם מאיה ביטון. תודה,0,NON_LEAK,paired_hard_negative,ticket,hard,pair_3_neg
מתוך הדוח: בדשבורד הציבורי מופיע סטטוס כללי של פרויקט מבצע שקמה תודה,0,NON_LEAK,diverse_negative,report,hard,div_neg_17
לתיעוד פנימי: יש לעדכן את טבלת ההזמנות עם מזהה פנימי 3239040943.,0,NON_LEAK,paired_hard_negative,memo,hard,pair_5_neg
FIN-871313 | שם העובד דוד כהן מופיע במצגת הפנימית ללא פרטים נוספים,0,NON_LEAK,diverse_negative,ticket,hard,div_neg_10
לתיעוד פנימי: במצגת הופיעו שמות העובדים לצורך חלוקת משימות,0,NON_LEAK,paired_hard_negative,memo,hard,pair_7_neg
"נושא - עדכון
יש לעדכן את טבלת ההזמנות עם מזהה פנימי 3396620414.",0,NON_LEAK,paired_hard_negative,email,hard,pair_5_neg
SR-322512 | הצוות עבר לשלב בדיקות אינטגרציה ונדרש לעדכן סטטוס עד סוף היום תודה,0,NON_LEAK,diverse_negative,ticket,medium,div_neg_24
שולח: שם העובד הילה חדד מופיע במצגת הפנימית ללא פרטים נוספים.,0,NON_LEAK,diverse_negative,chat,medium,div_neg_45
לתיעוד פנימי: המסמך מזכיר את שיבא ואת רונית פרץ וכולל גם אבחנה של לחץ דם גבוה.,1,LEAK,paired_hard_positive,memo,hard,pair_6_pos
INC-404262 | במצגת הופיעו שמות העובדים לצורך חלוקת משימות.,0,NON_LEAK,paired_hard_negative,ticket,hard,pair_7_neg
"נושא: טיפול
מספר הקריאה הוא HR-296733 ויש לעקוב אחריו מול משאבי אנוש",0,NON_LEAK,diverse_negative,email,medium,div_neg_24
בדיקה: שם העובד שרון סעדה מופיע במצגת הפנימית ללא פרטים נוספים.,0,NON_LEAK,diverse_negative,chat,hard,div_neg_29
SR-719388 | הצוות דן בהשקת פלטפורמת ארז ביום 4/2/2026.,0,NON_LEAK,paired_hard_negative,ticket,hard,pair_4_neg
REQ-436649 | הועבר סיכום על שרון סעדה שעובד בסלקום באשדוד.,0,NON_LEAK,paired_hard_negative,ticket,hard,pair_1_neg
מתוך הדוח: הועבר סיכום על עמית אלקיים שעובד באינטל בבאר שבע. תודה,0,NON_LEAK,paired_hard_negative,report,hard,pair_1_neg
לתיעוד פנימי: הצוות דן בהשקת מערכת קשת ביום 8/4/2026 במסמך מסווג פנימי שלא נועד להפצה.,1,LEAK,paired_hard_positive,memo,hard,pair_4_pos
"SR-158637 | בדוח מופיע רק שם החברה בנק לאומי ותאריך יעד 23/9/2026, ללא מידע אישי.",0,NON_LEAK,diverse_negative,ticket,medium,div_neg_53
"נושא: מעקב
המסמך מזכיר את אסותא ואת דנה דנינו בהקשר אדמיניסטרטיבי.",0,NON_LEAK,paired_hard_negative,email,hard,pair_6_neg
"נושא: עדכון
בדוח משאבי האנוש מופיעים נתוני השכר של אורן אברהם עבור חודש מרץ.",1,LEAK,diverse_positive,email,hard,div_pos_14
"לתיעוד פנימי - הועבר סיכום על רון חדד שעובד בבנק הפועלים באשדוד, כולל מספר הזהות 495141725",1,LEAK,paired_hard_positive,memo,hard,pair_1_pos
"נושא - בקשה
המסמך מזכיר את שיבא ואת עמית אלקיים וכולל גם אבחנה של אלרגיה חריפה",1,LEAK,paired_hard_positive,email,hard,pair_6_pos
"נושא: בקשה
הצוות עבר לשלב בדיקות אינטגרציה ונדרש לעדכן סטטוס עד סוף היום.",0,NON_LEAK,diverse_negative,email,hard,div_neg_9
מתוך הדוח: שם העובד משה אוחנה מופיע במצגת הפנימית ללא פרטים נוספים.,0,NON_LEAK,diverse_negative,report,hard,div_neg_25
מתוך הדוח - בדוח הלקוח מופיע איש קשר בשם דוד כהן,0,NON_LEAK,paired_hard_negative,report,hard,pair_3_neg
לתיעוד פנימי: נא לשמור על סודיות: תוכנית ההשקה של גרסה 42 וקוד השם תוכנית רימון מצורפים,1,LEAK,diverse_positive,memo,hard,div_pos_22
סיכום פגישה: הצוות דן בהשקת מערכת קשת ביום 11/10/2026 במסמך מסווג פנימי שלא נועד להפצה,1,LEAK,paired_hard_positive,meeting_note,hard,pair_4_pos
שולח: הפגישה עם עמית אלקיים נקבעה ל11/2/2026 בירושלים,0,NON_LEAK,paired_hard_negative,chat,hard,pair_2_neg
בדיקה: בדשבורד הציבורי מופיע סטטוס כללי של פרויקט פרויקט ברוש,0,NON_LEAK,diverse_negative,chat,medium,div_neg_2
"מתוך הדוח: הועבר סיכום על עדי שלום שעובד ברפאל בהרצליה, כולל מספר הזהות 056697058",1,LEAK,paired_hard_positive,report,hard,pair_1_pos
סיכום פגישה: המסמך מזכיר את שיבא ואת יעל לוי וכולל גם אבחנה של חרדה. תודה,1,LEAK,paired_hard_positive,meeting_note,hard,pair_6_pos
"מתוך הדוח: הועבר החזר בגובה 40,283 ש""ח לחשבון 2273595223 של עמית אלקיים.",1,LEAK,diverse_positive,report,hard,div_pos_58
מתוך הדוח: בדוח הלקוח מופיע איש קשר בשם קרן אמסלם יחד עם כתובת המייל keren.amsalem@company.co.il.,1,LEAK,paired_hard_positive,report,hard,pair_3_pos
מתוך הדוח: המסמך מזכיר את איכילוב ואת ניר ביטון וכולל גם אבחנה של דלקת ריאות,1,LEAK,paired_hard_positive,report,hard,pair_6_pos
"מתוך הדוח: הפגישה עם קרן אמסלם נקבעה ל20/2/2026 בהרצליה, ובמסמך צורף גם הטלפון 0571052301.",1,LEAK,paired_hard_positive,report,hard,pair_2_pos
"לתיעוד פנימי - הועבר סיכום על איתי פרץ שעובד בגוגל ישראל ברעננה, כולל מספר הזהות 534913207.",1,LEAK,paired_hard_positive,memo,hard,pair_1_pos
"נושא: עדכון
בדשבורד הציבורי מופיע סטטוס כללי של פרויקט מיזם תמר",0,NON_LEAK,diverse_negative,email,medium,div_neg_37
מתוך הדוח: הפגישה עם עמית אלקיים נקבעה ל19/1/2026 בתל אביב.,0,NON_LEAK,paired_hard_negative,report,hard,pair_2_neg
REQ-472860 | הועבר סיכום על קרן אמסלם שעובד בסלקום בפתח תקווה תודה,0,NON_LEAK,paired_hard_negative,ticket,hard,pair_1_neg
"נושא: טיפול
שם העובד מאיה ביטון מופיע במצגת הפנימית ללא פרטים נוספים.",0,NON_LEAK,diverse_negative,email,hard,div_neg_19
REQ-045504 | הפגישה עם ראש צוות תתקיים ביום ראשון בחיפה.,0,NON_LEAK,diverse_negative,ticket,hard,div_neg_6
תזכורת: בדוח הלקוח מופיע איש קשר בשם עדי שלום יחד עם כתובת המייל adi.shalom@gmail.com.,1,LEAK,paired_hard_positive,chat,hard,pair_3_pos
"לתיעוד פנימי: במסמך המצורף אין מידע אישי, רק סיכום משימות והחלטות.",0,NON_LEAK,diverse_negative,memo,hard,div_neg_59
מתוך הדוח: הסיסמה הזמנית לחשבון של שירה אברהם היא Welcome2026! ויש להחליף אותה מיד,1,LEAK,diverse_positive,report,medium,div_pos_6
עדכון: בדוח משאבי האנוש מופיעים נתוני השכר של אילן שבתאי עבור חודש מרץ.,1,LEAK,diverse_positive,chat,hard,div_pos_33
לתיעוד פנימי: בדוח שהגיע משיבא מופיעים פרטי טיפול של מאיה ביטון,1,LEAK,diverse_positive,memo,medium,div_pos_28
"REQ-072064 | הועבר דוח עם רשימת לקוחות אסטרטגיים, הצעות מחיר ותנאי התקשרות.",1,LEAK,diverse_positive,ticket,hard,div_pos_34
מתוך הדוח: יש לעדכן את טבלת ההזמנות עם מזהה פנימי 4097549015.,0,NON_LEAK,paired_hard_negative,report,hard,pair_5_neg
"REQ-122564 | היעד הכספי לרבעון הוא 20,819 ש""ח ולא מדובר במידע על לקוח ספציפי.",0,NON_LEAK,diverse_negative,ticket,hard,div_neg_9
סיכום פגישה - בדשבורד הציבורי מופיע סטטוס כללי של פרויקט מבצע שקמה.,0,NON_LEAK,diverse_negative,meeting_note,medium,div_neg_0
שולח: יש לעדכן את טבלת ההזמנות עם חשבון הבנק 2623600809 של מיכל כהן תודה,1,LEAK,paired_hard_positive,chat,hard,pair_5_pos
בדיקה: מספר הקריאה הוא INC-854787 ויש לעקוב אחריו מול כספים.,0,NON_LEAK,diverse_negative,chat,medium,div_neg_28
לתיעוד פנימי: במצגת הופיעו שמות העובדים לצד נתוני שכר ובונוסים.,1,LEAK,paired_hard_positive,memo,hard,pair_7_pos
סיכום פגישה: שם העובד אלון מלכה מופיע במצגת הפנימית ללא פרטים נוספים.,0,NON_LEAK,diverse_negative,meeting_note,medium,div_neg_34
לתיעוד פנימי: המסמך מזכיר את איכילוב ואת טל אוחנה בהקשר אדמיניסטרטיבי.,0,NON_LEAK,paired_hard_negative,memo,hard,pair_6_neg
"מתוך הדוח: הועבר החזר בגובה 7,242 ש""ח לחשבון 2815177923 של טל אוחנה. תודה",1,LEAK,diverse_positive,report,medium,div_pos_51
"מתוך הדוח: בדוח שהגיע מרמב""ם מופיעים פרטי טיפול של אורן אברהם",1,LEAK,diverse_positive,report,medium,div_pos_1
שולח: המערכת החדשה תושק ב22/2/2026 לפי הודעה רשמית שפורסמה לכלל העובדים. תודה,0,NON_LEAK,diverse_negative,chat,medium,div_neg_49
מתוך הדוח - במצגת הופיעו שמות העובדים לצורך חלוקת משימות,0,NON_LEAK,paired_hard_negative,report,hard,pair_7_neg
סיכום פגישה: מספר הקריאה הוא REQ-589782 ויש לעקוב אחריו מול שיווק.,0,NON_LEAK,diverse_negative,meeting_note,medium,div_neg_6
"נושא: מעקב
הסיסמה הזמנית לחשבון של יעל לוי היא Welcome2026! ויש להחליף אותה מיד.",1,LEAK,diverse_positive,email,medium,div_pos_55
"SR-595319 | במסמך המצורף אין מידע אישי, רק סיכום משימות והחלטות",0,NON_LEAK,diverse_negative,ticket,hard,div_neg_11
סיכום פגישה: הועבר סיכום על דוד כהן שעובד בשטראוס בבאר שבע.,0,NON_LEAK,paired_hard_negative,meeting_note,hard,pair_1_neg
"מתוך הדוח - היעד הכספי לרבעון הוא 21,026 ש""ח ולא מדובר במידע על לקוח ספציפי.",0,NON_LEAK,diverse_negative,report,hard,div_neg_47
FIN-915763 | בדוח משאבי האנוש מופיעים נתוני השכר של משה אוחנה עבור חודש מרץ.,1,LEAK,diverse_positive,ticket,hard,div_pos_20
"נושא: מעקב
הסיסמה הזמנית לחשבון של משה אוחנה היא Welcome2026! ויש להחליף אותה מיד.",1,LEAK,diverse_positive,email,medium,div_pos_42
"INC-131801 | פרטי הקשר של קרן אמסלם: מייל kerenamsalem@mailcom, טלפון 0540023760",1,LEAK,diverse_positive,ticket,hard,div_pos_45
לתיעוד פנימי: מספר הקריאה הוא FIN-081001 ויש לעקוב אחריו מול רכש.,0,NON_LEAK,diverse_negative,memo,medium,div_neg_58
לתיעוד פנימי: המסמך מזכיר את אסותא ואת אלון מלכה בהקשר אדמיניסטרטיבי.,0,NON_LEAK,paired_hard_negative,memo,hard,pair_6_neg
סיכום פגישה: לצורך זיהוי מול הספק הועבר מספר הזהות של איתי פרץ: 046339522.,1,LEAK,diverse_positive,meeting_note,medium,div_pos_31
"FIN-835973 | בנספח מופיעים פרטי החשבון של שירה אברהם - דיסקונט, חשבון 8168199960.",1,LEAK,diverse_positive,ticket,hard,div_pos_20
"סיכום פגישה: הפגישה עם מיכל כהן נקבעה ל17/1/2026 בחיפה, ובמסמך צורף גם הטלפון 0509474789",1,LEAK,paired_hard_positive,meeting_note,hard,pair_2_pos
לתיעוד פנימי: הועבר סיכום על אלון מלכה שעובד באינטל ברעננה. תודה,0,NON_LEAK,paired_hard_negative,memo,hard,pair_1_neg
"תזכורת: היעד הכספי לרבעון הוא 13,257 ש""ח ולא מדובר במידע על לקוח ספציפי.",0,NON_LEAK,diverse_negative,chat,hard,div_neg_49
HR-331801 | המסמך מזכיר את אסותא ואת אילן שבתאי בהקשר אדמיניסטרטיבי,0,NON_LEAK,paired_hard_negative,ticket,hard,pair_6_neg
מתוך הדוח: יש לעדכן את טבלת ההזמנות עם חשבון הבנק 0517541766 של נועה מזרחי.,1,LEAK,paired_hard_positive,report,hard,pair_5_pos
"נושא: עדכון
הקובץ מכיל שם משתמש, סיסמה וגישה לסביבת הייצור. תודה",1,LEAK,diverse_positive,email,medium,div_pos_36
"נושא: טיפול
בדוח הלקוח מופיע איש קשר בשם אורן אברהם יחד עם כתובת המייל orenavraham@examplecoil תודה",1,LEAK,paired_hard_positive,email,hard,pair_3_pos
"תזכורת - בנספח מופיעים פרטי החשבון של שרון סעדה - מזרחי טפחות, חשבון 2514530846.",1,LEAK,diverse_positive,chat,medium,div_pos_17
"נושא: בקשה
הפגישה עם דוד כהן נקבעה ל21/1/2026 בהרצליה.",0,NON_LEAK,paired_hard_negative,email,hard,pair_2_neg
"מתוך הדוח: הפגישה עם טל אוחנה נקבעה ל1/11/2026 בפתח תקווה, ובמסמך צורף גם הטלפון 0535039163.",1,LEAK,paired_hard_positive,report,hard,pair_2_pos
מתוך הדוח: הצוות דן בהשקת פלטפורמת ארז ביום 1/2/2026 במסמך מסווג פנימי שלא נועד להפצה. תודה,1,LEAK,paired_hard_positive,report,hard,pair_4_pos
סיכום פגישה: המערכת החדשה תושק ב26/2/2026 לפי הודעה רשמית שפורסמה לכלל העובדים,0,NON_LEAK,diverse_negative,meeting_note,medium,div_neg_35
"מתוך הדוח: בדוח מופיע רק שם החברה צ'ק פוינט ותאריך יעד 12/6/2026, ללא מידע אישי.",0,NON_LEAK,diverse_negative,report,hard,div_neg_5
"נושא: עדכון
שם העובד נועה מזרחי מופיע במצגת הפנימית ללא פרטים נוספים.",0,NON_LEAK,diverse_negative,email,medium,div_neg_25
תזכורת: בדשבורד הציבורי מופיע סטטוס כללי של פרויקט פרויקט דרור,0,NON_LEAK,diverse_negative,chat,medium,div_neg_21
בדיקה: הצוות דן בהשקת מוצר הדס ביום 19/3/2026 במסמך מסווג פנימי שלא נועד להפצה,1,LEAK,paired_hard_positive,chat,hard,pair_4_pos
"נושא: עדכון
הקובץ מכיל שם משתמש, סיסמה וגישה לסביבת הייצור.",1,LEAK,diverse_positive,email,medium,div_pos_16
מתוך הדוח: במצגת הופיעו שמות העובדים לצד נתוני שכר ובונוסים. תודה,1,LEAK,paired_hard_positive,report,hard,pair_7_pos
לתיעוד פנימי: הצוות דן בהשקת מערכת קשת ביום 21/1/2026. תודה,0,NON_LEAK,paired_hard_negative,memo,hard,pair_4_neg
"שולח: הפגישה עם יואב לוי נקבעה ל7/2/2026 בהרצליה, ובמסמך צורף גם הטלפון 0543772214.",1,LEAK,paired_hard_positive,chat,hard,pair_2_pos
לתיעוד פנימי: בדשבורד הציבורי מופיע סטטוס כללי של פרויקט מיזם תמר.,0,NON_LEAK,diverse_negative,memo,medium,div_neg_59
INC-228984 | במצגת הופיעו שמות העובדים לצד נתוני שכר ובונוסים.,1,LEAK,paired_hard_positive,ticket,hard,pair_7_pos
"עדכון: הועבר החזר בגובה 35,480 ש""ח לחשבון 5977912594 של עמית אלקיים.",1,LEAK,diverse_positive,chat,medium,div_pos_19
מתוך הדוח: המסמך מזכיר את סורוקה ואת רונית פרץ בהקשר אדמיניסטרטיבי.,0,NON_LEAK,paired_hard_negative,report,hard,pair_6_neg
לתיעוד פנימי - הפגישה עם מאיה ביטון נקבעה ל18/2/2026 בהרצליה.,0,NON_LEAK,paired_hard_negative,memo,hard,pair_2_neg
מתוך הדוח: בדוח שהגיע מסורוקה מופיעים פרטי טיפול של אלון מלכה,1,LEAK,diverse_positive,report,hard,div_pos_58
"נושא: בקשה
הועבר סיכום על דנה דנינו שעובד בבנק הפועלים ברעננה, כולל מספר הזהות 521397625.",1,LEAK,paired_hard_positive,email,hard,pair_1_pos
סיכום פגישה: בדוח הלקוח מופיע איש קשר בשם דנה דנינו יחד עם כתובת המייל dana.danino@company.co.il.,1,LEAK,paired_hard_positive,meeting_note,hard,pair_3_pos
"נושא: בקשה
במצגת הופיעו שמות העובדים לצורך חלוקת משימות. תודה",0,NON_LEAK,paired_hard_negative,email,hard,pair_7_neg
לתיעוד פנימי: הצוות עבר לשלב בדיקות אינטגרציה ונדרש לעדכן סטטוס עד סוף היום.,0,NON_LEAK,diverse_negative,memo,medium,div_neg_44
שולח: יש לעדכן את טבלת ההזמנות עם חשבון הבנק 1735114245 של אלון מלכה. תודה,1,LEAK,paired_hard_positive,chat,hard,pair_5_pos
שולח: הסיסמה הזמנית לחשבון של עמית אלקיים היא Welcome2026! ויש להחליף אותה מיד.,1,LEAK,diverse_positive,chat,medium,div_pos_14
סיכום פגישה: המסמך מזכיר את סורוקה ואת אלון מלכה בהקשר אדמיניסטרטיבי,0,NON_LEAK,paired_hard_negative,meeting_note,hard,pair_6_neg
לתיעוד פנימי: בדוח הלקוח מופיע איש קשר בשם הילה חדד.,0,NON_LEAK,paired_hard_negative,memo,hard,pair_3_neg
מתוך הדוח: הצוות דן בהשקת מוצר אופק ביום 21/10/2026 במסמך מסווג פנימי שלא נועד להפצה.,1,LEAK,paired_hard_positive,report,hard,pair_4_pos
"נושא - בקשה
בדוח שהגיע מסורוקה מופיעים פרטי טיפול של טל אוחנה",1,LEAK,diverse_positive,email,hard,div_pos_26
INC-321147 | הועבר סיכום על דוד כהן שעובד בAmdocs בתל אביב תודה,0,NON_LEAK,paired_hard_negative,ticket,hard,pair_1_neg
תזכורת - הפגישה עם יועץ משפטי תתקיים ביום ראשון במודיעין,0,NON_LEAK,diverse_negative,chat,hard,div_neg_39
תזכורת: המסמך מזכיר את שיבא ואת יואב לוי בהקשר אדמיניסטרטיבי.,0,NON_LEAK,paired_hard_negative,chat,hard,pair_6_neg
"לתיעוד פנימי: במסמך המצורף אין מידע אישי, רק סיכום משימות והחלטות.",0,NON_LEAK,diverse_negative,memo,medium,div_neg_12
"סיכום פגישה: הלקוח ביקש עדכון על הפרויקט, אבל לא נשלחו פרטי קשר או מזהים.",0,NON_LEAK,diverse_negative,meeting_note,hard,div_neg_41
REQ-974766 | לצורך זיהוי מול הספק הועבר מספר הזהות של קרן אמסלם: 336273277,1,LEAK,diverse_positive,ticket,hard,div_pos_47
מתוך הדוח - בדשבורד הציבורי מופיע סטטוס כללי של פרויקט פרויקט דרור,0,NON_LEAK,diverse_negative,report,medium,div_neg_58
תזכורת: יש לעדכן את טבלת ההזמנות עם חשבון הבנק 1615049888 של קרן אמסלם.,1,LEAK,paired_hard_positive,chat,hard,pair_5_pos
HR-141264 | בדוח שהגיע מסורוקה מופיעים פרטי טיפול של שירה אברהם.,1,LEAK,diverse_positive,ticket,medium,div_pos_51
INC-830646 | הפגישה עם שרון סעדה נקבעה ל14/6/2026 באשדוד,0,NON_LEAK,paired_hard_negative,ticket,hard,pair_2_neg
"סיכום פגישה - היעד הכספי לרבעון הוא 22,507 ש""ח ולא מדובר במידע על לקוח ספציפי.",0,NON_LEAK,diverse_negative,meeting_note,medium,div_neg_51
מתוך הדוח: הצוות דן בהשקת שירות אביב ביום 15/12/2026 במסמך מסווג פנימי שלא נועד להפצה.,1,LEAK,paired_hard_positive,report,hard,pair_4_pos
"מתוך הדוח: בנספח מופיעים פרטי החשבון של מיכל כהן: מזרחי טפחות, חשבון 0869245811.",1,LEAK,diverse_positive,report,hard,div_pos_52
"נושא: טיפול
הקובץ מכיל שם משתמש, סיסמה וגישה לסביבת הייצור.",1,LEAK,diverse_positive,email,hard,div_pos_56
"מתוך הדוח: הקובץ מכיל שם משתמש, סיסמה וגישה לסביבת הייצור",1,LEAK,diverse_positive,report,hard,div_pos_8
סיכום פגישה: הפגישה עם יועץ משפטי תתקיים ביום ראשון בנתניה תודה,0,NON_LEAK,diverse_negative,meeting_note,medium,div_neg_34
לתיעוד פנימי: במצגת הופיעו שמות העובדים לצורך חלוקת משימות.,0,NON_LEAK,paired_hard_negative,memo,hard,pair_7_neg
"נושא: מעקב
המערכת החדשה תושק ב4/11/2026 לפי הודעה רשמית שפורסמה לכלל העובדים.",0,NON_LEAK,diverse_negative,email,hard,div_neg_42
"נושא - עדכון
הועבר סיכום על ליאור מלכה שעובד בנייס בפתח תקווה.",0,NON_LEAK,paired_hard_negative,email,hard,pair_1_neg
"נושא: עדכון
במצגת הופיעו שמות העובדים לצד נתוני שכר ובונוסים.",1,LEAK,paired_hard_positive,email,hard,pair_7_pos
"SR-505846 | במסמך המצורף אין מידע אישי, רק סיכום משימות והחלטות",0,NON_LEAK,diverse_negative,ticket,medium,div_neg_37
"HR-110200 | הפגישה עם יואב לוי נקבעה ל11/7/2026 ברעננה, ובמסמך צורף גם הטלפון 0575288974.",1,LEAK,paired_hard_positive,ticket,hard,pair_2_pos
לתיעוד פנימי: בדוח משאבי האנוש מופיעים נתוני השכר של ליאור מלכה עבור חודש מרץ.,1,LEAK,diverse_positive,memo,hard,div_pos_24
"נושא: טיפול
הפגישה עם יואב לוי נקבעה ל2/10/2026 בתל אביב, ובמסמך צורף גם הטלפון 0546269184.",1,LEAK,paired_hard_positive,email,hard,pair_2_pos
לתיעוד פנימי - הסיסמה הזמנית לחשבון של רון חדד היא Welcome2026! ויש להחליף אותה מיד.,1,LEAK,diverse_positive,memo,medium,div_pos_39
"מתוך הדוח: המסמך מזכיר את רמב""ם ואת עמית אלקיים וכולל גם אבחנה של אסתמה.",1,LEAK,paired_hard_positive,report,hard,pair_6_pos
"HR-233651 | הפגישה עם אילן שבתאי נקבעה ל23/1/2026 בתל אביב, ובמסמך צורף גם הטלפון 0527571240. תודה",1,LEAK,paired_hard_positive,ticket,hard,pair_2_pos
לתיעוד פנימי: יש לעדכן את טבלת ההזמנות עם מזהה פנימי 7330785573.,0,NON_LEAK,paired_hard_negative,memo,hard,pair_5_neg
סיכום פגישה - בדוח משאבי האנוש מופיעים נתוני השכר של דוד כהן עבור חודש מרץ.,1,LEAK,diverse_positive,meeting_note,hard,div_pos_46
עדכון: לצורך זיהוי מול הספק הועבר מספר הזהות של מאיה ביטון: 577311656,1,LEAK,diverse_positive,chat,medium,div_pos_58
מתוך הדוח: במצגת הופיעו שמות העובדים לצד נתוני שכר ובונוסים.,1,LEAK,paired_hard_positive,report,hard,pair_7_pos
מתוך הדוח: במצגת הופיעו שמות העובדים לצורך חלוקת משימות. תודה,0,NON_LEAK,paired_hard_negative,report,hard,pair_7_neg
REQ-244169 | בדשבורד הציבורי מופיע סטטוס כללי של פרויקט פרויקט ברוש.,0,NON_LEAK,diverse_negative,ticket,hard,div_neg_26
מתוך הדוח: המערכת החדשה תושק ב6/12/2026 לפי הודעה רשמית שפורסמה לכלל העובדים,0,NON_LEAK,diverse_negative,report,medium,div_neg_18
"סיכום פגישה - המסמך מזכיר את רמב""ם ואת אילן שבתאי בהקשר אדמיניסטרטיבי.",0,NON_LEAK,paired_hard_negative,meeting_note,hard,pair_6_neg
"לתיעוד פנימי: הלקוח ביקש עדכון על הפרויקט, אבל לא נשלחו פרטי קשר או מזהים. תודה",0,NON_LEAK,diverse_negative,memo,medium,div_neg_30
לתיעוד פנימי: המסמך מזכיר את סורוקה ואת ליאור מלכה בהקשר אדמיניסטרטיבי.,0,NON_LEAK,paired_hard_negative,memo,hard,pair_6_neg
"נושא: מעקב
בדוח הלקוח מופיע איש קשר בשם עדי שלום יחד עם כתובת המייל adi.shalom@mail.com.",1,LEAK,paired_hard_positive,email,hard,pair_3_pos
סיכום פגישה: הצוות דן בהשקת מוצר אופק ביום 3/9/2026.,0,NON_LEAK,paired_hard_negative,meeting_note,hard,pair_4_neg
סיכום פגישה: הסיסמה הזמנית לחשבון של יואב לוי היא Welcome2026! ויש להחליף אותה מיד,1,LEAK,diverse_positive,meeting_note,hard,div_pos_40
מתוך הדוח: בדוח הלקוח מופיע איש קשר בשם יואב לוי יחד עם כתובת המייל yoav.levi@company.co.il.,1,LEAK,paired_hard_positive,report,hard,pair_3_pos
REQ-788731 | במצגת הופיעו שמות העובדים לצורך חלוקת משימות. תודה,0,NON_LEAK,paired_hard_negative,ticket,hard,pair_7_neg
בדיקה: הצוות דן בהשקת מוצר הדס ביום 13/12/2026 במסמך מסווג פנימי שלא נועד להפצה. תודה,1,LEAK,paired_hard_positive,chat,hard,pair_4_pos
REQ-542778 | יש לעדכן את טבלת ההזמנות עם מזהה פנימי 2922214090 תודה,0,NON_LEAK,paired_hard_negative,ticket,hard,pair_5_neg
תזכורת - במצגת הופיעו שמות העובדים לצורך חלוקת משימות.,0,NON_LEAK,paired_hard_negative,chat,hard,pair_7_neg
עדכון: הועבר סיכום על דוד כהן שעובד בשטראוס בחיפה,0,NON_LEAK,paired_hard_negative,chat,hard,pair_1_neg
סיכום פגישה: בדוח משאבי האנוש מופיעים נתוני השכר של יעל לוי עבור חודש מרץ,1,LEAK,diverse_positive,meeting_note,medium,div_pos_53
מתוך הדוח: בדוח הלקוח מופיע איש קשר בשם איתי פרץ. תודה,0,NON_LEAK,paired_hard_negative,report,hard,pair_3_neg
לתיעוד פנימי: הסיסמה הזמנית לחשבון של נועה מזרחי היא Welcome2026! ויש להחליף אותה מיד.,1,LEAK,diverse_positive,memo,hard,div_pos_20
"לתיעוד פנימי: היעד הכספי לרבעון הוא 33,251 ש""ח ולא מדובר במידע על לקוח ספציפי.",0,NON_LEAK,diverse_negative,memo,medium,div_neg_22
לתיעוד פנימי - הפגישה עם שרון סעדה נקבעה ל2/9/2026 בנתניה.,0,NON_LEAK,paired_hard_negative,memo,hard,pair_2_neg
מתוך הדוח: בדוח הלקוח מופיע איש קשר בשם נועה מזרחי,0,NON_LEAK,paired_hard_negative,report,hard,pair_3_neg
"מתוך הדוח: הועבר דוח עם רשימת לקוחות אסטרטגיים, הצעות מחיר ותנאי התקשרות.",1,LEAK,diverse_positive,report,medium,div_pos_58
FIN-111949 | נא לשמור על סודיות: תוכנית ההשקה של פרויקט נוגה וקוד השם מיזם תמר מצורפים,1,LEAK,diverse_positive,ticket,hard,div_pos_51
מתוך הדוח: בדשבורד הציבורי מופיע סטטוס כללי של פרויקט מיזם תמר.,0,NON_LEAK,diverse_negative,report,hard,div_neg_22
"FIN-991414 | הפגישה עם אילן שבתאי נקבעה ל10/10/2026 בפתח תקווה, ובמסמך צורף גם הטלפון 0562720041.",1,LEAK,paired_hard_positive,ticket,hard,pair_2_pos
"תזכורת: בדוח מופיע רק שם החברה גוגל ישראל ותאריך יעד 11/3/2026, ללא מידע אישי",0,NON_LEAK,diverse_negative,chat,hard,div_neg_43
"REQ-492604 | פרטי הקשר של קרן אמסלם: מייל keren.amsalem@org.co.il, טלפון 0543991680.",1,LEAK,diverse_positive,ticket,hard,div_pos_50
עדכון: לצורך זיהוי מול הספק הועבר מספר הזהות של שירה אברהם: 784967469.,1,LEAK,diverse_positive,chat,medium,div_pos_52
"לתיעוד פנימי: המסמך מזכיר את רמב""ם ואת אלון מלכה וכולל גם אבחנה של לחץ דם גבוה.",1,LEAK,paired_hard_positive,memo,hard,pair_6_pos
"סיכום פגישה: הקובץ מכיל שם משתמש, סיסמה וגישה לסביבת הייצור.",1,LEAK,diverse_positive,meeting_note,medium,div_pos_48
REQ-290146 | במצגת הופיעו שמות העובדים לצד נתוני שכר ובונוסים תודה,1,LEAK,paired_hard_positive,ticket,hard,pair_7_pos
INC-319508 | הפגישה עם מנהל אבטחת מידע תתקיים ביום ראשון בבאר שבע,0,NON_LEAK,diverse_negative,ticket,hard,div_neg_30
סיכום פגישה - המסמך מזכיר את אסותא ואת אורן אברהם וכולל גם אבחנה של אסתמה.,1,LEAK,paired_hard_positive,meeting_note,hard,pair_6_pos
מתוך הדוח: המסמך מזכיר את איכילוב ואת אלון מלכה בהקשר אדמיניסטרטיבי.,0,NON_LEAK,paired_hard_negative,report,hard,pair_6_neg
בדיקה: שם העובד אורן אברהם מופיע במצגת הפנימית ללא פרטים נוספים.,0,NON_LEAK,diverse_negative,chat,medium,div_neg_55
לתיעוד פנימי: הפגישה עם מנהל פיתוח תתקיים ביום ראשון בראשון לציון.,0,NON_LEAK,diverse_negative,memo,hard,div_neg_32
לתיעוד פנימי: בדוח משאבי האנוש מופיעים נתוני השכר של דנה דנינו עבור חודש מרץ.,1,LEAK,diverse_positive,memo,hard,div_pos_38
HR-553105 | הועבר סיכום על איתי פרץ שעובד בצ'ק פוינט בהרצליה.,0,NON_LEAK,paired_hard_negative,ticket,hard,pair_1_neg
סיכום פגישה: המסמך מזכיר את שיבא ואת שרון סעדה וכולל גם אבחנה של חרדה.,1,LEAK,paired_hard_positive,meeting_note,hard,pair_6_pos
SR-373936 | הועבר סיכום על שרון סעדה שעובד בבנק הפועלים בירושלים תודה,0,NON_LEAK,paired_hard_negative,ticket,hard,pair_1_neg
SR-176396 | הפגישה עם הילה חדד נקבעה ל5/12/2026 ברעננה,0,NON_LEAK,paired_hard_negative,ticket,hard,pair_2_neg
סיכום פגישה: המסמך מזכיר את איכילוב ואת הילה חדד בהקשר אדמיניסטרטיבי. תודה,0,NON_LEAK,paired_hard_negative,meeting_note,hard,pair_6_neg
"נושא: עדכון
יש לעדכן את טבלת ההזמנות עם חשבון הבנק 9682010594 של אורן אברהם.",1,LEAK,paired_hard_positive,email,hard,pair_5_pos
"סיכום פגישה: הקובץ מכיל שם משתמש, סיסמה וגישה לסביבת הייצור",1,LEAK,diverse_positive,meeting_note,hard,div_pos_46
לתיעוד פנימי: נא לשמור על סודיות: תוכנית ההשקה של פרויקט נוגה וקוד השם פרויקט ברוש מצורפים,1,LEAK,diverse_positive,memo,medium,div_pos_27
"נושא - עדכון
הועבר החזר בגובה 34,276 ש""ח לחשבון 7280128246 של נועה מזרחי.",1,LEAK,diverse_positive,email,hard,div_pos_45
לתיעוד פנימי: בדוח הלקוח מופיע איש קשר בשם אילן שבתאי יחד עם כתובת המייל ilan.shabtai@org.co.il.,1,LEAK,paired_hard_positive,memo,hard,pair_3_pos
שולח: במצגת הופיעו שמות העובדים לצורך חלוקת משימות,0,NON_LEAK,paired_hard_negative,chat,hard,pair_7_neg
"מתוך הדוח: המסמך מזכיר את רמב""ם ואת טל אוחנה וכולל גם אבחנה של אלרגיה חריפה.",1,LEAK,paired_hard_positive,report,hard,pair_6_pos
"סיכום פגישה: בנספח מופיעים פרטי החשבון של יעל לוי: דיסקונט, חשבון 5864761314.",1,LEAK,diverse_positive,meeting_note,hard,div_pos_27
תזכורת: המסמך מזכיר את איכילוב ואת עמית אלקיים בהקשר אדמיניסטרטיבי.,0,NON_LEAK,paired_hard_negative,chat,hard,pair_6_neg
מתוך הדוח: לצורך זיהוי מול הספק הועבר מספר הזהות של דוד כהן: 287230538.,1,LEAK,diverse_positive,report,hard,div_pos_28
מתוך הדוח: יש לעדכן את טבלת ההזמנות עם חשבון הבנק 3607472887 של ניר ביטון.,1,LEAK,paired_hard_positive,report,hard,pair_5_pos
"סיכום פגישה - הועבר דוח עם רשימת לקוחות אסטרטגיים, הצעות מחיר ותנאי התקשרות.",1,LEAK,diverse_positive,meeting_note,hard,div_pos_56
"נושא: עדכון
הפגישה עם מנהל פיתוח תתקיים ביום ראשון ברעננה. תודה",0,NON_LEAK,diverse_negative,email,medium,div_neg_54
"תזכורת: הועבר החזר בגובה 25,043 ש""ח לחשבון 9157441803 של ניר ביטון.",1,LEAK,diverse_positive,chat,hard,div_pos_48
"נושא: מעקב
נא לשמור על סודיות: תוכנית ההשקה של מערכת קשת וקוד השם תוכנית רימון מצורפים",1,LEAK,diverse_positive,email,hard,div_pos_46
HR-878809 | מספר הקריאה הוא REQ-338848 ויש לעקוב אחריו מול שירות לקוחות.,0,NON_LEAK,diverse_negative,ticket,hard,div_neg_7
SR-674442 | יש לעדכן את טבלת ההזמנות עם חשבון הבנק 6182587515 של הילה חדד.,1,LEAK,paired_hard_positive,ticket,hard,pair_5_pos
"סיכום פגישה - היעד הכספי לרבעון הוא 10,891 ש""ח ולא מדובר במידע על לקוח ספציפי.",0,NON_LEAK,diverse_negative,meeting_note,medium,div_neg_46
"נושא: טיפול
הועבר סיכום על דנה דנינו שעובד במיקרוסופט בחיפה, כולל מספר הזהות 749823531. תודה",1,LEAK,paired_hard_positive,email,hard,pair_1_pos
"מתוך הדוח - הקובץ מכיל שם משתמש, סיסמה וגישה לסביבת הייצור.",1,LEAK,diverse_positive,report,hard,div_pos_7
סיכום פגישה - הצוות דן בהשקת מוצר הדס ביום 12/9/2026. תודה,0,NON_LEAK,paired_hard_negative,meeting_note,hard,pair_4_neg
עדכון: נא לשמור על סודיות: תוכנית ההשקה של פלטפורמת ארז וקוד השם מבצע שקמה מצורפים. תודה,1,LEAK,diverse_positive,chat,hard,div_pos_19
סיכום פגישה: יש לעדכן את טבלת ההזמנות עם חשבון הבנק 6172702224 של משה אוחנה,1,LEAK,paired_hard_positive,meeting_note,hard,pair_5_pos
FIN-125823 | הפגישה עם דנה דנינו נקבעה ל15/4/2026 בראשון לציון.,0,NON_LEAK,paired_hard_negative,ticket,hard,pair_2_neg
"נושא - בקשה
נא לשמור על סודיות - תוכנית ההשקה של מודול ברק וקוד השם פרויקט ברוש מצורפים.",1,LEAK,diverse_positive,email,hard,div_pos_54
"מתוך הדוח - הועבר סיכום על דוד כהן שעובד בגוגל ישראל בנתניה, כולל מספר הזהות 330650345.",1,LEAK,paired_hard_positive,report,hard,pair_1_pos
"נושא: מעקב
בדוח הלקוח מופיע איש קשר בשם עדי שלום יחד עם כתובת המייל adi.shalom@example.co.il.",1,LEAK,paired_hard_positive,email,hard,pair_3_pos
תזכורת - המערכת החדשה תושק ב18/7/2026 לפי הודעה רשמית שפורסמה לכלל העובדים.,0,NON_LEAK,diverse_negative,chat,medium,div_neg_13
"סיכום פגישה: הפגישה עם מיכל כהן נקבעה ל17/7/2026 בראשון לציון, ובמסמך צורף גם הטלפון 0553326604.",1,LEAK,paired_hard_positive,meeting_note,hard,pair_2_pos
HR-507112 | הצוות דן בהשקת פרויקט נוגה ביום 26/7/2026 במסמך מסווג פנימי שלא נועד להפצה,1,LEAK,paired_hard_positive,ticket,hard,pair_4_pos
"INC-168978 | הועבר סיכום על מיכל כהן שעובד באינטל בנתניה, כולל מספר הזהות 242317068.",1,LEAK,paired_hard_positive,ticket,hard,pair_1_pos
"סיכום פגישה: בדוח שהגיע מרמב""ם מופיעים פרטי טיפול של ליאור מלכה תודה",1,LEAK,diverse_positive,meeting_note,medium,div_pos_45
שולח: בדוח שהגיע מאיכילוב מופיעים פרטי טיפול של טל אוחנה,1,LEAK,diverse_positive,chat,medium,div_pos_11
SR-897900 | המסמך מזכיר את אסותא ואת יעל לוי בהקשר אדמיניסטרטיבי,0,NON_LEAK,paired_hard_negative,ticket,hard,pair_6_neg
INC-557268 | שם העובד הילה חדד מופיע במצגת הפנימית ללא פרטים נוספים,0,NON_LEAK,diverse_negative,ticket,hard,div_neg_39
שולח: הפגישה עם הילה חדד נקבעה ל9/7/2026 בירושלים.,0,NON_LEAK,paired_hard_negative,chat,hard,pair_2_neg
"נושא: בקשה
יש לעדכן את טבלת ההזמנות עם חשבון הבנק 7116063046 של הילה חדד. תודה",1,LEAK,paired_hard_positive,email,hard,pair_5_pos
לתיעוד פנימי: הועבר סיכום על שירה אברהם שעובד בצ'ק פוינט בחיפה.,0,NON_LEAK,paired_hard_negative,memo,hard,pair_1_neg
INC-454868 | המסמך מזכיר את סורוקה ואת ניר ביטון בהקשר אדמיניסטרטיבי.,0,NON_LEAK,paired_hard_negative,ticket,hard,pair_6_neg
"נושא: טיפול
הצוות דן בהשקת גרסה 4.2 ביום 27/10/2026.",0,NON_LEAK,paired_hard_negative,email,hard,pair_4_neg
סיכום פגישה: מספר הקריאה הוא REQ-980360 ויש לעקוב אחריו מול רכש. תודה,0,NON_LEAK,diverse_negative,meeting_note,hard,div_neg_14
"מתוך הדוח: במסמך המצורף אין מידע אישי, רק סיכום משימות והחלטות",0,NON_LEAK,diverse_negative,report,hard,div_neg_41
"סיכום פגישה: הועבר סיכום על שרון סעדה שעובד באינטל בהרצליה, כולל מספר הזהות 876370546",1,LEAK,paired_hard_positive,meeting_note,hard,pair_1_pos
סיכום פגישה: יש לעדכן את טבלת ההזמנות עם מזהה פנימי 1434966461.,0,NON_LEAK,paired_hard_negative,meeting_note,hard,pair_5_neg
סיכום פגישה: יש לעדכן את טבלת ההזמנות עם חשבון הבנק 2200620899 של מאיה ביטון.,1,LEAK,paired_hard_positive,meeting_note,hard,pair_5_pos
"לתיעוד פנימי: היעד הכספי לרבעון הוא 4,225 ש""ח ולא מדובר במידע על לקוח ספציפי",0,NON_LEAK,diverse_negative,memo,hard,div_neg_40
"לתיעוד פנימי: בנספח מופיעים פרטי החשבון של מיכל כהן: בנק לאומי, חשבון 1044286800",1,LEAK,diverse_positive,memo,hard,div_pos_17
שולח - הפגישה עם ראש צוות תתקיים ביום ראשון בירושלים. תודה,0,NON_LEAK,diverse_negative,chat,hard,div_neg_10
לתיעוד פנימי: בדוח הלקוח מופיע איש קשר בשם טל אוחנה.,0,NON_LEAK,paired_hard_negative,memo,hard,pair_3_neg
"נושא: בקשה
הפגישה עם ליאור מלכה נקבעה ל10/8/2026 ברעננה.",0,NON_LEAK,paired_hard_negative,email,hard,pair_2_neg
"מתוך הדוח: הועבר החזר בגובה 33,116 ש""ח לחשבון 0275292154 של אלון מלכה",1,LEAK,diverse_positive,report,hard,div_pos_12
שולח - בדוח משאבי האנוש מופיעים נתוני השכר של איתי פרץ עבור חודש מרץ.,1,LEAK,diverse_positive,chat,hard,div_pos_9
מתוך הדוח: מספר הקריאה הוא INC-059701 ויש לעקוב אחריו מול אבטחת מידע.,0,NON_LEAK,diverse_negative,report,hard,div_neg_16
"שולח: הפגישה עם דוד כהן נקבעה ל2/1/2026 ברעננה, ובמסמך צורף גם הטלפון 0502073406.",1,LEAK,paired_hard_positive,chat,hard,pair_2_pos
סיכום פגישה - המערכת החדשה תושק ב16/10/2026 לפי הודעה רשמית שפורסמה לכלל העובדים,0,NON_LEAK,diverse_negative,meeting_note,medium,div_neg_39
לתיעוד פנימי: מספר הקריאה הוא HR-208991 ויש לעקוב אחריו מול שיווק.,0,NON_LEAK,diverse_negative,memo,hard,div_neg_33
שולח: במצגת הופיעו שמות העובדים לצורך חלוקת משימות.,0,NON_LEAK,paired_hard_negative,chat,hard,pair_7_neg
"נושא: טיפול
שם העובד עדי שלום מופיע במצגת הפנימית ללא פרטים נוספים.",0,NON_LEAK,diverse_negative,email,medium,div_neg_1
לתיעוד פנימי: שם העובד אורן אברהם מופיע במצגת הפנימית ללא פרטים נוספים.,0,NON_LEAK,diverse_negative,memo,medium,div_neg_57
"לתיעוד פנימי: בדוח מופיע רק שם החברה גוגל ישראל ותאריך יעד 9/11/2026, ללא מידע אישי.",0,NON_LEAK,diverse_negative,memo,hard,div_neg_26
"FIN-326206 | הועבר סיכום על ליאור מלכה שעובד בגוגל ישראל בנתניה, כולל מספר הזהות 708055513.",1,LEAK,paired_hard_positive,ticket,hard,pair_1_pos
סיכום פגישה: הפגישה עם רון חדד נקבעה ל12/9/2026 בתל אביב.,0,NON_LEAK,paired_hard_negative,meeting_note,hard,pair_2_neg
לתיעוד פנימי: לצורך זיהוי מול הספק הועבר מספר הזהות של שירה אברהם: 542278029. תודה,1,LEAK,diverse_positive,memo,medium,div_pos_18
"נושא: בקשה
המסמך מזכיר את שיבא ואת שירה אברהם בהקשר אדמיניסטרטיבי",0,NON_LEAK,paired_hard_negative,email,hard,pair_6_neg
"נושא: עדכון
הלקוח ביקש עדכון על הפרויקט, אבל לא נשלחו פרטי קשר או מזהים.",0,NON_LEAK,diverse_negative,email,hard,div_neg_9
מתוך הדוח - המסמך מזכיר את אסותא ואת משה אוחנה בהקשר אדמיניסטרטיבי,0,NON_LEAK,paired_hard_negative,report,hard,pair_6_neg
עדכון: בדוח שהגיע משיבא מופיעים פרטי טיפול של אורן אברהם.,1,LEAK,diverse_positive,chat,hard,div_pos_28
"עדכון - בנספח מופיעים פרטי החשבון של דוד כהן - בנק לאומי, חשבון 9473726765 תודה",1,LEAK,diverse_positive,chat,hard,div_pos_3
"נושא: טיפול
היעד הכספי לרבעון הוא 10,360 ש""ח ולא מדובר במידע על לקוח ספציפי.",0,NON_LEAK,diverse_negative,email,medium,div_neg_28
SR-895551 | הפגישה עם אורן אברהם נקבעה ל22/2/2026 בחיפה תודה,0,NON_LEAK,paired_hard_negative,ticket,hard,pair_2_neg
REQ-796899 | יש לעדכן את טבלת ההזמנות עם חשבון הבנק 3882447613 של הילה חדד.,1,LEAK,paired_hard_positive,ticket,hard,pair_5_pos
מתוך הדוח: יש לעדכן את טבלת ההזמנות עם מזהה פנימי 2212694173.,0,NON_LEAK,paired_hard_negative,report,hard,pair_5_neg
"עדכון: הועבר סיכום על רונית פרץ שעובד בשופרסל בהרצליה, כולל מספר הזהות 635468141",1,LEAK,paired_hard_positive,chat,hard,pair_1_pos
עדכון: המסמך מזכיר את שיבא ואת רונית פרץ וכולל גם אבחנה של אסתמה.,1,LEAK,paired_hard_positive,chat,hard,pair_6_pos
FIN-411710 | הצוות עבר לשלב בדיקות אינטגרציה ונדרש לעדכן סטטוס עד סוף היום,0,NON_LEAK,diverse_negative,ticket,hard,div_neg_7
"סיכום פגישה: הקובץ מכיל שם משתמש, סיסמה וגישה לסביבת הייצור. תודה",1,LEAK,diverse_positive,meeting_note,medium,div_pos_54
מתוך הדוח: הצוות עבר לשלב בדיקות אינטגרציה ונדרש לעדכן סטטוס עד סוף היום.,0,NON_LEAK,diverse_negative,report,medium,div_neg_18
לתיעוד פנימי - נא לשמור על סודיות - תוכנית ההשקה של פלטפורמת ארז וקוד השם מבצע שקמה מצורפים.,1,LEAK,diverse_positive,memo,medium,div_pos_32
"נושא: בקשה
הועבר סיכום על איתי פרץ שעובד בשטראוס בתל אביב",0,NON_LEAK,paired_hard_negative,email,hard,pair_1_neg
סיכום פגישה: הצוות דן בהשקת פרויקט נוגה ביום 14/1/2026. תודה,0,NON_LEAK,paired_hard_negative,meeting_note,hard,pair_4_neg
HR-081192 | הצוות דן בהשקת פרויקט נוגה ביום 9/6/2026.,0,NON_LEAK,paired_hard_negative,ticket,hard,pair_4_neg
מתוך הדוח: הפגישה עם רון חדד נקבעה ל11/4/2026 בירושלים.,0,NON_LEAK,paired_hard_negative,report,hard,pair_2_neg
"עדכון - הקובץ מכיל שם משתמש, סיסמה וגישה לסביבת הייצור.",1,LEAK,diverse_positive,chat,hard,div_pos_12
REQ-744353 | הועבר סיכום על משה אוחנה שעובד בשופרסל באשדוד,0,NON_LEAK,paired_hard_negative,ticket,hard,pair_1_neg
לתיעוד פנימי: בדוח הלקוח מופיע איש קשר בשם מאיה ביטון יחד עם כתובת המייל maya.biton@mail.com.,1,LEAK,paired_hard_positive,memo,hard,pair_3_pos
"מתוך הדוח: הפגישה עם שירה אברהם נקבעה ל19/2/2026 בחיפה, ובמסמך צורף גם הטלפון 0537570450.",1,LEAK,paired_hard_positive,report,hard,pair_2_pos
"סיכום פגישה: הועבר דוח עם רשימת לקוחות אסטרטגיים, הצעות מחיר ותנאי התקשרות",1,LEAK,diverse_positive,meeting_note,medium,div_pos_38
"REQ-972543 | המסמך מזכיר את רמב""ם ואת ניר ביטון בהקשר אדמיניסטרטיבי.",0,NON_LEAK,paired_hard_negative,ticket,hard,pair_6_neg
"תזכורת - הועבר סיכום על ליאור מלכה שעובד בAmdocs ברעננה, כולל מספר הזהות 417871630",1,LEAK,paired_hard_positive,chat,hard,pair_1_pos
"נושא: טיפול
הועבר דוח עם רשימת לקוחות אסטרטגיים, הצעות מחיר ותנאי התקשרות",1,LEAK,diverse_positive,email,medium,div_pos_54
סיכום פגישה: יש לעדכן את טבלת ההזמנות עם מזהה פנימי 7544113170.,0,NON_LEAK,paired_hard_negative,meeting_note,hard,pair_5_neg
סיכום פגישה: מספר הקריאה הוא SR-597886 ויש לעקוב אחריו מול משאבי אנוש,0,NON_LEAK,diverse_negative,meeting_note,medium,div_neg_43
"מתוך הדוח: הפגישה עם איתי פרץ נקבעה ל6/9/2026 בנתניה, ובמסמך צורף גם הטלפון 0592905485.",1,LEAK,paired_hard_positive,report,hard,pair_2_pos
"לתיעוד פנימי: פרטי הקשר של הילה חדד: מייל hila.hadad@example.co.il, טלפון 0583422073.",1,LEAK,diverse_positive,memo,medium,div_pos_52
"סיכום פגישה: בדוח מופיע רק שם החברה אינטל ותאריך יעד 7/3/2026, ללא מידע אישי",0,NON_LEAK,diverse_negative,meeting_note,hard,div_neg_2
SR-780986 | נא לשמור על סודיות: תוכנית ההשקה של פרויקט נוגה וקוד השם מבצע שקמה מצורפים,1,LEAK,diverse_positive,ticket,hard,div_pos_3
סיכום פגישה: בדוח הלקוח מופיע איש קשר בשם שירה אברהם,0,NON_LEAK,paired_hard_negative,meeting_note,hard,pair_3_neg
"נושא: עדכון
הצוות דן בהשקת פרויקט נוגה ביום 19/2/2026 במסמך מסווג פנימי שלא נועד להפצה. תודה",1,LEAK,paired_hard_positive,email,hard,pair_4_pos
"HR-485099 | הועבר החזר בגובה 35,174 ש""ח לחשבון 7774984034 של יואב לוי.",1,LEAK,diverse_positive,ticket,hard,div_pos_3
"סיכום פגישה: פרטי הקשר של שירה אברהם: מייל shiraavraham@companycoil, טלפון 0579482794",1,LEAK,diverse_positive,meeting_note,hard,div_pos_57
"נושא: בקשה
לצורך זיהוי מול הספק הועבר מספר הזהות של דוד כהן: 098489583.",1,LEAK,diverse_positive,email,hard,div_pos_38
"נושא: עדכון
היעד הכספי לרבעון הוא 6,768 ש""ח ולא מדובר במידע על לקוח ספציפי.",0,NON_LEAK,diverse_negative,email,medium,div_neg_3
"סיכום פגישה - פרטי הקשר של משה אוחנה - מייל moshe.ohana@example.co.il, טלפון 0595201227. תודה",1,LEAK,diverse_positive,meeting_note,medium,div_pos_51
"מתוך הדוח: הפגישה עם מאיה ביטון נקבעה ל27/9/2026 באשדוד, ובמסמך צורף גם הטלפון 0529787594. תודה",1,LEAK,paired_hard_positive,report,hard,pair_2_pos
"נושא: עדכון
המסמך מזכיר את אסותא ואת מיכל כהן וכולל גם אבחנה של חרדה.",1,LEAK,paired_hard_positive,email,hard,pair_6_pos
בדיקה: המערכת החדשה תושק ב26/11/2026 לפי הודעה רשמית שפורסמה לכלל העובדים,0,NON_LEAK,diverse_negative,chat,hard,div_neg_21
תזכורת: הפגישה עם קרן אמסלם נקבעה ל17/5/2026 בתל אביב.,0,NON_LEAK,paired_hard_negative,chat,hard,pair_2_neg
FIN-010294 | במצגת הופיעו שמות העובדים לצד נתוני שכר ובונוסים.,1,LEAK,paired_hard_positive,ticket,hard,pair_7_pos
"מתוך הדוח: היעד הכספי לרבעון הוא 28,025 ש""ח ולא מדובר במידע על לקוח ספציפי. תודה",0,NON_LEAK,diverse_negative,report,medium,div_neg_30
מתוך הדוח: המערכת החדשה תושק ב13/5/2026 לפי הודעה רשמית שפורסמה לכלל העובדים. תודה,0,NON_LEAK,diverse_negative,report,medium,div_neg_2
סיכום פגישה - המסמך מזכיר את אסותא ואת איתי פרץ בהקשר אדמיניסטרטיבי.,0,NON_LEAK,paired_hard_negative,meeting_note,hard,pair_6_neg
FIN-160893 | בדוח הלקוח מופיע איש קשר בשם שרון סעדה יחד עם כתובת המייל sharon.saada@org.co.il.,1,LEAK,paired_hard_positive,ticket,hard,pair_3_pos
"לתיעוד פנימי - הועבר סיכום על אלון מלכה שעובד ברפאל במודיעין, כולל מספר הזהות 085004163.",1,LEAK,paired_hard_positive,memo,hard,pair_1_pos
תזכורת: הועבר סיכום על אילן שבתאי שעובד בשטראוס ברעננה.,0,NON_LEAK,paired_hard_negative,chat,hard,pair_1_neg
"נושא: עדכון
הועבר סיכום על נועה מזרחי שעובד בבזק בבאר שבע, כולל מספר הזהות 776763648.",1,LEAK,paired_hard_positive,email,hard,pair_1_pos
"מתוך הדוח: פרטי הקשר של אלון מלכה: מייל alon.malka@org.co.il, טלפון 0511752509.",1,LEAK,diverse_positive,report,hard,div_pos_27
"SR-358348 | היעד הכספי לרבעון הוא 22,888 ש""ח ולא מדובר במידע על לקוח ספציפי.",0,NON_LEAK,diverse_negative,ticket,hard,div_neg_39
מתוך הדוח: בדשבורד הציבורי מופיע סטטוס כללי של פרויקט מבצע שקמה. תודה,0,NON_LEAK,diverse_negative,report,hard,div_neg_13
INC-213897 | הפגישה עם עמית אלקיים נקבעה ל15/1/2026 באשדוד.,0,NON_LEAK,paired_hard_negative,ticket,hard,pair_2_neg
"REQ-925649 | בדוח מופיע רק שם החברה בנק לאומי ותאריך יעד 4/7/2026, ללא מידע אישי.",0,NON_LEAK,diverse_negative,ticket,medium,div_neg_56
מתוך הדוח: בדוח הלקוח מופיע איש קשר בשם דנה דנינו. תודה,0,NON_LEAK,paired_hard_negative,report,hard,pair_3_neg
מתוך הדוח: יש לעדכן את טבלת ההזמנות עם חשבון הבנק 6193129695 של נועה מזרחי תודה,1,LEAK,paired_hard_positive,report,hard,pair_5_pos
"סיכום פגישה: הועבר החזר בגובה 12,074 ש""ח לחשבון 5423304379 של יואב לוי.",1,LEAK,diverse_positive,meeting_note,medium,div_pos_56
SR-700896 | הצוות דן בהשקת גרסה 4.2 ביום 14/2/2026 במסמך מסווג פנימי שלא נועד להפצה.,1,LEAK,paired_hard_positive,ticket,hard,pair_4_pos
"מתוך הדוח - הפגישה עם טל אוחנה נקבעה ל14/6/2026 בתל אביב, ובמסמך צורף גם הטלפון 0568395915.",1,LEAK,paired_hard_positive,report,hard,pair_2_pos
"נושא: טיפול
המסמך מזכיר את איכילוב ואת טל אוחנה בהקשר אדמיניסטרטיבי",0,NON_LEAK,paired_hard_negative,email,hard,pair_6_neg
HR-462708 | בדוח הלקוח מופיע איש קשר בשם מאיה ביטון יחד עם כתובת המייל maya.biton@company.co.il. תודה,1,LEAK,paired_hard_positive,ticket,hard,pair_3_pos
"מתוך הדוח: היעד הכספי לרבעון הוא 6,564 ש""ח ולא מדובר במידע על לקוח ספציפי.",0,NON_LEAK,diverse_negative,report,hard,div_neg_9
"נושא: טיפול
במצגת הופיעו שמות העובדים לצד נתוני שכר ובונוסים.",1,LEAK,paired_hard_positive,email,hard,pair_7_pos
שולח: המערכת החדשה תושק ב5/5/2026 לפי הודעה רשמית שפורסמה לכלל העובדים.,0,NON_LEAK,diverse_negative,chat,hard,div_neg_52
לתיעוד פנימי - הצוות דן בהשקת מודול ברק ביום 3/5/2026 במסמך מסווג פנימי שלא נועד להפצה תודה,1,LEAK,paired_hard_positive,memo,hard,pair_4_pos
"לתיעוד פנימי: בנספח מופיעים פרטי החשבון של יואב לוי: מזרחי טפחות, חשבון 0477444603.",1,LEAK,diverse_positive,memo,hard,div_pos_24
סיכום פגישה: יש לעדכן את טבלת ההזמנות עם חשבון הבנק 7284266648 של אורן אברהם.,1,LEAK,paired_hard_positive,meeting_note,hard,pair_5_pos
בדיקה: הסיסמה הזמנית לחשבון של איתי פרץ היא Welcome2026! ויש להחליף אותה מיד.,1,LEAK,diverse_positive,chat,hard,div_pos_26
INC-149288 | לצורך זיהוי מול הספק הועבר מספר הזהות של ליאור מלכה: 175738948.,1,LEAK,diverse_positive,ticket,hard,div_pos_47
מתוך הדוח: שם העובד רון חדד מופיע במצגת הפנימית ללא פרטים נוספים.,0,NON_LEAK,diverse_negative,report,medium,div_neg_28
"סיכום פגישה: הלקוח ביקש עדכון על הפרויקט, אבל לא נשלחו פרטי קשר או מזהים.",0,NON_LEAK,diverse_negative,meeting_note,medium,div_neg_48
לתיעוד פנימי: הצוות דן בהשקת מוצר אופק ביום 20/1/2026. תודה,0,NON_LEAK,paired_hard_negative,memo,hard,pair_4_neg
בדיקה - במצגת הופיעו שמות העובדים לצורך חלוקת משימות. תודה,0,NON_LEAK,paired_hard_negative,chat,hard,pair_7_neg
לתיעוד פנימי - המסמך מזכיר את אסותא ואת אלון מלכה בהקשר אדמיניסטרטיבי.,0,NON_LEAK,paired_hard_negative,memo,hard,pair_6_neg
מתוך הדוח: בדוח הלקוח מופיע איש קשר בשם אלון מלכה יחד עם כתובת המייל alonmalka@mailcom,1,LEAK,paired_hard_positive,report,hard,pair_3_pos
"סיכום פגישה: הועבר סיכום על נועה מזרחי שעובד בבנק הפועלים בחיפה, כולל מספר הזהות 352679419.",1,LEAK,paired_hard_positive,meeting_note,hard,pair_1_pos
SR-293905 | נא לשמור על סודיות: תוכנית ההשקה של גרסה 4.2 וקוד השם פרויקט דרור מצורפים.,1,LEAK,diverse_positive,ticket,medium,div_pos_34
"סיכום פגישה: הועבר דוח עם רשימת לקוחות אסטרטגיים, הצעות מחיר ותנאי התקשרות.",1,LEAK,diverse_positive,meeting_note,hard,div_pos_49
מתוך הדוח: הסיסמה הזמנית לחשבון של יואב לוי היא Welcome2026! ויש להחליף אותה מיד,1,LEAK,diverse_positive,report,medium,div_pos_21
"נושא: טיפול
הפגישה עם מנהלת משאבי אנוש תתקיים ביום ראשון בנתניה",0,NON_LEAK,diverse_negative,email,hard,div_neg_45
מתוך הדוח: מספר הקריאה הוא SR-406984 ויש לעקוב אחריו מול שירות לקוחות.,0,NON_LEAK,diverse_negative,report,medium,div_neg_28
SR-478333 | הצוות דן בהשקת מוצר הדס ביום 4/10/2026.,0,NON_LEAK,paired_hard_negative,ticket,hard,pair_4_neg
סיכום פגישה: מספר הקריאה הוא INC-184651 ויש לעקוב אחריו מול פיתוח.,0,NON_LEAK,diverse_negative,meeting_note,medium,div_neg_5
עדכון: במצגת הופיעו שמות העובדים לצד נתוני שכר ובונוסים.,1,LEAK,paired_hard_positive,chat,hard,pair_7_pos
"נושא - מעקב
בדוח הלקוח מופיע איש קשר בשם קרן אמסלם יחד עם כתובת המייל keren.amsalem@company.co.il.",1,LEAK,paired_hard_positive,email,hard,pair_3_pos
"לתיעוד פנימי: הועבר החזר בגובה 6,312 ש""ח לחשבון 0667039745 של הילה חדד.",1,LEAK,diverse_positive,memo,medium,div_pos_37
לתיעוד פנימי: בדוח הלקוח מופיע איש קשר בשם מיכל כהן.,0,NON_LEAK,paired_hard_negative,memo,hard,pair_3_neg
"לתיעוד פנימי: בנספח מופיעים פרטי החשבון של איתי פרץ: דיסקונט, חשבון 8297347337.",1,LEAK,diverse_positive,memo,hard,div_pos_39
"נושא: מעקב
הצוות דן בהשקת פרויקט נוגה ביום 1/8/2026 במסמך מסווג פנימי שלא נועד להפצה.",1,LEAK,paired_hard_positive,email,hard,pair_4_pos
עדכון: הצוות דן בהשקת פרויקט נוגה ביום 28/4/2026.,0,NON_LEAK,paired_hard_negative,chat,hard,pair_4_neg
"תזכורת: פרטי הקשר של משה אוחנה: מייל moshe.ohana@mail.com, טלפון 0561359552.",1,LEAK,diverse_positive,chat,hard,div_pos_29
SR-524642 | בדוח שהגיע מאיכילוב מופיעים פרטי טיפול של דוד כהן. תודה,1,LEAK,diverse_positive,ticket,hard,div_pos_7
מתוך הדוח: בדוח משאבי האנוש מופיעים נתוני השכר של מאיה ביטון עבור חודש מרץ תודה,1,LEAK,diverse_positive,report,hard,div_pos_4
"FIN-684456 | בנספח מופיעים פרטי החשבון של נועה מזרחי: בנק הפועלים, חשבון 6564938946.",1,LEAK,diverse_positive,ticket,hard,div_pos_49
"שולח: פרטי הקשר של אילן שבתאי: מייל ilanshabtai@companycoil, טלפון 0590194399",1,LEAK,diverse_positive,chat,medium,div_pos_4
מתוך הדוח: יש לעדכן את טבלת ההזמנות עם חשבון הבנק 3739777703 של מיכל כהן,1,LEAK,paired_hard_positive,report,hard,pair_5_pos
מתוך הדוח: יש לעדכן את טבלת ההזמנות עם חשבון הבנק 0475248130 של אורן אברהם.,1,LEAK,paired_hard_positive,report,hard,pair_5_pos
"נושא: טיפול
הפגישה עם ניר ביטון נקבעה ל23/6/2026 בנתניה, ובמסמך צורף גם הטלפון 0562467188.",1,LEAK,paired_hard_positive,email,hard,pair_2_pos
"נושא: עדכון
בנספח מופיעים פרטי החשבון של משה אוחנה: מזרחי טפחות, חשבון 6786685837.",1,LEAK,diverse_positive,email,medium,div_pos_41
לתיעוד פנימי: המסמך מזכיר את סורוקה ואת ליאור מלכה וכולל גם אבחנה של דלקת ריאות.,1,LEAK,paired_hard_positive,memo,hard,pair_6_pos
מתוך הדוח: המסמך מזכיר את סורוקה ואת הילה חדד וכולל גם אבחנה של סוכרת.,1,LEAK,paired_hard_positive,report,hard,pair_6_pos
לתיעוד פנימי - הצוות עבר לשלב בדיקות אינטגרציה ונדרש לעדכן סטטוס עד סוף היום תודה,0,NON_LEAK,diverse_negative,memo,medium,div_neg_35
"עדכון: במסמך המצורף אין מידע אישי, רק סיכום משימות והחלטות",0,NON_LEAK,diverse_negative,chat,medium,div_neg_5
מתוך הדוח: בדשבורד הציבורי מופיע סטטוס כללי של פרויקט מיזם תמר.,0,NON_LEAK,diverse_negative,report,hard,div_neg_58
REQ-024872 | המסמך מזכיר את איכילוב ואת יואב לוי וכולל גם אבחנה של לחץ דם גבוה.,1,LEAK,paired_hard_positive,ticket,hard,pair_6_pos
HR-847779 | הועבר סיכום על אילן שבתאי שעובד במכבי שירותי בריאות ברעננה.,0,NON_LEAK,paired_hard_negative,ticket,hard,pair_1_neg
HR-755532 | יש לעדכן את טבלת ההזמנות עם חשבון הבנק 7875331604 של שרון סעדה,1,LEAK,paired_hard_positive,ticket,hard,pair_5_pos
לתיעוד פנימי: יש לעדכן את טבלת ההזמנות עם מזהה פנימי 5816002865,0,NON_LEAK,paired_hard_negative,memo,hard,pair_5_neg
"נושא: טיפול
פרטי הקשר של אילן שבתאי: מייל ilan.shabtai@company.co.il, טלפון 0564063878.",1,LEAK,diverse_positive,email,hard,div_pos_15
"בדיקה: הועבר דוח עם רשימת לקוחות אסטרטגיים, הצעות מחיר ותנאי התקשרות",1,LEAK,diverse_positive,chat,hard,div_pos_10
"נושא: מעקב
נא לשמור על סודיות: תוכנית ההשקה של מוצר הדס וקוד השם מבצע שקמה מצורפים. תודה",1,LEAK,diverse_positive,email,hard,div_pos_29
סיכום פגישה - בדוח הלקוח מופיע איש קשר בשם עמית אלקיים יחד עם כתובת המייל amitelkayim@orgcoil,1,LEAK,paired_hard_positive,meeting_note,hard,pair_3_pos
FIN-379530 | יש לעדכן את טבלת ההזמנות עם חשבון הבנק 2075595256 של אילן שבתאי,1,LEAK,paired_hard_positive,ticket,hard,pair_5_pos
"נושא: עדכון
יש לעדכן את טבלת ההזמנות עם מזהה פנימי 3220478884",0,NON_LEAK,paired_hard_negative,email,hard,pair_5_neg
סיכום פגישה: המסמך מזכיר את סורוקה ואת ליאור מלכה בהקשר אדמיניסטרטיבי.,0,NON_LEAK,paired_hard_negative,meeting_note,hard,pair_6_neg
בדיקה: יש לעדכן את טבלת ההזמנות עם מזהה פנימי 4320430329.,0,NON_LEAK,paired_hard_negative,chat,hard,pair_5_neg
לתיעוד פנימי: הפגישה עם מנהל אבטחת מידע תתקיים ביום ראשון בירושלים.,0,NON_LEAK,diverse_negative,memo,medium,div_neg_51
"נושא: בקשה
הצוות דן בהשקת פלטפורמת ארז ביום 20/7/2026.",0,NON_LEAK,paired_hard_negative,email,hard,pair_4_neg
סיכום פגישה: מספר הקריאה הוא SR-301166 ויש לעקוב אחריו מול משאבי אנוש.,0,NON_LEAK,diverse_negative,meeting_note,medium,div_neg_47
"לתיעוד פנימי: פרטי הקשר של אלון מלכה: מייל alon.malka@org.co.il, טלפון 0513619238.",1,LEAK,diverse_positive,memo,medium,div_pos_48
"SR-690749 | בנספח מופיעים פרטי החשבון של רונית פרץ: בנק לאומי, חשבון 1467394203. תודה",1,LEAK,diverse_positive,ticket,medium,div_pos_41
לתיעוד פנימי: נא לשמור על סודיות: תוכנית ההשקה של מוצר הדס וקוד השם מבצע שקמה מצורפים.,1,LEAK,diverse_positive,memo,medium,div_pos_13
INC-123897 | המערכת החדשה תושק ב11/5/2026 לפי הודעה רשמית שפורסמה לכלל העובדים.,0,NON_LEAK,diverse_negative,ticket,medium,div_neg_56
לתיעוד פנימי: הסיסמה הזמנית לחשבון של אלון מלכה היא Welcome2026! ויש להחליף אותה מיד,1,LEAK,diverse_positive,memo,hard,div_pos_32
"נושא: בקשה
הועבר דוח עם רשימת לקוחות אסטרטגיים, הצעות מחיר ותנאי התקשרות.",1,LEAK,diverse_positive,email,medium,div_pos_43
SR-645434 | בדוח הלקוח מופיע איש קשר בשם ניר ביטון יחד עם כתובת המייל nir.biton@mail.com.,1,LEAK,paired_hard_positive,ticket,hard,pair_3_pos
REQ-696967 | הצוות עבר לשלב בדיקות אינטגרציה ונדרש לעדכן סטטוס עד סוף היום.,0,NON_LEAK,diverse_negative,ticket,hard,div_neg_15
לתיעוד פנימי: בדוח שהגיע מאסותא מופיעים פרטי טיפול של רון חדד.,1,LEAK,diverse_positive,memo,hard,div_pos_51
מתוך הדוח: הסיסמה הזמנית לחשבון של קרן אמסלם היא Welcome2026! ויש להחליף אותה מיד תודה,1,LEAK,diverse_positive,report,medium,div_pos_11
לתיעוד פנימי: בדשבורד הציבורי מופיע סטטוס כללי של פרויקט פרויקט דרור. תודה,0,NON_LEAK,diverse_negative,memo,medium,div_neg_27
"סיכום פגישה: הועבר החזר בגובה 4,932 ש""ח לחשבון 2362678647 של ליאור מלכה",1,LEAK,diverse_positive,meeting_note,hard,div_pos_59
לתיעוד פנימי: הפגישה עם משה אוחנה נקבעה ל21/8/2026 בבאר שבע.,0,NON_LEAK,paired_hard_negative,memo,hard,pair_2_neg
סיכום פגישה: לצורך זיהוי מול הספק הועבר מספר הזהות של משה אוחנה: 970218665.,1,LEAK,diverse_positive,meeting_note,hard,div_pos_37
"סיכום פגישה - הקובץ מכיל שם משתמש, סיסמה וגישה לסביבת הייצור. תודה",1,LEAK,diverse_positive,meeting_note,medium,div_pos_48
"לתיעוד פנימי: בדוח שהגיע מרמב""ם מופיעים פרטי טיפול של אילן שבתאי.",1,LEAK,diverse_positive,memo,hard,div_pos_45
"INC-544830 | בנספח מופיעים פרטי החשבון של יעל לוי: מזרחי טפחות, חשבון 0581330364.",1,LEAK,diverse_positive,ticket,medium,div_pos_23
"נושא: בקשה
הפגישה עם עמית אלקיים נקבעה ל1/10/2026 בנתניה",0,NON_LEAK,paired_hard_negative,email,hard,pair_2_neg
"נושא: בקשה
מספר הקריאה הוא INC-711826 ויש לעקוב אחריו מול אבטחת מידע.",0,NON_LEAK,diverse_negative,email,medium,div_neg_31
מתוך הדוח: בדוח שהגיע מאיכילוב מופיעים פרטי טיפול של דוד כהן תודה,1,LEAK,diverse_positive,report,medium,div_pos_10
"נושא - בקשה
במצגת הופיעו שמות העובדים לצורך חלוקת משימות תודה",0,NON_LEAK,paired_hard_negative,email,hard,pair_7_neg
"לתיעוד פנימי: הועבר סיכום על דנה דנינו שעובד בשופרסל בהרצליה, כולל מספר הזהות 513467437.",1,LEAK,paired_hard_positive,memo,hard,pair_1_pos
לתיעוד פנימי: מספר הקריאה הוא FIN-469835 ויש לעקוב אחריו מול מכירות.,0,NON_LEAK,diverse_negative,memo,medium,div_neg_35
REQ-668955 | שם העובד מיכל כהן מופיע במצגת הפנימית ללא פרטים נוספים תודה,0,NON_LEAK,diverse_negative,ticket,hard,div_neg_3
סיכום פגישה: הצוות דן בהשקת שירות אביב ביום 19/12/2026.,0,NON_LEAK,paired_hard_negative,meeting_note,hard,pair_4_neg
"סיכום פגישה: הועבר סיכום על רונית פרץ שעובד בגוגל ישראל בהרצליה, כולל מספר הזהות 489465484",1,LEAK,paired_hard_positive,meeting_note,hard,pair_1_pos
"INC-866606 | הועבר החזר בגובה 13,810 ש""ח לחשבון 0145708843 של יעל לוי.",1,LEAK,diverse_positive,ticket,medium,div_pos_55
"מתוך הדוח: פרטי הקשר של דוד כהן: מייל david.cohen@gmail.com, טלפון 0536496904.",1,LEAK,diverse_positive,report,medium,div_pos_13
לתיעוד פנימי: בדוח משאבי האנוש מופיעים נתוני השכר של יעל לוי עבור חודש מרץ. תודה,1,LEAK,diverse_positive,memo,hard,div_pos_22
לתיעוד פנימי: במצגת הופיעו שמות העובדים לצד נתוני שכר ובונוסים תודה,1,LEAK,paired_hard_positive,memo,hard,pair_7_pos
לתיעוד פנימי: הועבר סיכום על אילן שבתאי שעובד במכבי שירותי בריאות בירושלים תודה,0,NON_LEAK,paired_hard_negative,memo,hard,pair_1_neg
לתיעוד פנימי: הצוות עבר לשלב בדיקות אינטגרציה ונדרש לעדכן סטטוס עד סוף היום.,0,NON_LEAK,diverse_negative,memo,hard,div_neg_2
"סיכום פגישה: בנספח מופיעים פרטי החשבון של משה אוחנה: מזרחי טפחות, חשבון 3163611808.",1,LEAK,diverse_positive,meeting_note,medium,div_pos_36
"נושא - בקשה
בדוח הלקוח מופיע איש קשר בשם אילן שבתאי יחד עם כתובת המייל ilan.shabtai@mail.com.",1,LEAK,paired_hard_positive,email,hard,pair_3_pos
לתיעוד פנימי - הפגישה עם אלון מלכה נקבעה ל22/8/2026 בחיפה,0,NON_LEAK,paired_hard_negative,memo,hard,pair_2_neg
"INC-430112 | פרטי הקשר של שרון סעדה - מייל sharon.saada@outlook.com, טלפון 0512161399.",1,LEAK,diverse_positive,ticket,hard,div_pos_36
לתיעוד פנימי: יש לעדכן את טבלת ההזמנות עם חשבון הבנק 9233349628 של שירה אברהם.,1,LEAK,paired_hard_positive,memo,hard,pair_5_pos
סיכום פגישה - הצוות דן בהשקת שירות אביב ביום 15/9/2026. תודה,0,NON_LEAK,paired_hard_negative,meeting_note,hard,pair_4_neg
"נושא: עדכון
מספר הקריאה הוא SR-422543 ויש לעקוב אחריו מול כספים",0,NON_LEAK,diverse_negative,email,hard,div_neg_31
"שולח: בנספח מופיעים פרטי החשבון של נועה מזרחי: בנק הפועלים, חשבון 4337461842.",1,LEAK,diverse_positive,chat,hard,div_pos_39
לתיעוד פנימי: בדוח הלקוח מופיע איש קשר בשם ניר ביטון יחד עם כתובת המייל nir.biton@gmail.com. תודה,1,LEAK,paired_hard_positive,memo,hard,pair_3_pos
לתיעוד פנימי: בדוח הלקוח מופיע איש קשר בשם נועה מזרחי יחד עם כתובת המייל noa.mizrahi@mail.com.,1,LEAK,paired_hard_positive,memo,hard,pair_3_pos
שולח: בדוח שהגיע מאסותא מופיעים פרטי טיפול של עמית אלקיים. תודה,1,LEAK,diverse_positive,chat,hard,div_pos_37
תזכורת: המסמך מזכיר את שיבא ואת קרן אמסלם בהקשר אדמיניסטרטיבי.,0,NON_LEAK,paired_hard_negative,chat,hard,pair_6_neg
לתיעוד פנימי: הפגישה עם הילה חדד נקבעה ל7/5/2026 במודיעין,0,NON_LEAK,paired_hard_negative,memo,hard,pair_2_neg
שולח: יש לעדכן את טבלת ההזמנות עם חשבון הבנק 1777533280 של רונית פרץ. תודה,1,LEAK,paired_hard_positive,chat,hard,pair_5_pos
מתוך הדוח: יש לעדכן את טבלת ההזמנות עם חשבון הבנק 4868880465 של מיכל כהן,1,LEAK,paired_hard_positive,report,hard,pair_5_pos
"SR-669574 | הועבר החזר בגובה 23,879 ש""ח לחשבון 6155245791 של שרון סעדה.",1,LEAK,diverse_positive,ticket,hard,div_pos_56
HR-095442 | המסמך מזכיר את אסותא ואת יואב לוי וכולל גם אבחנה של דלקת ריאות.,1,LEAK,paired_hard_positive,ticket,hard,pair_6_pos
"סיכום פגישה - הועבר סיכום על הילה חדד שעובד ברפאל ברעננה, כולל מספר הזהות 327424841. תודה",1,LEAK,paired_hard_positive,meeting_note,hard,pair_1_pos
שולח: מספר הקריאה הוא HR-801195 ויש לעקוב אחריו מול כספים.,0,NON_LEAK,diverse_negative,chat,hard,div_neg_19
מתוך הדוח: לצורך זיהוי מול הספק הועבר מספר הזהות של יואב לוי: 735982147.,1,LEAK,diverse_positive,report,hard,div_pos_16
"INC-010613 | הקובץ מכיל שם משתמש, סיסמה וגישה לסביבת הייצור. תודה",1,LEAK,diverse_positive,ticket,hard,div_pos_37
"נושא: מעקב
פרטי הקשר של דוד כהן: מייל david.cohen@mail.com, טלפון 0550479488.",1,LEAK,diverse_positive,email,medium,div_pos_42
בדיקה: בדוח הלקוח מופיע איש קשר בשם שירה אברהם יחד עם כתובת המייל shira.avraham@example.co.il.,1,LEAK,paired_hard_positive,chat,hard,pair_3_pos
"נושא: עדכון
המערכת החדשה תושק ב13/1/2026 לפי הודעה רשמית שפורסמה לכלל העובדים",0,NON_LEAK,diverse_negative,email,medium,div_neg_38
לתיעוד פנימי: הפגישה עם אלון מלכה נקבעה ל5/7/2026 בראשון לציון.,0,NON_LEAK,paired_hard_negative,memo,hard,pair_2_neg
"סיכום פגישה - הועבר סיכום על ניר ביטון שעובד במכבי שירותי בריאות בירושלים, כולל מספר הזהות 864814163.",1,LEAK,paired_hard_positive,meeting_note,hard,pair_1_pos
"נושא: בקשה
המסמך מזכיר את סורוקה ואת רונית פרץ בהקשר אדמיניסטרטיבי תודה",0,NON_LEAK,paired_hard_negative,email,hard,pair_6_neg
"לתיעוד פנימי - הועבר דוח עם רשימת לקוחות אסטרטגיים, הצעות מחיר ותנאי התקשרות.",1,LEAK,diverse_positive,memo,medium,div_pos_13
מתוך הדוח: במצגת הופיעו שמות העובדים לצורך חלוקת משימות. תודה,0,NON_LEAK,paired_hard_negative,report,hard,pair_7_neg
"נושא: בקשה
היעד הכספי לרבעון הוא 6,511 ש""ח ולא מדובר במידע על לקוח ספציפי.",0,NON_LEAK,diverse_negative,email,hard,div_neg_23
תזכורת - הסיסמה הזמנית לחשבון של רונית פרץ היא Welcome2026! ויש להחליף אותה מיד.,1,LEAK,diverse_positive,chat,hard,div_pos_30
עדכון: הצוות דן בהשקת מערכת קשת ביום 5/4/2026.,0,NON_LEAK,paired_hard_negative,chat,hard,pair_4_neg
"סיכום פגישה: במסמך המצורף אין מידע אישי, רק סיכום משימות והחלטות",0,NON_LEAK,diverse_negative,meeting_note,hard,div_neg_17
לתיעוד פנימי: המסמך מזכיר את סורוקה ואת אלון מלכה בהקשר אדמיניסטרטיבי.,0,NON_LEAK,paired_hard_negative,memo,hard,pair_6_neg
"נושא: עדכון
בדשבורד הציבורי מופיע סטטוס כללי של פרויקט פרויקט דרור.",0,NON_LEAK,diverse_negative,email,hard,div_neg_41
בדיקה: בדוח שהגיע משיבא מופיעים פרטי טיפול של ניר ביטון.,1,LEAK,diverse_positive,chat,hard,div_pos_40
עדכון: הפגישה עם מנהל אבטחת מידע תתקיים ביום ראשון בנתניה.,0,NON_LEAK,diverse_negative,chat,hard,div_neg_32
"סיכום פגישה: היעד הכספי לרבעון הוא 27,950 ש""ח ולא מדובר במידע על לקוח ספציפי.",0,NON_LEAK,diverse_negative,meeting_note,hard,div_neg_13
סיכום פגישה: המערכת החדשה תושק ב25/12/2026 לפי הודעה רשמית שפורסמה לכלל העובדים.,0,NON_LEAK,diverse_negative,meeting_note,medium,div_neg_8
"מתוך הדוח: הועבר דוח עם רשימת לקוחות אסטרטגיים, הצעות מחיר ותנאי התקשרות.",1,LEAK,diverse_positive,report,medium,div_pos_22
FIN-338082 | בדוח הלקוח מופיע איש קשר בשם אורן אברהם.,0,NON_LEAK,paired_hard_negative,ticket,hard,pair_3_neg
מתוך הדוח: הפגישה עם חשב שכר תתקיים ביום ראשון במודיעין תודה,0,NON_LEAK,diverse_negative,report,hard,div_neg_20
"נושא - מעקב
הפגישה עם ליאור מלכה נקבעה ל8/12/2026 בפתח תקווה. תודה",0,NON_LEAK,paired_hard_negative,email,hard,pair_2_neg
"מתוך הדוח: הלקוח ביקש עדכון על הפרויקט, אבל לא נשלחו פרטי קשר או מזהים.",0,NON_LEAK,diverse_negative,report,hard,div_neg_50
"נושא: עדכון
הועבר החזר בגובה 25,989 ש""ח לחשבון 1415596517 של הילה חדד.",1,LEAK,diverse_positive,email,medium,div_pos_20
מתוך הדוח: במצגת הופיעו שמות העובדים לצורך חלוקת משימות.,0,NON_LEAK,paired_hard_negative,report,hard,pair_7_neg
מתוך הדוח: מספר הקריאה הוא FIN-604015 ויש לעקוב אחריו מול רכש.,0,NON_LEAK,diverse_negative,report,hard,div_neg_44
סיכום פגישה: הצוות עבר לשלב בדיקות אינטגרציה ונדרש לעדכן סטטוס עד סוף היום,0,NON_LEAK,diverse_negative,meeting_note,medium,div_neg_2
לתיעוד פנימי: המערכת החדשה תושק ב15/4/2026 לפי הודעה רשמית שפורסמה לכלל העובדים,0,NON_LEAK,diverse_negative,memo,medium,div_neg_20
"נושא: עדכון
בדוח הלקוח מופיע איש קשר בשם יעל לוי. תודה",0,NON_LEAK,paired_hard_negative,email,hard,pair_3_neg
לתיעוד פנימי: יש לעדכן את טבלת ההזמנות עם מזהה פנימי 6083573276.,0,NON_LEAK,paired_hard_negative,memo,hard,pair_5_neg
HR-785170 | הפגישה עם אילן שבתאי נקבעה ל15/11/2026 בבאר שבע.,0,NON_LEAK,paired_hard_negative,ticket,hard,pair_2_neg
"נושא: טיפול
המסמך מזכיר את אסותא ואת איתי פרץ בהקשר אדמיניסטרטיבי תודה",0,NON_LEAK,paired_hard_negative,email,hard,pair_6_neg
מתוך הדוח: הפגישה עם רונית פרץ נקבעה ל26/10/2026 בהרצליה. תודה,0,NON_LEAK,paired_hard_negative,report,hard,pair_2_neg
FIN-382076 | יש לעדכן את טבלת ההזמנות עם מזהה פנימי 4815753953.,0,NON_LEAK,paired_hard_negative,ticket,hard,pair_5_neg
מתוך הדוח - יש לעדכן את טבלת ההזמנות עם חשבון הבנק 3126217808 של טל אוחנה.,1,LEAK,paired_hard_positive,report,hard,pair_5_pos
לתיעוד פנימי - יש לעדכן את טבלת ההזמנות עם חשבון הבנק 1581540117 של אורן אברהם,1,LEAK,paired_hard_positive,memo,hard,pair_5_pos
סיכום פגישה: שם העובד מאיה ביטון מופיע במצגת הפנימית ללא פרטים נוספים.,0,NON_LEAK,diverse_negative,meeting_note,hard,div_neg_44
לתיעוד פנימי - יש לעדכן את טבלת ההזמנות עם חשבון הבנק 7403275634 של אילן שבתאי.,1,LEAK,paired_hard_positive,memo,hard,pair_5_pos
"נושא: מעקב
יש לעדכן את טבלת ההזמנות עם מזהה פנימי 0180403424.",0,NON_LEAK,paired_hard_negative,email,hard,pair_5_neg
"סיכום פגישה: פרטי הקשר של ניר ביטון: מייל nir.biton@example.co.il, טלפון 0592700995.",1,LEAK,diverse_positive,meeting_note,medium,div_pos_40
"FIN-992129 | הועבר דוח עם רשימת לקוחות אסטרטגיים, הצעות מחיר ותנאי התקשרות.",1,LEAK,diverse_positive,ticket,hard,div_pos_12
סיכום פגישה - בדשבורד הציבורי מופיע סטטוס כללי של פרויקט מיזם תמר.,0,NON_LEAK,diverse_negative,meeting_note,hard,div_neg_13
FIN-296360 | בדוח הלקוח מופיע איש קשר בשם אלון מלכה תודה,0,NON_LEAK,paired_hard_negative,ticket,hard,pair_3_neg
"עדכון: הועבר דוח עם רשימת לקוחות אסטרטגיים, הצעות מחיר ותנאי התקשרות.",1,LEAK,diverse_positive,chat,medium,div_pos_10
"נושא - טיפול
הלקוח ביקש עדכון על הפרויקט, אבל לא נשלחו פרטי קשר או מזהים.",0,NON_LEAK,diverse_negative,email,medium,div_neg_5
"נושא: בקשה
בדוח משאבי האנוש מופיעים נתוני השכר של עדי שלום עבור חודש מרץ.",1,LEAK,diverse_positive,email,hard,div_pos_16
"מתוך הדוח: הועבר החזר בגובה 2,071 ש""ח לחשבון 9424631376 של שירה אברהם. תודה",1,LEAK,diverse_positive,report,medium,div_pos_2
"נושא - עדכון
הלקוח ביקש עדכון על הפרויקט, אבל לא נשלחו פרטי קשר או מזהים.",0,NON_LEAK,diverse_negative,email,medium,div_neg_25
מתוך הדוח: המסמך מזכיר את סורוקה ואת קרן אמסלם וכולל גם אבחנה של חרדה.,1,LEAK,paired_hard_positive,report,hard,pair_6_pos
"מתוך הדוח: הועבר החזר בגובה 18,462 ש""ח לחשבון 5897259404 של שרון סעדה",1,LEAK,diverse_positive,report,medium,div_pos_57
"נושא - מעקב
בדוח הלקוח מופיע איש קשר בשם יעל לוי יחד עם כתובת המייל yael.levi@company.co.il. תודה",1,LEAK,paired_hard_positive,email,hard,pair_3_pos
סיכום פגישה: הצוות עבר לשלב בדיקות אינטגרציה ונדרש לעדכן סטטוס עד סוף היום.,0,NON_LEAK,diverse_negative,meeting_note,medium,div_neg_1
"תזכורת - הועבר סיכום על אורן אברהם שעובד בבנק לאומי בחיפה, כולל מספר הזהות 446588553",1,LEAK,paired_hard_positive,chat,hard,pair_1_pos
מתוך הדוח: בדוח הלקוח מופיע איש קשר בשם שרון סעדה.,0,NON_LEAK,paired_hard_negative,report,hard,pair_3_neg
"נושא: מעקב
הועבר החזר בגובה 29,791 ש""ח לחשבון 7547135234 של שירה אברהם",1,LEAK,diverse_positive,email,hard,div_pos_56
"מתוך הדוח: הלקוח ביקש עדכון על הפרויקט, אבל לא נשלחו פרטי קשר או מזהים.",0,NON_LEAK,diverse_negative,report,medium,div_neg_56
"סיכום פגישה: היעד הכספי לרבעון הוא 35,928 ש""ח ולא מדובר במידע על לקוח ספציפי. תודה",0,NON_LEAK,diverse_negative,meeting_note,medium,div_neg_24
"INC-640532 | הפגישה עם דוד כהן נקבעה ל3/6/2026 בתל אביב, ובמסמך צורף גם הטלפון 0572820809",1,LEAK,paired_hard_positive,ticket,hard,pair_2_pos
"נושא: בקשה
המערכת החדשה תושק ב2/4/2026 לפי הודעה רשמית שפורסמה לכלל העובדים",0,NON_LEAK,diverse_negative,email,hard,div_neg_3
"מתוך הדוח: הפגישה עם אלון מלכה נקבעה ל11/5/2026 באשדוד, ובמסמך צורף גם הטלפון 0568992434.",1,LEAK,paired_hard_positive,report,hard,pair_2_pos
"נושא: טיפול
הפגישה עם יועץ משפטי תתקיים ביום ראשון ברעננה.",0,NON_LEAK,diverse_negative,email,hard,div_neg_47
"נושא: בקשה
במצגת הופיעו שמות העובדים לצורך חלוקת משימות.",0,NON_LEAK,paired_hard_negative,email,hard,pair_7_neg
לתיעוד פנימי: במצגת הופיעו שמות העובדים לצד נתוני שכר ובונוסים.,1,LEAK,paired_hard_positive,memo,hard,pair_7_pos
"נושא: עדכון
הפגישה עם סמנכ""לית כספים תתקיים ביום ראשון בחיפה.",0,NON_LEAK,diverse_negative,email,medium,div_neg_47
"נושא: בקשה
לצורך זיהוי מול הספק הועבר מספר הזהות של רונית פרץ: 696107216 תודה",1,LEAK,diverse_positive,email,hard,div_pos_11
סיכום פגישה: הצוות דן בהשקת מוצר הדס ביום 8/4/2026 במסמך מסווג פנימי שלא נועד להפצה.,1,LEAK,paired_hard_positive,meeting_note,hard,pair_4_pos
REQ-553183 | לצורך זיהוי מול הספק הועבר מספר הזהות של עמית אלקיים - 102232346.,1,LEAK,diverse_positive,ticket,medium,div_pos_13
עדכון - בדוח הלקוח מופיע איש קשר בשם מאיה ביטון יחד עם כתובת המייל mayabiton@examplecoil,1,LEAK,paired_hard_positive,chat,hard,pair_3_pos
"נושא: עדכון
הצוות דן בהשקת מערכת קשת ביום 4/8/2026 במסמך מסווג פנימי שלא נועד להפצה.",1,LEAK,paired_hard_positive,email,hard,pair_4_pos
INC-302488 | במצגת הופיעו שמות העובדים לצורך חלוקת משימות,0,NON_LEAK,paired_hard_negative,ticket,hard,pair_7_neg
סיכום פגישה: בדוח הלקוח מופיע איש קשר בשם הילה חדד יחד עם כתובת המייל hila.hadad@outlook.com. תודה,1,LEAK,paired_hard_positive,meeting_note,hard,pair_3_pos
"נושא: טיפול
יש לעדכן את טבלת ההזמנות עם חשבון הבנק 0881988107 של עדי שלום. תודה",1,LEAK,paired_hard_positive,email,hard,pair_5_pos
מתוך הדוח: במצגת הופיעו שמות העובדים לצד נתוני שכר ובונוסים תודה,1,LEAK,paired_hard_positive,report,hard,pair_7_pos
לתיעוד פנימי: בדוח הלקוח מופיע איש קשר בשם מאיה ביטון.,0,NON_LEAK,paired_hard_negative,memo,hard,pair_3_neg
"שולח: בנספח מופיעים פרטי החשבון של יואב לוי: בנק לאומי, חשבון 3020746374.",1,LEAK,diverse_positive,chat,hard,div_pos_22
FIN-665296 | בדוח הלקוח מופיע איש קשר בשם עדי שלום יחד עם כתובת המייל adishalom@companycoil,1,LEAK,paired_hard_positive,ticket,hard,pair_3_pos
לתיעוד פנימי: המסמך מזכיר את שיבא ואת משה אוחנה בהקשר אדמיניסטרטיבי.,0,NON_LEAK,paired_hard_negative,memo,hard,pair_6_neg
"לתיעוד פנימי: הפגישה עם אילן שבתאי נקבעה ל24/11/2026 ברעננה, ובמסמך צורף גם הטלפון 0566486152.",1,LEAK,paired_hard_positive,memo,hard,pair_2_pos
שולח - לצורך זיהוי מול הספק הועבר מספר הזהות של משה אוחנה - 802759452 תודה,1,LEAK,diverse_positive,chat,hard,div_pos_23
"לתיעוד פנימי - בדוח שהגיע מרמב""ם מופיעים פרטי טיפול של יעל לוי.",1,LEAK,diverse_positive,memo,hard,div_pos_10
FIN-779025 | בדוח הלקוח מופיע איש קשר בשם אלון מלכה,0,NON_LEAK,paired_hard_negative,ticket,hard,pair_3_neg
"HR-229163 | הקובץ מכיל שם משתמש, סיסמה וגישה לסביבת הייצור.",1,LEAK,diverse_positive,ticket,medium,div_pos_49
מתוך הדוח: הפגישה עם עמית אלקיים נקבעה ל28/9/2026 בחיפה,0,NON_LEAK,paired_hard_negative,report,hard,pair_2_neg
"מתוך הדוח - הועבר החזר בגובה 12,684 ש""ח לחשבון 0150641928 של יעל לוי",1,LEAK,diverse_positive,report,medium,div_pos_29
לתיעוד פנימי: בדשבורד הציבורי מופיע סטטוס כללי של פרויקט פרויקט ברוש.,0,NON_LEAK,diverse_negative,memo,hard,div_neg_11
לתיעוד פנימי: בדוח הלקוח מופיע איש קשר בשם מיכל כהן,0,NON_LEAK,paired_hard_negative,memo,hard,pair_3_neg
בדיקה - במצגת הופיעו שמות העובדים לצורך חלוקת משימות,0,NON_LEAK,paired_hard_negative,chat,hard,pair_7_neg
"FIN-982517 | בדוח מופיע רק שם החברה מכבי שירותי בריאות ותאריך יעד 18/12/2026, ללא מידע אישי תודה",0,NON_LEAK,diverse_negative,ticket,medium,div_neg_30
"תזכורת - פרטי הקשר של קרן אמסלם - מייל keren.amsalem@company.co.il, טלפון 0518404505.",1,LEAK,diverse_positive,chat,hard,div_pos_53
מתוך הדוח: הסיסמה הזמנית לחשבון של ניר ביטון היא Welcome2026! ויש להחליף אותה מיד. תודה,1,LEAK,diverse_positive,report,hard,div_pos_39
שולח: המסמך מזכיר את אסותא ואת טל אוחנה וכולל גם אבחנה של לחץ דם גבוה.,1,LEAK,paired_hard_positive,chat,hard,pair_6_pos
עדכון: בדוח משאבי האנוש מופיעים נתוני השכר של אילן שבתאי עבור חודש מרץ.,1,LEAK,diverse_positive,chat,hard,div_pos_53
עדכון: לצורך זיהוי מול הספק הועבר מספר הזהות של יעל לוי: 259380498.,1,LEAK,diverse_positive,chat,medium,div_pos_42
סיכום פגישה: בדוח הלקוח מופיע איש קשר בשם יואב לוי יחד עם כתובת המייל yoav.levi@example.co.il.,1,LEAK,paired_hard_positive,meeting_note,hard,pair_3_pos
סיכום פגישה - יש לעדכן את טבלת ההזמנות עם מזהה פנימי 3139174380. תודה,0,NON_LEAK,paired_hard_negative,meeting_note,hard,pair_5_neg
לתיעוד פנימי - יש לעדכן את טבלת ההזמנות עם חשבון הבנק 5375749952 של עדי שלום.,1,LEAK,paired_hard_positive,memo,hard,pair_5_pos
סיכום פגישה: המסמך מזכיר את אסותא ואת מאיה ביטון בהקשר אדמיניסטרטיבי.,0,NON_LEAK,paired_hard_negative,meeting_note,hard,pair_6_neg
"מתוך הדוח: המסמך מזכיר את רמב""ם ואת דנה דנינו בהקשר אדמיניסטרטיבי.",0,NON_LEAK,paired_hard_negative,report,hard,pair_6_neg
סיכום פגישה: הועבר סיכום על קרן אמסלם שעובד במיקרוסופט בהרצליה,0,NON_LEAK,paired_hard_negative,meeting_note,hard,pair_1_neg
"מתוך הדוח - הפגישה עם שירה אברהם נקבעה ל3/9/2026 בתל אביב, ובמסמך צורף גם הטלפון 0567691865.",1,LEAK,paired_hard_positive,report,hard,pair_2_pos
REQ-856741 | בדוח הלקוח מופיע איש קשר בשם שרון סעדה יחד עם כתובת המייל sharonsaada@gmailcom,1,LEAK,paired_hard_positive,ticket,hard,pair_3_pos
"נושא: מעקב
הפגישה עם אילן שבתאי נקבעה ל8/5/2026 בנתניה. תודה",0,NON_LEAK,paired_hard_negative,email,hard,pair_2_neg
HR-962004 | במצגת הופיעו שמות העובדים לצד נתוני שכר ובונוסים.,1,LEAK,paired_hard_positive,ticket,hard,pair_7_pos
"נושא: מעקב
הצוות דן בהשקת שירות אביב ביום 8/12/2026.",0,NON_LEAK,paired_hard_negative,email,hard,pair_4_neg
"שולח: הועבר סיכום על משה אוחנה שעובד באינטל בירושלים, כולל מספר הזהות 661141953.",1,LEAK,paired_hard_positive,chat,hard,pair_1_pos
תזכורת: בדשבורד הציבורי מופיע סטטוס כללי של פרויקט פרויקט דרור תודה,0,NON_LEAK,diverse_negative,chat,medium,div_neg_20
סיכום פגישה: במצגת הופיעו שמות העובדים לצד נתוני שכר ובונוסים תודה,1,LEAK,paired_hard_positive,meeting_note,hard,pair_7_pos
לתיעוד פנימי: הסיסמה הזמנית לחשבון של נועה מזרחי היא Welcome2026! ויש להחליף אותה מיד.,1,LEAK,diverse_positive,memo,hard,div_pos_46
מתוך הדוח: הצוות עבר לשלב בדיקות אינטגרציה ונדרש לעדכן סטטוס עד סוף היום.,0,NON_LEAK,diverse_negative,report,medium,div_neg_49
לתיעוד פנימי: בדשבורד הציבורי מופיע סטטוס כללי של פרויקט פרויקט ברוש.,0,NON_LEAK,diverse_negative,memo,hard,div_neg_51
לתיעוד פנימי: הצוות עבר לשלב בדיקות אינטגרציה ונדרש לעדכן סטטוס עד סוף היום,0,NON_LEAK,diverse_negative,memo,hard,div_neg_23
לתיעוד פנימי: הפגישה עם עדי שלום נקבעה ל25/3/2026 בתל אביב.,0,NON_LEAK,paired_hard_negative,memo,hard,pair_2_neg
"נושא: מעקב
נא לשמור על סודיות: תוכנית ההשקה של מוצר הדס וקוד השם מיזם תמר מצורפים.",1,LEAK,diverse_positive,email,medium,div_pos_53
סיכום פגישה: הצוות דן בהשקת גרסה 4.2 ביום 6/8/2026.,0,NON_LEAK,paired_hard_negative,meeting_note,hard,pair_4_neg
"נושא: עדכון
בנספח מופיעים פרטי החשבון של שרון סעדה: דיסקונט, חשבון 7906902112.",1,LEAK,diverse_positive,email,medium,div_pos_47
"נושא - מעקב
בנספח מופיעים פרטי החשבון של שירה אברהם - מזרחי טפחות, חשבון 5435467804.",1,LEAK,diverse_positive,email,hard,div_pos_17
תזכורת: בדוח משאבי האנוש מופיעים נתוני השכר של מיכל כהן עבור חודש מרץ.,1,LEAK,diverse_positive,chat,medium,div_pos_29
"בדיקה: הועבר דוח עם רשימת לקוחות אסטרטגיים, הצעות מחיר ותנאי התקשרות תודה",1,LEAK,diverse_positive,chat,hard,div_pos_48
מתוך הדוח: במצגת הופיעו שמות העובדים לצורך חלוקת משימות.,0,NON_LEAK,paired_hard_negative,report,hard,pair_7_neg
"מתוך הדוח: פרטי הקשר של יעל לוי: מייל yael.levi@org.co.il, טלפון 0572935845.",1,LEAK,diverse_positive,report,hard,div_pos_18
מתוך הדוח: לצורך זיהוי מול הספק הועבר מספר הזהות של רונית פרץ: 135350278.,1,LEAK,diverse_positive,report,medium,div_pos_8
לתיעוד פנימי: בדוח הלקוח מופיע איש קשר בשם רון חדד יחד עם כתובת המייל ron.hadad@outlook.com.,1,LEAK,paired_hard_positive,memo,hard,pair_3_pos
מתוך הדוח: בדוח הלקוח מופיע איש קשר בשם דנה דנינו.,0,NON_LEAK,paired_hard_negative,report,hard,pair_3_neg
מתוך הדוח: מספר הקריאה הוא REQ-219116 ויש לעקוב אחריו מול משאבי אנוש.,0,NON_LEAK,diverse_negative,report,hard,div_neg_2
"INC-699408 | הועבר החזר בגובה 17,709 ש""ח לחשבון 2353646229 של שירה אברהם. תודה",1,LEAK,diverse_positive,ticket,medium,div_pos_23
"לתיעוד פנימי: במסמך המצורף אין מידע אישי, רק סיכום משימות והחלטות",0,NON_LEAK,diverse_negative,memo,medium,div_neg_11
"בדיקה - בנספח מופיעים פרטי החשבון של מאיה ביטון - מזרחי טפחות, חשבון 9376191836.",1,LEAK,diverse_positive,chat,medium,div_pos_4
לתיעוד פנימי: המערכת החדשה תושק ב28/9/2026 לפי הודעה רשמית שפורסמה לכלל העובדים.,0,NON_LEAK,diverse_negative,memo,hard,div_neg_22
סיכום פגישה: יש לעדכן את טבלת ההזמנות עם חשבון הבנק 8892749661 של משה אוחנה.,1,LEAK,paired_hard_positive,meeting_note,hard,pair_5_pos
מתוך הדוח: במצגת הופיעו שמות העובדים לצד נתוני שכר ובונוסים.,1,LEAK,paired_hard_positive,report,hard,pair_7_pos
HR-937208 | מספר הקריאה הוא FIN-724626 ויש לעקוב אחריו מול כספים,0,NON_LEAK,diverse_negative,ticket,hard,div_neg_57
"לתיעוד פנימי - בדוח מופיע רק שם החברה קופת חולים כללית ותאריך יעד 10/6/2026, ללא מידע אישי.",0,NON_LEAK,diverse_negative,memo,medium,div_neg_9
"סיכום פגישה: הפגישה עם שירה אברהם נקבעה ל18/10/2026 בנתניה, ובמסמך צורף גם הטלפון 0586658890",1,LEAK,paired_hard_positive,meeting_note,hard,pair_2_pos
לתיעוד פנימי: הצוות עבר לשלב בדיקות אינטגרציה ונדרש לעדכן סטטוס עד סוף היום,0,NON_LEAK,diverse_negative,memo,medium,div_neg_35
"תזכורת: הועבר החזר בגובה 37,385 ש""ח לחשבון 7369436301 של דוד כהן.",1,LEAK,diverse_positive,chat,medium,div_pos_2
"שולח: במסמך המצורף אין מידע אישי, רק סיכום משימות והחלטות. תודה",0,NON_LEAK,diverse_negative,chat,hard,div_neg_21
סיכום פגישה: במצגת הופיעו שמות העובדים לצד נתוני שכר ובונוסים.,1,LEAK,paired_hard_positive,meeting_note,hard,pair_7_pos
מתוך הדוח: המסמך מזכיר את סורוקה ואת דוד כהן וכולל גם אבחנה של אסתמה.,1,LEAK,paired_hard_positive,report,hard,pair_6_pos
FIN-844876 | מספר הקריאה הוא HR-620424 ויש לעקוב אחריו מול כספים.,0,NON_LEAK,diverse_negative,ticket,medium,div_neg_51
SR-782564 | מספר הקריאה הוא HR-040217 ויש לעקוב אחריו מול כספים. תודה,0,NON_LEAK,diverse_negative,ticket,medium,div_neg_5
"נושא: עדכון
במסמך המצורף אין מידע אישי, רק סיכום משימות והחלטות",0,NON_LEAK,diverse_negative,email,medium,div_neg_32
"לתיעוד פנימי: הפגישה עם הילה חדד נקבעה ל20/3/2026 בתל אביב, ובמסמך צורף גם הטלפון 0538145841.",1,LEAK,paired_hard_positive,memo,hard,pair_2_pos
מתוך הדוח: הפגישה עם יעל לוי נקבעה ל27/11/2026 באשדוד.,0,NON_LEAK,paired_hard_negative,report,hard,pair_2_neg
"נושא: טיפול
המסמך מזכיר את איכילוב ואת יעל לוי בהקשר אדמיניסטרטיבי",0,NON_LEAK,paired_hard_negative,email,hard,pair_6_neg
"SR-471791 | בנספח מופיעים פרטי החשבון של שרון סעדה: מזרחי טפחות, חשבון 4376801709.",1,LEAK,diverse_positive,ticket,hard,div_pos_40
"נושא: מעקב
בדשבורד הציבורי מופיע סטטוס כללי של פרויקט מיזם תמר.",0,NON_LEAK,diverse_negative,email,hard,div_neg_35
INC-328127 | בדוח הלקוח מופיע איש קשר בשם עמית אלקיים יחד עם כתובת המייל amitelkayim@outlookcom,1,LEAK,paired_hard_positive,ticket,hard,pair_3_pos
"לתיעוד פנימי: הקובץ מכיל שם משתמש, סיסמה וגישה לסביבת הייצור.",1,LEAK,diverse_positive,memo,hard,div_pos_49
HR-175114 | הצוות דן בהשקת פרויקט נוגה ביום 16/8/2026,0,NON_LEAK,paired_hard_negative,ticket,hard,pair_4_neg
"נושא: מעקב
במצגת הופיעו שמות העובדים לצד נתוני שכר ובונוסים.",1,LEAK,paired_hard_positive,email,hard,pair_7_pos
מתוך הדוח - במצגת הופיעו שמות העובדים לצד נתוני שכר ובונוסים.,1,LEAK,paired_hard_positive,report,hard,pair_7_pos
"לתיעוד פנימי: הלקוח ביקש עדכון על הפרויקט, אבל לא נשלחו פרטי קשר או מזהים.",0,NON_LEAK,diverse_negative,memo,hard,div_neg_28
"נושא: מעקב
בדוח הלקוח מופיע איש קשר בשם רון חדד יחד עם כתובת המייל ron.hadad@example.co.il.",1,LEAK,paired_hard_positive,email,hard,pair_3_pos
"נושא: מעקב
בדשבורד הציבורי מופיע סטטוס כללי של פרויקט מבצע שקמה.",0,NON_LEAK,diverse_negative,email,medium,div_neg_17
"FIN-009687 | הועבר דוח עם רשימת לקוחות אסטרטגיים, הצעות מחיר ותנאי התקשרות. תודה",1,LEAK,diverse_positive,ticket,hard,div_pos_28
FIN-581363 | הסיסמה הזמנית לחשבון של יואב לוי היא Welcome2026! ויש להחליף אותה מיד.,1,LEAK,diverse_positive,ticket,hard,div_pos_34
מתוך הדוח: לצורך זיהוי מול הספק הועבר מספר הזהות של רון חדד: 405251803.,1,LEAK,diverse_positive,report,medium,div_pos_37
מתוך הדוח: המערכת החדשה תושק ב16/8/2026 לפי הודעה רשמית שפורסמה לכלל העובדים.,0,NON_LEAK,diverse_negative,report,hard,div_neg_22
"סיכום פגישה: המסמך מזכיר את רמב""ם ואת משה אוחנה וכולל גם אבחנה של סוכרת",1,LEAK,paired_hard_positive,meeting_note,hard,pair_6_pos
"REQ-847148 | היעד הכספי לרבעון הוא 35,560 ש""ח ולא מדובר במידע על לקוח ספציפי.",0,NON_LEAK,diverse_negative,ticket,hard,div_neg_49
לתיעוד פנימי - הסיסמה הזמנית לחשבון של ניר ביטון היא Welcome2026! ויש להחליף אותה מיד,1,LEAK,diverse_positive,memo,medium,div_pos_19
"לתיעוד פנימי - בדוח שהגיע מרמב""ם מופיעים פרטי טיפול של ליאור מלכה.",1,LEAK,diverse_positive,memo,hard,div_pos_50
סיכום פגישה: הועבר סיכום על איתי פרץ שעובד בקופת חולים כללית בירושלים. תודה,0,NON_LEAK,paired_hard_negative,meeting_note,hard,pair_1_neg
"נושא: בקשה
הפגישה עם משה אוחנה נקבעה ל11/1/2026 בתל אביב, ובמסמך צורף גם הטלפון 0522576545.",1,LEAK,paired_hard_positive,email,hard,pair_2_pos
שולח: הצוות דן בהשקת מוצר הדס ביום 12/8/2026.,0,NON_LEAK,paired_hard_negative,chat,hard,pair_4_neg
REQ-482925 | המסמך מזכיר את אסותא ואת אורן אברהם בהקשר אדמיניסטרטיבי,0,NON_LEAK,paired_hard_negative,ticket,hard,pair_6_neg
תזכורת: בדוח הלקוח מופיע איש קשר בשם עמית אלקיים יחד עם כתובת המייל amitelkayim@gmailcom,1,LEAK,paired_hard_positive,chat,hard,pair_3_pos
סיכום פגישה: בדוח שהגיע מאיכילוב מופיעים פרטי טיפול של רונית פרץ,1,LEAK,diverse_positive,meeting_note,hard,div_pos_47
לתיעוד פנימי: במצגת הופיעו שמות העובדים לצד נתוני שכר ובונוסים.,1,LEAK,paired_hard_positive,memo,hard,pair_7_pos
FIN-143024 | הפגישה עם מיכל כהן נקבעה ל23/9/2026 ברעננה.,0,NON_LEAK,paired_hard_negative,ticket,hard,pair_2_neg
מתוך הדוח - יש לעדכן את טבלת ההזמנות עם מזהה פנימי 6994699598.,0,NON_LEAK,paired_hard_negative,report,hard,pair_5_neg
INC-550925 | המסמך מזכיר את איכילוב ואת עדי שלום וכולל גם אבחנה של פציעת גב. תודה,1,LEAK,paired_hard_positive,ticket,hard,pair_6_pos
סיכום פגישה: הועבר סיכום על טל אוחנה שעובד בבנק הפועלים בירושלים.,0,NON_LEAK,paired_hard_negative,meeting_note,hard,pair_1_neg
לתיעוד פנימי: בדוח הלקוח מופיע איש קשר בשם טל אוחנה יחד עם כתובת המייל tal.ohana@example.co.il.,1,LEAK,paired_hard_positive,memo,hard,pair_3_pos
INC-799513 | הועבר סיכום על ניר ביטון שעובד בשטראוס בנתניה,0,NON_LEAK,paired_hard_negative,ticket,hard,pair_1_neg
עדכון: יש לעדכן את טבלת ההזמנות עם מזהה פנימי 7758784078,0,NON_LEAK,paired_hard_negative,chat,hard,pair_5_neg
מתוך הדוח: המסמך מזכיר את אסותא ואת נועה מזרחי בהקשר אדמיניסטרטיבי.,0,NON_LEAK,paired_hard_negative,report,hard,pair_6_neg
תזכורת: במצגת הופיעו שמות העובדים לצורך חלוקת משימות.,0,NON_LEAK,paired_hard_negative,chat,hard,pair_7_neg
"שולח: הקובץ מכיל שם משתמש, סיסמה וגישה לסביבת הייצור.",1,LEAK,diverse_positive,chat,medium,div_pos_8
לתיעוד פנימי: בדוח משאבי האנוש מופיעים נתוני השכר של שרון סעדה עבור חודש מרץ.,1,LEAK,diverse_positive,memo,medium,div_pos_41
"לתיעוד פנימי - הועבר החזר בגובה 7,286 ש""ח לחשבון 8249351865 של דוד כהן. תודה",1,LEAK,diverse_positive,memo,medium,div_pos_56
סיכום פגישה: בדשבורד הציבורי מופיע סטטוס כללי של פרויקט פרויקט ברוש,0,NON_LEAK,diverse_negative,meeting_note,medium,div_neg_15
עדכון: הצוות דן בהשקת שירות אביב ביום 12/7/2026 במסמך מסווג פנימי שלא נועד להפצה.,1,LEAK,paired_hard_positive,chat,hard,pair_4_pos
"נושא: מעקב
הפגישה עם דוד כהן נקבעה ל19/1/2026 ברעננה.",0,NON_LEAK,paired_hard_negative,email,hard,pair_2_neg
לתיעוד פנימי: מספר הקריאה הוא HR-651302 ויש לעקוב אחריו מול שיווק,0,NON_LEAK,diverse_negative,memo,medium,div_neg_0
"נושא - מעקב
הפגישה עם נועה מזרחי נקבעה ל15/9/2026 בירושלים.",0,NON_LEAK,paired_hard_negative,email,hard,pair_2_neg
"סיכום פגישה: הועבר דוח עם רשימת לקוחות אסטרטגיים, הצעות מחיר ותנאי התקשרות.",1,LEAK,diverse_positive,meeting_note,medium,div_pos_13
סיכום פגישה: הצוות דן בהשקת גרסה 4.2 ביום 22/11/2026.,0,NON_LEAK,paired_hard_negative,meeting_note,hard,pair_4_neg
מתוך הדוח: המסמך מזכיר את שיבא ואת עמית אלקיים וכולל גם אבחנה של פציעת גב,1,LEAK,paired_hard_positive,report,hard,pair_6_pos
SR-449667 | הצוות דן בהשקת פרויקט נוגה ביום 3/1/2026 במסמך מסווג פנימי שלא נועד להפצה.,1,LEAK,paired_hard_positive,ticket,hard,pair_4_pos
"REQ-228940 | היעד הכספי לרבעון הוא 15,704 ש""ח ולא מדובר במידע על לקוח ספציפי.",0,NON_LEAK,diverse_negative,ticket,hard,div_neg_4
סיכום פגישה - יש לעדכן את טבלת ההזמנות עם מזהה פנימי 1557393058,0,NON_LEAK,paired_hard_negative,meeting_note,hard,pair_5_neg
"נושא - מעקב
הועבר דוח עם רשימת לקוחות אסטרטגיים, הצעות מחיר ותנאי התקשרות",1,LEAK,diverse_positive,email,medium,div_pos_0
"לתיעוד פנימי - הקובץ מכיל שם משתמש, סיסמה וגישה לסביבת הייצור.",1,LEAK,diverse_positive,memo,medium,div_pos_24
FIN-457468 | המסמך מזכיר את סורוקה ואת עדי שלום בהקשר אדמיניסטרטיבי.,0,NON_LEAK,paired_hard_negative,ticket,hard,pair_6_neg
"סיכום פגישה - פרטי הקשר של קרן אמסלם - מייל keren.amsalem@org.co.il, טלפון 0597059061.",1,LEAK,diverse_positive,meeting_note,hard,div_pos_17
סיכום פגישה - הצוות דן בהשקת פרויקט נוגה ביום 20/2/2026,0,NON_LEAK,paired_hard_negative,meeting_note,hard,pair_4_neg
"עדכון: הועבר דוח עם רשימת לקוחות אסטרטגיים, הצעות מחיר ותנאי התקשרות.",1,LEAK,diverse_positive,chat,medium,div_pos_22
"נושא: מעקב
במסמך המצורף אין מידע אישי, רק סיכום משימות והחלטות",0,NON_LEAK,diverse_negative,email,hard,div_neg_9
סיכום פגישה: נא לשמור על סודיות: תוכנית ההשקה של מודול ברק וקוד השם תוכנית רימון מצורפים.,1,LEAK,diverse_positive,meeting_note,hard,div_pos_7
"מתוך הדוח: בנספח מופיעים פרטי החשבון של טל אוחנה: בנק לאומי, חשבון 5947681565",1,LEAK,diverse_positive,report,medium,div_pos_49
SR-997673 | המסמך מזכיר את איכילוב ואת קרן אמסלם בהקשר אדמיניסטרטיבי,0,NON_LEAK,paired_hard_negative,ticket,hard,pair_6_neg
"לתיעוד פנימי: בדוח מופיע רק שם החברה מכבי שירותי בריאות ותאריך יעד 1/1/2026, ללא מידע אישי",0,NON_LEAK,diverse_negative,memo,medium,div_neg_29
"סיכום פגישה: הקובץ מכיל שם משתמש, סיסמה וגישה לסביבת הייצור",1,LEAK,diverse_positive,meeting_note,medium,div_pos_14
"נושא: מעקב
שם העובד משה אוחנה מופיע במצגת הפנימית ללא פרטים נוספים.",0,NON_LEAK,diverse_negative,email,hard,div_neg_33
סיכום פגישה: נא לשמור על סודיות: תוכנית ההשקה של שירות אביב וקוד השם מבצע שקמה מצורפים.,1,LEAK,diverse_positive,meeting_note,medium,div_pos_16
REQ-536481 | הצוות עבר לשלב בדיקות אינטגרציה ונדרש לעדכן סטטוס עד סוף היום.,0,NON_LEAK,diverse_negative,ticket,medium,div_neg_24
מתוך הדוח: המערכת החדשה תושק ב3/7/2026 לפי הודעה רשמית שפורסמה לכלל העובדים,0,NON_LEAK,diverse_negative,report,medium,div_neg_41
לתיעוד פנימי: מספר הקריאה הוא REQ-859766 ויש לעקוב אחריו מול פיתוח.,0,NON_LEAK,diverse_negative,memo,medium,div_neg_55
"נושא: עדכון
הפגישה עם טל אוחנה נקבעה ל23/7/2026 באשדוד.",0,NON_LEAK,paired_hard_negative,email,hard,pair_2_neg
"REQ-293625 | הועבר סיכום על ליאור מלכה שעובד במכבי שירותי בריאות באשדוד, כולל מספר הזהות 260218228",1,LEAK,paired_hard_positive,ticket,hard,pair_1_pos
"מתוך הדוח: בנספח מופיעים פרטי החשבון של עדי שלום: מזרחי טפחות, חשבון 2959467802.",1,LEAK,diverse_positive,report,medium,div_pos_15
לתיעוד פנימי: מספר הקריאה הוא REQ-271729 ויש לעקוב אחריו מול מכירות.,0,NON_LEAK,diverse_negative,memo,hard,div_neg_7
שולח: שם העובד אורן אברהם מופיע במצגת הפנימית ללא פרטים נוספים.,0,NON_LEAK,diverse_negative,chat,medium,div_neg_52
"נושא: טיפול
הסיסמה הזמנית לחשבון של משה אוחנה היא Welcome2026! ויש להחליף אותה מיד.",1,LEAK,diverse_positive,email,hard,div_pos_16
FIN-876787 | המסמך מזכיר את שיבא ואת רונית פרץ וכולל גם אבחנה של אסתמה,1,LEAK,paired_hard_positive,ticket,hard,pair_6_pos
"נושא - בקשה
המסמך מזכיר את שיבא ואת מיכל כהן בהקשר אדמיניסטרטיבי.",0,NON_LEAK,paired_hard_negative,email,hard,pair_6_neg
SR-505705 | המסמך מזכיר את סורוקה ואת יעל לוי בהקשר אדמיניסטרטיבי.,0,NON_LEAK,paired_hard_negative,ticket,hard,pair_6_neg
"סיכום פגישה - בדוח מופיע רק שם החברה בנק לאומי ותאריך יעד 17/8/2026, ללא מידע אישי.",0,NON_LEAK,diverse_negative,meeting_note,hard,div_neg_28
"לתיעוד פנימי: הלקוח ביקש עדכון על הפרויקט, אבל לא נשלחו פרטי קשר או מזהים. תודה",0,NON_LEAK,diverse_negative,memo,hard,div_neg_32
"נושא: עדכון
במסמך המצורף אין מידע אישי, רק סיכום משימות והחלטות. תודה",0,NON_LEAK,diverse_negative,email,medium,div_neg_54
מתוך הדוח: הפגישה עם אילן שבתאי נקבעה ל19/1/2026 בבאר שבע.,0,NON_LEAK,paired_hard_negative,report,hard,pair_2_neg
מתוך הדוח: הועבר סיכום על איתי פרץ שעובד בגוגל ישראל במודיעין.,0,NON_LEAK,paired_hard_negative,report,hard,pair_1_neg
מתוך הדוח: יש לעדכן את טבלת ההזמנות עם חשבון הבנק 9337192261 של עדי שלום.,1,LEAK,paired_hard_positive,report,hard,pair_5_pos
"SR-684569 | הועבר סיכום על קרן אמסלם שעובד בבזק באשדוד, כולל מספר הזהות 069777618",1,LEAK,paired_hard_positive,ticket,hard,pair_1_pos
שולח: בדוח משאבי האנוש מופיעים נתוני השכר של קרן אמסלם עבור חודש מרץ,1,LEAK,diverse_positive,chat,medium,div_pos_28
"בדיקה: הקובץ מכיל שם משתמש, סיסמה וגישה לסביבת הייצור תודה",1,LEAK,diverse_positive,chat,medium,div_pos_53
"נושא: עדכון
יש לעדכן את טבלת ההזמנות עם חשבון הבנק 8958387599 של משה אוחנה.",1,LEAK,paired_hard_positive,email,hard,pair_5_pos
"נושא: בקשה
יש לעדכן את טבלת ההזמנות עם מזהה פנימי 9074113007.",0,NON_LEAK,paired_hard_negative,email,hard,pair_5_neg
SR-752057 | מספר הקריאה הוא REQ-436938 ויש לעקוב אחריו מול אבטחת מידע. תודה,0,NON_LEAK,diverse_negative,ticket,hard,div_neg_48
SR-879009 | הצוות עבר לשלב בדיקות אינטגרציה ונדרש לעדכן סטטוס עד סוף היום.,0,NON_LEAK,diverse_negative,ticket,hard,div_neg_2
"מתוך הדוח: במסמך המצורף אין מידע אישי, רק סיכום משימות והחלטות.",0,NON_LEAK,diverse_negative,report,medium,div_neg_5
FIN-910167 | יש לעדכן את טבלת ההזמנות עם מזהה פנימי 6512874281,0,NON_LEAK,paired_hard_negative,ticket,hard,pair_5_neg
"סיכום פגישה: בדוח מופיע רק שם החברה אינטל ותאריך יעד 2/12/2026, ללא מידע אישי",0,NON_LEAK,diverse_negative,meeting_note,hard,div_neg_53
"נושא: עדכון
הצוות דן בהשקת מוצר הדס ביום 8/9/2026.",0,NON_LEAK,paired_hard_negative,email,hard,pair_4_neg
"נושא: מעקב
הפגישה עם טל אוחנה נקבעה ל26/6/2026 בנתניה, ובמסמך צורף גם הטלפון 0598411077.",1,LEAK,paired_hard_positive,email,hard,pair_2_pos
"נושא: עדכון
הפגישה עם שירה אברהם נקבעה ל10/12/2026 במודיעין.",0,NON_LEAK,paired_hard_negative,email,hard,pair_2_neg
"סיכום פגישה - הועבר דוח עם רשימת לקוחות אסטרטגיים, הצעות מחיר ותנאי התקשרות.",1,LEAK,diverse_positive,meeting_note,hard,div_pos_58
מתוך הדוח: הפגישה עם דנה דנינו נקבעה ל5/1/2026 בפתח תקווה.,0,NON_LEAK,paired_hard_negative,report,hard,pair_2_neg
מתוך הדוח: המסמך מזכיר את סורוקה ואת דוד כהן בהקשר אדמיניסטרטיבי.,0,NON_LEAK,paired_hard_negative,report,hard,pair_6_neg
תזכורת: יש לעדכן את טבלת ההזמנות עם מזהה פנימי 9398374206. תודה,0,NON_LEAK,paired_hard_negative,chat,hard,pair_5_neg
"נושא - עדכון
נא לשמור על סודיות - תוכנית ההשקה של גרסה 4.2 וקוד השם תוכנית רימון מצורפים.",1,LEAK,diverse_positive,email,medium,div_pos_4
תזכורת - בדוח שהגיע מסורוקה מופיעים פרטי טיפול של הילה חדד תודה,1,LEAK,diverse_positive,chat,hard,div_pos_43
"נושא - מעקב
הפגישה עם מאיה ביטון נקבעה ל25/12/2026 בפתח תקווה תודה",0,NON_LEAK,paired_hard_negative,email,hard,pair_2_neg
לתיעוד פנימי: מספר הקריאה הוא SR-598227 ויש לעקוב אחריו מול פיתוח תודה,0,NON_LEAK,diverse_negative,memo,hard,div_neg_44
"מתוך הדוח: היעד הכספי לרבעון הוא 26,468 ש""ח ולא מדובר במידע על לקוח ספציפי.",0,NON_LEAK,diverse_negative,report,medium,div_neg_27
תזכורת: בדשבורד הציבורי מופיע סטטוס כללי של פרויקט תוכנית רימון.,0,NON_LEAK,diverse_negative,chat,medium,div_neg_0
לתיעוד פנימי: הצוות דן בהשקת פרויקט נוגה ביום 25/7/2026 במסמך מסווג פנימי שלא נועד להפצה,1,LEAK,paired_hard_positive,memo,hard,pair_4_pos
לתיעוד פנימי: הצוות דן בהשקת גרסה 4.2 ביום 17/3/2026.,0,NON_LEAK,paired_hard_negative,memo,hard,pair_4_neg
מתוך הדוח: בדוח משאבי האנוש מופיעים נתוני השכר של משה אוחנה עבור חודש מרץ,1,LEAK,diverse_positive,report,hard,div_pos_0
"סיכום פגישה: היעד הכספי לרבעון הוא 5,375 ש""ח ולא מדובר במידע על לקוח ספציפי.",0,NON_LEAK,diverse_negative,meeting_note,hard,div_neg_11
"סיכום פגישה - הועבר החזר בגובה 20,826 ש""ח לחשבון 3141443261 של שרון סעדה.",1,LEAK,diverse_positive,meeting_note,hard,div_pos_10
HR-352967 | הצוות דן בהשקת מערכת קשת ביום 10/5/2026 במסמך מסווג פנימי שלא נועד להפצה,1,LEAK,paired_hard_positive,ticket,hard,pair_4_pos
"סיכום פגישה: הקובץ מכיל שם משתמש, סיסמה וגישה לסביבת הייצור.",1,LEAK,diverse_positive,meeting_note,hard,div_pos_1
לתיעוד פנימי - הצוות עבר לשלב בדיקות אינטגרציה ונדרש לעדכן סטטוס עד סוף היום.,0,NON_LEAK,diverse_negative,memo,hard,div_neg_39
מתוך הדוח: הסיסמה הזמנית לחשבון של הילה חדד היא Welcome2026! ויש להחליף אותה מיד.,1,LEAK,diverse_positive,report,medium,div_pos_24
בדיקה: בדוח הלקוח מופיע איש קשר בשם שרון סעדה יחד עם כתובת המייל sharon.saada@gmail.com. תודה,1,LEAK,paired_hard_positive,chat,hard,pair_3_pos
"שולח - המסמך מזכיר את רמב""ם ואת עדי שלום בהקשר אדמיניסטרטיבי.",0,NON_LEAK,paired_hard_negative,chat,hard,pair_6_neg
"נושא: מעקב
בדוח הלקוח מופיע איש קשר בשם אורן אברהם יחד עם כתובת המייל oren.avraham@company.co.il. תודה",1,LEAK,paired_hard_positive,email,hard,pair_3_pos
HR-814587 | המסמך מזכיר את סורוקה ואת מיכל כהן בהקשר אדמיניסטרטיבי. תודה,0,NON_LEAK,paired_hard_negative,ticket,hard,pair_6_neg
לתיעוד פנימי: נא לשמור על סודיות: תוכנית ההשקה של מוצר הדס וקוד השם תוכנית רימון מצורפים,1,LEAK,diverse_positive,memo,medium,div_pos_41
"סיכום פגישה: הועבר סיכום על אלון מלכה שעובד בסלקום במודיעין, כולל מספר הזהות 626521541.",1,LEAK,paired_hard_positive,meeting_note,hard,pair_1_pos
"מתוך הדוח: בדוח מופיע רק שם החברה בזק ותאריך יעד 11/9/2026, ללא מידע אישי.",0,NON_LEAK,diverse_negative,report,medium,div_neg_23
לתיעוד פנימי: הועבר סיכום על שרון סעדה שעובד בAmdocs באשדוד.,0,NON_LEAK,paired_hard_negative,memo,hard,pair_1_neg
"FIN-284510 | הפגישה עם דוד כהן נקבעה ל17/8/2026 במודיעין, ובמסמך צורף גם הטלפון 0597674359.",1,LEAK,paired_hard_positive,ticket,hard,pair_2_pos
FIN-785870 | בדוח הלקוח מופיע איש קשר בשם אלון מלכה יחד עם כתובת המייל alon.malka@gmail.com.,1,LEAK,paired_hard_positive,ticket,hard,pair_3_pos
"נושא - עדכון
בדוח הלקוח מופיע איש קשר בשם אילן שבתאי.",0,NON_LEAK,paired_hard_negative,email,hard,pair_3_neg
"סיכום פגישה - המסמך מזכיר את רמב""ם ואת טל אוחנה בהקשר אדמיניסטרטיבי.",0,NON_LEAK,paired_hard_negative,meeting_note,hard,pair_6_neg
סיכום פגישה: הסיסמה הזמנית לחשבון של נועה מזרחי היא Welcome2026! ויש להחליף אותה מיד,1,LEAK,diverse_positive,meeting_note,hard,div_pos_38
"נושא: מעקב
הפגישה עם יואב לוי נקבעה ל1/6/2026 בהרצליה",0,NON_LEAK,paired_hard_negative,email,hard,pair_2_neg
מתוך הדוח: במצגת הופיעו שמות העובדים לצד נתוני שכר ובונוסים תודה,1,LEAK,paired_hard_positive,report,hard,pair_7_pos
"נושא - טיפול
הועבר החזר בגובה 18,951 ש""ח לחשבון 2841545414 של יעל לוי.",1,LEAK,diverse_positive,email,medium,div_pos_1
"נושא - טיפול
הלקוח ביקש עדכון על הפרויקט, אבל לא נשלחו פרטי קשר או מזהים.",0,NON_LEAK,diverse_negative,email,medium,div_neg_12
מתוך הדוח: יש לעדכן את טבלת ההזמנות עם חשבון הבנק 8517199419 של מיכל כהן,1,LEAK,paired_hard_positive,report,hard,pair_5_pos
"מתוך הדוח - הועבר דוח עם רשימת לקוחות אסטרטגיים, הצעות מחיר ותנאי התקשרות תודה",1,LEAK,diverse_positive,report,medium,div_pos_2
"REQ-526650 | הלקוח ביקש עדכון על הפרויקט, אבל לא נשלחו פרטי קשר או מזהים תודה",0,NON_LEAK,diverse_negative,ticket,hard,div_neg_35
"עדכון: בנספח מופיעים פרטי החשבון של עמית אלקיים: בנק הפועלים, חשבון 3052037312.",1,LEAK,diverse_positive,chat,hard,div_pos_6
"שולח: המסמך מזכיר את רמב""ם ואת דנה דנינו בהקשר אדמיניסטרטיבי.",0,NON_LEAK,paired_hard_negative,chat,hard,pair_6_neg
"לתיעוד פנימי: בדוח מופיע רק שם החברה נייס ותאריך יעד 14/6/2026, ללא מידע אישי.",0,NON_LEAK,diverse_negative,memo,hard,div_neg_27
לתיעוד פנימי: הצוות דן בהשקת מערכת קשת ביום 25/9/2026.,0,NON_LEAK,paired_hard_negative,memo,hard,pair_4_neg
סיכום פגישה: לצורך זיהוי מול הספק הועבר מספר הזהות של נועה מזרחי: 168922339. תודה,1,LEAK,diverse_positive,meeting_note,hard,div_pos_13
סיכום פגישה: בדוח שהגיע מאיכילוב מופיעים פרטי טיפול של טל אוחנה.,1,LEAK,diverse_positive,meeting_note,medium,div_pos_23
לתיעוד פנימי: יש לעדכן את טבלת ההזמנות עם מזהה פנימי 8523922450.,0,NON_LEAK,paired_hard_negative,memo,hard,pair_5_neg
"נושא: עדכון
מספר הקריאה הוא HR-112869 ויש לעקוב אחריו מול פיתוח.",0,NON_LEAK,diverse_negative,email,hard,div_neg_1
מתוך הדוח: הצוות דן בהשקת שירות אביב ביום 25/9/2026.,0,NON_LEAK,paired_hard_negative,report,hard,pair_4_neg
"INC-968110 | בדוח מופיע רק שם החברה קופת חולים כללית ותאריך יעד 5/9/2026, ללא מידע אישי",0,NON_LEAK,diverse_negative,ticket,medium,div_neg_1
סיכום פגישה - שם העובד איתי פרץ מופיע במצגת הפנימית ללא פרטים נוספים.,0,NON_LEAK,diverse_negative,meeting_note,medium,div_neg_45
לתיעוד פנימי - המסמך מזכיר את איכילוב ואת ליאור מלכה וכולל גם אבחנה של סוכרת.,1,LEAK,paired_hard_positive,memo,hard,pair_6_pos
סיכום פגישה: מספר הקריאה הוא HR-421454 ויש לעקוב אחריו מול פיתוח.,0,NON_LEAK,diverse_negative,meeting_note,hard,div_neg_27
REQ-173702 | הצוות דן בהשקת גרסה 4.2 ביום 25/5/2026 במסמך מסווג פנימי שלא נועד להפצה.,1,LEAK,paired_hard_positive,ticket,hard,pair_4_pos
מתוך הדוח: הצוות דן בהשקת מודול ברק ביום 3/3/2026.,0,NON_LEAK,paired_hard_negative,report,hard,pair_4_neg
מתוך הדוח - בדוח הלקוח מופיע איש קשר בשם רונית פרץ.,0,NON_LEAK,paired_hard_negative,report,hard,pair_3_neg
סיכום פגישה: בדוח הלקוח מופיע איש קשר בשם יעל לוי.,0,NON_LEAK,paired_hard_negative,meeting_note,hard,pair_3_neg
שולח: הועבר סיכום על אלון מלכה שעובד בAmdocs בבאר שבע.,0,NON_LEAK,paired_hard_negative,chat,hard,pair_1_neg
"INC-182594 | הועבר סיכום על עדי שלום שעובד בבנק לאומי בנתניה, כולל מספר הזהות 034287149",1,LEAK,paired_hard_positive,ticket,hard,pair_1_pos
"FIN-375541 | הפגישה עם טל אוחנה נקבעה ל17/10/2026 בחיפה, ובמסמך צורף גם הטלפון 0526076206.",1,LEAK,paired_hard_positive,ticket,hard,pair_2_pos
REQ-018194 | בדוח משאבי האנוש מופיעים נתוני השכר של קרן אמסלם עבור חודש מרץ,1,LEAK,diverse_positive,ticket,hard,div_pos_54
"נושא - מעקב
הסיסמה הזמנית לחשבון של עמית אלקיים היא Welcome2026! ויש להחליף אותה מיד.",1,LEAK,diverse_positive,email,medium,div_pos_39
שולח: הצוות דן בהשקת מערכת קשת ביום 8/2/2026 במסמך מסווג פנימי שלא נועד להפצה.,1,LEAK,paired_hard_positive,chat,hard,pair_4_pos
HR-223125 | המערכת החדשה תושק ב10/12/2026 לפי הודעה רשמית שפורסמה לכלל העובדים,0,NON_LEAK,diverse_negative,ticket,hard,div_neg_33
"עדכון: במסמך המצורף אין מידע אישי, רק סיכום משימות והחלטות.",0,NON_LEAK,diverse_negative,chat,hard,div_neg_28
INC-679593 | בדשבורד הציבורי מופיע סטטוס כללי של פרויקט מיזם תמר.,0,NON_LEAK,diverse_negative,ticket,medium,div_neg_39
"לתיעוד פנימי - הלקוח ביקש עדכון על הפרויקט, אבל לא נשלחו פרטי קשר או מזהים.",0,NON_LEAK,diverse_negative,memo,medium,div_neg_22
בדיקה: לצורך זיהוי מול הספק הועבר מספר הזהות של משה אוחנה: 781605946.,1,LEAK,diverse_positive,chat,medium,div_pos_10
מתוך הדוח: במצגת הופיעו שמות העובדים לצורך חלוקת משימות. תודה,0,NON_LEAK,paired_hard_negative,report,hard,pair_7_neg
סיכום פגישה: שם העובד אלון מלכה מופיע במצגת הפנימית ללא פרטים נוספים.,0,NON_LEAK,diverse_negative,meeting_note,hard,div_neg_9
לתיעוד פנימי: לצורך זיהוי מול הספק הועבר מספר הזהות של יעל לוי: 295202546.,1,LEAK,diverse_positive,memo,medium,div_pos_47
"לתיעוד פנימי: פרטי הקשר של קרן אמסלם: מייל keren.amsalem@gmail.com, טלפון 0590945359. תודה",1,LEAK,diverse_positive,memo,medium,div_pos_23
"מתוך הדוח: הלקוח ביקש עדכון על הפרויקט, אבל לא נשלחו פרטי קשר או מזהים.",0,NON_LEAK,diverse_negative,report,medium,div_neg_21
"נושא: מעקב
הפגישה עם ליאור מלכה נקבעה ל14/2/2026 בבאר שבע.",0,NON_LEAK,paired_hard_negative,email,hard,pair_2_neg
"נושא: עדכון
בנספח מופיעים פרטי החשבון של נועה מזרחי: מזרחי טפחות, חשבון 8215302614.",1,LEAK,diverse_positive,email,medium,div_pos_54
"מתוך הדוח: הועבר דוח עם רשימת לקוחות אסטרטגיים, הצעות מחיר ותנאי התקשרות תודה",1,LEAK,diverse_positive,report,hard,div_pos_11
"נושא: מעקב
במצגת הופיעו שמות העובדים לצד נתוני שכר ובונוסים.",1,LEAK,paired_hard_positive,email,hard,pair_7_pos
FIN-025558 | המערכת החדשה תושק ב27/7/2026 לפי הודעה רשמית שפורסמה לכלל העובדים,0,NON_LEAK,diverse_negative,ticket,medium,div_neg_4
מתוך הדוח: בדוח שהגיע משיבא מופיעים פרטי טיפול של שרון סעדה,1,LEAK,diverse_positive,report,hard,div_pos_13
בדיקה: הסיסמה הזמנית לחשבון של מיכל כהן היא Welcome2026! ויש להחליף אותה מיד.,1,LEAK,diverse_positive,chat,medium,div_pos_51
תזכורת: יש לעדכן את טבלת ההזמנות עם מזהה פנימי 5320665197.,0,NON_LEAK,paired_hard_negative,chat,hard,pair_5_neg
"מתוך הדוח: הפגישה עם עדי שלום נקבעה ל24/3/2026 בתל אביב, ובמסמך צורף גם הטלפון 0564945420. תודה",1,LEAK,paired_hard_positive,report,hard,pair_2_pos
"נושא - מעקב
הועבר סיכום על ניר ביטון שעובד בצ'ק פוינט בנתניה, כולל מספר הזהות 086896994",1,LEAK,paired_hard_positive,email,hard,pair_1_pos
"תזכורת: בנספח מופיעים פרטי החשבון של יעל לוי: בנק הפועלים, חשבון 8478994729.",1,LEAK,diverse_positive,chat,medium,div_pos_7
בדיקה: בדוח הלקוח מופיע איש קשר בשם קרן אמסלם יחד עם כתובת המייל keren.amsalem@company.co.il.,1,LEAK,paired_hard_positive,chat,hard,pair_3_pos
שולח: בדוח הלקוח מופיע איש קשר בשם דנה דנינו יחד עם כתובת המייל dana.danino@gmail.com.,1,LEAK,paired_hard_positive,chat,hard,pair_3_pos
מתוך הדוח: הועבר סיכום על נועה מזרחי שעובד באלביט בראשון לציון,0,NON_LEAK,paired_hard_negative,report,hard,pair_1_neg
"לתיעוד פנימי - פרטי הקשר של שירה אברהם - מייל shira.avraham@org.co.il, טלפון 0533357702.",1,LEAK,diverse_positive,memo,hard,div_pos_38
"נושא - מעקב
הקובץ מכיל שם משתמש, סיסמה וגישה לסביבת הייצור.",1,LEAK,diverse_positive,email,medium,div_pos_31
FIN-919721 | המסמך מזכיר את סורוקה ואת איתי פרץ וכולל גם אבחנה של דלקת ריאות. תודה,1,LEAK,paired_hard_positive,ticket,hard,pair_6_pos
INC-901979 | במצגת הופיעו שמות העובדים לצד נתוני שכר ובונוסים.,1,LEAK,paired_hard_positive,ticket,hard,pair_7_pos
"נושא: בקשה
הועבר סיכום על יואב לוי שעובד בקופת חולים כללית בהרצליה, כולל מספר הזהות 029677461.",1,LEAK,paired_hard_positive,email,hard,pair_1_pos
סיכום פגישה: הצוות דן בהשקת מודול ברק ביום 23/2/2026.,0,NON_LEAK,paired_hard_negative,meeting_note,hard,pair_4_neg
סיכום פגישה: הסיסמה הזמנית לחשבון של משה אוחנה היא Welcome2026! ויש להחליף אותה מיד תודה,1,LEAK,diverse_positive,meeting_note,medium,div_pos_47
INC-774352 | הועבר סיכום על דנה דנינו שעובד באינטל בנתניה,0,NON_LEAK,paired_hard_negative,ticket,hard,pair_1_neg
"נושא: בקשה
המסמך מזכיר את סורוקה ואת עמית אלקיים בהקשר אדמיניסטרטיבי.",0,NON_LEAK,paired_hard_negative,email,hard,pair_6_neg
INC-446756 | הצוות דן בהשקת פרויקט נוגה ביום 21/7/2026 במסמך מסווג פנימי שלא נועד להפצה,1,LEAK,paired_hard_positive,ticket,hard,pair_4_pos
לתיעוד פנימי - במצגת הופיעו שמות העובדים לצורך חלוקת משימות. תודה,0,NON_LEAK,paired_hard_negative,memo,hard,pair_7_neg
"לתיעוד פנימי: בנספח מופיעים פרטי החשבון של יעל לוי: בנק הפועלים, חשבון 7200934265.",1,LEAK,diverse_positive,memo,medium,div_pos_59
שולח: יש לעדכן את טבלת ההזמנות עם מזהה פנימי 8448344725,0,NON_LEAK,paired_hard_negative,chat,hard,pair_5_neg
לתיעוד פנימי: המסמך מזכיר את איכילוב ואת עדי שלום בהקשר אדמיניסטרטיבי.,0,NON_LEAK,paired_hard_negative,memo,hard,pair_6_neg
מתוך הדוח: בדשבורד הציבורי מופיע סטטוס כללי של פרויקט פרויקט ברוש.,0,NON_LEAK,diverse_negative,report,medium,div_neg_37
"נושא: בקשה
יש לעדכן את טבלת ההזמנות עם מזהה פנימי 9092043994 תודה",0,NON_LEAK,paired_hard_negative,email,hard,pair_5_neg
"נושא: מעקב
יש לעדכן את טבלת ההזמנות עם חשבון הבנק 9787269277 של אילן שבתאי.",1,LEAK,paired_hard_positive,email,hard,pair_5_pos
סיכום פגישה: המסמך מזכיר את שיבא ואת ליאור מלכה בהקשר אדמיניסטרטיבי.,0,NON_LEAK,paired_hard_negative,meeting_note,hard,pair_6_neg
לתיעוד פנימי: הפגישה עם איתי פרץ נקבעה ל18/5/2026 בהרצליה,0,NON_LEAK,paired_hard_negative,memo,hard,pair_2_neg
מתוך הדוח - יש לעדכן את טבלת ההזמנות עם מזהה פנימי 6926454401,0,NON_LEAK,paired_hard_negative,report,hard,pair_5_neg
"נושא: עדכון
במסמך המצורף אין מידע אישי, רק סיכום משימות והחלטות.",0,NON_LEAK,diverse_negative,email,medium,div_neg_29
מתוך הדוח: במצגת הופיעו שמות העובדים לצורך חלוקת משימות.,0,NON_LEAK,paired_hard_negative,report,hard,pair_7_neg
"נושא - עדכון
המסמך מזכיר את שיבא ואת טל אוחנה וכולל גם אבחנה של פציעת גב.",1,LEAK,paired_hard_positive,email,hard,pair_6_pos
תזכורת: הועבר סיכום על איתי פרץ שעובד ברפאל בפתח תקווה. תודה,0,NON_LEAK,paired_hard_negative,chat,hard,pair_1_neg
בדיקה: במצגת הופיעו שמות העובדים לצורך חלוקת משימות,0,NON_LEAK,paired_hard_negative,chat,hard,pair_7_neg
סיכום פגישה: הסיסמה הזמנית לחשבון של מיכל כהן היא Welcome2026! ויש להחליף אותה מיד.,1,LEAK,diverse_positive,meeting_note,hard,div_pos_7
לתיעוד פנימי: במצגת הופיעו שמות העובדים לצד נתוני שכר ובונוסים. תודה,1,LEAK,paired_hard_positive,memo,hard,pair_7_pos
"לתיעוד פנימי: הלקוח ביקש עדכון על הפרויקט, אבל לא נשלחו פרטי קשר או מזהים. תודה",0,NON_LEAK,diverse_negative,memo,hard,div_neg_43
"סיכום פגישה: הועבר סיכום על עדי שלום שעובד במכבי שירותי בריאות בפתח תקווה, כולל מספר הזהות 048384264.",1,LEAK,paired_hard_positive,meeting_note,hard,pair_1_pos
"מתוך הדוח: במסמך המצורף אין מידע אישי, רק סיכום משימות והחלטות תודה",0,NON_LEAK,diverse_negative,report,medium,div_neg_41
"עדכון: הועבר סיכום על מאיה ביטון שעובד במכבי שירותי בריאות במודיעין, כולל מספר הזהות 721287080.",1,LEAK,paired_hard_positive,chat,hard,pair_1_pos
מתוך הדוח: במצגת הופיעו שמות העובדים לצד נתוני שכר ובונוסים. תודה,1,LEAK,paired_hard_positive,report,hard,pair_7_pos
"בדיקה: הפגישה עם ניר ביטון נקבעה ל21/4/2026 בחיפה, ובמסמך צורף גם הטלפון 0592522630.",1,LEAK,paired_hard_positive,chat,hard,pair_2_pos
סיכום פגישה: המסמך מזכיר את סורוקה ואת רונית פרץ וכולל גם אבחנה של לחץ דם גבוה,1,LEAK,paired_hard_positive,meeting_note,hard,pair_6_pos
"בדיקה: הקובץ מכיל שם משתמש, סיסמה וגישה לסביבת הייצור",1,LEAK,diverse_positive,chat,medium,div_pos_55
HR-059411 | הצוות דן בהשקת מודול ברק ביום 26/3/2026 במסמך מסווג פנימי שלא נועד להפצה.,1,LEAK,paired_hard_positive,ticket,hard,pair_4_pos
"נושא: טיפול
הפגישה עם שירה אברהם נקבעה ל26/6/2026 בבאר שבע.",0,NON_LEAK,paired_hard_negative,email,hard,pair_2_neg
"לתיעוד פנימי: הועבר דוח עם רשימת לקוחות אסטרטגיים, הצעות מחיר ותנאי התקשרות",1,LEAK,diverse_positive,memo,hard,div_pos_52
שולח - במצגת הופיעו שמות העובדים לצד נתוני שכר ובונוסים.,1,LEAK,paired_hard_positive,chat,hard,pair_7_pos
שולח: יש לעדכן את טבלת ההזמנות עם מזהה פנימי 1161447471.,0,NON_LEAK,paired_hard_negative,chat,hard,pair_5_neg
תזכורת: יש לעדכן את טבלת ההזמנות עם חשבון הבנק 7356187422 של משה אוחנה.,1,LEAK,paired_hard_positive,chat,hard,pair_5_pos
לתיעוד פנימי - במצגת הופיעו שמות העובדים לצד נתוני שכר ובונוסים.,1,LEAK,paired_hard_positive,memo,hard,pair_7_pos
לתיעוד פנימי: לצורך זיהוי מול הספק הועבר מספר הזהות של דנה דנינו: 418397573.,1,LEAK,diverse_positive,memo,medium,div_pos_36
"נושא: בקשה
במצגת הופיעו שמות העובדים לצורך חלוקת משימות",0,NON_LEAK,paired_hard_negative,email,hard,pair_7_neg
FIN-274849 | יש לעדכן את טבלת ההזמנות עם מזהה פנימי 4005364749,0,NON_LEAK,paired_hard_negative,ticket,hard,pair_5_neg
"נושא: בקשה
בנספח מופיעים פרטי החשבון של עדי שלום: בנק הפועלים, חשבון 6415793288",1,LEAK,diverse_positive,email,hard,div_pos_40
מתוך הדוח: במצגת הופיעו שמות העובדים לצד נתוני שכר ובונוסים.,1,LEAK,paired_hard_positive,report,hard,pair_7_pos
עדכון: בדוח הלקוח מופיע איש קשר בשם אלון מלכה.,0,NON_LEAK,paired_hard_negative,chat,hard,pair_3_neg
בדיקה: הצוות דן בהשקת מערכת קשת ביום 13/9/2026 תודה,0,NON_LEAK,paired_hard_negative,chat,hard,pair_4_neg
"לתיעוד פנימי: היעד הכספי לרבעון הוא 6,198 ש""ח ולא מדובר במידע על לקוח ספציפי.",0,NON_LEAK,diverse_negative,memo,hard,div_neg_56
סיכום פגישה: הצוות דן בהשקת גרסה 4.2 ביום 2/5/2026 במסמך מסווג פנימי שלא נועד להפצה.,1,LEAK,paired_hard_positive,meeting_note,hard,pair_4_pos
שולח: הפגישה עם שירה אברהם נקבעה ל14/11/2026 בפתח תקווה,0,NON_LEAK,paired_hard_negative,chat,hard,pair_2_neg
"מתוך הדוח: בדוח שהגיע מרמב""ם מופיעים פרטי טיפול של עמית אלקיים",1,LEAK,diverse_positive,report,hard,div_pos_55
"נושא: עדכון
בדוח הלקוח מופיע איש קשר בשם ליאור מלכה יחד עם כתובת המייל lior.malka@org.co.il.",1,LEAK,paired_hard_positive,email,hard,pair_3_pos
סיכום פגישה: הועבר סיכום על שירה אברהם שעובד באלביט בחיפה.,0,NON_LEAK,paired_hard_negative,meeting_note,hard,pair_1_neg
REQ-008487 | המסמך מזכיר את סורוקה ואת אלון מלכה בהקשר אדמיניסטרטיבי.,0,NON_LEAK,paired_hard_negative,ticket,hard,pair_6_neg
"תזכורת: היעד הכספי לרבעון הוא 35,615 ש""ח ולא מדובר במידע על לקוח ספציפי.",0,NON_LEAK,diverse_negative,chat,medium,div_neg_26
"נושא: בקשה
הפגישה עם מיכל כהן נקבעה ל8/4/2026 בחיפה, ובמסמך צורף גם הטלפון 0564818873.",1,LEAK,paired_hard_positive,email,hard,pair_2_pos
סיכום פגישה: המסמך מזכיר את איכילוב ואת עמית אלקיים וכולל גם אבחנה של סוכרת.,1,LEAK,paired_hard_positive,meeting_note,hard,pair_6_pos
"נושא: עדכון
המסמך מזכיר את סורוקה ואת אורן אברהם וכולל גם אבחנה של אלרגיה חריפה",1,LEAK,paired_hard_positive,email,hard,pair_6_pos
לתיעוד פנימי: הצוות דן בהשקת מודול ברק ביום 22/2/2026.,0,NON_LEAK,paired_hard_negative,memo,hard,pair_4_neg
מתוך הדוח: הצוות עבר לשלב בדיקות אינטגרציה ונדרש לעדכן סטטוס עד סוף היום.,0,NON_LEAK,diverse_negative,report,hard,div_neg_43
סיכום פגישה: שם העובד אורן אברהם מופיע במצגת הפנימית ללא פרטים נוספים. תודה,0,NON_LEAK,diverse_negative,meeting_note,hard,div_neg_49
תזכורת: שם העובד דנה דנינו מופיע במצגת הפנימית ללא פרטים נוספים.,0,NON_LEAK,diverse_negative,chat,medium,div_neg_45
"נושא: עדכון
יש לעדכן את טבלת ההזמנות עם מזהה פנימי 9760083781.",0,NON_LEAK,paired_hard_negative,email,hard,pair_5_neg
"SR-069707 | הועבר דוח עם רשימת לקוחות אסטרטגיים, הצעות מחיר ותנאי התקשרות",1,LEAK,diverse_positive,ticket,medium,div_pos_50
"מתוך הדוח: הפגישה עם יעל לוי נקבעה ל16/4/2026 באשדוד, ובמסמך צורף גם הטלפון 0515026680.",1,LEAK,paired_hard_positive,report,hard,pair_2_pos
תזכורת: הצוות דן בהשקת מוצר אופק ביום 8/12/2026 במסמך מסווג פנימי שלא נועד להפצה. תודה,1,LEAK,paired_hard_positive,chat,hard,pair_4_pos
"נושא: טיפול
יש לעדכן את טבלת ההזמנות עם מזהה פנימי 9978018038. תודה",0,NON_LEAK,paired_hard_negative,email,hard,pair_5_neg
"סיכום פגישה: המסמך מזכיר את רמב""ם ואת מאיה ביטון בהקשר אדמיניסטרטיבי",0,NON_LEAK,paired_hard_negative,meeting_note,hard,pair_6_neg
"נושא - טיפול
הפגישה עם יואב לוי נקבעה ל20/7/2026 בחיפה. תודה",0,NON_LEAK,paired_hard_negative,email,hard,pair_2_neg
מתוך הדוח: יש לעדכן את טבלת ההזמנות עם חשבון הבנק 8082281796 של דוד כהן.,1,LEAK,paired_hard_positive,report,hard,pair_5_pos
"נושא: מעקב
הפגישה עם סמנכ""לית כספים תתקיים ביום ראשון בבאר שבע. תודה",0,NON_LEAK,diverse_negative,email,medium,div_neg_59
סיכום פגישה: הסיסמה הזמנית לחשבון של הילה חדד היא Welcome2026! ויש להחליף אותה מיד.,1,LEAK,diverse_positive,meeting_note,hard,div_pos_57
"סיכום פגישה: פרטי הקשר של רון חדד: מייל ron.hadad@org.co.il, טלפון 0508113953.",1,LEAK,diverse_positive,meeting_note,medium,div_pos_22
"סיכום פגישה: הועבר דוח עם רשימת לקוחות אסטרטגיים, הצעות מחיר ותנאי התקשרות",1,LEAK,diverse_positive,meeting_note,hard,div_pos_53
REQ-726343 | מספר הקריאה הוא REQ-921099 ויש לעקוב אחריו מול שירות לקוחות. תודה,0,NON_LEAK,diverse_negative,ticket,hard,div_neg_31
"REQ-513766 | בדוח שהגיע מרמב""ם מופיעים פרטי טיפול של עדי שלום. תודה",1,LEAK,diverse_positive,ticket,medium,div_pos_1
"נושא: טיפול
הועבר דוח עם רשימת לקוחות אסטרטגיים, הצעות מחיר ותנאי התקשרות. תודה",1,LEAK,diverse_positive,email,medium,div_pos_15
"REQ-215657 | הועבר סיכום על מאיה ביטון שעובד בצ'ק פוינט במודיעין, כולל מספר הזהות 892570816. תודה",1,LEAK,paired_hard_positive,ticket,hard,pair_1_pos
"נושא: בקשה
פרטי הקשר של שרון סעדה: מייל sharon.saada@gmail.com, טלפון 0573327812.",1,LEAK,diverse_positive,email,hard,div_pos_2
"לתיעוד פנימי - היעד הכספי לרבעון הוא 8,174 ש""ח ולא מדובר במידע על לקוח ספציפי.",0,NON_LEAK,diverse_negative,memo,medium,div_neg_0
"סיכום פגישה: הועבר סיכום על משה אוחנה שעובד בשופרסל בנתניה, כולל מספר הזהות 187758184.",1,LEAK,paired_hard_positive,meeting_note,hard,pair_1_pos
סיכום פגישה: יש לעדכן את טבלת ההזמנות עם מזהה פנימי 6395582279.,0,NON_LEAK,paired_hard_negative,meeting_note,hard,pair_5_neg
"לתיעוד פנימי - הקובץ מכיל שם משתמש, סיסמה וגישה לסביבת הייצור.",1,LEAK,diverse_positive,memo,hard,div_pos_44
"סיכום פגישה: המסמך מזכיר את רמב""ם ואת טל אוחנה וכולל גם אבחנה של חרדה",1,LEAK,paired_hard_positive,meeting_note,hard,pair_6_pos
שולח: שם העובד משה אוחנה מופיע במצגת הפנימית ללא פרטים נוספים,0,NON_LEAK,diverse_negative,chat,hard,div_neg_51
"לתיעוד פנימי: היעד הכספי לרבעון הוא 5,857 ש""ח ולא מדובר במידע על לקוח ספציפי",0,NON_LEAK,diverse_negative,memo,hard,div_neg_13
"עדכון - פרטי הקשר של יעל לוי - מייל yael.levi@org.co.il, טלפון 0572889263.",1,LEAK,diverse_positive,chat,medium,div_pos_23
סיכום פגישה: המסמך מזכיר את איכילוב ואת יואב לוי בהקשר אדמיניסטרטיבי,0,NON_LEAK,paired_hard_negative,meeting_note,hard,pair_6_neg
לתיעוד פנימי: במצגת הופיעו שמות העובדים לצורך חלוקת משימות. תודה,0,NON_LEAK,paired_hard_negative,memo,hard,pair_7_neg
"SR-812466 | בדוח מופיע רק שם החברה בנק לאומי ותאריך יעד 20/5/2026, ללא מידע אישי.",0,NON_LEAK,diverse_negative,ticket,medium,div_neg_7
"בדיקה - בדוח שהגיע מרמב""ם מופיעים פרטי טיפול של דנה דנינו",1,LEAK,diverse_positive,chat,medium,div_pos_53
עדכון - הצוות דן בהשקת שירות אביב ביום 2/6/2026.,0,NON_LEAK,paired_hard_negative,chat,hard,pair_4_neg
סיכום פגישה: יש לעדכן את טבלת ההזמנות עם חשבון הבנק 5491514806 של אורן אברהם.,1,LEAK,paired_hard_positive,meeting_note,hard,pair_5_pos
"נושא - מעקב
בדוח מופיע רק שם החברה נייס ותאריך יעד 13/1/2026, ללא מידע אישי.",0,NON_LEAK,diverse_negative,email,medium,div_neg_27
סיכום פגישה: המסמך מזכיר את אסותא ואת משה אוחנה בהקשר אדמיניסטרטיבי.,0,NON_LEAK,paired_hard_negative,meeting_note,hard,pair_6_neg
"נושא: עדכון
בדוח שהגיע מרמב""ם מופיעים פרטי טיפול של ליאור מלכה.",1,LEAK,diverse_positive,email,medium,div_pos_1
שולח: הועבר סיכום על רונית פרץ שעובד במכבי שירותי בריאות בירושלים,0,NON_LEAK,paired_hard_negative,chat,hard,pair_1_neg
INC-846890 | הצוות דן בהשקת פרויקט נוגה ביום 13/3/2026 במסמך מסווג פנימי שלא נועד להפצה. תודה,1,LEAK,paired_hard_positive,ticket,hard,pair_4_pos
"סיכום פגישה: הועבר סיכום על הילה חדד שעובד בAmdocs בחיפה, כולל מספר הזהות 022721228.",1,LEAK,paired_hard_positive,meeting_note,hard,pair_1_pos
"HR-757614 | בדוח מופיע רק שם החברה שופרסל ותאריך יעד 13/8/2026, ללא מידע אישי.",0,NON_LEAK,diverse_negative,ticket,medium,div_neg_37
סיכום פגישה: הסיסמה הזמנית לחשבון של מיכל כהן היא Welcome2026! ויש להחליף אותה מיד,1,LEAK,diverse_positive,meeting_note,hard,div_pos_2
סיכום פגישה: הועבר סיכום על משה אוחנה שעובד בשופרסל בתל אביב.,0,NON_LEAK,paired_hard_negative,meeting_note,hard,pair_1_neg
לתיעוד פנימי: לצורך זיהוי מול הספק הועבר מספר הזהות של ניר ביטון: 137594545,1,LEAK,diverse_positive,memo,hard,div_pos_15
"נושא: עדכון
הפגישה עם מנהל פיתוח תתקיים ביום ראשון באשדוד.",0,NON_LEAK,diverse_negative,email,hard,div_neg_53
בדיקה - בדוח הלקוח מופיע איש קשר בשם רון חדד יחד עם כתובת המייל ron.hadad@example.co.il.,1,LEAK,paired_hard_positive,chat,hard,pair_3_pos
"נושא: בקשה
פרטי הקשר של שירה אברהם: מייל shira.avraham@mail.com, טלפון 0559055104.",1,LEAK,diverse_positive,email,medium,div_pos_22
"INC-146109 | הקובץ מכיל שם משתמש, סיסמה וגישה לסביבת הייצור.",1,LEAK,diverse_positive,ticket,hard,div_pos_21
לתיעוד פנימי: הצוות דן בהשקת פרויקט נוגה ביום 2/10/2026.,0,NON_LEAK,paired_hard_negative,memo,hard,pair_4_neg
סיכום פגישה: בדוח הלקוח מופיע איש קשר בשם משה אוחנה.,0,NON_LEAK,paired_hard_negative,meeting_note,hard,pair_3_neg
מתוך הדוח: המסמך מזכיר את שיבא ואת אלון מלכה וכולל גם אבחנה של פציעת גב. תודה,1,LEAK,paired_hard_positive,report,hard,pair_6_pos
לתיעוד פנימי - שם העובד רון חדד מופיע במצגת הפנימית ללא פרטים נוספים,0,NON_LEAK,diverse_negative,memo,medium,div_neg_41
"מתוך הדוח - הפגישה עם קרן אמסלם נקבעה ל16/5/2026 ברעננה, ובמסמך צורף גם הטלפון 0597890258. תודה",1,LEAK,paired_hard_positive,report,hard,pair_2_pos
"סיכום פגישה - בדוח מופיע רק שם החברה אינטל ותאריך יעד 20/11/2026, ללא מידע אישי. תודה",0,NON_LEAK,diverse_negative,meeting_note,medium,div_neg_29
SR-940411 | המסמך מזכיר את אסותא ואת אורן אברהם בהקשר אדמיניסטרטיבי,0,NON_LEAK,paired_hard_negative,ticket,hard,pair_6_neg
SR-468440 | נא לשמור על סודיות - תוכנית ההשקה של גרסה 4.2 וקוד השם מיזם תמר מצורפים.,1,LEAK,diverse_positive,ticket,medium,div_pos_15
FIN-426586 | המסמך מזכיר את איכילוב ואת שרון סעדה וכולל גם אבחנה של אסתמה.,1,LEAK,paired_hard_positive,ticket,hard,pair_6_pos
HR-579533 | הפגישה עם איתי פרץ נקבעה ל4/8/2026 בפתח תקווה,0,NON_LEAK,paired_hard_negative,ticket,hard,pair_2_neg
לתיעוד פנימי: יש לעדכן את טבלת ההזמנות עם חשבון הבנק 6625126466 של אורן אברהם,1,LEAK,paired_hard_positive,memo,hard,pair_5_pos
REQ-272477 | הצוות דן בהשקת פרויקט נוגה ביום 10/7/2026.,0,NON_LEAK,paired_hard_negative,ticket,hard,pair_4_neg
"מתוך הדוח: הועבר סיכום על אלון מלכה שעובד באינטל בחיפה, כולל מספר הזהות 871741173",1,LEAK,paired_hard_positive,report,hard,pair_1_pos
"נושא: עדכון
בדוח הלקוח מופיע איש קשר בשם מיכל כהן.",0,NON_LEAK,paired_hard_negative,email,hard,pair_3_neg
מתוך הדוח: הועבר סיכום על נועה מזרחי שעובד בסלקום בנתניה.,0,NON_LEAK,paired_hard_negative,report,hard,pair_1_neg
"לתיעוד פנימי - הלקוח ביקש עדכון על הפרויקט, אבל לא נשלחו פרטי קשר או מזהים.",0,NON_LEAK,diverse_negative,memo,medium,div_neg_40
לתיעוד פנימי: במצגת הופיעו שמות העובדים לצורך חלוקת משימות,0,NON_LEAK,paired_hard_negative,memo,hard,pair_7_neg
לתיעוד פנימי: במצגת הופיעו שמות העובדים לצד נתוני שכר ובונוסים,1,LEAK,paired_hard_positive,memo,hard,pair_7_pos
"נושא - עדכון
בדשבורד הציבורי מופיע סטטוס כללי של פרויקט פרויקט דרור.",0,NON_LEAK,diverse_negative,email,hard,div_neg_25
סיכום פגישה - שם העובד אורן אברהם מופיע במצגת הפנימית ללא פרטים נוספים. תודה,0,NON_LEAK,diverse_negative,meeting_note,medium,div_neg_24
לתיעוד פנימי: במצגת הופיעו שמות העובדים לצורך חלוקת משימות,0,NON_LEAK,paired_hard_negative,memo,hard,pair_7_neg
בדיקה: יש לעדכן את טבלת ההזמנות עם מזהה פנימי 5197640225.,0,NON_LEAK,paired_hard_negative,chat,hard,pair_5_neg
לתיעוד פנימי: יש לעדכן את טבלת ההזמנות עם חשבון הבנק 1133236700 של אילן שבתאי.,1,LEAK,paired_hard_positive,memo,hard,pair_5_pos
מתוך הדוח - במצגת הופיעו שמות העובדים לצד נתוני שכר ובונוסים.,1,LEAK,paired_hard_positive,report,hard,pair_7_pos
לתיעוד פנימי: הצוות דן בהשקת שירות אביב ביום 2/9/2026 במסמך מסווג פנימי שלא נועד להפצה.,1,LEAK,paired_hard_positive,memo,hard,pair_4_pos
"לתיעוד פנימי: הועבר החזר בגובה 35,143 ש""ח לחשבון 3669936628 של הילה חדד.",1,LEAK,diverse_positive,memo,hard,div_pos_19
סיכום פגישה: יש לעדכן את טבלת ההזמנות עם חשבון הבנק 8821099323 של ניר ביטון.,1,LEAK,paired_hard_positive,meeting_note,hard,pair_5_pos
"מתוך הדוח: הועבר סיכום על יואב לוי שעובד בסלקום בבאר שבע, כולל מספר הזהות 070802291 תודה",1,LEAK,paired_hard_positive,report,hard,pair_1_pos
שולח: הפגישה עם מנהל אבטחת מידע תתקיים ביום ראשון בראשון לציון.,0,NON_LEAK,diverse_negative,chat,hard,div_neg_25
שולח: הסיסמה הזמנית לחשבון של קרן אמסלם היא Welcome2026! ויש להחליף אותה מיד.,1,LEAK,diverse_positive,chat,medium,div_pos_34
"נושא: בקשה
הועבר החזר בגובה 36,888 ש""ח לחשבון 2793459181 של איתי פרץ.",1,LEAK,diverse_positive,email,hard,div_pos_23
סיכום פגישה - הצוות דן בהשקת מודול ברק ביום 7/5/2026 במסמך מסווג פנימי שלא נועד להפצה.,1,LEAK,paired_hard_positive,meeting_note,hard,pair_4_pos
"שולח: בנספח מופיעים פרטי החשבון של אלון מלכה: בנק לאומי, חשבון 6346230932.",1,LEAK,diverse_positive,chat,hard,div_pos_37
לתיעוד פנימי: מספר הקריאה הוא SR-551362 ויש לעקוב אחריו מול שיווק,0,NON_LEAK,diverse_negative,memo,medium,div_neg_15
HR-340238 | הסיסמה הזמנית לחשבון של קרן אמסלם היא Welcome2026! ויש להחליף אותה מיד.,1,LEAK,diverse_positive,ticket,hard,div_pos_9
סיכום פגישה: הצוות דן בהשקת פרויקט נוגה ביום 24/4/2026 במסמך מסווג פנימי שלא נועד להפצה,1,LEAK,paired_hard_positive,meeting_note,hard,pair_4_pos
מתוך הדוח: הפגישה עם אורן אברהם נקבעה ל26/9/2026 באשדוד.,0,NON_LEAK,paired_hard_negative,report,hard,pair_2_neg
"נושא: מעקב
הצוות עבר לשלב בדיקות אינטגרציה ונדרש לעדכן סטטוס עד סוף היום",0,NON_LEAK,diverse_negative,email,hard,div_neg_38
"FIN-627060 | הועבר דוח עם רשימת לקוחות אסטרטגיים, הצעות מחיר ותנאי התקשרות.",1,LEAK,diverse_positive,ticket,medium,div_pos_4
עדכון: הפגישה עם דנה דנינו נקבעה ל10/7/2026 בראשון לציון,0,NON_LEAK,paired_hard_negative,chat,hard,pair_2_neg
INC-125489 | הצוות עבר לשלב בדיקות אינטגרציה ונדרש לעדכן סטטוס עד סוף היום. תודה,0,NON_LEAK,diverse_negative,ticket,hard,div_neg_6
מתוך הדוח: הועבר סיכום על טל אוחנה שעובד ברפאל בנתניה.,0,NON_LEAK,paired_hard_negative,report,hard,pair_1_neg
INC-044408 | הצוות דן בהשקת מערכת קשת ביום 13/6/2026 במסמך מסווג פנימי שלא נועד להפצה,1,LEAK,paired_hard_positive,ticket,hard,pair_4_pos
"סיכום פגישה: הלקוח ביקש עדכון על הפרויקט, אבל לא נשלחו פרטי קשר או מזהים.",0,NON_LEAK,diverse_negative,meeting_note,medium,div_neg_43
"תזכורת: פרטי הקשר של אלון מלכה: מייל alon.malka@org.co.il, טלפון 0507202622.",1,LEAK,diverse_positive,chat,medium,div_pos_12
"נושא: בקשה
במסמך המצורף אין מידע אישי, רק סיכום משימות והחלטות.",0,NON_LEAK,diverse_negative,email,hard,div_neg_47
"נושא: בקשה
הצוות דן בהשקת מוצר אופק ביום 8/10/2026 במסמך מסווג פנימי שלא נועד להפצה.",1,LEAK,paired_hard_positive,email,hard,pair_4_pos
"נושא: בקשה
לצורך זיהוי מול הספק הועבר מספר הזהות של מיכל כהן: 580683984. תודה",1,LEAK,diverse_positive,email,medium,div_pos_40
עדכון: הפגישה עם משה אוחנה נקבעה ל3/11/2026 בחיפה,0,NON_LEAK,paired_hard_negative,chat,hard,pair_2_neg
לתיעוד פנימי: הצוות עבר לשלב בדיקות אינטגרציה ונדרש לעדכן סטטוס עד סוף היום,0,NON_LEAK,diverse_negative,memo,hard,div_neg_19
"נושא: טיפול
יש לעדכן את טבלת ההזמנות עם חשבון הבנק 1693048154 של איתי פרץ",1,LEAK,paired_hard_positive,email,hard,pair_5_pos
סיכום פגישה: הפגישה עם נועה מזרחי נקבעה ל11/6/2026 בנתניה.,0,NON_LEAK,paired_hard_negative,meeting_note,hard,pair_2_neg
סיכום פגישה: בדוח הלקוח מופיע איש קשר בשם עדי שלום.,0,NON_LEAK,paired_hard_negative,meeting_note,hard,pair_3_neg
"SR-808130 | בנספח מופיעים פרטי החשבון של מיכל כהן: דיסקונט, חשבון 0873933724",1,LEAK,diverse_positive,ticket,medium,div_pos_29
"נושא: מעקב
מספר הקריאה הוא FIN-547137 ויש לעקוב אחריו מול אבטחת מידע",0,NON_LEAK,diverse_negative,email,medium,div_neg_52
סיכום פגישה: בדוח הלקוח מופיע איש קשר בשם ליאור מלכה.,0,NON_LEAK,paired_hard_negative,meeting_note,hard,pair_3_neg
"עדכון: הלקוח ביקש עדכון על הפרויקט, אבל לא נשלחו פרטי קשר או מזהים.",0,NON_LEAK,diverse_negative,chat,hard,div_neg_58
"עדכון - במסמך המצורף אין מידע אישי, רק סיכום משימות והחלטות.",0,NON_LEAK,diverse_negative,chat,medium,div_neg_48
סיכום פגישה: בדוח שהגיע משיבא מופיעים פרטי טיפול של יעל לוי.,1,LEAK,diverse_positive,meeting_note,hard,div_pos_51
"נושא: טיפול
הלקוח ביקש עדכון על הפרויקט, אבל לא נשלחו פרטי קשר או מזהים.",0,NON_LEAK,diverse_negative,email,hard,div_neg_49
לתיעוד פנימי: מספר הקריאה הוא FIN-196327 ויש לעקוב אחריו מול אבטחת מידע תודה,0,NON_LEAK,diverse_negative,memo,hard,div_neg_47
"נושא: עדכון
המסמך מזכיר את אסותא ואת משה אוחנה בהקשר אדמיניסטרטיבי. תודה",0,NON_LEAK,paired_hard_negative,email,hard,pair_6_neg
סיכום פגישה: לצורך זיהוי מול הספק הועבר מספר הזהות של ליאור מלכה: 921579291.,1,LEAK,diverse_positive,meeting_note,hard,div_pos_4
סיכום פגישה: הפגישה עם נועה מזרחי נקבעה ל24/7/2026 בבאר שבע.,0,NON_LEAK,paired_hard_negative,meeting_note,hard,pair_2_neg
SR-859839 | הסיסמה הזמנית לחשבון של טל אוחנה היא Welcome2026! ויש להחליף אותה מיד.,1,LEAK,diverse_positive,ticket,hard,div_pos_37
"לתיעוד פנימי: הועבר החזר בגובה 22,367 ש""ח לחשבון 8787705172 של ניר ביטון.",1,LEAK,diverse_positive,memo,hard,div_pos_8
FIN-823752 | הצוות עבר לשלב בדיקות אינטגרציה ונדרש לעדכן סטטוס עד סוף היום.,0,NON_LEAK,diverse_negative,ticket,medium,div_neg_57
SR-163637 | נא לשמור על סודיות: תוכנית ההשקה של פלטפורמת ארז וקוד השם מבצע שקמה מצורפים.,1,LEAK,diverse_positive,ticket,hard,div_pos_26
"לתיעוד פנימי: פרטי הקשר של נועה מזרחי: מייל noa.mizrahi@mail.com, טלפון 0522557124.",1,LEAK,diverse_positive,memo,hard,div_pos_42
FIN-844567 | הפגישה עם עדי שלום נקבעה ל23/5/2026 בראשון לציון. תודה,0,NON_LEAK,paired_hard_negative,ticket,hard,pair_2_neg
"נושא: מעקב
במצגת הופיעו שמות העובדים לצורך חלוקת משימות.",0,NON_LEAK,paired_hard_negative,email,hard,pair_7_neg
עדכון: הסיסמה הזמנית לחשבון של יעל לוי היא Welcome2026! ויש להחליף אותה מיד.,1,LEAK,diverse_positive,chat,medium,div_pos_0
לתיעוד פנימי: הפגישה עם מנהל אבטחת מידע תתקיים ביום ראשון בבאר שבע.,0,NON_LEAK,diverse_negative,memo,hard,div_neg_46
מתוך הדוח: בדוח משאבי האנוש מופיעים נתוני השכר של קרן אמסלם עבור חודש מרץ.,1,LEAK,diverse_positive,report,medium,div_pos_51
REQ-041403 | הצוות דן בהשקת שירות אביב ביום 8/6/2026. תודה,0,NON_LEAK,paired_hard_negative,ticket,hard,pair_4_neg
מתוך הדוח: בדוח הלקוח מופיע איש קשר בשם הילה חדד.,0,NON_LEAK,paired_hard_negative,report,hard,pair_3_neg
מתוך הדוח: במצגת הופיעו שמות העובדים לצד נתוני שכר ובונוסים. תודה,1,LEAK,paired_hard_positive,report,hard,pair_7_pos
מתוך הדוח: לצורך זיהוי מול הספק הועבר מספר הזהות של טל אוחנה: 413103914.,1,LEAK,diverse_positive,report,medium,div_pos_39
סיכום פגישה: בדוח הלקוח מופיע איש קשר בשם יואב לוי.,0,NON_LEAK,paired_hard_negative,meeting_note,hard,pair_3_neg
לתיעוד פנימי - בדוח הלקוח מופיע איש קשר בשם אילן שבתאי.,0,NON_LEAK,paired_hard_negative,memo,hard,pair_3_neg
עדכון: הועבר סיכום על רונית פרץ שעובד בAmdocs באשדוד תודה,0,NON_LEAK,paired_hard_negative,chat,hard,pair_1_neg
"נושא: מעקב
הצוות דן בהשקת מודול ברק ביום 23/2/2026",0,NON_LEAK,paired_hard_negative,email,hard,pair_4_neg
FIN-528820 | הצוות דן בהשקת שירות אביב ביום 26/5/2026 במסמך מסווג פנימי שלא נועד להפצה. תודה,1,LEAK,paired_hard_positive,ticket,hard,pair_4_pos
"לתיעוד פנימי - המסמך מזכיר את רמב""ם ואת משה אוחנה בהקשר אדמיניסטרטיבי.",0,NON_LEAK,paired_hard_negative,memo,hard,pair_6_neg
HR-272359 | הפגישה עם יואב לוי נקבעה ל13/2/2026 בתל אביב.,0,NON_LEAK,paired_hard_negative,ticket,hard,pair_2_neg
לתיעוד פנימי: הצוות דן בהשקת פלטפורמת ארז ביום 21/12/2026 במסמך מסווג פנימי שלא נועד להפצה,1,LEAK,paired_hard_positive,memo,hard,pair_4_pos
"סיכום פגישה: בנספח מופיעים פרטי החשבון של עדי שלום: דיסקונט, חשבון 9910655054.",1,LEAK,diverse_positive,meeting_note,medium,div_pos_6
בדיקה: שם העובד אלון מלכה מופיע במצגת הפנימית ללא פרטים נוספים.,0,NON_LEAK,diverse_negative,chat,medium,div_neg_33
בדיקה: בדוח שהגיע משיבא מופיעים פרטי טיפול של מיכל כהן.,1,LEAK,diverse_positive,chat,hard,div_pos_46
מתוך הדוח: הועבר סיכום על משה אוחנה שעובד בגוגל ישראל בפתח תקווה.,0,NON_LEAK,paired_hard_negative,report,hard,pair_1_neg
לתיעוד פנימי - הצוות דן בהשקת מוצר הדס ביום 7/1/2026 במסמך מסווג פנימי שלא נועד להפצה.,1,LEAK,paired_hard_positive,memo,hard,pair_4_pos
"נושא: מעקב
הפגישה עם אלון מלכה נקבעה ל27/3/2026 בפתח תקווה, ובמסמך צורף גם הטלפון 0587133463. תודה",1,LEAK,paired_hard_positive,email,hard,pair_2_pos
"נושא: בקשה
הפגישה עם מנהל אבטחת מידע תתקיים ביום ראשון במודיעין.",0,NON_LEAK,diverse_negative,email,hard,div_neg_4
"עדכון: הפגישה עם עדי שלום נקבעה ל12/7/2026 באשדוד, ובמסמך צורף גם הטלפון 0532011728",1,LEAK,paired_hard_positive,chat,hard,pair_2_pos
לתיעוד פנימי: הצוות דן בהשקת מערכת קשת ביום 7/7/2026 במסמך מסווג פנימי שלא נועד להפצה.,1,LEAK,paired_hard_positive,memo,hard,pair_4_pos
סיכום פגישה: במצגת הופיעו שמות העובדים לצד נתוני שכר ובונוסים,1,LEAK,paired_hard_positive,meeting_note,hard,pair_7_pos
"סיכום פגישה - הועבר סיכום על יואב לוי שעובד בגוגל ישראל בתל אביב, כולל מספר הזהות 714210405",1,LEAK,paired_hard_positive,meeting_note,hard,pair_1_pos
מתוך הדוח: מספר הקריאה הוא HR-035341 ויש לעקוב אחריו מול משאבי אנוש.,0,NON_LEAK,diverse_negative,report,hard,div_neg_44
"נושא: בקשה
היעד הכספי לרבעון הוא 22,417 ש""ח ולא מדובר במידע על לקוח ספציפי.",0,NON_LEAK,diverse_negative,email,medium,div_neg_26
"SR-066357 | הועבר סיכום על משה אוחנה שעובד באלביט בנתניה, כולל מספר הזהות 893675079",1,LEAK,paired_hard_positive,ticket,hard,pair_1_pos
לתיעוד פנימי: בדוח הלקוח מופיע איש קשר בשם עמית אלקיים.,0,NON_LEAK,paired_hard_negative,memo,hard,pair_3_neg
עדכון: בדוח משאבי האנוש מופיעים נתוני השכר של אלון מלכה עבור חודש מרץ. תודה,1,LEAK,diverse_positive,chat,hard,div_pos_21
"סיכום פגישה: פרטי הקשר של טל אוחנה: מייל tal.ohana@outlook.com, טלפון 0511634886.",1,LEAK,diverse_positive,meeting_note,medium,div_pos_14
FIN-015334 | הצוות דן בהשקת שירות אביב ביום 19/4/2026.,0,NON_LEAK,paired_hard_negative,ticket,hard,pair_4_neg
"סיכום פגישה: בדוח שהגיע מרמב""ם מופיעים פרטי טיפול של ליאור מלכה.",1,LEAK,diverse_positive,meeting_note,medium,div_pos_54
מתוך הדוח: הצוות דן בהשקת מודול ברק ביום 27/11/2026.,0,NON_LEAK,paired_hard_negative,report,hard,pair_4_neg
"נושא: בקשה
המסמך מזכיר את סורוקה ואת מאיה ביטון בהקשר אדמיניסטרטיבי.",0,NON_LEAK,paired_hard_negative,email,hard,pair_6_neg
"סיכום פגישה: הפגישה עם דנה דנינו נקבעה ל6/9/2026 ברעננה, ובמסמך צורף גם הטלפון 0535741771.",1,LEAK,paired_hard_positive,meeting_note,hard,pair_2_pos
לתיעוד פנימי: המסמך מזכיר את סורוקה ואת אלון מלכה וכולל גם אבחנה של פציעת גב,1,LEAK,paired_hard_positive,memo,hard,pair_6_pos
מתוך הדוח: במצגת הופיעו שמות העובדים לצד נתוני שכר ובונוסים.,1,LEAK,paired_hard_positive,report,hard,pair_7_pos
מתוך הדוח - המסמך מזכיר את סורוקה ואת הילה חדד וכולל גם אבחנה של אלרגיה חריפה.,1,LEAK,paired_hard_positive,report,hard,pair_6_pos
מתוך הדוח: במצגת הופיעו שמות העובדים לצורך חלוקת משימות. תודה,0,NON_LEAK,paired_hard_negative,report,hard,pair_7_neg
לתיעוד פנימי: במצגת הופיעו שמות העובדים לצורך חלוקת משימות.,0,NON_LEAK,paired_hard_negative,memo,hard,pair_7_neg
"נושא: בקשה
הועבר דוח עם רשימת לקוחות אסטרטגיים, הצעות מחיר ותנאי התקשרות",1,LEAK,diverse_positive,email,medium,div_pos_18
סיכום פגישה - הצוות דן בהשקת מערכת קשת ביום 22/7/2026.,0,NON_LEAK,paired_hard_negative,meeting_note,hard,pair_4_neg
"נושא: בקשה
במצגת הופיעו שמות העובדים לצורך חלוקת משימות",0,NON_LEAK,paired_hard_negative,email,hard,pair_7_neg
לתיעוד פנימי: שם העובד שירה אברהם מופיע במצגת הפנימית ללא פרטים נוספים. תודה,0,NON_LEAK,diverse_negative,memo,hard,div_neg_17
לתיעוד פנימי - הצוות דן בהשקת מערכת קשת ביום 21/3/2026 במסמך מסווג פנימי שלא נועד להפצה. תודה,1,LEAK,paired_hard_positive,memo,hard,pair_4_pos
עדכון: הצוות דן בהשקת פלטפורמת ארז ביום 6/6/2026. תודה,0,NON_LEAK,paired_hard_negative,chat,hard,pair_4_neg
סיכום פגישה: הסיסמה הזמנית לחשבון של קרן אמסלם היא Welcome2026! ויש להחליף אותה מיד.,1,LEAK,diverse_positive,meeting_note,hard,div_pos_46
מתוך הדוח: הצוות עבר לשלב בדיקות אינטגרציה ונדרש לעדכן סטטוס עד סוף היום,0,NON_LEAK,diverse_negative,report,hard,div_neg_19
מתוך הדוח - המסמך מזכיר את אסותא ואת אלון מלכה בהקשר אדמיניסטרטיבי,0,NON_LEAK,paired_hard_negative,report,hard,pair_6_neg
FIN-330928 | נא לשמור על סודיות: תוכנית ההשקה של מוצר אופק וקוד השם מבצע שקמה מצורפים.,1,LEAK,diverse_positive,ticket,hard,div_pos_11
מתוך הדוח: במצגת הופיעו שמות העובדים לצד נתוני שכר ובונוסים,1,LEAK,paired_hard_positive,report,hard,pair_7_pos
"מתוך הדוח: הפגישה עם יעל לוי נקבעה ל24/5/2026 באשדוד, ובמסמך צורף גם הטלפון 0533248306.",1,LEAK,paired_hard_positive,report,hard,pair_2_pos
"נושא: מעקב
יש לעדכן את טבלת ההזמנות עם חשבון הבנק 0944482202 של משה אוחנה.",1,LEAK,paired_hard_positive,email,hard,pair_5_pos
"נושא: מעקב
נא לשמור על סודיות: תוכנית ההשקה של גרסה 4.2 וקוד השם פרויקט דרור מצורפים.",1,LEAK,diverse_positive,email,medium,div_pos_9
"נושא: טיפול
הפגישה עם שרון סעדה נקבעה ל2/2/2026 במודיעין, ובמסמך צורף גם הטלפון 0597227344 תודה",1,LEAK,paired_hard_positive,email,hard,pair_2_pos
שולח: המסמך מזכיר את איכילוב ואת מיכל כהן בהקשר אדמיניסטרטיבי.,0,NON_LEAK,paired_hard_negative,chat,hard,pair_6_neg
לתיעוד פנימי: הועבר סיכום על עדי שלום שעובד בשופרסל בראשון לציון.,0,NON_LEAK,paired_hard_negative,memo,hard,pair_1_neg
שולח: המסמך מזכיר את איכילוב ואת יעל לוי וכולל גם אבחנה של דלקת ריאות.,1,LEAK,paired_hard_positive,chat,hard,pair_6_pos
לתיעוד פנימי: המערכת החדשה תושק ב24/2/2026 לפי הודעה רשמית שפורסמה לכלל העובדים.,0,NON_LEAK,diverse_negative,memo,medium,div_neg_18
"נושא: מעקב
נא לשמור על סודיות: תוכנית ההשקה של מערכת קשת וקוד השם מיזם תמר מצורפים תודה",1,LEAK,diverse_positive,email,medium,div_pos_19
עדכון - הצוות דן בהשקת מערכת קשת ביום 15/8/2026 במסמך מסווג פנימי שלא נועד להפצה,1,LEAK,paired_hard_positive,chat,hard,pair_4_pos
"שולח: בנספח מופיעים פרטי החשבון של ליאור מלכה: בנק לאומי, חשבון 5542538540",1,LEAK,diverse_positive,chat,medium,div_pos_52
"עדכון: בדוח שהגיע מרמב""ם מופיעים פרטי טיפול של משה אוחנה",1,LEAK,diverse_positive,chat,medium,div_pos_2
תזכורת - במצגת הופיעו שמות העובדים לצורך חלוקת משימות.,0,NON_LEAK,paired_hard_negative,chat,hard,pair_7_neg
"REQ-167909 | במסמך המצורף אין מידע אישי, רק סיכום משימות והחלטות.",0,NON_LEAK,diverse_negative,ticket,hard,div_neg_38
"סיכום פגישה: הועבר החזר בגובה 8,838 ש""ח לחשבון 5634700097 של רונית פרץ.",1,LEAK,diverse_positive,meeting_note,medium,div_pos_8
סיכום פגישה: בדוח הלקוח מופיע איש קשר בשם עדי שלום יחד עם כתובת המייל adishalom@gmailcom תודה,1,LEAK,paired_hard_positive,meeting_note,hard,pair_3_pos
"נושא: בקשה
במסמך המצורף אין מידע אישי, רק סיכום משימות והחלטות",0,NON_LEAK,diverse_negative,email,medium,div_neg_47
סיכום פגישה: בדוח הלקוח מופיע איש קשר בשם נועה מזרחי,0,NON_LEAK,paired_hard_negative,meeting_note,hard,pair_3_neg
SR-633012 | שם העובד דנה דנינו מופיע במצגת הפנימית ללא פרטים נוספים.,0,NON_LEAK,diverse_negative,ticket,medium,div_neg_17
תזכורת: יש לעדכן את טבלת ההזמנות עם חשבון הבנק 9469769468 של מאיה ביטון,1,LEAK,paired_hard_positive,chat,hard,pair_5_pos
"SR-445686 | הועבר החזר בגובה 24,963 ש""ח לחשבון 6235934170 של רונית פרץ.",1,LEAK,diverse_positive,ticket,hard,div_pos_32
SR-581202 | בדוח הלקוח מופיע איש קשר בשם ניר ביטון תודה,0,NON_LEAK,paired_hard_negative,ticket,hard,pair_3_neg
"לתיעוד פנימי - הועבר סיכום על דנה דנינו שעובד בAmdocs במודיעין, כולל מספר הזהות 796253184.",1,LEAK,paired_hard_positive,memo,hard,pair_1_pos
"INC-079025 | הקובץ מכיל שם משתמש, סיסמה וגישה לסביבת הייצור תודה",1,LEAK,diverse_positive,ticket,hard,div_pos_15
"SR-068435 | פרטי הקשר של עמית אלקיים: מייל amit.elkayim@gmail.com, טלפון 0519755199.",1,LEAK,diverse_positive,ticket,hard,div_pos_22
לתיעוד פנימי: הסיסמה הזמנית לחשבון של יעל לוי היא Welcome2026! ויש להחליף אותה מיד,1,LEAK,diverse_positive,memo,medium,div_pos_55
SR-943471 | הצוות דן בהשקת שירות אביב ביום 24/3/2026.,0,NON_LEAK,paired_hard_negative,ticket,hard,pair_4_neg
מתוך הדוח: הצוות עבר לשלב בדיקות אינטגרציה ונדרש לעדכן סטטוס עד סוף היום.,0,NON_LEAK,diverse_negative,report,hard,div_neg_36
מתוך הדוח: המסמך מזכיר את שיבא ואת אילן שבתאי בהקשר אדמיניסטרטיבי,0,NON_LEAK,paired_hard_negative,report,hard,pair_6_neg
"נושא: טיפול
במסמך המצורף אין מידע אישי, רק סיכום משימות והחלטות. תודה",0,NON_LEAK,diverse_negative,email,hard,div_neg_27
"עדכון: הקובץ מכיל שם משתמש, סיסמה וגישה לסביבת הייצור.",1,LEAK,diverse_positive,chat,hard,div_pos_42
לתיעוד פנימי: הפגישה עם אורן אברהם נקבעה ל27/9/2026 בהרצליה,0,NON_LEAK,paired_hard_negative,memo,hard,pair_2_neg
"סיכום פגישה: הקובץ מכיל שם משתמש, סיסמה וגישה לסביבת הייצור. תודה",1,LEAK,diverse_positive,meeting_note,hard,div_pos_33
"לתיעוד פנימי: במסמך המצורף אין מידע אישי, רק סיכום משימות והחלטות.",0,NON_LEAK,diverse_negative,memo,hard,div_neg_34
מתוך הדוח: במצגת הופיעו שמות העובדים לצורך חלוקת משימות.,0,NON_LEAK,paired_hard_negative,report,hard,pair_7_neg
"נושא: בקשה
נא לשמור על סודיות: תוכנית ההשקה של גרסה 4.2 וקוד השם פרויקט דרור מצורפים.",1,LEAK,diverse_positive,email,hard,div_pos_41
סיכום פגישה - שם העובד ניר ביטון מופיע במצגת הפנימית ללא פרטים נוספים.,0,NON_LEAK,diverse_negative,meeting_note,hard,div_neg_49
HR-799503 | יש לעדכן את טבלת ההזמנות עם מזהה פנימי 8017620408.,0,NON_LEAK,paired_hard_negative,ticket,hard,pair_5_neg
"שולח: הקובץ מכיל שם משתמש, סיסמה וגישה לסביבת הייצור. תודה",1,LEAK,diverse_positive,chat,medium,div_pos_24
"שולח: בדוח שהגיע מרמב""ם מופיעים פרטי טיפול של ליאור מלכה.",1,LEAK,diverse_positive,chat,medium,div_pos_37
סיכום פגישה: בדוח הלקוח מופיע איש קשר בשם ניר ביטון.,0,NON_LEAK,paired_hard_negative,meeting_note,hard,pair_3_neg
HR-964930 | הסיסמה הזמנית לחשבון של נועה מזרחי היא Welcome2026! ויש להחליף אותה מיד.,1,LEAK,diverse_positive,ticket,hard,div_pos_13
"נושא: טיפול
המסמך מזכיר את סורוקה ואת טל אוחנה וכולל גם אבחנה של סוכרת",1,LEAK,paired_hard_positive,email,hard,pair_6_pos
מתוך הדוח: שם העובד קרן אמסלם מופיע במצגת הפנימית ללא פרטים נוספים.,0,NON_LEAK,diverse_negative,report,medium,div_neg_23
מתוך הדוח: בדוח שהגיע משיבא מופיעים פרטי טיפול של איתי פרץ.,1,LEAK,diverse_positive,report,hard,div_pos_6
עדכון: בדוח שהגיע משיבא מופיעים פרטי טיפול של עמית אלקיים.,1,LEAK,diverse_positive,chat,medium,div_pos_32
"REQ-386671 | הועבר סיכום על אילן שבתאי שעובד בשופרסל בתל אביב, כולל מספר הזהות 184211577",1,LEAK,paired_hard_positive,ticket,hard,pair_1_pos
"נושא: טיפול
בדוח משאבי האנוש מופיעים נתוני השכר של רון חדד עבור חודש מרץ",1,LEAK,diverse_positive,email,hard,div_pos_17
SR-215873 | לצורך זיהוי מול הספק הועבר מספר הזהות של עמית אלקיים: 853025349.,1,LEAK,diverse_positive,ticket,hard,div_pos_59
תזכורת: הועבר סיכום על ליאור מלכה שעובד בגוגל ישראל באשדוד.,0,NON_LEAK,paired_hard_negative,chat,hard,pair_1_neg
"מתוך הדוח - הפגישה עם אלון מלכה נקבעה ל25/2/2026 בתל אביב, ובמסמך צורף גם הטלפון 0528047924. תודה",1,LEAK,paired_hard_positive,report,hard,pair_2_pos
FIN-597664 | מספר הקריאה הוא SR-379585 ויש לעקוב אחריו מול אבטחת מידע.,0,NON_LEAK,diverse_negative,ticket,hard,div_neg_35
שולח: הפגישה עם מנהל מוצר תתקיים ביום ראשון באשדוד.,0,NON_LEAK,diverse_negative,chat,medium,div_neg_13
"נושא: מעקב
בדוח הלקוח מופיע איש קשר בשם הילה חדד. תודה",0,NON_LEAK,paired_hard_negative,email,hard,pair_3_neg
INC-813694 | הועבר סיכום על דנה דנינו שעובד בבנק הפועלים בירושלים. תודה,0,NON_LEAK,paired_hard_negative,ticket,hard,pair_1_neg
מתוך הדוח: מספר הקריאה הוא REQ-189868 ויש לעקוב אחריו מול אבטחת מידע.,0,NON_LEAK,diverse_negative,report,medium,div_neg_10
בדיקה: בדשבורד הציבורי מופיע סטטוס כללי של פרויקט מיזם תמר. תודה,0,NON_LEAK,diverse_negative,chat,medium,div_neg_40
"מתוך הדוח: הפגישה עם איתי פרץ נקבעה ל7/9/2026 ברעננה, ובמסמך צורף גם הטלפון 0538687890.",1,LEAK,paired_hard_positive,report,hard,pair_2_pos
מתוך הדוח: בדוח משאבי האנוש מופיעים נתוני השכר של דנה דנינו עבור חודש מרץ.,1,LEAK,diverse_positive,report,hard,div_pos_29
לתיעוד פנימי - מספר הקריאה הוא REQ-865525 ויש לעקוב אחריו מול שירות לקוחות.,0,NON_LEAK,diverse_negative,memo,hard,div_neg_0
"סיכום פגישה: הועבר דוח עם רשימת לקוחות אסטרטגיים, הצעות מחיר ותנאי התקשרות",1,LEAK,diverse_positive,meeting_note,medium,div_pos_44
מתוך הדוח - הפגישה עם דנה דנינו נקבעה ל23/3/2026 בתל אביב.,0,NON_LEAK,paired_hard_negative,report,hard,pair_2_neg
מתוך הדוח: במצגת הופיעו שמות העובדים לצורך חלוקת משימות.,0,NON_LEAK,paired_hard_negative,report,hard,pair_7_neg
"נושא - בקשה
במצגת הופיעו שמות העובדים לצורך חלוקת משימות. תודה",0,NON_LEAK,paired_hard_negative,email,hard,pair_7_neg
HR-114259 | הפגישה עם משה אוחנה נקבעה ל9/8/2026 בחיפה,0,NON_LEAK,paired_hard_negative,ticket,hard,pair_2_neg
"נושא - טיפול
הועבר דוח עם רשימת לקוחות אסטרטגיים, הצעות מחיר ותנאי התקשרות.",1,LEAK,diverse_positive,email,medium,div_pos_42
"נושא - עדכון
בדוח הלקוח מופיע איש קשר בשם קרן אמסלם יחד עם כתובת המייל keren.amsalem@org.co.il.",1,LEAK,paired_hard_positive,email,hard,pair_3_pos
FIN-128758 | בדוח הלקוח מופיע איש קשר בשם מאיה ביטון יחד עם כתובת המייל maya.biton@example.co.il. תודה,1,LEAK,paired_hard_positive,ticket,hard,pair_3_pos
"נושא - טיפול
שם העובד משה אוחנה מופיע במצגת הפנימית ללא פרטים נוספים תודה",0,NON_LEAK,diverse_negative,email,medium,div_neg_10
מתוך הדוח - המסמך מזכיר את איכילוב ואת קרן אמסלם בהקשר אדמיניסטרטיבי.,0,NON_LEAK,paired_hard_negative,report,hard,pair_6_neg
"נושא: עדכון
בנספח מופיעים פרטי החשבון של נועה מזרחי: בנק הפועלים, חשבון 4288677520.",1,LEAK,diverse_positive,email,medium,div_pos_56
"נושא: בקשה
במצגת הופיעו שמות העובדים לצד נתוני שכר ובונוסים.",1,LEAK,paired_hard_positive,email,hard,pair_7_pos
"SR-925925 | הפגישה עם סמנכ""לית כספים תתקיים ביום ראשון בירושלים",0,NON_LEAK,diverse_negative,ticket,hard,div_neg_18
"נושא: טיפול
הצוות דן בהשקת פלטפורמת ארז ביום 3/10/2026",0,NON_LEAK,paired_hard_negative,email,hard,pair_4_neg
"תזכורת: הועבר החזר בגובה 37,546 ש""ח לחשבון 1158925119 של ליאור מלכה.",1,LEAK,diverse_positive,chat,hard,div_pos_6
בדיקה: הצוות דן בהשקת פלטפורמת ארז ביום 26/7/2026.,0,NON_LEAK,paired_hard_negative,chat,hard,pair_4_neg
לתיעוד פנימי: המסמך מזכיר את סורוקה ואת עמית אלקיים בהקשר אדמיניסטרטיבי.,0,NON_LEAK,paired_hard_negative,memo,hard,pair_6_neg
לתיעוד פנימי: בדשבורד הציבורי מופיע סטטוס כללי של פרויקט פרויקט ברוש.,0,NON_LEAK,diverse_negative,memo,medium,div_neg_8
"SR-089273 | הקובץ מכיל שם משתמש, סיסמה וגישה לסביבת הייצור",1,LEAK,diverse_positive,ticket,hard,div_pos_8
"מתוך הדוח: הפגישה עם איתי פרץ נקבעה ל20/4/2026 בירושלים, ובמסמך צורף גם הטלפון 0551576495.",1,LEAK,paired_hard_positive,report,hard,pair_2_pos
"מתוך הדוח - בדוח מופיע רק שם החברה נייס ותאריך יעד 22/12/2026, ללא מידע אישי.",0,NON_LEAK,diverse_negative,report,medium,div_neg_12
"REQ-887869 | פרטי הקשר של דוד כהן: מייל david.cohen@company.co.il, טלפון 0533356940.",1,LEAK,diverse_positive,ticket,medium,div_pos_23
REQ-081954 | הצוות דן בהשקת מוצר הדס ביום 12/4/2026.,0,NON_LEAK,paired_hard_negative,ticket,hard,pair_4_neg
לתיעוד פנימי: במצגת הופיעו שמות העובדים לצורך חלוקת משימות. תודה,0,NON_LEAK,paired_hard_negative,memo,hard,pair_7_neg
לתיעוד פנימי: הפגישה עם מנהל פיתוח תתקיים ביום ראשון בחיפה,0,NON_LEAK,diverse_negative,memo,medium,div_neg_30
"עדכון: הועבר סיכום על טל אוחנה שעובד בנייס בראשון לציון, כולל מספר הזהות 852587877.",1,LEAK,paired_hard_positive,chat,hard,pair_1_pos
"סיכום פגישה: פרטי הקשר של עמית אלקיים: מייל amitelkayim@mailcom, טלפון 0596201145",1,LEAK,diverse_positive,meeting_note,hard,div_pos_33
"תזכורת: הועבר סיכום על טל אוחנה שעובד בAmdocs בחיפה, כולל מספר הזהות 688048298 תודה",1,LEAK,paired_hard_positive,chat,hard,pair_1_pos
מתוך הדוח: בדוח משאבי האנוש מופיעים נתוני השכר של שרון סעדה עבור חודש מרץ תודה,1,LEAK,diverse_positive,report,medium,div_pos_15
"FIN-843373 | המסמך מזכיר את רמב""ם ואת עדי שלום בהקשר אדמיניסטרטיבי",0,NON_LEAK,paired_hard_negative,ticket,hard,pair_6_neg
"לתיעוד פנימי: היעד הכספי לרבעון הוא 38,660 ש""ח ולא מדובר במידע על לקוח ספציפי.",0,NON_LEAK,diverse_negative,memo,hard,div_neg_46
FIN-486950 | הסיסמה הזמנית לחשבון של טל אוחנה היא Welcome2026! ויש להחליף אותה מיד,1,LEAK,diverse_positive,ticket,hard,div_pos_16
"מתוך הדוח - הועבר דוח עם רשימת לקוחות אסטרטגיים, הצעות מחיר ותנאי התקשרות.",1,LEAK,diverse_positive,report,hard,div_pos_34
"לתיעוד פנימי: הקובץ מכיל שם משתמש, סיסמה וגישה לסביבת הייצור.",1,LEAK,diverse_positive,memo,medium,div_pos_31
HR-710707 | הועבר סיכום על דוד כהן שעובד בבנק הפועלים בתל אביב,0,NON_LEAK,paired_hard_negative,ticket,hard,pair_1_neg
בדיקה: במצגת הופיעו שמות העובדים לצד נתוני שכר ובונוסים.,1,LEAK,paired_hard_positive,chat,hard,pair_7_pos
לתיעוד פנימי: המסמך מזכיר את איכילוב ואת רון חדד וכולל גם אבחנה של סוכרת,1,LEAK,paired_hard_positive,memo,hard,pair_6_pos
לתיעוד פנימי: יש לעדכן את טבלת ההזמנות עם מזהה פנימי 0712303991.,0,NON_LEAK,paired_hard_negative,memo,hard,pair_5_neg
"FIN-407411 | הקובץ מכיל שם משתמש, סיסמה וגישה לסביבת הייצור",1,LEAK,diverse_positive,ticket,medium,div_pos_45
"מתוך הדוח: הלקוח ביקש עדכון על הפרויקט, אבל לא נשלחו פרטי קשר או מזהים.",0,NON_LEAK,diverse_negative,report,medium,div_neg_16
"FIN-159111 | הפגישה עם עדי שלום נקבעה ל11/4/2026 בירושלים, ובמסמך צורף גם הטלפון 0518226308.",1,LEAK,paired_hard_positive,ticket,hard,pair_2_pos
סיכום פגישה: הסיסמה הזמנית לחשבון של מאיה ביטון היא Welcome2026! ויש להחליף אותה מיד.,1,LEAK,diverse_positive,meeting_note,medium,div_pos_8
לתיעוד פנימי - יש לעדכן את טבלת ההזמנות עם חשבון הבנק 4013786333 של ליאור מלכה.,1,LEAK,paired_hard_positive,memo,hard,pair_5_pos
לתיעוד פנימי: בדוח הלקוח מופיע איש קשר בשם עדי שלום יחד עם כתובת המייל adi.shalom@company.co.il.,1,LEAK,paired_hard_positive,memo,hard,pair_3_pos
"FIN-076735 | הפגישה עם ליאור מלכה נקבעה ל21/1/2026 בפתח תקווה, ובמסמך צורף גם הטלפון 0525651410.",1,LEAK,paired_hard_positive,ticket,hard,pair_2_pos
"REQ-510729 | הועבר החזר בגובה 7,381 ש""ח לחשבון 3819501093 של שרון סעדה.",1,LEAK,diverse_positive,ticket,hard,div_pos_6
לתיעוד פנימי: במצגת הופיעו שמות העובדים לצד נתוני שכר ובונוסים. תודה,1,LEAK,paired_hard_positive,memo,hard,pair_7_pos
מתוך הדוח: בדוח משאבי האנוש מופיעים נתוני השכר של ליאור מלכה עבור חודש מרץ.,1,LEAK,diverse_positive,report,medium,div_pos_17
"נושא: עדכון
הקובץ מכיל שם משתמש, סיסמה וגישה לסביבת הייצור.",1,LEAK,diverse_positive,email,hard,div_pos_32
בדיקה - הפגישה עם מנהל פיתוח תתקיים ביום ראשון במודיעין.,0,NON_LEAK,diverse_negative,chat,hard,div_neg_37
שולח: הפגישה עם מיכל כהן נקבעה ל27/2/2026 ברעננה.,0,NON_LEAK,paired_hard_negative,chat,hard,pair_2_neg
בדיקה: המסמך מזכיר את שיבא ואת דנה דנינו וכולל גם אבחנה של אסתמה.,1,LEAK,paired_hard_positive,chat,hard,pair_6_pos
"FIN-079011 | היעד הכספי לרבעון הוא 7,629 ש""ח ולא מדובר במידע על לקוח ספציפי.",0,NON_LEAK,diverse_negative,ticket,hard,div_neg_12
"מתוך הדוח: הועבר סיכום על יואב לוי שעובד בקופת חולים כללית בבאר שבע, כולל מספר הזהות 728136888",1,LEAK,paired_hard_positive,report,hard,pair_1_pos
סיכום פגישה: יש לעדכן את טבלת ההזמנות עם מזהה פנימי 0873072785,0,NON_LEAK,paired_hard_negative,meeting_note,hard,pair_5_neg
סיכום פגישה: במצגת הופיעו שמות העובדים לצד נתוני שכר ובונוסים.,1,LEAK,paired_hard_positive,meeting_note,hard,pair_7_pos
"נושא: עדכון
לצורך זיהוי מול הספק הועבר מספר הזהות של קרן אמסלם: 297886635",1,LEAK,diverse_positive,email,medium,div_pos_55
עדכון: הצוות דן בהשקת מוצר הדס ביום 9/8/2026,0,NON_LEAK,paired_hard_negative,chat,hard,pair_4_neg
בדיקה: הועבר סיכום על מאיה ביטון שעובד בנייס בנתניה.,0,NON_LEAK,paired_hard_negative,chat,hard,pair_1_neg
"נושא: טיפול
הסיסמה הזמנית לחשבון של מיכל כהן היא Welcome2026! ויש להחליף אותה מיד",1,LEAK,diverse_positive,email,medium,div_pos_50
לתיעוד פנימי: המערכת החדשה תושק ב15/12/2026 לפי הודעה רשמית שפורסמה לכלל העובדים.,0,NON_LEAK,diverse_negative,memo,hard,div_neg_25
"שולח: המסמך מזכיר את רמב""ם ואת אלון מלכה בהקשר אדמיניסטרטיבי תודה",0,NON_LEAK,paired_hard_negative,chat,hard,pair_6_neg
מתוך הדוח - בדוח שהגיע מאיכילוב מופיעים פרטי טיפול של טל אוחנה. תודה,1,LEAK,diverse_positive,report,hard,div_pos_13
תזכורת: מספר הקריאה הוא REQ-713032 ויש לעקוב אחריו מול מכירות. תודה,0,NON_LEAK,diverse_negative,chat,medium,div_neg_27
HR-296556 | יש לעדכן את טבלת ההזמנות עם מזהה פנימי 5677476889.,0,NON_LEAK,paired_hard_negative,ticket,hard,pair_5_neg
"SR-306491 | הועבר דוח עם רשימת לקוחות אסטרטגיים, הצעות מחיר ותנאי התקשרות.",1,LEAK,diverse_positive,ticket,hard,div_pos_58
לתיעוד פנימי: יש לעדכן את טבלת ההזמנות עם חשבון הבנק 2267463806 של שירה אברהם,1,LEAK,paired_hard_positive,memo,hard,pair_5_pos
"נושא: מעקב
במצגת הופיעו שמות העובדים לצורך חלוקת משימות.",0,NON_LEAK,paired_hard_negative,email,hard,pair_7_neg
"שולח: הועבר סיכום על שירה אברהם שעובד בבזק בחיפה, כולל מספר הזהות 311854570.",1,LEAK,paired_hard_positive,chat,hard,pair_1_pos
לתיעוד פנימי: בדוח משאבי האנוש מופיעים נתוני השכר של משה אוחנה עבור חודש מרץ.,1,LEAK,diverse_positive,memo,medium,div_pos_16
"נושא - בקשה
הועבר החזר בגובה 41,406 ש""ח לחשבון 8250193786 של קרן אמסלם",1,LEAK,diverse_positive,email,hard,div_pos_4
מתוך הדוח - הצוות עבר לשלב בדיקות אינטגרציה ונדרש לעדכן סטטוס עד סוף היום.,0,NON_LEAK,diverse_negative,report,medium,div_neg_51
סיכום פגישה: נא לשמור על סודיות: תוכנית ההשקה של מוצר הדס וקוד השם פרויקט ברוש מצורפים.,1,LEAK,diverse_positive,meeting_note,medium,div_pos_10
"מתוך הדוח: במסמך המצורף אין מידע אישי, רק סיכום משימות והחלטות.",0,NON_LEAK,diverse_negative,report,hard,div_neg_31
"לתיעוד פנימי: הועבר החזר בגובה 1,828 ש""ח לחשבון 9482707527 של יעל לוי.",1,LEAK,diverse_positive,memo,medium,div_pos_18
מתוך הדוח: במצגת הופיעו שמות העובדים לצורך חלוקת משימות.,0,NON_LEAK,paired_hard_negative,report,hard,pair_7_neg
"נושא: עדכון
בדוח מופיע רק שם החברה נייס ותאריך יעד 16/6/2026, ללא מידע אישי.",0,NON_LEAK,diverse_negative,email,hard,div_neg_48
"לתיעוד פנימי: היעד הכספי לרבעון הוא 29,694 ש""ח ולא מדובר במידע על לקוח ספציפי.",0,NON_LEAK,diverse_negative,memo,medium,div_neg_51
"נושא: בקשה
הצוות עבר לשלב בדיקות אינטגרציה ונדרש לעדכן סטטוס עד סוף היום",0,NON_LEAK,diverse_negative,email,hard,div_neg_45
מתוך הדוח: הצוות עבר לשלב בדיקות אינטגרציה ונדרש לעדכן סטטוס עד סוף היום.,0,NON_LEAK,diverse_negative,report,medium,div_neg_5
"לתיעוד פנימי: היעד הכספי לרבעון הוא 26,689 ש""ח ולא מדובר במידע על לקוח ספציפי.",0,NON_LEAK,diverse_negative,memo,medium,div_neg_54
שולח: הצוות עבר לשלב בדיקות אינטגרציה ונדרש לעדכן סטטוס עד סוף היום.,0,NON_LEAK,diverse_negative,chat,hard,div_neg_58
"FIN-417186 | הפגישה עם שרון סעדה נקבעה ל7/5/2026 במודיעין, ובמסמך צורף גם הטלפון 0589167338.",1,LEAK,paired_hard_positive,ticket,hard,pair_2_pos
"נושא - בקשה
המסמך מזכיר את איכילוב ואת אורן אברהם וכולל גם אבחנה של חרדה.",1,LEAK,paired_hard_positive,email,hard,pair_6_pos
"נושא: מעקב
המסמך מזכיר את רמב""ם ואת עדי שלום וכולל גם אבחנה של סוכרת. תודה",1,LEAK,paired_hard_positive,email,hard,pair_6_pos
"סיכום פגישה: הועבר סיכום על אורן אברהם שעובד בגוגל ישראל באשדוד, כולל מספר הזהות 551922808.",1,LEAK,paired_hard_positive,meeting_note,hard,pair_1_pos
"שולח: הקובץ מכיל שם משתמש, סיסמה וגישה לסביבת הייצור.",1,LEAK,diverse_positive,chat,hard,div_pos_55
מתוך הדוח - מספר הקריאה הוא FIN-492387 ויש לעקוב אחריו מול כספים.,0,NON_LEAK,diverse_negative,report,hard,div_neg_46
"HR-600727 | בדוח מופיע רק שם החברה מיקרוסופט ותאריך יעד 19/7/2026, ללא מידע אישי.",0,NON_LEAK,diverse_negative,ticket,medium,div_neg_28
"בדיקה: במסמך המצורף אין מידע אישי, רק סיכום משימות והחלטות.",0,NON_LEAK,diverse_negative,chat,hard,div_neg_18
מתוך הדוח - בדוח הלקוח מופיע איש קשר בשם רונית פרץ יחד עם כתובת המייל ronit.peretz@gmail.com. תודה,1,LEAK,paired_hard_positive,report,hard,pair_3_pos
"לתיעוד פנימי - פרטי הקשר של משה אוחנה - מייל moshe.ohana@org.co.il, טלפון 0594243249. תודה",1,LEAK,diverse_positive,memo,hard,div_pos_42
מתוך הדוח: הצוות עבר לשלב בדיקות אינטגרציה ונדרש לעדכן סטטוס עד סוף היום. תודה,0,NON_LEAK,diverse_negative,report,hard,div_neg_39
לתיעוד פנימי: יש לעדכן את טבלת ההזמנות עם חשבון הבנק 5625969923 של מיכל כהן תודה,1,LEAK,paired_hard_positive,memo,hard,pair_5_pos
לתיעוד פנימי: המסמך מזכיר את סורוקה ואת אילן שבתאי בהקשר אדמיניסטרטיבי.,0,NON_LEAK,paired_hard_negative,memo,hard,pair_6_neg
"עדכון: הועבר החזר בגובה 21,757 ש""ח לחשבון 4381318752 של נועה מזרחי. תודה",1,LEAK,diverse_positive,chat,medium,div_pos_52
לתיעוד פנימי: הועבר סיכום על שרון סעדה שעובד באלביט בבאר שבע.,0,NON_LEAK,paired_hard_negative,memo,hard,pair_1_neg
"נושא: עדכון
הסיסמה הזמנית לחשבון של ניר ביטון היא Welcome2026! ויש להחליף אותה מיד",1,LEAK,diverse_positive,email,hard,div_pos_28
מתוך הדוח: במצגת הופיעו שמות העובדים לצורך חלוקת משימות,0,NON_LEAK,paired_hard_negative,report,hard,pair_7_neg
סיכום פגישה: לצורך זיהוי מול הספק הועבר מספר הזהות של הילה חדד: 914897779.,1,LEAK,diverse_positive,meeting_note,hard,div_pos_6
"HR-012738 | הועבר סיכום על יעל לוי שעובד באלביט בבאר שבע, כולל מספר הזהות 703985925. תודה",1,LEAK,paired_hard_positive,ticket,hard,pair_1_pos
"נושא: עדכון
במצגת הופיעו שמות העובדים לצורך חלוקת משימות.",0,NON_LEAK,paired_hard_negative,email,hard,pair_7_neg
סיכום פגישה: בדשבורד הציבורי מופיע סטטוס כללי של פרויקט פרויקט ברוש.,0,NON_LEAK,diverse_negative,meeting_note,hard,div_neg_39
עדכון: הפגישה עם ראש צוות תתקיים ביום ראשון בנתניה.,0,NON_LEAK,diverse_negative,chat,hard,div_neg_29
"תזכורת: הועבר סיכום על שרון סעדה שעובד בבזק בתל אביב, כולל מספר הזהות 612669935.",1,LEAK,paired_hard_positive,chat,hard,pair_1_pos
"תזכורת: הפגישה עם סמנכ""לית כספים תתקיים ביום ראשון בחיפה",0,NON_LEAK,diverse_negative,chat,hard,div_neg_15
שולח: במצגת הופיעו שמות העובדים לצד נתוני שכר ובונוסים.,1,LEAK,paired_hard_positive,chat,hard,pair_7_pos
SR-268046 | יש לעדכן את טבלת ההזמנות עם מזהה פנימי 1291017602. תודה,0,NON_LEAK,paired_hard_negative,ticket,hard,pair_5_neg
מתוך הדוח - הצוות דן בהשקת גרסה 4.2 ביום 5/11/2026.,0,NON_LEAK,paired_hard_negative,report,hard,pair_4_neg
בדיקה: מספר הקריאה הוא INC-265737 ויש לעקוב אחריו מול רכש,0,NON_LEAK,diverse_negative,chat,medium,div_neg_16
"תזכורת: הקובץ מכיל שם משתמש, סיסמה וגישה לסביבת הייצור.",1,LEAK,diverse_positive,chat,medium,div_pos_41
"נושא: מעקב
הועבר החזר בגובה 29,855 ש""ח לחשבון 8242959400 של מאיה ביטון.",1,LEAK,diverse_positive,email,medium,div_pos_33
לתיעוד פנימי: יש לעדכן את טבלת ההזמנות עם חשבון הבנק 4120553349 של אילן שבתאי.,1,LEAK,paired_hard_positive,memo,hard,pair_5_pos
"לתיעוד פנימי: היעד הכספי לרבעון הוא 5,002 ש""ח ולא מדובר במידע על לקוח ספציפי.",0,NON_LEAK,diverse_negative,memo,medium,div_neg_3
מתוך הדוח - בדשבורד הציבורי מופיע סטטוס כללי של פרויקט מבצע שקמה.,0,NON_LEAK,diverse_negative,report,medium,div_neg_51
מתוך הדוח - במצגת הופיעו שמות העובדים לצד נתוני שכר ובונוסים.,1,LEAK,paired_hard_positive,report,hard,pair_7_pos
"נושא: מעקב
בדוח שהגיע מאסותא מופיעים פרטי טיפול של מאיה ביטון.",1,LEAK,diverse_positive,email,hard,div_pos_13
בדיקה: הצוות עבר לשלב בדיקות אינטגרציה ונדרש לעדכן סטטוס עד סוף היום.,0,NON_LEAK,diverse_negative,chat,medium,div_neg_56
מתוך הדוח - המסמך מזכיר את סורוקה ואת מאיה ביטון וכולל גם אבחנה של אסתמה.,1,LEAK,paired_hard_positive,report,hard,pair_6_pos
"נושא: בקשה
בנספח מופיעים פרטי החשבון של משה אוחנה: בנק לאומי, חשבון 3048022918.",1,LEAK,diverse_positive,email,medium,div_pos_39
"INC-720044 | הפגישה עם אילן שבתאי נקבעה ל11/11/2026 באשדוד, ובמסמך צורף גם הטלפון 0593913939.",1,LEAK,paired_hard_positive,ticket,hard,pair_2_pos
"סיכום פגישה: פרטי הקשר של משה אוחנה: מייל mosheohana@outlookcom, טלפון 0535597369",1,LEAK,diverse_positive,meeting_note,medium,div_pos_25
לתיעוד פנימי - בדוח הלקוח מופיע איש קשר בשם עדי שלום יחד עם כתובת המייל adishalom@outlookcom,1,LEAK,paired_hard_positive,memo,hard,pair_3_pos
"נושא: מעקב
יש לעדכן את טבלת ההזמנות עם מזהה פנימי 4924459628.",0,NON_LEAK,paired_hard_negative,email,hard,pair_5_neg
סיכום פגישה: במצגת הופיעו שמות העובדים לצד נתוני שכר ובונוסים.,1,LEAK,paired_hard_positive,meeting_note,hard,pair_7_pos
"סיכום פגישה: הועבר החזר בגובה 26,037 ש""ח לחשבון 0243545154 של שרון סעדה. תודה",1,LEAK,diverse_positive,meeting_note,medium,div_pos_35
שולח: הצוות דן בהשקת פלטפורמת ארז ביום 15/12/2026. תודה,0,NON_LEAK,paired_hard_negative,chat,hard,pair_4_neg
FIN-884249 | יש לעדכן את טבלת ההזמנות עם חשבון הבנק 0110681022 של דוד כהן.,1,LEAK,paired_hard_positive,ticket,hard,pair_5_pos
SR-552545 | המסמך מזכיר את איכילוב ואת קרן אמסלם בהקשר אדמיניסטרטיבי. תודה,0,NON_LEAK,paired_hard_negative,ticket,hard,pair_6_neg
"עדכון: הפגישה עם הילה חדד נקבעה ל28/12/2026 בנתניה, ובמסמך צורף גם הטלפון 0572185194. תודה",1,LEAK,paired_hard_positive,chat,hard,pair_2_pos
"נושא: טיפול
הלקוח ביקש עדכון על הפרויקט, אבל לא נשלחו פרטי קשר או מזהים.",0,NON_LEAK,diverse_negative,email,medium,div_neg_6
סיכום פגישה: המסמך מזכיר את שיבא ואת דוד כהן בהקשר אדמיניסטרטיבי.,0,NON_LEAK,paired_hard_negative,meeting_note,hard,pair_6_neg
מתוך הדוח: הפגישה עם אילן שבתאי נקבעה ל1/6/2026 בפתח תקווה תודה,0,NON_LEAK,paired_hard_negative,report,hard,pair_2_neg
לתיעוד פנימי: הפגישה עם ראש צוות תתקיים ביום ראשון באשדוד. תודה,0,NON_LEAK,diverse_negative,memo,medium,div_neg_32
SR-827124 | במצגת הופיעו שמות העובדים לצורך חלוקת משימות,0,NON_LEAK,paired_hard_negative,ticket,hard,pair_7_neg
"נושא: מעקב
בדוח הלקוח מופיע איש קשר בשם איתי פרץ.",0,NON_LEAK,paired_hard_negative,email,hard,pair_3_neg
"לתיעוד פנימי: בדוח מופיע רק שם החברה בזק ותאריך יעד 25/1/2026, ללא מידע אישי.",0,NON_LEAK,diverse_negative,memo,medium,div_neg_27
"נושא: מעקב
הצוות דן בהשקת מוצר אופק ביום 24/4/2026 במסמך מסווג פנימי שלא נועד להפצה.",1,LEAK,paired_hard_positive,email,hard,pair_4_pos
לתיעוד פנימי: במצגת הופיעו שמות העובדים לצד נתוני שכר ובונוסים. תודה,1,LEAK,paired_hard_positive,memo,hard,pair_7_pos
HR-318021 | יש לעדכן את טבלת ההזמנות עם מזהה פנימי 7915433430 תודה,0,NON_LEAK,paired_hard_negative,ticket,hard,pair_5_neg
עדכון: בדוח משאבי האנוש מופיעים נתוני השכר של מיכל כהן עבור חודש מרץ.,1,LEAK,diverse_positive,chat,hard,div_pos_32
"REQ-164226 | בדוח מופיע רק שם החברה מכבי שירותי בריאות ותאריך יעד 19/7/2026, ללא מידע אישי",0,NON_LEAK,diverse_negative,ticket,hard,div_neg_11
"נושא: טיפול
הצוות דן בהשקת מערכת קשת ביום 23/8/2026. תודה",0,NON_LEAK,paired_hard_negative,email,hard,pair_4_neg
מתוך הדוח: בדוח שהגיע מאיכילוב מופיעים פרטי טיפול של מאיה ביטון.,1,LEAK,diverse_positive,report,medium,div_pos_0
"לתיעוד פנימי: הועבר החזר בגובה 14,514 ש""ח לחשבון 7713735487 של יואב לוי.",1,LEAK,diverse_positive,memo,hard,div_pos_27
"INC-041304 | הפגישה עם שרון סעדה נקבעה ל6/12/2026 בנתניה, ובמסמך צורף גם הטלפון 0520597360.",1,LEAK,paired_hard_positive,ticket,hard,pair_2_pos
לתיעוד פנימי: יש לעדכן את טבלת ההזמנות עם חשבון הבנק 7654766518 של עדי שלום. תודה,1,LEAK,paired_hard_positive,memo,hard,pair_5_pos
"תזכורת: הלקוח ביקש עדכון על הפרויקט, אבל לא נשלחו פרטי קשר או מזהים.",0,NON_LEAK,diverse_negative,chat,hard,div_neg_1
עדכון: בדוח שהגיע משיבא מופיעים פרטי טיפול של איתי פרץ.,1,LEAK,diverse_positive,chat,hard,div_pos_14
לתיעוד פנימי: הצוות דן בהשקת מוצר אופק ביום 10/6/2026 במסמך מסווג פנימי שלא נועד להפצה.,1,LEAK,paired_hard_positive,memo,hard,pair_4_pos
"מתוך הדוח: הפגישה עם יעל לוי נקבעה ל27/3/2026 באשדוד, ובמסמך צורף גם הטלפון 0526738454 תודה",1,LEAK,paired_hard_positive,report,hard,pair_2_pos
לתיעוד פנימי: בדשבורד הציבורי מופיע סטטוס כללי של פרויקט פרויקט ברוש.,0,NON_LEAK,diverse_negative,memo,hard,div_neg_44
לתיעוד פנימי - במצגת הופיעו שמות העובדים לצורך חלוקת משימות,0,NON_LEAK,paired_hard_negative,memo,hard,pair_7_neg
לתיעוד פנימי: הועבר סיכום על שירה אברהם שעובד בצ'ק פוינט בחיפה,0,NON_LEAK,paired_hard_negative,memo,hard,pair_1_neg
"לתיעוד פנימי: בדוח מופיע רק שם החברה גוגל ישראל ותאריך יעד 17/11/2026, ללא מידע אישי.",0,NON_LEAK,diverse_negative,memo,hard,div_neg_35
"מתוך הדוח: בנספח מופיעים פרטי החשבון של דנה דנינו: בנק לאומי, חשבון 1110089230.",1,LEAK,diverse_positive,report,hard,div_pos_26
לתיעוד פנימי: לצורך זיהוי מול הספק הועבר מספר הזהות של מיכל כהן: 557998086.,1,LEAK,diverse_positive,memo,medium,div_pos_20
שולח: בדוח שהגיע מאיכילוב מופיעים פרטי טיפול של ליאור מלכה.,1,LEAK,diverse_positive,chat,hard,div_pos_50
REQ-598598 | בדוח הלקוח מופיע איש קשר בשם יואב לוי.,0,NON_LEAK,paired_hard_negative,ticket,hard,pair_3_neg
FIN-387239 | בדוח הלקוח מופיע איש קשר בשם רונית פרץ יחד עם כתובת המייל ronit.peretz@outlook.com.,1,LEAK,paired_hard_positive,ticket,hard,pair_3_pos
SR-543927 | בדוח הלקוח מופיע איש קשר בשם נועה מזרחי.,0,NON_LEAK,paired_hard_negative,ticket,hard,pair_3_neg
לתיעוד פנימי: המסמך מזכיר את סורוקה ואת מיכל כהן בהקשר אדמיניסטרטיבי. תודה,0,NON_LEAK,paired_hard_negative,memo,hard,pair_6_neg
לתיעוד פנימי: בדשבורד הציבורי מופיע סטטוס כללי של פרויקט מבצע שקמה,0,NON_LEAK,diverse_negative,memo,hard,div_neg_11
לתיעוד פנימי - המסמך מזכיר את איכילוב ואת עדי שלום בהקשר אדמיניסטרטיבי,0,NON_LEAK,paired_hard_negative,memo,hard,pair_6_neg
בדיקה: הפגישה עם עמית אלקיים נקבעה ל7/10/2026 בבאר שבע. תודה,0,NON_LEAK,paired_hard_negative,chat,hard,pair_2_neg
לתיעוד פנימי: הפגישה עם אורן אברהם נקבעה ל28/6/2026 בירושלים תודה,0,NON_LEAK,paired_hard_negative,memo,hard,pair_2_neg
מתוך הדוח - לצורך זיהוי מול הספק הועבר מספר הזהות של נועה מזרחי - 678376768.,1,LEAK,diverse_positive,report,medium,div_pos_13
לתיעוד פנימי: יש לעדכן את טבלת ההזמנות עם חשבון הבנק 3613328561 של מיכל כהן.,1,LEAK,paired_hard_positive,memo,hard,pair_5_pos
"עדכון: היעד הכספי לרבעון הוא 8,369 ש""ח ולא מדובר במידע על לקוח ספציפי.",0,NON_LEAK,diverse_negative,chat,hard,div_neg_6
"סיכום פגישה: הפגישה עם אילן שבתאי נקבעה ל14/3/2026 בירושלים, ובמסמך צורף גם הטלפון 0567171306.",1,LEAK,paired_hard_positive,meeting_note,hard,pair_2_pos
"SR-458042 | המסמך מזכיר את רמב""ם ואת עמית אלקיים וכולל גם אבחנה של סוכרת.",1,LEAK,paired_hard_positive,ticket,hard,pair_6_pos
לתיעוד פנימי: יש לעדכן את טבלת ההזמנות עם חשבון הבנק 3927629685 של הילה חדד.,1,LEAK,paired_hard_positive,memo,hard,pair_5_pos
מתוך הדוח: יש לעדכן את טבלת ההזמנות עם מזהה פנימי 1312258216,0,NON_LEAK,paired_hard_negative,report,hard,pair_5_neg
"סיכום פגישה: הועבר החזר בגובה 7,442 ש""ח לחשבון 3666037691 של אילן שבתאי.",1,LEAK,diverse_positive,meeting_note,hard,div_pos_3
לתיעוד פנימי - המערכת החדשה תושק ב25/11/2026 לפי הודעה רשמית שפורסמה לכלל העובדים תודה,0,NON_LEAK,diverse_negative,memo,medium,div_neg_23
סיכום פגישה - שם העובד אילן שבתאי מופיע במצגת הפנימית ללא פרטים נוספים.,0,NON_LEAK,diverse_negative,meeting_note,hard,div_neg_6
לתיעוד פנימי - נא לשמור על סודיות - תוכנית ההשקה של פלטפורמת ארז וקוד השם תוכנית רימון מצורפים.,1,LEAK,diverse_positive,memo,hard,div_pos_5
עדכון: נא לשמור על סודיות: תוכנית ההשקה של פלטפורמת ארז וקוד השם פרויקט ברוש מצורפים,1,LEAK,diverse_positive,chat,medium,div_pos_30
"נושא: טיפול
הועבר סיכום על הילה חדד שעובד באלביט בירושלים.",0,NON_LEAK,paired_hard_negative,email,hard,pair_1_neg
מתוך הדוח - יש לעדכן את טבלת ההזמנות עם חשבון הבנק 1993764691 של עמית אלקיים.,1,LEAK,paired_hard_positive,report,hard,pair_5_pos
INC-561928 | במצגת הופיעו שמות העובדים לצד נתוני שכר ובונוסים.,1,LEAK,paired_hard_positive,ticket,hard,pair_7_pos
"נושא - בקשה
המערכת החדשה תושק ב13/8/2026 לפי הודעה רשמית שפורסמה לכלל העובדים",0,NON_LEAK,diverse_negative,email,medium,div_neg_21
REQ-299569 | הצוות דן בהשקת מודול ברק ביום 28/4/2026 במסמך מסווג פנימי שלא נועד להפצה,1,LEAK,paired_hard_positive,ticket,hard,pair_4_pos
"נושא: מעקב
נא לשמור על סודיות: תוכנית ההשקה של פרויקט נוגה וקוד השם תוכנית רימון מצורפים.",1,LEAK,diverse_positive,email,hard,div_pos_59
לתיעוד פנימי: הצוות עבר לשלב בדיקות אינטגרציה ונדרש לעדכן סטטוס עד סוף היום תודה,0,NON_LEAK,diverse_negative,memo,medium,div_neg_31
"לתיעוד פנימי: במסמך המצורף אין מידע אישי, רק סיכום משימות והחלטות.",0,NON_LEAK,diverse_negative,memo,hard,div_neg_36
"נושא: בקשה
בדוח הלקוח מופיע איש קשר בשם ניר ביטון יחד עם כתובת המייל nir.biton@outlook.com.",1,LEAK,paired_hard_positive,email,hard,pair_3_pos
SR-209738 | בדוח הלקוח מופיע איש קשר בשם עמית אלקיים.,0,NON_LEAK,paired_hard_negative,ticket,hard,pair_3_neg
SR-994138 | במצגת הופיעו שמות העובדים לצד נתוני שכר ובונוסים.,1,LEAK,paired_hard_positive,ticket,hard,pair_7_pos
"נושא: בקשה
הסיסמה הזמנית לחשבון של טל אוחנה היא Welcome2026! ויש להחליף אותה מיד.",1,LEAK,diverse_positive,email,medium,div_pos_41
עדכון: המערכת החדשה תושק ב7/5/2026 לפי הודעה רשמית שפורסמה לכלל העובדים.,0,NON_LEAK,diverse_negative,chat,hard,div_neg_59
"לתיעוד פנימי - הועבר החזר בגובה 39,823 ש""ח לחשבון 9630459276 של יואב לוי.",1,LEAK,diverse_positive,memo,hard,div_pos_21
"סיכום פגישה - הפגישה עם יואב לוי נקבעה ל26/4/2026 בתל אביב, ובמסמך צורף גם הטלפון 0581106258. תודה",1,LEAK,paired_hard_positive,meeting_note,hard,pair_2_pos
מתוך הדוח: לצורך זיהוי מול הספק הועבר מספר הזהות של רונית פרץ: 443759440,1,LEAK,diverse_positive,report,medium,div_pos_45
INC-588595 | הסיסמה הזמנית לחשבון של שירה אברהם היא Welcome2026! ויש להחליף אותה מיד. תודה,1,LEAK,diverse_positive,ticket,medium,div_pos_12
עדכון: המסמך מזכיר את איכילוב ואת מאיה ביטון וכולל גם אבחנה של לחץ דם גבוה.,1,LEAK,paired_hard_positive,chat,hard,pair_6_pos
"נושא: בקשה
המסמך מזכיר את אסותא ואת ניר ביטון וכולל גם אבחנה של סוכרת. תודה",1,LEAK,paired_hard_positive,email,hard,pair_6_pos
HR-612204 | הצוות עבר לשלב בדיקות אינטגרציה ונדרש לעדכן סטטוס עד סוף היום.,0,NON_LEAK,diverse_negative,ticket,medium,div_neg_8
"נושא: בקשה
בדשבורד הציבורי מופיע סטטוס כללי של פרויקט תוכנית רימון.",0,NON_LEAK,diverse_negative,email,medium,div_neg_50
"שולח: הקובץ מכיל שם משתמש, סיסמה וגישה לסביבת הייצור.",1,LEAK,diverse_positive,chat,medium,div_pos_14
סיכום פגישה - מספר הקריאה הוא HR-597411 ויש לעקוב אחריו מול רכש.,0,NON_LEAK,diverse_negative,meeting_note,hard,div_neg_0
מתוך הדוח: נא לשמור על סודיות: תוכנית ההשקה של גרסה 4.2 וקוד השם פרויקט ברוש מצורפים.,1,LEAK,diverse_positive,report,medium,div_pos_57
REQ-913285 | המסמך מזכיר את סורוקה ואת מיכל כהן וכולל גם אבחנה של דלקת ריאות.,1,LEAK,paired_hard_positive,ticket,hard,pair_6_pos
מתוך הדוח: המסמך מזכיר את איכילוב ואת איתי פרץ וכולל גם אבחנה של דלקת ריאות,1,LEAK,paired_hard_positive,report,hard,pair_6_pos
REQ-135108 | יש לעדכן את טבלת ההזמנות עם מזהה פנימי 6177139524.,0,NON_LEAK,paired_hard_negative,ticket,hard,pair_5_neg
עדכון: שם העובד אלון מלכה מופיע במצגת הפנימית ללא פרטים נוספים.,0,NON_LEAK,diverse_negative,chat,hard,div_neg_11
סיכום פגישה: הצוות דן בהשקת מודול ברק ביום 9/10/2026 במסמך מסווג פנימי שלא נועד להפצה.,1,LEAK,paired_hard_positive,meeting_note,hard,pair_4_pos
מתוך הדוח: בדוח משאבי האנוש מופיעים נתוני השכר של רונית פרץ עבור חודש מרץ.,1,LEAK,diverse_positive,report,hard,div_pos_16
מתוך הדוח: במצגת הופיעו שמות העובדים לצד נתוני שכר ובונוסים.,1,LEAK,paired_hard_positive,report,hard,pair_7_pos
"נושא: בקשה
הועבר סיכום על מיכל כהן שעובד בבנק הפועלים בירושלים.",0,NON_LEAK,paired_hard_negative,email,hard,pair_1_neg
"מתוך הדוח: בדוח מופיע רק שם החברה מכבי שירותי בריאות ותאריך יעד 11/5/2026, ללא מידע אישי",0,NON_LEAK,diverse_negative,report,hard,div_neg_55
סיכום פגישה: בדוח משאבי האנוש מופיעים נתוני השכר של שרון סעדה עבור חודש מרץ.,1,LEAK,diverse_positive,meeting_note,medium,div_pos_44
"סיכום פגישה: בנספח מופיעים פרטי החשבון של אורן אברהם: בנק לאומי, חשבון 6459289713",1,LEAK,diverse_positive,meeting_note,medium,div_pos_40
HR-127026 | בדוח משאבי האנוש מופיעים נתוני השכר של שרון סעדה עבור חודש מרץ.,1,LEAK,diverse_positive,ticket,medium,div_pos_7
לתיעוד פנימי: במצגת הופיעו שמות העובדים לצד נתוני שכר ובונוסים.,1,LEAK,paired_hard_positive,memo,hard,pair_7_pos
"נושא: בקשה
הלקוח ביקש עדכון על הפרויקט, אבל לא נשלחו פרטי קשר או מזהים.",0,NON_LEAK,diverse_negative,email,hard,div_neg_17
מתוך הדוח: שם העובד נועה מזרחי מופיע במצגת הפנימית ללא פרטים נוספים,0,NON_LEAK,diverse_negative,report,medium,div_neg_33
"לתיעוד פנימי: בדוח מופיע רק שם החברה נייס ותאריך יעד 2/1/2026, ללא מידע אישי.",0,NON_LEAK,diverse_negative,memo,medium,div_neg_2
"נושא: טיפול
בדוח הלקוח מופיע איש קשר בשם מאיה ביטון יחד עם כתובת המייל maya.biton@outlook.com.",1,LEAK,paired_hard_positive,email,hard,pair_3_pos
"נושא: טיפול
הפגישה עם עדי שלום נקבעה ל12/11/2026 בפתח תקווה.",0,NON_LEAK,paired_hard_negative,email,hard,pair_2_neg
"בדיקה - הקובץ מכיל שם משתמש, סיסמה וגישה לסביבת הייצור.",1,LEAK,diverse_positive,chat,medium,div_pos_16
HR-853550 | הצוות עבר לשלב בדיקות אינטגרציה ונדרש לעדכן סטטוס עד סוף היום.,0,NON_LEAK,diverse_negative,ticket,hard,div_neg_53
מתוך הדוח: הצוות עבר לשלב בדיקות אינטגרציה ונדרש לעדכן סטטוס עד סוף היום. תודה,0,NON_LEAK,diverse_negative,report,hard,div_neg_22
"מתוך הדוח: הקובץ מכיל שם משתמש, סיסמה וגישה לסביבת הייצור.",1,LEAK,diverse_positive,report,medium,div_pos_36
"לתיעוד פנימי: המסמך מזכיר את רמב""ם ואת ניר ביטון וכולל גם אבחנה של פציעת גב",1,LEAK,paired_hard_positive,memo,hard,pair_6_pos
תזכורת: המסמך מזכיר את שיבא ואת שרון סעדה וכולל גם אבחנה של אסתמה.,1,LEAK,paired_hard_positive,chat,hard,pair_6_pos
"נושא - בקשה
הפגישה עם אורן אברהם נקבעה ל16/9/2026 ברעננה.",0,NON_LEAK,paired_hard_negative,email,hard,pair_2_neg
"לתיעוד פנימי: הפגישה עם דנה דנינו נקבעה ל11/3/2026 בראשון לציון, ובמסמך צורף גם הטלפון 0554492169. תודה",1,LEAK,paired_hard_positive,memo,hard,pair_2_pos
סיכום פגישה - יש לעדכן את טבלת ההזמנות עם מזהה פנימי 9207602914. תודה,0,NON_LEAK,paired_hard_negative,meeting_note,hard,pair_5_neg
לתיעוד פנימי: נא לשמור על סודיות: תוכנית ההשקה של מודול ברק וקוד השם פרויקט ברוש מצורפים.,1,LEAK,diverse_positive,memo,hard,div_pos_47
סיכום פגישה: במצגת הופיעו שמות העובדים לצד נתוני שכר ובונוסים.,1,LEAK,paired_hard_positive,meeting_note,hard,pair_7_pos
סיכום פגישה - במצגת הופיעו שמות העובדים לצורך חלוקת משימות.,0,NON_LEAK,paired_hard_negative,meeting_note,hard,pair_7_neg
"נושא: טיפול
יש לעדכן את טבלת ההזמנות עם חשבון הבנק 4698384929 של נועה מזרחי.",1,LEAK,paired_hard_positive,email,hard,pair_5_pos
שולח: בדוח הלקוח מופיע איש קשר בשם שרון סעדה יחד עם כתובת המייל sharonsaada@outlookcom,1,LEAK,paired_hard_positive,chat,hard,pair_3_pos
"נושא - מעקב
לצורך זיהוי מול הספק הועבר מספר הזהות של משה אוחנה - 961029403",1,LEAK,diverse_positive,email,medium,div_pos_57
HR-573087 | בדשבורד הציבורי מופיע סטטוס כללי של פרויקט תוכנית רימון.,0,NON_LEAK,diverse_negative,ticket,medium,div_neg_6
לתיעוד פנימי: הפגישה עם מנהלת משאבי אנוש תתקיים ביום ראשון במודיעין.,0,NON_LEAK,diverse_negative,memo,hard,div_neg_42
לתיעוד פנימי: יש לעדכן את טבלת ההזמנות עם מזהה פנימי 1742605235 תודה,0,NON_LEAK,paired_hard_negative,memo,hard,pair_5_neg
עדכון: במצגת הופיעו שמות העובדים לצד נתוני שכר ובונוסים,1,LEAK,paired_hard_positive,chat,hard,pair_7_pos
"נושא: עדכון
הצוות דן בהשקת פרויקט נוגה ביום 16/11/2026 במסמך מסווג פנימי שלא נועד להפצה",1,LEAK,paired_hard_positive,email,hard,pair_4_pos
"תזכורת: הקובץ מכיל שם משתמש, סיסמה וגישה לסביבת הייצור.",1,LEAK,diverse_positive,chat,medium,div_pos_46
לתיעוד פנימי - יש לעדכן את טבלת ההזמנות עם מזהה פנימי 8801792226.,0,NON_LEAK,paired_hard_negative,memo,hard,pair_5_neg
לתיעוד פנימי: יש לעדכן את טבלת ההזמנות עם חשבון הבנק 8561606642 של שירה אברהם. תודה,1,LEAK,paired_hard_positive,memo,hard,pair_5_pos
לתיעוד פנימי: הצוות דן בהשקת מוצר אופק ביום 12/2/2026.,0,NON_LEAK,paired_hard_negative,memo,hard,pair_4_neg
תזכורת: יש לעדכן את טבלת ההזמנות עם חשבון הבנק 4406087323 של ניר ביטון.,1,LEAK,paired_hard_positive,chat,hard,pair_5_pos
FIN-858345 | בדוח הלקוח מופיע איש קשר בשם דוד כהן יחד עם כתובת המייל davidcohen@orgcoil,1,LEAK,paired_hard_positive,ticket,hard,pair_3_pos
"לתיעוד פנימי: היעד הכספי לרבעון הוא 14,909 ש""ח ולא מדובר במידע על לקוח ספציפי.",0,NON_LEAK,diverse_negative,memo,hard,div_neg_35
סיכום פגישה: הסיסמה הזמנית לחשבון של דוד כהן היא Welcome2026! ויש להחליף אותה מיד.,1,LEAK,diverse_positive,meeting_note,hard,div_pos_45
"FIN-021958 | הועבר דוח עם רשימת לקוחות אסטרטגיים, הצעות מחיר ותנאי התקשרות.",1,LEAK,diverse_positive,ticket,medium,div_pos_25
לתיעוד פנימי: המסמך מזכיר את איכילוב ואת ניר ביטון וכולל גם אבחנה של דלקת ריאות. תודה,1,LEAK,paired_hard_positive,memo,hard,pair_6_pos
סיכום פגישה: יש לעדכן את טבלת ההזמנות עם מזהה פנימי 3731543350.,0,NON_LEAK,paired_hard_negative,meeting_note,hard,pair_5_neg
REQ-032244 | הפגישה עם יועץ משפטי תתקיים ביום ראשון בבאר שבע.,0,NON_LEAK,diverse_negative,ticket,medium,div_neg_28
לתיעוד פנימי: לצורך זיהוי מול הספק הועבר מספר הזהות של נועה מזרחי: 218035822.,1,LEAK,diverse_positive,memo,medium,div_pos_38
"מתוך הדוח: הועבר החזר בגובה 41,199 ש""ח לחשבון 5670097308 של איתי פרץ.",1,LEAK,diverse_positive,report,medium,div_pos_4
תזכורת: בדוח הלקוח מופיע איש קשר בשם שירה אברהם יחד עם כתובת המייל shiraavraham@gmailcom,1,LEAK,paired_hard_positive,chat,hard,pair_3_pos
מתוך הדוח: המסמך מזכיר את שיבא ואת ניר ביטון בהקשר אדמיניסטרטיבי,0,NON_LEAK,paired_hard_negative,report,hard,pair_6_neg
"סיכום פגישה: הלקוח ביקש עדכון על הפרויקט, אבל לא נשלחו פרטי קשר או מזהים",0,NON_LEAK,diverse_negative,meeting_note,hard,div_neg_11
INC-166011 | במצגת הופיעו שמות העובדים לצד נתוני שכר ובונוסים. תודה,1,LEAK,paired_hard_positive,ticket,hard,pair_7_pos
סיכום פגישה: יש לעדכן את טבלת ההזמנות עם חשבון הבנק 5129086832 של ניר ביטון.,1,LEAK,paired_hard_positive,meeting_note,hard,pair_5_pos
"נושא: מעקב
בדשבורד הציבורי מופיע סטטוס כללי של פרויקט מבצע שקמה",0,NON_LEAK,diverse_negative,email,medium,div_neg_6
"לתיעוד פנימי: הפגישה עם רונית פרץ נקבעה ל8/11/2026 בתל אביב, ובמסמך צורף גם הטלפון 0536275033.",1,LEAK,paired_hard_positive,memo,hard,pair_2_pos
"מתוך הדוח: במסמך המצורף אין מידע אישי, רק סיכום משימות והחלטות.",0,NON_LEAK,diverse_negative,report,medium,div_neg_18
סיכום פגישה: הסיסמה הזמנית לחשבון של טל אוחנה היא Welcome2026! ויש להחליף אותה מיד.,1,LEAK,diverse_positive,meeting_note,hard,div_pos_30
REQ-231519 | בדוח הלקוח מופיע איש קשר בשם אילן שבתאי יחד עם כתובת המייל ilan.shabtai@company.co.il.,1,LEAK,paired_hard_positive,ticket,hard,pair_3_pos
HR-565245 | לצורך זיהוי מול הספק הועבר מספר הזהות של עמית אלקיים: 111034529.,1,LEAK,diverse_positive,ticket,medium,div_pos_8
מתוך הדוח: בדוח משאבי האנוש מופיעים נתוני השכר של ניר ביטון עבור חודש מרץ. תודה,1,LEAK,diverse_positive,report,medium,div_pos_47
שולח: שם העובד עדי שלום מופיע במצגת הפנימית ללא פרטים נוספים.,0,NON_LEAK,diverse_negative,chat,hard,div_neg_35
לתיעוד פנימי: הפגישה עם מנהלת משאבי אנוש תתקיים ביום ראשון בהרצליה.,0,NON_LEAK,diverse_negative,memo,medium,div_neg_1
"בדיקה: בנספח מופיעים פרטי החשבון של נועה מזרחי: בנק הפועלים, חשבון 0391286243.",1,LEAK,diverse_positive,chat,medium,div_pos_4
מתוך הדוח: המסמך מזכיר את שיבא ואת יואב לוי וכולל גם אבחנה של חרדה.,1,LEAK,paired_hard_positive,report,hard,pair_6_pos
סיכום פגישה: בדוח הלקוח מופיע איש קשר בשם אילן שבתאי.,0,NON_LEAK,paired_hard_negative,meeting_note,hard,pair_3_neg
לתיעוד פנימי: בדוח הלקוח מופיע איש קשר בשם משה אוחנה יחד עם כתובת המייל moshe.ohana@mail.com.,1,LEAK,paired_hard_positive,memo,hard,pair_3_pos
סיכום פגישה: מספר הקריאה הוא SR-785171 ויש לעקוב אחריו מול שירות לקוחות,0,NON_LEAK,diverse_negative,meeting_note,hard,div_neg_36
סיכום פגישה: יש לעדכן את טבלת ההזמנות עם מזהה פנימי 3542036341.,0,NON_LEAK,paired_hard_negative,meeting_note,hard,pair_5_neg
"נושא: מעקב
הפגישה עם איתי פרץ נקבעה ל21/6/2026 בירושלים, ובמסמך צורף גם הטלפון 0506340226.",1,LEAK,paired_hard_positive,email,hard,pair_2_pos
לתיעוד פנימי - המסמך מזכיר את סורוקה ואת יואב לוי וכולל גם אבחנה של סוכרת.,1,LEAK,paired_hard_positive,memo,hard,pair_6_pos
"לתיעוד פנימי - הועבר סיכום על אורן אברהם שעובד באלביט בבאר שבע, כולל מספר הזהות 048113559.",1,LEAK,paired_hard_positive,memo,hard,pair_1_pos
REQ-994011 | במצגת הופיעו שמות העובדים לצורך חלוקת משימות.,0,NON_LEAK,paired_hard_negative,ticket,hard,pair_7_neg
"סיכום פגישה: פרטי הקשר של אלון מלכה: מייל alon.malka@gmail.com, טלפון 0521294627.",1,LEAK,diverse_positive,meeting_note,medium,div_pos_17
סיכום פגישה: בדוח שהגיע משיבא מופיעים פרטי טיפול של עדי שלום. תודה,1,LEAK,diverse_positive,meeting_note,medium,div_pos_30
מתוך הדוח: הועבר סיכום על איתי פרץ שעובד במכבי שירותי בריאות בפתח תקווה תודה,0,NON_LEAK,paired_hard_negative,report,hard,pair_1_neg
"נושא - מעקב
הצוות דן בהשקת שירות אביב ביום 24/8/2026 במסמך מסווג פנימי שלא נועד להפצה",1,LEAK,paired_hard_positive,email,hard,pair_4_pos
עדכון: בדוח הלקוח מופיע איש קשר בשם ניר ביטון,0,NON_LEAK,paired_hard_negative,chat,hard,pair_3_neg
REQ-820755 | במצגת הופיעו שמות העובדים לצד נתוני שכר ובונוסים.,1,LEAK,paired_hard_positive,ticket,hard,pair_7_pos
"נושא: עדכון
בדוח הלקוח מופיע איש קשר בשם רון חדד.",0,NON_LEAK,paired_hard_negative,email,hard,pair_3_neg
סיכום פגישה: המסמך מזכיר את אסותא ואת קרן אמסלם וכולל גם אבחנה של אלרגיה חריפה,1,LEAK,paired_hard_positive,meeting_note,hard,pair_6_pos
"FIN-784678 | בנספח מופיעים פרטי החשבון של אילן שבתאי: דיסקונט, חשבון 6420676280. תודה",1,LEAK,diverse_positive,ticket,hard,div_pos_29
FIN-401280 | המערכת החדשה תושק ב19/12/2026 לפי הודעה רשמית שפורסמה לכלל העובדים,0,NON_LEAK,diverse_negative,ticket,medium,div_neg_5
"נושא: בקשה
בדוח משאבי האנוש מופיעים נתוני השכר של מאיה ביטון עבור חודש מרץ",1,LEAK,diverse_positive,email,medium,div_pos_4
"מתוך הדוח: בנספח מופיעים פרטי החשבון של משה אוחנה: דיסקונט, חשבון 5594007167",1,LEAK,diverse_positive,report,hard,div_pos_1
לתיעוד פנימי: במצגת הופיעו שמות העובדים לצד נתוני שכר ובונוסים,1,LEAK,paired_hard_positive,memo,hard,pair_7_pos
מתוך הדוח: הפגישה עם ניר ביטון נקבעה ל12/9/2026 בראשון לציון.,0,NON_LEAK,paired_hard_negative,report,hard,pair_2_neg
עדכון: הצוות דן בהשקת פרויקט נוגה ביום 18/9/2026 במסמך מסווג פנימי שלא נועד להפצה.,1,LEAK,paired_hard_positive,chat,hard,pair_4_pos
מתוך הדוח - בדוח הלקוח מופיע איש קשר בשם נועה מזרחי יחד עם כתובת המייל noa.mizrahi@org.co.il.,1,LEAK,paired_hard_positive,report,hard,pair_3_pos
לתיעוד פנימי: במצגת הופיעו שמות העובדים לצד נתוני שכר ובונוסים.,1,LEAK,paired_hard_positive,memo,hard,pair_7_pos
SR-295192 | הסיסמה הזמנית לחשבון של אורן אברהם היא Welcome2026! ויש להחליף אותה מיד.,1,LEAK,diverse_positive,ticket,medium,div_pos_33
"INC-970381 | במסמך המצורף אין מידע אישי, רק סיכום משימות והחלטות.",0,NON_LEAK,diverse_negative,ticket,medium,div_neg_2
FIN-157088 | הצוות דן בהשקת פלטפורמת ארז ביום 1/10/2026 במסמך מסווג פנימי שלא נועד להפצה. תודה,1,LEAK,paired_hard_positive,ticket,hard,pair_4_pos
INC-027316 | במצגת הופיעו שמות העובדים לצורך חלוקת משימות,0,NON_LEAK,paired_hard_negative,ticket,hard,pair_7_neg
סיכום פגישה: הועבר סיכום על נועה מזרחי שעובד בגוגל ישראל בבאר שבע.,0,NON_LEAK,paired_hard_negative,meeting_note,hard,pair_1_neg
"שולח: היעד הכספי לרבעון הוא 38,840 ש""ח ולא מדובר במידע על לקוח ספציפי",0,NON_LEAK,diverse_negative,chat,medium,div_neg_30
"מתוך הדוח: במסמך המצורף אין מידע אישי, רק סיכום משימות והחלטות.",0,NON_LEAK,diverse_negative,report,medium,div_neg_17
לתיעוד פנימי - יש לעדכן את טבלת ההזמנות עם חשבון הבנק 8893777708 של דנה דנינו. תודה,1,LEAK,paired_hard_positive,memo,hard,pair_5_pos
"נושא - בקשה
הצוות דן בהשקת פלטפורמת ארז ביום 23/11/2026.",0,NON_LEAK,paired_hard_negative,email,hard,pair_4_neg
סיכום פגישה: המסמך מזכיר את שיבא ואת מאיה ביטון בהקשר אדמיניסטרטיבי.,0,NON_LEAK,paired_hard_negative,meeting_note,hard,pair_6_neg
"FIN-938733 | פרטי הקשר של שרון סעדה: מייל sharonsaada@companycoil, טלפון 0540508119",1,LEAK,diverse_positive,ticket,hard,div_pos_14
"נושא: טיפול
במצגת הופיעו שמות העובדים לצד נתוני שכר ובונוסים",1,LEAK,paired_hard_positive,email,hard,pair_7_pos
"מתוך הדוח: בדוח מופיע רק שם החברה קופת חולים כללית ותאריך יעד 9/2/2026, ללא מידע אישי",0,NON_LEAK,diverse_negative,report,hard,div_neg_19
"נושא: בקשה
בדוח הלקוח מופיע איש קשר בשם ליאור מלכה.",0,NON_LEAK,paired_hard_negative,email,hard,pair_3_neg
"שולח: בדוח מופיע רק שם החברה בנק לאומי ותאריך יעד 19/12/2026, ללא מידע אישי.",0,NON_LEAK,diverse_negative,chat,hard,div_neg_43
"לתיעוד פנימי: הועבר החזר בגובה 23,505 ש""ח לחשבון 3508524389 של מאיה ביטון.",1,LEAK,diverse_positive,memo,hard,div_pos_1
"סיכום פגישה: הקובץ מכיל שם משתמש, סיסמה וגישה לסביבת הייצור",1,LEAK,diverse_positive,meeting_note,medium,div_pos_13
REQ-587227 | הצוות עבר לשלב בדיקות אינטגרציה ונדרש לעדכן סטטוס עד סוף היום.,0,NON_LEAK,diverse_negative,ticket,hard,div_neg_39
סיכום פגישה - במצגת הופיעו שמות העובדים לצד נתוני שכר ובונוסים.,1,LEAK,paired_hard_positive,meeting_note,hard,pair_7_pos
HR-978721 | הסיסמה הזמנית לחשבון של אורן אברהם היא Welcome2026! ויש להחליף אותה מיד.,1,LEAK,diverse_positive,ticket,medium,div_pos_36
"בדיקה: בדוח מופיע רק שם החברה Amdocs ותאריך יעד 4/2/2026, ללא מידע אישי",0,NON_LEAK,diverse_negative,chat,medium,div_neg_15
סיכום פגישה: במצגת הופיעו שמות העובדים לצורך חלוקת משימות.,0,NON_LEAK,paired_hard_negative,meeting_note,hard,pair_7_neg
מתוך הדוח: הצוות עבר לשלב בדיקות אינטגרציה ונדרש לעדכן סטטוס עד סוף היום.,0,NON_LEAK,diverse_negative,report,hard,div_neg_52
סיכום פגישה: המסמך מזכיר את סורוקה ואת אלון מלכה בהקשר אדמיניסטרטיבי,0,NON_LEAK,paired_hard_negative,meeting_note,hard,pair_6_neg
לתיעוד פנימי: יש לעדכן את טבלת ההזמנות עם חשבון הבנק 2507594139 של טל אוחנה.,1,LEAK,paired_hard_positive,memo,hard,pair_5_pos
"שולח: הועבר דוח עם רשימת לקוחות אסטרטגיים, הצעות מחיר ותנאי התקשרות. תודה",1,LEAK,diverse_positive,chat,hard,div_pos_59
לתיעוד פנימי: בדוח משאבי האנוש מופיעים נתוני השכר של יואב לוי עבור חודש מרץ,1,LEAK,diverse_positive,memo,hard,div_pos_44
REQ-310109 | יש לעדכן את טבלת ההזמנות עם חשבון הבנק 9687381561 של ניר ביטון תודה,1,LEAK,paired_hard_positive,ticket,hard,pair_5_pos
תזכורת - הפגישה עם אלון מלכה נקבעה ל17/1/2026 בחיפה.,0,NON_LEAK,paired_hard_negative,chat,hard,pair_2_neg
"מתוך הדוח: במסמך המצורף אין מידע אישי, רק סיכום משימות והחלטות",0,NON_LEAK,diverse_negative,report,hard,div_neg_14
"מתוך הדוח - בדוח מופיע רק שם החברה קופת חולים כללית ותאריך יעד 24/3/2026, ללא מידע אישי תודה",0,NON_LEAK,diverse_negative,report,hard,div_neg_12
"נושא: עדכון
יש לעדכן את טבלת ההזמנות עם חשבון הבנק 1486381103 של איתי פרץ",1,LEAK,paired_hard_positive,email,hard,pair_5_pos
"סיכום פגישה: הפגישה עם ניר ביטון נקבעה ל13/6/2026 בחיפה, ובמסמך צורף גם הטלפון 0548462563",1,LEAK,paired_hard_positive,meeting_note,hard,pair_2_pos
מתוך הדוח: בדוח משאבי האנוש מופיעים נתוני השכר של שירה אברהם עבור חודש מרץ. תודה,1,LEAK,diverse_positive,report,medium,div_pos_14
"REQ-840005 | בנספח מופיעים פרטי החשבון של יואב לוי: מזרחי טפחות, חשבון 8317440768. תודה",1,LEAK,diverse_positive,ticket,medium,div_pos_20
INC-642944 | שם העובד אורן אברהם מופיע במצגת הפנימית ללא פרטים נוספים,0,NON_LEAK,diverse_negative,ticket,hard,div_neg_35
עדכון: בדוח הלקוח מופיע איש קשר בשם יואב לוי יחד עם כתובת המייל yoav.levi@gmail.com. תודה,1,LEAK,paired_hard_positive,chat,hard,pair_3_pos
FIN-903429 | הפגישה עם רון חדד נקבעה ל3/2/2026 בירושלים,0,NON_LEAK,paired_hard_negative,ticket,hard,pair_2_neg
REQ-259835 | במצגת הופיעו שמות העובדים לצד נתוני שכר ובונוסים.,1,LEAK,paired_hard_positive,ticket,hard,pair_7_pos
לתיעוד פנימי: בדוח משאבי האנוש מופיעים נתוני השכר של דנה דנינו עבור חודש מרץ. תודה,1,LEAK,diverse_positive,memo,hard,div_pos_25
שולח: בדשבורד הציבורי מופיע סטטוס כללי של פרויקט תוכנית רימון.,0,NON_LEAK,diverse_negative,chat,hard,div_neg_28
לתיעוד פנימי: הועבר סיכום על דוד כהן שעובד באלביט בראשון לציון. תודה,0,NON_LEAK,paired_hard_negative,memo,hard,pair_1_neg
לתיעוד פנימי: הצוות עבר לשלב בדיקות אינטגרציה ונדרש לעדכן סטטוס עד סוף היום.,0,NON_LEAK,diverse_negative,memo,hard,div_neg_37
"עדכון: הפגישה עם מנכ""ל תתקיים ביום ראשון בנתניה.",0,NON_LEAK,diverse_negative,chat,hard,div_neg_25
לתיעוד פנימי: המערכת החדשה תושק ב3/12/2026 לפי הודעה רשמית שפורסמה לכלל העובדים.,0,NON_LEAK,diverse_negative,memo,medium,div_neg_42
לתיעוד פנימי - המסמך מזכיר את איכילוב ואת דוד כהן וכולל גם אבחנה של אסתמה. תודה,1,LEAK,paired_hard_positive,memo,hard,pair_6_pos
סיכום פגישה: נא לשמור על סודיות: תוכנית ההשקה של גרסה 42 וקוד השם מיזם תמר מצורפים,1,LEAK,diverse_positive,meeting_note,hard,div_pos_58
סיכום פגישה - הצוות דן בהשקת מוצר הדס ביום 8/2/2026 במסמך מסווג פנימי שלא נועד להפצה.,1,LEAK,paired_hard_positive,meeting_note,hard,pair_4_pos
סיכום פגישה: בדוח הלקוח מופיע איש קשר בשם יעל לוי,0,NON_LEAK,paired_hard_negative,meeting_note,hard,pair_3_neg
SR-034469 | יש לעדכן את טבלת ההזמנות עם מזהה פנימי 4893822654.,0,NON_LEAK,paired_hard_negative,ticket,hard,pair_5_neg
סיכום פגישה: יש לעדכן את טבלת ההזמנות עם מזהה פנימי 5359875911.,0,NON_LEAK,paired_hard_negative,meeting_note,hard,pair_5_neg
"סיכום פגישה: במסמך המצורף אין מידע אישי, רק סיכום משימות והחלטות.",0,NON_LEAK,diverse_negative,meeting_note,hard,div_neg_40
SR-452468 | המסמך מזכיר את איכילוב ואת איתי פרץ וכולל גם אבחנה של אסתמה.,1,LEAK,paired_hard_positive,ticket,hard,pair_6_pos
מתוך הדוח: הפגישה עם מנהל אבטחת מידע תתקיים ביום ראשון בהרצליה,0,NON_LEAK,diverse_negative,report,medium,div_neg_50
"לתיעוד פנימי: הקובץ מכיל שם משתמש, סיסמה וגישה לסביבת הייצור.",1,LEAK,diverse_positive,memo,medium,div_pos_2
"סיכום פגישה: בנספח מופיעים פרטי החשבון של מאיה ביטון: בנק לאומי, חשבון 8399779578 תודה",1,LEAK,diverse_positive,meeting_note,hard,div_pos_59
לתיעוד פנימי: בדוח משאבי האנוש מופיעים נתוני השכר של יואב לוי עבור חודש מרץ,1,LEAK,diverse_positive,memo,medium,div_pos_11
"סיכום פגישה: הפגישה עם דנה דנינו נקבעה ל24/8/2026 בנתניה, ובמסמך צורף גם הטלפון 0581262401.",1,LEAK,paired_hard_positive,meeting_note,hard,pair_2_pos
מתוך הדוח: הצוות דן בהשקת מוצר אופק ביום 26/2/2026 במסמך מסווג פנימי שלא נועד להפצה.,1,LEAK,paired_hard_positive,report,hard,pair_4_pos
סיכום פגישה: בדוח הלקוח מופיע איש קשר בשם מיכל כהן יחד עם כתובת המייל michal.cohen@example.co.il.,1,LEAK,paired_hard_positive,meeting_note,hard,pair_3_pos
לתיעוד פנימי: לצורך זיהוי מול הספק הועבר מספר הזהות של יעל לוי: 451355907.,1,LEAK,diverse_positive,memo,medium,div_pos_6
INC-757463 | בדוח הלקוח מופיע איש קשר בשם רון חדד.,0,NON_LEAK,paired_hard_negative,ticket,hard,pair_3_neg
"נושא: עדכון
במסמך המצורף אין מידע אישי, רק סיכום משימות והחלטות",0,NON_LEAK,diverse_negative,email,hard,div_neg_25
"לתיעוד פנימי - הפגישה עם ניר ביטון נקבעה ל27/9/2026 בירושלים, ובמסמך צורף גם הטלפון 0578742334",1,LEAK,paired_hard_positive,memo,hard,pair_2_pos
"מתוך הדוח: בדוח שהגיע מרמב""ם מופיעים פרטי טיפול של מיכל כהן.",1,LEAK,diverse_positive,report,medium,div_pos_55
סיכום פגישה: במצגת הופיעו שמות העובדים לצורך חלוקת משימות.,0,NON_LEAK,paired_hard_negative,meeting_note,hard,pair_7_neg
עדכון: במצגת הופיעו שמות העובדים לצורך חלוקת משימות תודה,0,NON_LEAK,paired_hard_negative,chat,hard,pair_7_neg
מתוך הדוח: במצגת הופיעו שמות העובדים לצד נתוני שכר ובונוסים.,1,LEAK,paired_hard_positive,report,hard,pair_7_pos
"שולח: הועבר סיכום על עדי שלום שעובד בצ'ק פוינט ברעננה, כולל מספר הזהות 190655788.",1,LEAK,paired_hard_positive,chat,hard,pair_1_pos
"נושא: מעקב
בדוח שהגיע משיבא מופיעים פרטי טיפול של ליאור מלכה.",1,LEAK,diverse_positive,email,medium,div_pos_57
סיכום פגישה: בדוח משאבי האנוש מופיעים נתוני השכר של שרון סעדה עבור חודש מרץ,1,LEAK,diverse_positive,meeting_note,medium,div_pos_49
סיכום פגישה: שם העובד רונית פרץ מופיע במצגת הפנימית ללא פרטים נוספים.,0,NON_LEAK,diverse_negative,meeting_note,hard,div_neg_53
"נושא: מעקב
במסמך המצורף אין מידע אישי, רק סיכום משימות והחלטות.",0,NON_LEAK,diverse_negative,email,hard,div_neg_41
"עדכון: בדוח שהגיע מרמב""ם מופיעים פרטי טיפול של אילן שבתאי.",1,LEAK,diverse_positive,chat,medium,div_pos_9
סיכום פגישה: המערכת החדשה תושק ב26/10/2026 לפי הודעה רשמית שפורסמה לכלל העובדים.,0,NON_LEAK,diverse_negative,meeting_note,hard,div_neg_21
"נושא: טיפול
בדוח מופיע רק שם החברה בזק ותאריך יעד 15/12/2026, ללא מידע אישי.",0,NON_LEAK,diverse_negative,email,medium,div_neg_36
"FIN-271714 | הקובץ מכיל שם משתמש, סיסמה וגישה לסביבת הייצור",1,LEAK,diverse_positive,ticket,hard,div_pos_12
שולח - מספר הקריאה הוא REQ-331991 ויש לעקוב אחריו מול אבטחת מידע.,0,NON_LEAK,diverse_negative,chat,hard,div_neg_27
תזכורת - המערכת החדשה תושק ב3/4/2026 לפי הודעה רשמית שפורסמה לכלל העובדים.,0,NON_LEAK,diverse_negative,chat,hard,div_neg_40
INC-796856 | בדשבורד הציבורי מופיע סטטוס כללי של פרויקט מיזם תמר,0,NON_LEAK,diverse_negative,ticket,medium,div_neg_15
HR-830873 | מספר הקריאה הוא FIN-946044 ויש לעקוב אחריו מול שיווק.,0,NON_LEAK,diverse_negative,ticket,hard,div_neg_2
לתיעוד פנימי: בדוח הלקוח מופיע איש קשר בשם אילן שבתאי.,0,NON_LEAK,paired_hard_negative,memo,hard,pair_3_neg
"נושא: עדכון
הלקוח ביקש עדכון על הפרויקט, אבל לא נשלחו פרטי קשר או מזהים",0,NON_LEAK,diverse_negative,email,hard,div_neg_49
"נושא: טיפול
במסמך המצורף אין מידע אישי, רק סיכום משימות והחלטות.",0,NON_LEAK,diverse_negative,email,hard,div_neg_19
"נושא: טיפול
בדוח הלקוח מופיע איש קשר בשם דנה דנינו.",0,NON_LEAK,paired_hard_negative,email,hard,pair_3_neg
"לתיעוד פנימי: במסמך המצורף אין מידע אישי, רק סיכום משימות והחלטות תודה",0,NON_LEAK,diverse_negative,memo,medium,div_neg_38
"סיכום פגישה: הפגישה עם יעל לוי נקבעה ל25/1/2026 במודיעין, ובמסמך צורף גם הטלפון 0567567929",1,LEAK,paired_hard_positive,meeting_note,hard,pair_2_pos
"נושא: עדכון
במצגת הופיעו שמות העובדים לצד נתוני שכר ובונוסים.",1,LEAK,paired_hard_positive,email,hard,pair_7_pos
"סיכום פגישה: בדוח מופיע רק שם החברה בנק לאומי ותאריך יעד 14/9/2026, ללא מידע אישי. תודה",0,NON_LEAK,diverse_negative,meeting_note,medium,div_neg_51
FIN-358078 | יש לעדכן את טבלת ההזמנות עם מזהה פנימי 4533093276 תודה,0,NON_LEAK,paired_hard_negative,ticket,hard,pair_5_neg
"תזכורת - בנספח מופיעים פרטי החשבון של נועה מזרחי - מזרחי טפחות, חשבון 5159155698.",1,LEAK,diverse_positive,chat,hard,div_pos_45
"נושא: עדכון
במצגת הופיעו שמות העובדים לצד נתוני שכר ובונוסים.",1,LEAK,paired_hard_positive,email,hard,pair_7_pos
"לתיעוד פנימי - בנספח מופיעים פרטי החשבון של דוד כהן - בנק הפועלים, חשבון 6435539722",1,LEAK,diverse_positive,memo,hard,div_pos_37
מתוך הדוח: הפגישה עם קרן אמסלם נקבעה ל17/4/2026 במודיעין.,0,NON_LEAK,paired_hard_negative,report,hard,pair_2_neg
מתוך הדוח: המסמך מזכיר את סורוקה ואת אלון מלכה וכולל גם אבחנה של דלקת ריאות.,1,LEAK,paired_hard_positive,report,hard,pair_6_pos
סיכום פגישה - נא לשמור על סודיות - תוכנית ההשקה של פרויקט נוגה וקוד השם מיזם תמר מצורפים,1,LEAK,diverse_positive,meeting_note,medium,div_pos_51
"נושא: מעקב
במסמך המצורף אין מידע אישי, רק סיכום משימות והחלטות",0,NON_LEAK,diverse_negative,email,medium,div_neg_1
SR-818811 | המסמך מזכיר את סורוקה ואת יואב לוי בהקשר אדמיניסטרטיבי.,0,NON_LEAK,paired_hard_negative,ticket,hard,pair_6_neg
מתוך הדוח: נא לשמור על סודיות: תוכנית ההשקה של מוצר הדס וקוד השם פרויקט דרור מצורפים,1,LEAK,diverse_positive,report,hard,div_pos_54
"מתוך הדוח: הפגישה עם יעל לוי נקבעה ל28/3/2026 בפתח תקווה, ובמסמך צורף גם הטלפון 0512220501.",1,LEAK,paired_hard_positive,report,hard,pair_2_pos
לתיעוד פנימי: המערכת החדשה תושק ב11/12/2026 לפי הודעה רשמית שפורסמה לכלל העובדים,0,NON_LEAK,diverse_negative,memo,hard,div_neg_47
REQ-291118 | במצגת הופיעו שמות העובדים לצד נתוני שכר ובונוסים.,1,LEAK,paired_hard_positive,ticket,hard,pair_7_pos
"סיכום פגישה - הועבר החזר בגובה 3,097 ש""ח לחשבון 9883110576 של הילה חדד.",1,LEAK,diverse_positive,meeting_note,hard,div_pos_4
"נושא: עדכון
היעד הכספי לרבעון הוא 39,778 ש""ח ולא מדובר במידע על לקוח ספציפי.",0,NON_LEAK,diverse_negative,email,hard,div_neg_46
סיכום פגישה: מספר הקריאה הוא REQ-503067 ויש לעקוב אחריו מול שיווק.,0,NON_LEAK,diverse_negative,meeting_note,medium,div_neg_28
"סיכום פגישה: היעד הכספי לרבעון הוא 34,722 ש""ח ולא מדובר במידע על לקוח ספציפי.",0,NON_LEAK,diverse_negative,meeting_note,hard,div_neg_37
"SR-503039 | בדוח מופיע רק שם החברה נייס ותאריך יעד 3/12/2026, ללא מידע אישי.",0,NON_LEAK,diverse_negative,ticket,medium,div_neg_26
"מתוך הדוח - הקובץ מכיל שם משתמש, סיסמה וגישה לסביבת הייצור.",1,LEAK,diverse_positive,report,medium,div_pos_9
"שולח: הועבר דוח עם רשימת לקוחות אסטרטגיים, הצעות מחיר ותנאי התקשרות תודה",1,LEAK,diverse_positive,chat,medium,div_pos_52
שולח: נא לשמור על סודיות: תוכנית ההשקה של פלטפורמת ארז וקוד השם מיזם תמר מצורפים,1,LEAK,diverse_positive,chat,medium,div_pos_25
לתיעוד פנימי: הצוות עבר לשלב בדיקות אינטגרציה ונדרש לעדכן סטטוס עד סוף היום,0,NON_LEAK,diverse_negative,memo,medium,div_neg_18
סיכום פגישה: לצורך זיהוי מול הספק הועבר מספר הזהות של יואב לוי: 095265937.,1,LEAK,diverse_positive,meeting_note,hard,div_pos_55
"נושא: בקשה
שם העובד קרן אמסלם מופיע במצגת הפנימית ללא פרטים נוספים.",0,NON_LEAK,diverse_negative,email,medium,div_neg_22
"נושא: עדכון
יש לעדכן את טבלת ההזמנות עם חשבון הבנק 9835726139 של משה אוחנה.",1,LEAK,paired_hard_positive,email,hard,pair_5_pos
REQ-498999 | במצגת הופיעו שמות העובדים לצד נתוני שכר ובונוסים.,1,LEAK,paired_hard_positive,ticket,hard,pair_7_pos
בדיקה: יש לעדכן את טבלת ההזמנות עם חשבון הבנק 3035555354 של דנה דנינו.,1,LEAK,paired_hard_positive,chat,hard,pair_5_pos
לתיעוד פנימי: בדוח הלקוח מופיע איש קשר בשם איתי פרץ.,0,NON_LEAK,paired_hard_negative,memo,hard,pair_3_neg
"REQ-196126 | בנספח מופיעים פרטי החשבון של אלון מלכה: בנק לאומי, חשבון 0298986089",1,LEAK,diverse_positive,ticket,hard,div_pos_30
SR-003816 | בדוח הלקוח מופיע איש קשר בשם נועה מזרחי.,0,NON_LEAK,paired_hard_negative,ticket,hard,pair_3_neg
"בדיקה: הועבר דוח עם רשימת לקוחות אסטרטגיים, הצעות מחיר ותנאי התקשרות.",1,LEAK,diverse_positive,chat,medium,div_pos_33
"בדיקה - הפגישה עם הילה חדד נקבעה ל27/11/2026 בירושלים, ובמסמך צורף גם הטלפון 0565935928.",1,LEAK,paired_hard_positive,chat,hard,pair_2_pos
"נושא - מעקב
הצוות דן בהשקת מוצר אופק ביום 9/12/2026.",0,NON_LEAK,paired_hard_negative,email,hard,pair_4_neg
"REQ-163380 | בדוח שהגיע מרמב""ם מופיעים פרטי טיפול של רונית פרץ.",1,LEAK,diverse_positive,ticket,medium,div_pos_44
תזכורת: המסמך מזכיר את אסותא ואת רון חדד בהקשר אדמיניסטרטיבי.,0,NON_LEAK,paired_hard_negative,chat,hard,pair_6_neg
"נושא: בקשה
הצוות דן בהשקת מודול ברק ביום 14/5/2026.",0,NON_LEAK,paired_hard_negative,email,hard,pair_4_neg
"מתוך הדוח: הפגישה עם רון חדד נקבעה ל7/9/2026 בחיפה, ובמסמך צורף גם הטלפון 0577724409. תודה",1,LEAK,paired_hard_positive,report,hard,pair_2_pos
"מתוך הדוח: הועבר החזר בגובה 4,933 ש""ח לחשבון 8336108082 של הילה חדד תודה",1,LEAK,diverse_positive,report,medium,div_pos_23
שולח: הצוות דן בהשקת פלטפורמת ארז ביום 11/3/2026 במסמך מסווג פנימי שלא נועד להפצה.,1,LEAK,paired_hard_positive,chat,hard,pair_4_pos
מתוך הדוח: בדוח משאבי האנוש מופיעים נתוני השכר של יעל לוי עבור חודש מרץ. תודה,1,LEAK,diverse_positive,report,hard,div_pos_23
לתיעוד פנימי: הועבר סיכום על אורן אברהם שעובד בגוגל ישראל בבאר שבע,0,NON_LEAK,paired_hard_negative,memo,hard,pair_1_neg
"תזכורת: הועבר דוח עם רשימת לקוחות אסטרטגיים, הצעות מחיר ותנאי התקשרות תודה",1,LEAK,diverse_positive,chat,hard,div_pos_55
SR-756017 | במצגת הופיעו שמות העובדים לצד נתוני שכר ובונוסים.,1,LEAK,paired_hard_positive,ticket,hard,pair_7_pos
SR-033331 | הסיסמה הזמנית לחשבון של טל אוחנה היא Welcome2026! ויש להחליף אותה מיד.,1,LEAK,diverse_positive,ticket,hard,div_pos_58
לתיעוד פנימי - במצגת הופיעו שמות העובדים לצד נתוני שכר ובונוסים. תודה,1,LEAK,paired_hard_positive,memo,hard,pair_7_pos
מתוך הדוח: הפגישה עם אלון מלכה נקבעה ל28/4/2026 בנתניה. תודה,0,NON_LEAK,paired_hard_negative,report,hard,pair_2_neg
לתיעוד פנימי - יש לעדכן את טבלת ההזמנות עם חשבון הבנק 1572953879 של מאיה ביטון.,1,LEAK,paired_hard_positive,memo,hard,pair_5_pos
"לתיעוד פנימי: הועבר סיכום על אורן אברהם שעובד בגוגל ישראל בהרצליה, כולל מספר הזהות 349347440.",1,LEAK,paired_hard_positive,memo,hard,pair_1_pos
לתיעוד פנימי: בדוח הלקוח מופיע איש קשר בשם קרן אמסלם.,0,NON_LEAK,paired_hard_negative,memo,hard,pair_3_neg
"שולח - במסמך המצורף אין מידע אישי, רק סיכום משימות והחלטות.",0,NON_LEAK,diverse_negative,chat,medium,div_neg_10
"נושא: עדכון
בדשבורד הציבורי מופיע סטטוס כללי של פרויקט מבצע שקמה.",0,NON_LEAK,diverse_negative,email,medium,div_neg_8
REQ-573301 | בדוח משאבי האנוש מופיעים נתוני השכר של איתי פרץ עבור חודש מרץ.,1,LEAK,diverse_positive,ticket,medium,div_pos_2
מתוך הדוח: הועבר סיכום על דנה דנינו שעובד בשופרסל בתל אביב.,0,NON_LEAK,paired_hard_negative,report,hard,pair_1_neg
"נושא: בקשה
הועבר סיכום על דוד כהן שעובד בבנק הפועלים באשדוד, כולל מספר הזהות 102994134",1,LEAK,paired_hard_positive,email,hard,pair_1_pos
מתוך הדוח: הפגישה עם אילן שבתאי נקבעה ל17/9/2026 בפתח תקווה.,0,NON_LEAK,paired_hard_negative,report,hard,pair_2_neg
"שולח: הועבר סיכום על מיכל כהן שעובד בבנק לאומי בפתח תקווה, כולל מספר הזהות 963453117. תודה",1,LEAK,paired_hard_positive,chat,hard,pair_1_pos
עדכון - לצורך זיהוי מול הספק הועבר מספר הזהות של מאיה ביטון - 268298532,1,LEAK,diverse_positive,chat,hard,div_pos_18
מתוך הדוח - הצוות דן בהשקת פלטפורמת ארז ביום 2/4/2026 תודה,0,NON_LEAK,paired_hard_negative,report,hard,pair_4_neg
"שולח: הקובץ מכיל שם משתמש, סיסמה וגישה לסביבת הייצור.",1,LEAK,diverse_positive,chat,hard,div_pos_59
מתוך הדוח: שם העובד ניר ביטון מופיע במצגת הפנימית ללא פרטים נוספים,0,NON_LEAK,diverse_negative,report,hard,div_neg_52
"נושא: מעקב
בדוח משאבי האנוש מופיעים נתוני השכר של משה אוחנה עבור חודש מרץ.",1,LEAK,diverse_positive,email,hard,div_pos_39
"HR-164160 | הועבר החזר בגובה 38,500 ש""ח לחשבון 1689915083 של מיכל כהן. תודה",1,LEAK,diverse_positive,ticket,hard,div_pos_38
"נושא - מעקב
בדשבורד הציבורי מופיע סטטוס כללי של פרויקט מבצע שקמה.",0,NON_LEAK,diverse_negative,email,medium,div_neg_47
"בדיקה - בדוח מופיע רק שם החברה Amdocs ותאריך יעד 21/5/2026, ללא מידע אישי. תודה",0,NON_LEAK,diverse_negative,chat,medium,div_neg_32
"נושא: טיפול
היעד הכספי לרבעון הוא 22,550 ש""ח ולא מדובר במידע על לקוח ספציפי.",0,NON_LEAK,diverse_negative,email,hard,div_neg_28
לתיעוד פנימי: הצוות דן בהשקת מוצר הדס ביום 23/12/2026,0,NON_LEAK,paired_hard_negative,memo,hard,pair_4_neg
לתיעוד פנימי: במצגת הופיעו שמות העובדים לצורך חלוקת משימות,0,NON_LEAK,paired_hard_negative,memo,hard,pair_7_neg
HR-715729 | בדוח שהגיע מאסותא מופיעים פרטי טיפול של ניר ביטון. תודה,1,LEAK,diverse_positive,ticket,medium,div_pos_29
לתיעוד פנימי: במצגת הופיעו שמות העובדים לצורך חלוקת משימות. תודה,0,NON_LEAK,paired_hard_negative,memo,hard,pair_7_neg
"נושא: מעקב
הועבר סיכום על אורן אברהם שעובד בבזק בהרצליה, כולל מספר הזהות 676447054",1,LEAK,paired_hard_positive,email,hard,pair_1_pos
תזכורת: במצגת הופיעו שמות העובדים לצורך חלוקת משימות.,0,NON_LEAK,paired_hard_negative,chat,hard,pair_7_neg
"סיכום פגישה: הלקוח ביקש עדכון על הפרויקט, אבל לא נשלחו פרטי קשר או מזהים",0,NON_LEAK,diverse_negative,meeting_note,medium,div_neg_33
"נושא: עדכון
שם העובד שירה אברהם מופיע במצגת הפנימית ללא פרטים נוספים.",0,NON_LEAK,diverse_negative,email,medium,div_neg_8
מתוך הדוח - בדוח משאבי האנוש מופיעים נתוני השכר של שרון סעדה עבור חודש מרץ.,1,LEAK,diverse_positive,report,hard,div_pos_36
"מתוך הדוח: היעד הכספי לרבעון הוא 17,347 ש""ח ולא מדובר במידע על לקוח ספציפי.",0,NON_LEAK,diverse_negative,report,hard,div_neg_3
"נושא: בקשה
הקובץ מכיל שם משתמש, סיסמה וגישה לסביבת הייצור",1,LEAK,diverse_positive,email,hard,div_pos_5
מתוך הדוח: בדוח הלקוח מופיע איש קשר בשם שירה אברהם יחד עם כתובת המייל shira.avraham@example.co.il.,1,LEAK,paired_hard_positive,report,hard,pair_3_pos
סיכום פגישה: יש לעדכן את טבלת ההזמנות עם מזהה פנימי 5587334401.,0,NON_LEAK,paired_hard_negative,meeting_note,hard,pair_5_neg
מתוך הדוח: יש לעדכן את טבלת ההזמנות עם מזהה פנימי 1612540019,0,NON_LEAK,paired_hard_negative,report,hard,pair_5_neg
סיכום פגישה: בדוח הלקוח מופיע איש קשר בשם עדי שלום יחד עם כתובת המייל adi.shalom@mail.com.,1,LEAK,paired_hard_positive,meeting_note,hard,pair_3_pos
מתוך הדוח: בדוח משאבי האנוש מופיעים נתוני השכר של ליאור מלכה עבור חודש מרץ.,1,LEAK,diverse_positive,report,medium,div_pos_48
"מתוך הדוח: במסמך המצורף אין מידע אישי, רק סיכום משימות והחלטות",0,NON_LEAK,diverse_negative,report,hard,div_neg_31
"SR-314261 | פרטי הקשר של מאיה ביטון: מייל maya.biton@mail.com, טלפון 0581304780.",1,LEAK,diverse_positive,ticket,medium,div_pos_52
"נושא - מעקב
הפגישה עם איתי פרץ נקבעה ל19/5/2026 בראשון לציון.",0,NON_LEAK,paired_hard_negative,email,hard,pair_2_neg
לתיעוד פנימי: הפגישה עם מנהל אבטחת מידע תתקיים ביום ראשון בנתניה.,0,NON_LEAK,diverse_negative,memo,medium,div_neg_52
REQ-205492 | בדוח הלקוח מופיע איש קשר בשם רון חדד.,0,NON_LEAK,paired_hard_negative,ticket,hard,pair_3_neg
"מתוך הדוח: הועבר דוח עם רשימת לקוחות אסטרטגיים, הצעות מחיר ותנאי התקשרות.",1,LEAK,diverse_positive,report,medium,div_pos_5
סיכום פגישה: הועבר סיכום על קרן אמסלם שעובד בבנק לאומי במודיעין,0,NON_LEAK,paired_hard_negative,meeting_note,hard,pair_1_neg
מתוך הדוח: הפגישה עם ראש צוות תתקיים ביום ראשון בראשון לציון.,0,NON_LEAK,diverse_negative,report,hard,div_neg_52
"מתוך הדוח: הפגישה עם מנכ""ל תתקיים ביום ראשון בירושלים.",0,NON_LEAK,diverse_negative,report,hard,div_neg_12
SR-216465 | הצוות עבר לשלב בדיקות אינטגרציה ונדרש לעדכן סטטוס עד סוף היום,0,NON_LEAK,diverse_negative,ticket,medium,div_neg_50
"נושא: טיפול
נא לשמור על סודיות: תוכנית ההשקה של פרויקט נוגה וקוד השם מבצע שקמה מצורפים.",1,LEAK,diverse_positive,email,hard,div_pos_55
"נושא - טיפול
הפגישה עם סמנכ""לית כספים תתקיים ביום ראשון בפתח תקווה.",0,NON_LEAK,diverse_negative,email,medium,div_neg_26
"נושא: בקשה
בדוח מופיע רק שם החברה שטראוס ותאריך יעד 1/1/2026, ללא מידע אישי",0,NON_LEAK,diverse_negative,email,medium,div_neg_18
סיכום פגישה: בדוח הלקוח מופיע איש קשר בשם נועה מזרחי. תודה,0,NON_LEAK,paired_hard_negative,meeting_note,hard,pair_3_neg
תזכורת: בדוח הלקוח מופיע איש קשר בשם איתי פרץ יחד עם כתובת המייל itayperetz@gmailcom,1,LEAK,paired_hard_positive,chat,hard,pair_3_pos
SR-580058 | יש לעדכן את טבלת ההזמנות עם חשבון הבנק 3064228919 של מיכל כהן.,1,LEAK,paired_hard_positive,ticket,hard,pair_5_pos
עדכון: הצוות דן בהשקת פלטפורמת ארז ביום 12/10/2026.,0,NON_LEAK,paired_hard_negative,chat,hard,pair_4_neg
"מתוך הדוח: הועבר החזר בגובה 12,549 ש""ח לחשבון 7893594588 של יואב לוי.",1,LEAK,diverse_positive,report,medium,div_pos_12
"מתוך הדוח: הקובץ מכיל שם משתמש, סיסמה וגישה לסביבת הייצור.",1,LEAK,diverse_positive,report,medium,div_pos_50
"סיכום פגישה - הלקוח ביקש עדכון על הפרויקט, אבל לא נשלחו פרטי קשר או מזהים. תודה",0,NON_LEAK,diverse_negative,meeting_note,medium,div_neg_29
"מתוך הדוח - הועבר דוח עם רשימת לקוחות אסטרטגיים, הצעות מחיר ותנאי התקשרות.",1,LEAK,diverse_positive,report,medium,div_pos_42
"מתוך הדוח - בנספח מופיעים פרטי החשבון של קרן אמסלם - בנק הפועלים, חשבון 6322499499.",1,LEAK,diverse_positive,report,hard,div_pos_18
"לתיעוד פנימי - הלקוח ביקש עדכון על הפרויקט, אבל לא נשלחו פרטי קשר או מזהים.",0,NON_LEAK,diverse_negative,memo,medium,div_neg_16
"מתוך הדוח - הלקוח ביקש עדכון על הפרויקט, אבל לא נשלחו פרטי קשר או מזהים תודה",0,NON_LEAK,diverse_negative,report,medium,div_neg_49
"נושא: מעקב
הלקוח ביקש עדכון על הפרויקט, אבל לא נשלחו פרטי קשר או מזהים.",0,NON_LEAK,diverse_negative,email,medium,div_neg_51
"נושא: טיפול
במצגת הופיעו שמות העובדים לצד נתוני שכר ובונוסים.",1,LEAK,paired_hard_positive,email,hard,pair_7_pos
סיכום פגישה: הועבר סיכום על טל אוחנה שעובד בנייס באשדוד.,0,NON_LEAK,paired_hard_negative,meeting_note,hard,pair_1_neg
סיכום פגישה: המסמך מזכיר את איכילוב ואת שרון סעדה וכולל גם אבחנה של לחץ דם גבוה.,1,LEAK,paired_hard_positive,meeting_note,hard,pair_6_pos
עדכון: יש לעדכן את טבלת ההזמנות עם חשבון הבנק 1378708175 של מאיה ביטון.,1,LEAK,paired_hard_positive,chat,hard,pair_5_pos
"נושא: עדכון
הועבר דוח עם רשימת לקוחות אסטרטגיים, הצעות מחיר ותנאי התקשרות",1,LEAK,diverse_positive,email,medium,div_pos_4
"סיכום פגישה: במסמך המצורף אין מידע אישי, רק סיכום משימות והחלטות.",0,NON_LEAK,diverse_negative,meeting_note,medium,div_neg_26
מתוך הדוח - הועבר סיכום על שירה אברהם שעובד בבנק לאומי בבאר שבע,0,NON_LEAK,paired_hard_negative,report,hard,pair_1_neg
מתוך הדוח - הפגישה עם ליאור מלכה נקבעה ל8/5/2026 בבאר שבע.,0,NON_LEAK,paired_hard_negative,report,hard,pair_2_neg
"נושא: טיפול
במצגת הופיעו שמות העובדים לצורך חלוקת משימות.",0,NON_LEAK,paired_hard_negative,email,hard,pair_7_neg
סיכום פגישה: שם העובד ניר ביטון מופיע במצגת הפנימית ללא פרטים נוספים.,0,NON_LEAK,diverse_negative,meeting_note,medium,div_neg_43
"מתוך הדוח: במסמך המצורף אין מידע אישי, רק סיכום משימות והחלטות.",0,NON_LEAK,diverse_negative,report,medium,div_neg_21
תזכורת: הסיסמה הזמנית לחשבון של עדי שלום היא Welcome2026! ויש להחליף אותה מיד.,1,LEAK,diverse_positive,chat,hard,div_pos_59
סיכום פגישה: הועבר סיכום על יואב לוי שעובד במכבי שירותי בריאות במודיעין,0,NON_LEAK,paired_hard_negative,meeting_note,hard,pair_1_neg
"לתיעוד פנימי: הועבר החזר בגובה 37,208 ש""ח לחשבון 8712603533 של יואב לוי.",1,LEAK,diverse_positive,memo,medium,div_pos_38
"REQ-607478 | הקובץ מכיל שם משתמש, סיסמה וגישה לסביבת הייצור. תודה",1,LEAK,diverse_positive,ticket,medium,div_pos_34
"לתיעוד פנימי: הפגישה עם עמית אלקיים נקבעה ל20/3/2026 בהרצליה, ובמסמך צורף גם הטלפון 0511904444.",1,LEAK,paired_hard_positive,memo,hard,pair_2_pos
"נושא: בקשה
במצגת הופיעו שמות העובדים לצד נתוני שכר ובונוסים",1,LEAK,paired_hard_positive,email,hard,pair_7_pos
מתוך הדוח: הפגישה עם נועה מזרחי נקבעה ל10/7/2026 במודיעין.,0,NON_LEAK,paired_hard_negative,report,hard,pair_2_neg
"נושא: טיפול
הפגישה עם מאיה ביטון נקבעה ל23/7/2026 בהרצליה.",0,NON_LEAK,paired_hard_negative,email,hard,pair_2_neg
מתוך הדוח: המסמך מזכיר את אסותא ואת מאיה ביטון וכולל גם אבחנה של פציעת גב.,1,LEAK,paired_hard_positive,report,hard,pair_6_pos
HR-346739 | בדוח משאבי האנוש מופיעים נתוני השכר של ניר ביטון עבור חודש מרץ.,1,LEAK,diverse_positive,ticket,hard,div_pos_7
"נושא: טיפול
הועבר דוח עם רשימת לקוחות אסטרטגיים, הצעות מחיר ותנאי התקשרות",1,LEAK,diverse_positive,email,hard,div_pos_22
HR-139826 | הצוות דן בהשקת פרויקט נוגה ביום 27/7/2026 במסמך מסווג פנימי שלא נועד להפצה.,1,LEAK,paired_hard_positive,ticket,hard,pair_4_pos
לתיעוד פנימי: בדוח הלקוח מופיע איש קשר בשם אילן שבתאי.,0,NON_LEAK,paired_hard_negative,memo,hard,pair_3_neg
מתוך הדוח - במצגת הופיעו שמות העובדים לצורך חלוקת משימות. תודה,0,NON_LEAK,paired_hard_negative,report,hard,pair_7_neg
לתיעוד פנימי: הצוות דן בהשקת מערכת קשת ביום 20/7/2026,0,NON_LEAK,paired_hard_negative,memo,hard,pair_4_neg
סיכום פגישה: הצוות דן בהשקת פרויקט נוגה ביום 6/8/2026 במסמך מסווג פנימי שלא נועד להפצה.,1,LEAK,paired_hard_positive,meeting_note,hard,pair_4_pos
"שולח: הועבר סיכום על עמית אלקיים שעובד בסלקום בהרצליה, כולל מספר הזהות 203271200.",1,LEAK,paired_hard_positive,chat,hard,pair_1_pos
סיכום פגישה - המערכת החדשה תושק ב28/5/2026 לפי הודעה רשמית שפורסמה לכלל העובדים.,0,NON_LEAK,diverse_negative,meeting_note,medium,div_neg_59
"לתיעוד פנימי: הקובץ מכיל שם משתמש, סיסמה וגישה לסביבת הייצור.",1,LEAK,diverse_positive,memo,hard,div_pos_5
סיכום פגישה - הצוות דן בהשקת מוצר הדס ביום 12/6/2026 במסמך מסווג פנימי שלא נועד להפצה.,1,LEAK,paired_hard_positive,meeting_note,hard,pair_4_pos
"סיכום פגישה: בדוח מופיע רק שם החברה אלביט ותאריך יעד 27/5/2026, ללא מידע אישי.",0,NON_LEAK,diverse_negative,meeting_note,medium,div_neg_13
לתיעוד פנימי: יש לעדכן את טבלת ההזמנות עם מזהה פנימי 8079486215.,0,NON_LEAK,paired_hard_negative,memo,hard,pair_5_neg
"לתיעוד פנימי: הועבר דוח עם רשימת לקוחות אסטרטגיים, הצעות מחיר ותנאי התקשרות.",1,LEAK,diverse_positive,memo,medium,div_pos_59
"סיכום פגישה: הפגישה עם איתי פרץ נקבעה ל7/5/2026 בנתניה, ובמסמך צורף גם הטלפון 0586467270",1,LEAK,paired_hard_positive,meeting_note,hard,pair_2_pos
"נושא: בקשה
הקובץ מכיל שם משתמש, סיסמה וגישה לסביבת הייצור.",1,LEAK,diverse_positive,email,hard,div_pos_15
FIN-514274 | בדוח הלקוח מופיע איש קשר בשם יעל לוי.,0,NON_LEAK,paired_hard_negative,ticket,hard,pair_3_neg
מתוך הדוח: יש לעדכן את טבלת ההזמנות עם חשבון הבנק 3390805866 של קרן אמסלם.,1,LEAK,paired_hard_positive,report,hard,pair_5_pos
"נושא: מעקב
בדוח הלקוח מופיע איש קשר בשם משה אוחנה.",0,NON_LEAK,paired_hard_negative,email,hard,pair_3_neg
לתיעוד פנימי: הצוות דן בהשקת שירות אביב ביום 25/6/2026 במסמך מסווג פנימי שלא נועד להפצה. תודה,1,LEAK,paired_hard_positive,memo,hard,pair_4_pos
REQ-201375 | במצגת הופיעו שמות העובדים לצורך חלוקת משימות.,0,NON_LEAK,paired_hard_negative,ticket,hard,pair_7_neg
"REQ-648732 | הפגישה עם מנכ""ל תתקיים ביום ראשון בירושלים.",0,NON_LEAK,diverse_negative,ticket,medium,div_neg_32
עדכון: לצורך זיהוי מול הספק הועבר מספר הזהות של נועה מזרחי: 525949465.,1,LEAK,diverse_positive,chat,medium,div_pos_25
שולח: במצגת הופיעו שמות העובדים לצד נתוני שכר ובונוסים.,1,LEAK,paired_hard_positive,chat,hard,pair_7_pos
סיכום פגישה - הפגישה עם מנהל אבטחת מידע תתקיים ביום ראשון במודיעין.,0,NON_LEAK,diverse_negative,meeting_note,medium,div_neg_46
"נושא - בקשה
הפגישה עם ראש צוות תתקיים ביום ראשון בחיפה",0,NON_LEAK,diverse_negative,email,hard,div_neg_16
"נושא - בקשה
הצוות עבר לשלב בדיקות אינטגרציה ונדרש לעדכן סטטוס עד סוף היום",0,NON_LEAK,diverse_negative,email,medium,div_neg_35
"סיכום פגישה: הועבר דוח עם רשימת לקוחות אסטרטגיים, הצעות מחיר ותנאי התקשרות",1,LEAK,diverse_positive,meeting_note,medium,div_pos_5
"בדיקה: הועבר סיכום על קרן אמסלם שעובד בבזק בירושלים, כולל מספר הזהות 282386669.",1,LEAK,paired_hard_positive,chat,hard,pair_1_pos
"סיכום פגישה: בדוח מופיע רק שם החברה גוגל ישראל ותאריך יעד 24/1/2026, ללא מידע אישי.",0,NON_LEAK,diverse_negative,meeting_note,hard,div_neg_0
HR-157679 | הצוות דן בהשקת פלטפורמת ארז ביום 7/6/2026 במסמך מסווג פנימי שלא נועד להפצה.,1,LEAK,paired_hard_positive,ticket,hard,pair_4_pos
HR-606402 | המסמך מזכיר את איכילוב ואת הילה חדד וכולל גם אבחנה של פציעת גב.,1,LEAK,paired_hard_positive,ticket,hard,pair_6_pos
שולח - בדוח משאבי האנוש מופיעים נתוני השכר של ליאור מלכה עבור חודש מרץ.,1,LEAK,diverse_positive,chat,medium,div_pos_20
סיכום פגישה: במצגת הופיעו שמות העובדים לצורך חלוקת משימות תודה,0,NON_LEAK,paired_hard_negative,meeting_note,hard,pair_7_neg
"עדכון: פרטי הקשר של ליאור מלכה: מייל liormalka@orgcoil, טלפון 0563006366 תודה",1,LEAK,diverse_positive,chat,medium,div_pos_39
מתוך הדוח: הפגישה עם הילה חדד נקבעה ל23/11/2026 ברעננה.,0,NON_LEAK,paired_hard_negative,report,hard,pair_2_neg
שולח: יש לעדכן את טבלת ההזמנות עם חשבון הבנק 6681508081 של איתי פרץ. תודה,1,LEAK,paired_hard_positive,chat,hard,pair_5_pos
"לתיעוד פנימי: היעד הכספי לרבעון הוא 11,238 ש""ח ולא מדובר במידע על לקוח ספציפי.",0,NON_LEAK,diverse_negative,memo,medium,div_neg_30
"מתוך הדוח: הפגישה עם סמנכ""לית כספים תתקיים ביום ראשון בבאר שבע",0,NON_LEAK,diverse_negative,report,medium,div_neg_44
HR-328902 | מספר הקריאה הוא FIN-806912 ויש לעקוב אחריו מול כספים. תודה,0,NON_LEAK,diverse_negative,ticket,hard,div_neg_33
בדיקה: בדוח משאבי האנוש מופיעים נתוני השכר של מאיה ביטון עבור חודש מרץ,1,LEAK,diverse_positive,chat,medium,div_pos_44
INC-948133 | הועבר סיכום על יעל לוי שעובד בנייס בתל אביב.,0,NON_LEAK,paired_hard_negative,ticket,hard,pair_1_neg
"נושא - טיפול
פרטי הקשר של מאיה ביטון - מייל maya.biton@org.co.il, טלפון 0577678095.",1,LEAK,diverse_positive,email,hard,div_pos_38
"לתיעוד פנימי - הפגישה עם יואב לוי נקבעה ל17/6/2026 בראשון לציון, ובמסמך צורף גם הטלפון 0547218391",1,LEAK,paired_hard_positive,memo,hard,pair_2_pos
סיכום פגישה - בדוח הלקוח מופיע איש קשר בשם רון חדד יחד עם כתובת המייל ron.hadad@mail.com.,1,LEAK,paired_hard_positive,meeting_note,hard,pair_3_pos
"REQ-870876 | במסמך המצורף אין מידע אישי, רק סיכום משימות והחלטות.",0,NON_LEAK,diverse_negative,ticket,hard,div_neg_53
לתיעוד פנימי: הפגישה עם רונית פרץ נקבעה ל23/11/2026 בפתח תקווה.,0,NON_LEAK,paired_hard_negative,memo,hard,pair_2_neg
"נושא: מעקב
הועבר החזר בגובה 38,658 ש""ח לחשבון 3328094319 של נועה מזרחי.",1,LEAK,diverse_positive,email,hard,div_pos_59
"לתיעוד פנימי: הלקוח ביקש עדכון על הפרויקט, אבל לא נשלחו פרטי קשר או מזהים",0,NON_LEAK,diverse_negative,memo,hard,div_neg_53
HR-927993 | הצוות דן בהשקת מודול ברק ביום 19/3/2026.,0,NON_LEAK,paired_hard_negative,ticket,hard,pair_4_neg
לתיעוד פנימי: הפגישה עם ליאור מלכה נקבעה ל6/12/2026 בתל אביב.,0,NON_LEAK,paired_hard_negative,memo,hard,pair_2_neg
SR-914066 | הסיסמה הזמנית לחשבון של רונית פרץ היא Welcome2026! ויש להחליף אותה מיד,1,LEAK,diverse_positive,ticket,medium,div_pos_46
INC-936066 | יש לעדכן את טבלת ההזמנות עם מזהה פנימי 5098476965,0,NON_LEAK,paired_hard_negative,ticket,hard,pair_5_neg
"לתיעוד פנימי: הפגישה עם איתי פרץ נקבעה ל28/4/2026 בירושלים, ובמסמך צורף גם הטלפון 0595869410.",1,LEAK,paired_hard_positive,memo,hard,pair_2_pos
"נושא: טיפול
הועבר סיכום על משה אוחנה שעובד באלביט בהרצליה.",0,NON_LEAK,paired_hard_negative,email,hard,pair_1_neg
"נושא: בקשה
בדוח משאבי האנוש מופיעים נתוני השכר של טל אוחנה עבור חודש מרץ.",1,LEAK,diverse_positive,email,hard,div_pos_51
מתוך הדוח: המסמך מזכיר את אסותא ואת משה אוחנה וכולל גם אבחנה של אלרגיה חריפה.,1,LEAK,paired_hard_positive,report,hard,pair_6_pos
סיכום פגישה: הסיסמה הזמנית לחשבון של מיכל כהן היא Welcome2026! ויש להחליף אותה מיד,1,LEAK,diverse_positive,meeting_note,hard,div_pos_9
"נושא: בקשה
המערכת החדשה תושק ב19/1/2026 לפי הודעה רשמית שפורסמה לכלל העובדים.",0,NON_LEAK,diverse_negative,email,medium,div_neg_55
"נושא: טיפול
במצגת הופיעו שמות העובדים לצד נתוני שכר ובונוסים.",1,LEAK,paired_hard_positive,email,hard,pair_7_pos
"נושא: בקשה
במצגת הופיעו שמות העובדים לצד נתוני שכר ובונוסים",1,LEAK,paired_hard_positive,email,hard,pair_7_pos
"נושא: מעקב
היעד הכספי לרבעון הוא 22,689 ש""ח ולא מדובר במידע על לקוח ספציפי.",0,NON_LEAK,diverse_negative,email,hard,div_neg_45
"נושא: בקשה
הצוות עבר לשלב בדיקות אינטגרציה ונדרש לעדכן סטטוס עד סוף היום. תודה",0,NON_LEAK,diverse_negative,email,medium,div_neg_15
"בדיקה: בדוח מופיע רק שם החברה מכבי שירותי בריאות ותאריך יעד 21/8/2026, ללא מידע אישי. תודה",0,NON_LEAK,diverse_negative,chat,medium,div_neg_15
תזכורת - הצוות עבר לשלב בדיקות אינטגרציה ונדרש לעדכן סטטוס עד סוף היום.,0,NON_LEAK,diverse_negative,chat,medium,div_neg_36
לתיעוד פנימי: במצגת הופיעו שמות העובדים לצד נתוני שכר ובונוסים.,1,LEAK,paired_hard_positive,memo,hard,pair_7_pos
"FIN-304704 | הועבר סיכום על ליאור מלכה שעובד בבנק הפועלים בתל אביב, כולל מספר הזהות 059257742.",1,LEAK,paired_hard_positive,ticket,hard,pair_1_pos
סיכום פגישה: הצוות עבר לשלב בדיקות אינטגרציה ונדרש לעדכן סטטוס עד סוף היום. תודה,0,NON_LEAK,diverse_negative,meeting_note,medium,div_neg_34
סיכום פגישה - נא לשמור על סודיות - תוכנית ההשקה של פלטפורמת ארז וקוד השם פרויקט דרור מצורפים.,1,LEAK,diverse_positive,meeting_note,hard,div_pos_33
עדכון: בדוח הלקוח מופיע איש קשר בשם איתי פרץ יחד עם כתובת המייל itayperetz@companycoil,1,LEAK,paired_hard_positive,chat,hard,pair_3_pos
"נושא: טיפול
הפגישה עם אורן אברהם נקבעה ל10/3/2026 בירושלים, ובמסמך צורף גם הטלפון 0569976177.",1,LEAK,paired_hard_positive,email,hard,pair_2_pos
מתוך הדוח - הצוות דן בהשקת פרויקט נוגה ביום 23/2/2026,0,NON_LEAK,paired_hard_negative,report,hard,pair_4_neg
"SR-301350 | הפגישה עם מיכל כהן נקבעה ל10/2/2026 בתל אביב, ובמסמך צורף גם הטלפון 0538791551.",1,LEAK,paired_hard_positive,ticket,hard,pair_2_pos
מתוך הדוח - הצוות דן בהשקת פרויקט נוגה ביום 11/2/2026.,0,NON_LEAK,paired_hard_negative,report,hard,pair_4_neg
HR-830920 | נא לשמור על סודיות: תוכנית ההשקה של מוצר אופק וקוד השם תוכנית רימון מצורפים.,1,LEAK,diverse_positive,ticket,hard,div_pos_2
תזכורת: בדוח שהגיע מאסותא מופיעים פרטי טיפול של דוד כהן. תודה,1,LEAK,diverse_positive,chat,medium,div_pos_33
"לתיעוד פנימי - הועבר דוח עם רשימת לקוחות אסטרטגיים, הצעות מחיר ותנאי התקשרות.",1,LEAK,diverse_positive,memo,hard,div_pos_16
תזכורת: המסמך מזכיר את איכילוב ואת רון חדד בהקשר אדמיניסטרטיבי,0,NON_LEAK,paired_hard_negative,chat,hard,pair_6_neg
מתוך הדוח: במצגת הופיעו שמות העובדים לצד נתוני שכר ובונוסים.,1,LEAK,paired_hard_positive,report,hard,pair_7_pos
סיכום פגישה: במצגת הופיעו שמות העובדים לצורך חלוקת משימות.,0,NON_LEAK,paired_hard_negative,meeting_note,hard,pair_7_neg
מתוך הדוח: במצגת הופיעו שמות העובדים לצד נתוני שכר ובונוסים,1,LEAK,paired_hard_positive,report,hard,pair_7_pos
"שולח: הלקוח ביקש עדכון על הפרויקט, אבל לא נשלחו פרטי קשר או מזהים",0,NON_LEAK,diverse_negative,chat,hard,div_neg_9
"נושא: בקשה
יש לעדכן את טבלת ההזמנות עם חשבון הבנק 4917646988 של ניר ביטון",1,LEAK,paired_hard_positive,email,hard,pair_5_pos
סיכום פגישה: המסמך מזכיר את אסותא ואת איתי פרץ בהקשר אדמיניסטרטיבי.,0,NON_LEAK,paired_hard_negative,meeting_note,hard,pair_6_neg
"REQ-018311 | פרטי הקשר של מאיה ביטון: מייל maya.biton@example.co.il, טלפון 0577229475.",1,LEAK,diverse_positive,ticket,hard,div_pos_10
תזכורת: הצוות דן בהשקת פרויקט נוגה ביום 27/2/2026.,0,NON_LEAK,paired_hard_negative,chat,hard,pair_4_neg
שולח - שם העובד טל אוחנה מופיע במצגת הפנימית ללא פרטים נוספים. תודה,0,NON_LEAK,diverse_negative,chat,hard,div_neg_42
"סיכום פגישה: הפגישה עם שירה אברהם נקבעה ל3/4/2026 בנתניה, ובמסמך צורף גם הטלפון 0551820601.",1,LEAK,paired_hard_positive,meeting_note,hard,pair_2_pos
"לתיעוד פנימי - הועבר דוח עם רשימת לקוחות אסטרטגיים, הצעות מחיר ותנאי התקשרות תודה",1,LEAK,diverse_positive,memo,medium,div_pos_12
תזכורת: יש לעדכן את טבלת ההזמנות עם מזהה פנימי 6462176648,0,NON_LEAK,paired_hard_negative,chat,hard,pair_5_neg
"מתוך הדוח - בדוח מופיע רק שם החברה סלקום ותאריך יעד 19/10/2026, ללא מידע אישי.",0,NON_LEAK,diverse_negative,report,medium,div_neg_14
"HR-984277 | בנספח מופיעים פרטי החשבון של דנה דנינו - בנק הפועלים, חשבון 5117207499 תודה",1,LEAK,diverse_positive,ticket,medium,div_pos_30
FIN-467597 | יש לעדכן את טבלת ההזמנות עם חשבון הבנק 3275748775 של יואב לוי.,1,LEAK,paired_hard_positive,ticket,hard,pair_5_pos
"מתוך הדוח - הפגישה עם אלון מלכה נקבעה ל22/6/2026 במודיעין, ובמסמך צורף גם הטלפון 0576627841",1,LEAK,paired_hard_positive,report,hard,pair_2_pos
"REQ-209835 | בדוח מופיע רק שם החברה אלביט ותאריך יעד 5/9/2026, ללא מידע אישי.",0,NON_LEAK,diverse_negative,ticket,medium,div_neg_44
מתוך הדוח: מספר הקריאה הוא HR-242041 ויש לעקוב אחריו מול משאבי אנוש.,0,NON_LEAK,diverse_negative,report,medium,div_neg_41
"נושא: עדכון
הקובץ מכיל שם משתמש, סיסמה וגישה לסביבת הייצור",1,LEAK,diverse_positive,email,hard,div_pos_59
REQ-881779 | המערכת החדשה תושק ב12/9/2026 לפי הודעה רשמית שפורסמה לכלל העובדים.,0,NON_LEAK,diverse_negative,ticket,medium,div_neg_15
"מתוך הדוח: המסמך מזכיר את רמב""ם ואת טל אוחנה וכולל גם אבחנה של סוכרת.",1,LEAK,paired_hard_positive,report,hard,pair_6_pos
"סיכום פגישה - הועבר החזר בגובה 29,824 ש""ח לחשבון 3625322323 של טל אוחנה",1,LEAK,diverse_positive,meeting_note,medium,div_pos_48
"לתיעוד פנימי: הועבר סיכום על ניר ביטון שעובד באלביט בבאר שבע, כולל מספר הזהות 434028434.",1,LEAK,paired_hard_positive,memo,hard,pair_1_pos
בדיקה: הפגישה עם דוד כהן נקבעה ל13/1/2026 בירושלים,0,NON_LEAK,paired_hard_negative,chat,hard,pair_2_neg
"סיכום פגישה: הועבר החזר בגובה 32,838 ש""ח לחשבון 3676696364 של אילן שבתאי.",1,LEAK,diverse_positive,meeting_note,medium,div_pos_39
תזכורת: יש לעדכן את טבלת ההזמנות עם מזהה פנימי 1017314409.,0,NON_LEAK,paired_hard_negative,chat,hard,pair_5_neg
REQ-897579 | בדשבורד הציבורי מופיע סטטוס כללי של פרויקט פרויקט דרור.,0,NON_LEAK,diverse_negative,ticket,medium,div_neg_4
SR-445590 | בדוח שהגיע מסורוקה מופיעים פרטי טיפול של עדי שלום.,1,LEAK,diverse_positive,ticket,medium,div_pos_11
"מתוך הדוח - הלקוח ביקש עדכון על הפרויקט, אבל לא נשלחו פרטי קשר או מזהים",0,NON_LEAK,diverse_negative,report,hard,div_neg_12
"לתיעוד פנימי - בנספח מופיעים פרטי החשבון של רון חדד - דיסקונט, חשבון 2274861331. תודה",1,LEAK,diverse_positive,memo,medium,div_pos_29
"נושא - בקשה
במצגת הופיעו שמות העובדים לצורך חלוקת משימות.",0,NON_LEAK,paired_hard_negative,email,hard,pair_7_neg
"נושא - מעקב
המערכת החדשה תושק ב21/6/2026 לפי הודעה רשמית שפורסמה לכלל העובדים.",0,NON_LEAK,diverse_negative,email,medium,div_neg_51
סיכום פגישה: הצוות דן בהשקת פרויקט נוגה ביום 21/4/2026. תודה,0,NON_LEAK,paired_hard_negative,meeting_note,hard,pair_4_neg
מתוך הדוח: בדוח שהגיע מאיכילוב מופיעים פרטי טיפול של אילן שבתאי,1,LEAK,diverse_positive,report,medium,div_pos_29
"שולח: הועבר סיכום על דוד כהן שעובד במכבי שירותי בריאות בנתניה, כולל מספר הזהות 962650467.",1,LEAK,paired_hard_positive,chat,hard,pair_1_pos
"נושא: עדכון
הועבר סיכום על נועה מזרחי שעובד בבנק הפועלים בפתח תקווה.",0,NON_LEAK,paired_hard_negative,email,hard,pair_1_neg
"מתוך הדוח: פרטי הקשר של נועה מזרחי: מייל noa.mizrahi@outlook.com, טלפון 0505689377.",1,LEAK,diverse_positive,report,medium,div_pos_33
REQ-902860 | לצורך זיהוי מול הספק הועבר מספר הזהות של שרון סעדה: 643634325,1,LEAK,diverse_positive,ticket,medium,div_pos_39
סיכום פגישה: בדוח הלקוח מופיע איש קשר בשם דנה דנינו.,0,NON_LEAK,paired_hard_negative,meeting_note,hard,pair_3_neg
HR-070294 | המערכת החדשה תושק ב27/9/2026 לפי הודעה רשמית שפורסמה לכלל העובדים,0,NON_LEAK,diverse_negative,ticket,medium,div_neg_44
"נושא: טיפול
הועבר דוח עם רשימת לקוחות אסטרטגיים, הצעות מחיר ותנאי התקשרות.",1,LEAK,diverse_positive,email,medium,div_pos_18
"נושא: בקשה
במסמך המצורף אין מידע אישי, רק סיכום משימות והחלטות",0,NON_LEAK,diverse_negative,email,medium,div_neg_6
לתיעוד פנימי: שם העובד אורן אברהם מופיע במצגת הפנימית ללא פרטים נוספים.,0,NON_LEAK,diverse_negative,memo,medium,div_neg_0
"נושא: בקשה
הועבר החזר בגובה 30,224 ש""ח לחשבון 7876610374 של מאיה ביטון.",1,LEAK,diverse_positive,email,medium,div_pos_44
מתוך הדוח: בדוח שהגיע מסורוקה מופיעים פרטי טיפול של יעל לוי. תודה,1,LEAK,diverse_positive,report,medium,div_pos_25
"סיכום פגישה: בדוח מופיע רק שם החברה בנק הפועלים ותאריך יעד 5/12/2026, ללא מידע אישי. תודה",0,NON_LEAK,diverse_negative,meeting_note,medium,div_neg_54
מתוך הדוח: הצוות דן בהשקת מודול ברק ביום 27/2/2026.,0,NON_LEAK,paired_hard_negative,report,hard,pair_4_neg
לתיעוד פנימי: לצורך זיהוי מול הספק הועבר מספר הזהות של אלון מלכה: 214608266.,1,LEAK,diverse_positive,memo,medium,div_pos_39
"לתיעוד פנימי: הפגישה עם סמנכ""לית כספים תתקיים ביום ראשון בפתח תקווה.",0,NON_LEAK,diverse_negative,memo,hard,div_neg_11
"לתיעוד פנימי: הועבר סיכום על טל אוחנה שעובד במכבי שירותי בריאות באשדוד, כולל מספר הזהות 691833993.",1,LEAK,paired_hard_positive,memo,hard,pair_1_pos
"סיכום פגישה - בדוח מופיע רק שם החברה Amdocs ותאריך יעד 25/1/2026, ללא מידע אישי.",0,NON_LEAK,diverse_negative,meeting_note,hard,div_neg_32
"נושא: עדכון
שם העובד שרון סעדה מופיע במצגת הפנימית ללא פרטים נוספים.",0,NON_LEAK,diverse_negative,email,medium,div_neg_43
מתוך הדוח: הצוות דן בהשקת שירות אביב ביום 13/1/2026,0,NON_LEAK,paired_hard_negative,report,hard,pair_4_neg
סיכום פגישה - הועבר סיכום על אילן שבתאי שעובד בשטראוס בהרצליה.,0,NON_LEAK,paired_hard_negative,meeting_note,hard,pair_1_neg
"סיכום פגישה - היעד הכספי לרבעון הוא 9,128 ש""ח ולא מדובר במידע על לקוח ספציפי.",0,NON_LEAK,diverse_negative,meeting_note,medium,div_neg_27
"סיכום פגישה: הועבר החזר בגובה 21,920 ש""ח לחשבון 0517879116 של ניר ביטון",1,LEAK,diverse_positive,meeting_note,medium,div_pos_0
"נושא: מעקב
בדוח משאבי האנוש מופיעים נתוני השכר של שירה אברהם עבור חודש מרץ.",1,LEAK,diverse_positive,email,hard,div_pos_5
HR-078676 | שם העובד שירה אברהם מופיע במצגת הפנימית ללא פרטים נוספים.,0,NON_LEAK,diverse_negative,ticket,hard,div_neg_47
לתיעוד פנימי: בדוח שהגיע מסורוקה מופיעים פרטי טיפול של דנה דנינו.,1,LEAK,diverse_positive,memo,medium,div_pos_56
"נושא - עדכון
במסמך המצורף אין מידע אישי, רק סיכום משימות והחלטות.",0,NON_LEAK,diverse_negative,email,hard,div_neg_9
לתיעוד פנימי - בדוח הלקוח מופיע איש קשר בשם משה אוחנה יחד עם כתובת המייל moshe.ohana@company.co.il.,1,LEAK,paired_hard_positive,memo,hard,pair_3_pos
"SR-182591 | במסמך המצורף אין מידע אישי, רק סיכום משימות והחלטות.",0,NON_LEAK,diverse_negative,ticket,hard,div_neg_34
לתיעוד פנימי: יש לעדכן את טבלת ההזמנות עם מזהה פנימי 2417775356,0,NON_LEAK,paired_hard_negative,memo,hard,pair_5_neg
"מתוך הדוח: במסמך המצורף אין מידע אישי, רק סיכום משימות והחלטות.",0,NON_LEAK,diverse_negative,report,medium,div_neg_7
סיכום פגישה: יש לעדכן את טבלת ההזמנות עם חשבון הבנק 1105443633 של שירה אברהם.,1,LEAK,paired_hard_positive,meeting_note,hard,pair_5_pos
FIN-427248 | בדוח הלקוח מופיע איש קשר בשם דוד כהן יחד עם כתובת המייל david.cohen@example.co.il.,1,LEAK,paired_hard_positive,ticket,hard,pair_3_pos
"מתוך הדוח: הפגישה עם קרן אמסלם נקבעה ל24/8/2026 בהרצליה, ובמסמך צורף גם הטלפון 0576798860. תודה",1,LEAK,paired_hard_positive,report,hard,pair_2_pos
"נושא - בקשה
הועבר דוח עם רשימת לקוחות אסטרטגיים, הצעות מחיר ותנאי התקשרות.",1,LEAK,diverse_positive,email,hard,div_pos_25
לתיעוד פנימי: יש לעדכן את טבלת ההזמנות עם מזהה פנימי 4268659697.,0,NON_LEAK,paired_hard_negative,memo,hard,pair_5_neg
"לתיעוד פנימי: הועבר החזר בגובה 11,593 ש""ח לחשבון 7037818565 של קרן אמסלם.",1,LEAK,diverse_positive,memo,hard,div_pos_48
לתיעוד פנימי: מספר הקריאה הוא HR-643020 ויש לעקוב אחריו מול כספים,0,NON_LEAK,diverse_negative,memo,medium,div_neg_3
"מתוך הדוח: פרטי הקשר של דנה דנינו: מייל dana.danino@gmail.com, טלפון 0567159774.",1,LEAK,diverse_positive,report,hard,div_pos_47
סיכום פגישה: בדוח שהגיע מסורוקה מופיעים פרטי טיפול של ליאור מלכה. תודה,1,LEAK,diverse_positive,meeting_note,hard,div_pos_50
תזכורת: נא לשמור על סודיות: תוכנית ההשקה של גרסה 4.2 וקוד השם תוכנית רימון מצורפים.,1,LEAK,diverse_positive,chat,hard,div_pos_5
FIN-128369 | במצגת הופיעו שמות העובדים לצורך חלוקת משימות.,0,NON_LEAK,paired_hard_negative,ticket,hard,pair_7_neg
"שולח: הועבר דוח עם רשימת לקוחות אסטרטגיים, הצעות מחיר ותנאי התקשרות.",1,LEAK,diverse_positive,chat,medium,div_pos_28
REQ-145952 | בדוח משאבי האנוש מופיעים נתוני השכר של עדי שלום עבור חודש מרץ,1,LEAK,diverse_positive,ticket,hard,div_pos_57
מתוך הדוח: הצוות דן בהשקת פלטפורמת ארז ביום 17/11/2026.,0,NON_LEAK,paired_hard_negative,report,hard,pair_4_neg
מתוך הדוח - הפגישה עם מנהל פיתוח תתקיים ביום ראשון בפתח תקווה.,0,NON_LEAK,diverse_negative,report,hard,div_neg_50
תזכורת - הועבר סיכום על מאיה ביטון שעובד בשטראוס בפתח תקווה.,0,NON_LEAK,paired_hard_negative,chat,hard,pair_1_neg
תזכורת: לצורך זיהוי מול הספק הועבר מספר הזהות של משה אוחנה: 318473351.,1,LEAK,diverse_positive,chat,medium,div_pos_15
"סיכום פגישה - המסמך מזכיר את רמב""ם ואת שרון סעדה וכולל גם אבחנה של סוכרת.",1,LEAK,paired_hard_positive,meeting_note,hard,pair_6_pos
שולח: הועבר סיכום על ליאור מלכה שעובד בגוגל ישראל במודיעין.,0,NON_LEAK,paired_hard_negative,chat,hard,pair_1_neg
שולח: נא לשמור על סודיות: תוכנית ההשקה של שירות אביב וקוד השם פרויקט דרור מצורפים.,1,LEAK,diverse_positive,chat,hard,div_pos_57
סיכום פגישה: במצגת הופיעו שמות העובדים לצד נתוני שכר ובונוסים.,1,LEAK,paired_hard_positive,meeting_note,hard,pair_7_pos
"מתוך הדוח: במסמך המצורף אין מידע אישי, רק סיכום משימות והחלטות",0,NON_LEAK,diverse_negative,report,hard,div_neg_35
INC-311131 | המסמך מזכיר את סורוקה ואת שירה אברהם וכולל גם אבחנה של פציעת גב.,1,LEAK,paired_hard_positive,ticket,hard,pair_6_pos
סיכום פגישה: יש לעדכן את טבלת ההזמנות עם חשבון הבנק 7246505521 של רונית פרץ.,1,LEAK,paired_hard_positive,meeting_note,hard,pair_5_pos
INC-306132 | במצגת הופיעו שמות העובדים לצד נתוני שכר ובונוסים,1,LEAK,paired_hard_positive,ticket,hard,pair_7_pos
לתיעוד פנימי: בדוח הלקוח מופיע איש קשר בשם שרון סעדה יחד עם כתובת המייל sharon.saada@company.co.il.,1,LEAK,paired_hard_positive,memo,hard,pair_3_pos
"סיכום פגישה - הועבר סיכום על ניר ביטון שעובד באינטל בבאר שבע, כולל מספר הזהות 148107156 תודה",1,LEAK,paired_hard_positive,meeting_note,hard,pair_1_pos
"נושא: מעקב
הועבר סיכום על אילן שבתאי שעובד באינטל בבאר שבע, כולל מספר הזהות 321652777.",1,LEAK,paired_hard_positive,email,hard,pair_1_pos
עדכון: שם העובד אילן שבתאי מופיע במצגת הפנימית ללא פרטים נוספים. תודה,0,NON_LEAK,diverse_negative,chat,hard,div_neg_32
INC-357943 | המסמך מזכיר את אסותא ואת מיכל כהן בהקשר אדמיניסטרטיבי.,0,NON_LEAK,paired_hard_negative,ticket,hard,pair_6_neg
HR-762154 | הועבר סיכום על יעל לוי שעובד בבנק לאומי בחיפה.,0,NON_LEAK,paired_hard_negative,ticket,hard,pair_1_neg
"נושא: טיפול
בדוח שהגיע מאסותא מופיעים פרטי טיפול של איתי פרץ.",1,LEAK,diverse_positive,email,hard,div_pos_13
לתיעוד פנימי: הצוות עבר לשלב בדיקות אינטגרציה ונדרש לעדכן סטטוס עד סוף היום,0,NON_LEAK,diverse_negative,memo,hard,div_neg_0
"לתיעוד פנימי: הפגישה עם רון חדד נקבעה ל5/8/2026 בחיפה, ובמסמך צורף גם הטלפון 0517891748.",1,LEAK,paired_hard_positive,memo,hard,pair_2_pos
מתוך הדוח: המסמך מזכיר את סורוקה ואת נועה מזרחי בהקשר אדמיניסטרטיבי.,0,NON_LEAK,paired_hard_negative,report,hard,pair_6_neg
לתיעוד פנימי: יש לעדכן את טבלת ההזמנות עם חשבון הבנק 3408703620 של דנה דנינו.,1,LEAK,paired_hard_positive,memo,hard,pair_5_pos
בדיקה: הסיסמה הזמנית לחשבון של איתי פרץ היא Welcome2026! ויש להחליף אותה מיד.,1,LEAK,diverse_positive,chat,hard,div_pos_2
סיכום פגישה: יש לעדכן את טבלת ההזמנות עם חשבון הבנק 2649593697 של רונית פרץ.,1,LEAK,paired_hard_positive,meeting_note,hard,pair_5_pos
סיכום פגישה: הצוות דן בהשקת מוצר אופק ביום 1/12/2026.,0,NON_LEAK,paired_hard_negative,meeting_note,hard,pair_4_neg
"FIN-420317 | הקובץ מכיל שם משתמש, סיסמה וגישה לסביבת הייצור. תודה",1,LEAK,diverse_positive,ticket,hard,div_pos_49
לתיעוד פנימי: הצוות דן בהשקת גרסה 4.2 ביום 10/11/2026.,0,NON_LEAK,paired_hard_negative,memo,hard,pair_4_neg
"מתוך הדוח: בנספח מופיעים פרטי החשבון של עמית אלקיים: מזרחי טפחות, חשבון 8285335613.",1,LEAK,diverse_positive,report,hard,div_pos_19
סיכום פגישה - הצוות דן בהשקת פרויקט נוגה ביום 25/4/2026 במסמך מסווג פנימי שלא נועד להפצה.,1,LEAK,paired_hard_positive,meeting_note,hard,pair_4_pos
"נושא - מעקב
במצגת הופיעו שמות העובדים לצורך חלוקת משימות.",0,NON_LEAK,paired_hard_negative,email,hard,pair_7_neg
"לתיעוד פנימי - הפגישה עם שרון סעדה נקבעה ל15/3/2026 באשדוד, ובמסמך צורף גם הטלפון 0561174535.",1,LEAK,paired_hard_positive,memo,hard,pair_2_pos
בדיקה: בדוח הלקוח מופיע איש קשר בשם רון חדד.,0,NON_LEAK,paired_hard_negative,chat,hard,pair_3_neg
עדכון: לצורך זיהוי מול הספק הועבר מספר הזהות של ליאור מלכה: 207243692.,1,LEAK,diverse_positive,chat,hard,div_pos_36
לתיעוד פנימי - הצוות דן בהשקת מוצר אופק ביום 19/8/2026 במסמך מסווג פנימי שלא נועד להפצה.,1,LEAK,paired_hard_positive,memo,hard,pair_4_pos
FIN-375789 | המערכת החדשה תושק ב2/12/2026 לפי הודעה רשמית שפורסמה לכלל העובדים.,0,NON_LEAK,diverse_negative,ticket,medium,div_neg_14
"סיכום פגישה: בדוח מופיע רק שם החברה צ'ק פוינט ותאריך יעד 12/4/2026, ללא מידע אישי.",0,NON_LEAK,diverse_negative,meeting_note,hard,div_neg_11
"סיכום פגישה: במסמך המצורף אין מידע אישי, רק סיכום משימות והחלטות. תודה",0,NON_LEAK,diverse_negative,meeting_note,medium,div_neg_18
"מתוך הדוח: הועבר סיכום על שירה אברהם שעובד בגוגל ישראל בחיפה, כולל מספר הזהות 304613523.",1,LEAK,paired_hard_positive,report,hard,pair_1_pos
"נושא: מעקב
הועבר סיכום על יואב לוי שעובד בשופרסל בירושלים",0,NON_LEAK,paired_hard_negative,email,hard,pair_1_neg
"תזכורת - הפגישה עם דנה דנינו נקבעה ל6/7/2026 באשדוד, ובמסמך צורף גם הטלפון 0541437502.",1,LEAK,paired_hard_positive,chat,hard,pair_2_pos
לתיעוד פנימי: הפגישה עם נועה מזרחי נקבעה ל25/7/2026 בתל אביב.,0,NON_LEAK,paired_hard_negative,memo,hard,pair_2_neg
"מתוך הדוח: בנספח מופיעים פרטי החשבון של הילה חדד: בנק לאומי, חשבון 4253404627",1,LEAK,diverse_positive,report,medium,div_pos_46
סיכום פגישה: הצוות דן בהשקת פרויקט נוגה ביום 28/2/2026 במסמך מסווג פנימי שלא נועד להפצה.,1,LEAK,paired_hard_positive,meeting_note,hard,pair_4_pos
"לתיעוד פנימי: הקובץ מכיל שם משתמש, סיסמה וגישה לסביבת הייצור.",1,LEAK,diverse_positive,memo,hard,div_pos_3
"מתוך הדוח - המסמך מזכיר את רמב""ם ואת יעל לוי בהקשר אדמיניסטרטיבי",0,NON_LEAK,paired_hard_negative,report,hard,pair_6_neg
"נושא: בקשה
הפגישה עם מנהלת משאבי אנוש תתקיים ביום ראשון באשדוד",0,NON_LEAK,diverse_negative,email,medium,div_neg_7
INC-013842 | בדוח הלקוח מופיע איש קשר בשם אלון מלכה יחד עם כתובת המייל alon.malka@org.co.il.,1,LEAK,paired_hard_positive,ticket,hard,pair_3_pos
"מתוך הדוח: הלקוח ביקש עדכון על הפרויקט, אבל לא נשלחו פרטי קשר או מזהים.",0,NON_LEAK,diverse_negative,report,medium,div_neg_8
סיכום פגישה: הצוות דן בהשקת מודול ברק ביום 9/8/2026.,0,NON_LEAK,paired_hard_negative,meeting_note,hard,pair_4_neg
לתיעוד פנימי: מספר הקריאה הוא FIN-614697 ויש לעקוב אחריו מול רכש.,0,NON_LEAK,diverse_negative,memo,medium,div_neg_47
"נושא: מעקב
מספר הקריאה הוא SR-224214 ויש לעקוב אחריו מול מכירות.",0,NON_LEAK,diverse_negative,email,hard,div_neg_40
סיכום פגישה: יש לעדכן את טבלת ההזמנות עם חשבון הבנק 3636938624 של רונית פרץ.,1,LEAK,paired_hard_positive,meeting_note,hard,pair_5_pos
לתיעוד פנימי: הצוות דן בהשקת שירות אביב ביום 11/10/2026 במסמך מסווג פנימי שלא נועד להפצה,1,LEAK,paired_hard_positive,memo,hard,pair_4_pos
"שולח: בנספח מופיעים פרטי החשבון של רון חדד: דיסקונט, חשבון 7471337303.",1,LEAK,diverse_positive,chat,hard,div_pos_8
סיכום פגישה - נא לשמור על סודיות - תוכנית ההשקה של גרסה 4.2 וקוד השם מיזם תמר מצורפים.,1,LEAK,diverse_positive,meeting_note,hard,div_pos_14
בדיקה: יש לעדכן את טבלת ההזמנות עם חשבון הבנק 4299376245 של רון חדד.,1,LEAK,paired_hard_positive,chat,hard,pair_5_pos
סיכום פגישה: בדשבורד הציבורי מופיע סטטוס כללי של פרויקט מיזם תמר,0,NON_LEAK,diverse_negative,meeting_note,hard,div_neg_45
לתיעוד פנימי: יש לעדכן את טבלת ההזמנות עם מזהה פנימי 2679630394.,0,NON_LEAK,paired_hard_negative,memo,hard,pair_5_neg
בדיקה: לצורך זיהוי מול הספק הועבר מספר הזהות של משה אוחנה: 516007447.,1,LEAK,diverse_positive,chat,hard,div_pos_40
לתיעוד פנימי - יש לעדכן את טבלת ההזמנות עם חשבון הבנק 4673892604 של אילן שבתאי.,1,LEAK,paired_hard_positive,memo,hard,pair_5_pos
מתוך הדוח: המסמך מזכיר את שיבא ואת רון חדד בהקשר אדמיניסטרטיבי.,0,NON_LEAK,paired_hard_negative,report,hard,pair_6_neg
בדיקה: במצגת הופיעו שמות העובדים לצורך חלוקת משימות,0,NON_LEAK,paired_hard_negative,chat,hard,pair_7_neg
"סיכום פגישה: היעד הכספי לרבעון הוא 14,384 ש""ח ולא מדובר במידע על לקוח ספציפי",0,NON_LEAK,diverse_negative,meeting_note,hard,div_neg_31
מתוך הדוח - בדשבורד הציבורי מופיע סטטוס כללי של פרויקט מיזם תמר.,0,NON_LEAK,diverse_negative,report,medium,div_neg_4
REQ-901001 | שם העובד מיכל כהן מופיע במצגת הפנימית ללא פרטים נוספים,0,NON_LEAK,diverse_negative,ticket,hard,div_neg_29
SR-941863 | הסיסמה הזמנית לחשבון של טל אוחנה היא Welcome2026! ויש להחליף אותה מיד.,1,LEAK,diverse_positive,ticket,medium,div_pos_9
סיכום פגישה - המסמך מזכיר את אסותא ואת איתי פרץ וכולל גם אבחנה של סוכרת.,1,LEAK,paired_hard_positive,meeting_note,hard,pair_6_pos
בדיקה: המערכת החדשה תושק ב23/9/2026 לפי הודעה רשמית שפורסמה לכלל העובדים. תודה,0,NON_LEAK,diverse_negative,chat,medium,div_neg_18
"לתיעוד פנימי - הועבר דוח עם רשימת לקוחות אסטרטגיים, הצעות מחיר ותנאי התקשרות",1,LEAK,diverse_positive,memo,medium,div_pos_23
שולח: הצוות דן בהשקת מערכת קשת ביום 20/7/2026 במסמך מסווג פנימי שלא נועד להפצה.,1,LEAK,paired_hard_positive,chat,hard,pair_4_pos
סיכום פגישה: הפגישה עם מאיה ביטון נקבעה ל5/3/2026 בנתניה. תודה,0,NON_LEAK,paired_hard_negative,meeting_note,hard,pair_2_neg
לתיעוד פנימי: בדוח משאבי האנוש מופיעים נתוני השכר של ליאור מלכה עבור חודש מרץ.,1,LEAK,diverse_positive,memo,medium,div_pos_5
"נושא: עדכון
במצגת הופיעו שמות העובדים לצד נתוני שכר ובונוסים. תודה",1,LEAK,paired_hard_positive,email,hard,pair_7_pos
HR-485729 | בדשבורד הציבורי מופיע סטטוס כללי של פרויקט מיזם תמר.,0,NON_LEAK,diverse_negative,ticket,hard,div_neg_1
"בדיקה: הועבר דוח עם רשימת לקוחות אסטרטגיים, הצעות מחיר ותנאי התקשרות.",1,LEAK,diverse_positive,chat,hard,div_pos_43
מתוך הדוח: הפגישה עם חשב שכר תתקיים ביום ראשון במודיעין,0,NON_LEAK,diverse_negative,report,medium,div_neg_28
SR-770172 | בדוח משאבי האנוש מופיעים נתוני השכר של יואב לוי עבור חודש מרץ,1,LEAK,diverse_positive,ticket,medium,div_pos_57
תזכורת: הועבר סיכום על יואב לוי שעובד בAmdocs בחיפה. תודה,0,NON_LEAK,paired_hard_negative,chat,hard,pair_1_neg
סיכום פגישה: המערכת החדשה תושק ב2/8/2026 לפי הודעה רשמית שפורסמה לכלל העובדים,0,NON_LEAK,diverse_negative,meeting_note,medium,div_neg_54
שולח - במצגת הופיעו שמות העובדים לצד נתוני שכר ובונוסים.,1,LEAK,paired_hard_positive,chat,hard,pair_7_pos
HR-231482 | יש לעדכן את טבלת ההזמנות עם מזהה פנימי 1563853888,0,NON_LEAK,paired_hard_negative,ticket,hard,pair_5_neg
"תזכורת: הקובץ מכיל שם משתמש, סיסמה וגישה לסביבת הייצור.",1,LEAK,diverse_positive,chat,hard,div_pos_13
לתיעוד פנימי - מספר הקריאה הוא SR-001728 ויש לעקוב אחריו מול שירות לקוחות.,0,NON_LEAK,diverse_negative,memo,medium,div_neg_13
סיכום פגישה: יש לעדכן את טבלת ההזמנות עם חשבון הבנק 0485558460 של משה אוחנה.,1,LEAK,paired_hard_positive,meeting_note,hard,pair_5_pos
בדיקה - יש לעדכן את טבלת ההזמנות עם מזהה פנימי 2874036686.,0,NON_LEAK,paired_hard_negative,chat,hard,pair_5_neg
לתיעוד פנימי: המסמך מזכיר את שיבא ואת שירה אברהם בהקשר אדמיניסטרטיבי,0,NON_LEAK,paired_hard_negative,memo,hard,pair_6_neg
שולח - יש לעדכן את טבלת ההזמנות עם מזהה פנימי 3897856083.,0,NON_LEAK,paired_hard_negative,chat,hard,pair_5_neg
סיכום פגישה: המסמך מזכיר את אסותא ואת מיכל כהן בהקשר אדמיניסטרטיבי.,0,NON_LEAK,paired_hard_negative,meeting_note,hard,pair_6_neg
מתוך הדוח - המסמך מזכיר את אסותא ואת ליאור מלכה בהקשר אדמיניסטרטיבי.,0,NON_LEAK,paired_hard_negative,report,hard,pair_6_neg
סיכום פגישה: לצורך זיהוי מול הספק הועבר מספר הזהות של אלון מלכה: 534921501.,1,LEAK,diverse_positive,meeting_note,hard,div_pos_22
מתוך הדוח: הצוות דן בהשקת שירות אביב ביום 24/6/2026 במסמך מסווג פנימי שלא נועד להפצה,1,LEAK,paired_hard_positive,report,hard,pair_4_pos
מתוך הדוח: שם העובד מיכל כהן מופיע במצגת הפנימית ללא פרטים נוספים.,0,NON_LEAK,diverse_negative,report,hard,div_neg_7
לתיעוד פנימי - בדוח הלקוח מופיע איש קשר בשם שירה אברהם.,0,NON_LEAK,paired_hard_negative,memo,hard,pair_3_neg
"נושא: עדכון
לצורך זיהוי מול הספק הועבר מספר הזהות של דוד כהן: 257013064. תודה",1,LEAK,diverse_positive,email,hard,div_pos_1
מתוך הדוח: שם העובד דנה דנינו מופיע במצגת הפנימית ללא פרטים נוספים,0,NON_LEAK,diverse_negative,report,medium,div_neg_38
שולח - בדשבורד הציבורי מופיע סטטוס כללי של פרויקט פרויקט דרור.,0,NON_LEAK,diverse_negative,chat,hard,div_neg_29
"תזכורת: הפגישה עם קרן אמסלם נקבעה ל17/10/2026 בבאר שבע, ובמסמך צורף גם הטלפון 0502694073.",1,LEAK,paired_hard_positive,chat,hard,pair_2_pos
בדיקה: הצוות דן בהשקת מערכת קשת ביום 7/9/2026,0,NON_LEAK,paired_hard_negative,chat,hard,pair_4_neg
"נושא: מעקב
הצוות דן בהשקת פלטפורמת ארז ביום 27/1/2026.",0,NON_LEAK,paired_hard_negative,email,hard,pair_4_neg
"לתיעוד פנימי - המסמך מזכיר את רמב""ם ואת עמית אלקיים וכולל גם אבחנה של אסתמה.",1,LEAK,paired_hard_positive,memo,hard,pair_6_pos
"סיכום פגישה: הועבר החזר בגובה 13,787 ש""ח לחשבון 2194877290 של שירה אברהם.",1,LEAK,diverse_positive,meeting_note,hard,div_pos_57
"לתיעוד פנימי: הועבר דוח עם רשימת לקוחות אסטרטגיים, הצעות מחיר ותנאי התקשרות.",1,LEAK,diverse_positive,memo,medium,div_pos_11
תזכורת: בדוח הלקוח מופיע איש קשר בשם אילן שבתאי יחד עם כתובת המייל ilan.shabtai@org.co.il.,1,LEAK,paired_hard_positive,chat,hard,pair_3_pos
"נושא - בקשה
בדוח משאבי האנוש מופיעים נתוני השכר של הילה חדד עבור חודש מרץ.",1,LEAK,diverse_positive,email,hard,div_pos_11
"לתיעוד פנימי: בדוח שהגיע מרמב""ם מופיעים פרטי טיפול של דנה דנינו.",1,LEAK,diverse_positive,memo,medium,div_pos_26
מתוך הדוח: במצגת הופיעו שמות העובדים לצורך חלוקת משימות,0,NON_LEAK,paired_hard_negative,report,hard,pair_7_neg
מתוך הדוח: הפגישה עם רון חדד נקבעה ל27/7/2026 בנתניה,0,NON_LEAK,paired_hard_negative,report,hard,pair_2_neg
"נושא: בקשה
במצגת הופיעו שמות העובדים לצד נתוני שכר ובונוסים.",1,LEAK,paired_hard_positive,email,hard,pair_7_pos
תזכורת: הועבר סיכום על קרן אמסלם שעובד במכבי שירותי בריאות בהרצליה,0,NON_LEAK,paired_hard_negative,chat,hard,pair_1_neg
מתוך הדוח: מספר הקריאה הוא HR-473552 ויש לעקוב אחריו מול פיתוח.,0,NON_LEAK,diverse_negative,report,hard,div_neg_54
סיכום פגישה: הפגישה עם עדי שלום נקבעה ל12/9/2026 בפתח תקווה,0,NON_LEAK,paired_hard_negative,meeting_note,hard,pair_2_neg
"נושא: טיפול
במצגת הופיעו שמות העובדים לצורך חלוקת משימות.",0,NON_LEAK,paired_hard_negative,email,hard,pair_7_neg
לתיעוד פנימי: יש לעדכן את טבלת ההזמנות עם חשבון הבנק 2246031108 של משה אוחנה.,1,LEAK,paired_hard_positive,memo,hard,pair_5_pos
SR-076332 | בדוח הלקוח מופיע איש קשר בשם שרון סעדה יחד עם כתובת המייל sharon.saada@mail.com.,1,LEAK,paired_hard_positive,ticket,hard,pair_3_pos
מתוך הדוח: הפגישה עם חשב שכר תתקיים ביום ראשון בנתניה. תודה,0,NON_LEAK,diverse_negative,report,hard,div_neg_27
"FIN-893222 | הקובץ מכיל שם משתמש, סיסמה וגישה לסביבת הייצור",1,LEAK,diverse_positive,ticket,medium,div_pos_37
סיכום פגישה - הסיסמה הזמנית לחשבון של קרן אמסלם היא Welcome2026! ויש להחליף אותה מיד תודה,1,LEAK,diverse_positive,meeting_note,medium,div_pos_44
SR-912665 | נא לשמור על סודיות: תוכנית ההשקה של מוצר אופק וקוד השם תוכנית רימון מצורפים.,1,LEAK,diverse_positive,ticket,medium,div_pos_5
בדיקה: בדוח הלקוח מופיע איש קשר בשם רון חדד יחד עם כתובת המייל ronhadad@gmailcom,1,LEAK,paired_hard_positive,chat,hard,pair_3_pos
לתיעוד פנימי: במצגת הופיעו שמות העובדים לצורך חלוקת משימות תודה,0,NON_LEAK,paired_hard_negative,memo,hard,pair_7_neg
"לתיעוד פנימי: בדוח מופיע רק שם החברה מיקרוסופט ותאריך יעד 6/9/2026, ללא מידע אישי",0,NON_LEAK,diverse_negative,memo,hard,div_neg_16
תזכורת: שם העובד ניר ביטון מופיע במצגת הפנימית ללא פרטים נוספים.,0,NON_LEAK,diverse_negative,chat,hard,div_neg_12
לתיעוד פנימי - שם העובד נועה מזרחי מופיע במצגת הפנימית ללא פרטים נוספים,0,NON_LEAK,diverse_negative,memo,hard,div_neg_47
"נושא: מעקב
המסמך מזכיר את סורוקה ואת משה אוחנה וכולל גם אבחנה של סוכרת",1,LEAK,paired_hard_positive,email,hard,pair_6_pos
"נושא: מעקב
הצוות דן בהשקת מודול ברק ביום 20/10/2026. תודה",0,NON_LEAK,paired_hard_negative,email,hard,pair_4_neg
"סיכום פגישה - הקובץ מכיל שם משתמש, סיסמה וגישה לסביבת הייצור.",1,LEAK,diverse_positive,meeting_note,hard,div_pos_11
HR-248803 | יש לעדכן את טבלת ההזמנות עם מזהה פנימי 4402202813.,0,NON_LEAK,paired_hard_negative,ticket,hard,pair_5_neg
"מתוך הדוח: הועבר סיכום על יואב לוי שעובד בשטראוס בירושלים, כולל מספר הזהות 618119252",1,LEAK,paired_hard_positive,report,hard,pair_1_pos
לתיעוד פנימי: הסיסמה הזמנית לחשבון של ניר ביטון היא Welcome2026! ויש להחליף אותה מיד.,1,LEAK,diverse_positive,memo,hard,div_pos_3
סיכום פגישה: לצורך זיהוי מול הספק הועבר מספר הזהות של נועה מזרחי: 371274115,1,LEAK,diverse_positive,meeting_note,hard,div_pos_1
"נושא: מעקב
בדוח מופיע רק שם החברה Amdocs ותאריך יעד 26/1/2026, ללא מידע אישי.",0,NON_LEAK,diverse_negative,email,medium,div_neg_27
לתיעוד פנימי: הצוות דן בהשקת מוצר אופק ביום 19/8/2026 במסמך מסווג פנימי שלא נועד להפצה.,1,LEAK,paired_hard_positive,memo,hard,pair_4_pos
"נושא: בקשה
הלקוח ביקש עדכון על הפרויקט, אבל לא נשלחו פרטי קשר או מזהים.",0,NON_LEAK,diverse_negative,email,hard,div_neg_32
"נושא: מעקב
במצגת הופיעו שמות העובדים לצד נתוני שכר ובונוסים. תודה",1,LEAK,paired_hard_positive,email,hard,pair_7_pos
"נושא - בקשה
הועבר סיכום על משה אוחנה שעובד בבזק בתל אביב, כולל מספר הזהות 206572750.",1,LEAK,paired_hard_positive,email,hard,pair_1_pos
לתיעוד פנימי: בדשבורד הציבורי מופיע סטטוס כללי של פרויקט תוכנית רימון.,0,NON_LEAK,diverse_negative,memo,hard,div_neg_54
"לתיעוד פנימי - בנספח מופיעים פרטי החשבון של דוד כהן - בנק הפועלים, חשבון 8967801609.",1,LEAK,diverse_positive,memo,medium,div_pos_58
סיכום פגישה - הצוות דן בהשקת מערכת קשת ביום 26/2/2026 במסמך מסווג פנימי שלא נועד להפצה.,1,LEAK,paired_hard_positive,meeting_note,hard,pair_4_pos
לתיעוד פנימי: יש לעדכן את טבלת ההזמנות עם חשבון הבנק 6350340950 של נועה מזרחי.,1,LEAK,paired_hard_positive,memo,hard,pair_5_pos
תזכורת: שם העובד יעל לוי מופיע במצגת הפנימית ללא פרטים נוספים.,0,NON_LEAK,diverse_negative,chat,medium,div_neg_31
"סיכום פגישה: הועבר החזר בגובה 8,236 ש""ח לחשבון 4403906516 של דוד כהן",1,LEAK,diverse_positive,meeting_note,medium,div_pos_51
"HR-372799 | הועבר סיכום על ליאור מלכה שעובד בAmdocs בראשון לציון, כולל מספר הזהות 659483188.",1,LEAK,paired_hard_positive,ticket,hard,pair_1_pos
"נושא: בקשה
המסמך מזכיר את סורוקה ואת נועה מזרחי וכולל גם אבחנה של חרדה",1,LEAK,paired_hard_positive,email,hard,pair_6_pos
FIN-312977 | הפגישה עם חשב שכר תתקיים ביום ראשון בנתניה. תודה,0,NON_LEAK,diverse_negative,ticket,medium,div_neg_33
תזכורת: נא לשמור על סודיות: תוכנית ההשקה של מערכת קשת וקוד השם מיזם תמר מצורפים.,1,LEAK,diverse_positive,chat,hard,div_pos_36
מתוך הדוח: בדוח שהגיע משיבא מופיעים פרטי טיפול של עמית אלקיים.,1,LEAK,diverse_positive,report,hard,div_pos_17
"תזכורת: בנספח מופיעים פרטי החשבון של איתי פרץ: בנק לאומי, חשבון 2510493589.",1,LEAK,diverse_positive,chat,medium,div_pos_42
"סיכום פגישה: הקובץ מכיל שם משתמש, סיסמה וגישה לסביבת הייצור.",1,LEAK,diverse_positive,meeting_note,hard,div_pos_45
לתיעוד פנימי: הצוות דן בהשקת מודול ברק ביום 13/1/2026,0,NON_LEAK,paired_hard_negative,memo,hard,pair_4_neg
HR-237779 | בדוח שהגיע מסורוקה מופיעים פרטי טיפול של עמית אלקיים.,1,LEAK,diverse_positive,ticket,medium,div_pos_12
REQ-975467 | יש לעדכן את טבלת ההזמנות עם מזהה פנימי 1775674657.,0,NON_LEAK,paired_hard_negative,ticket,hard,pair_5_neg
"נושא: טיפול
יש לעדכן את טבלת ההזמנות עם מזהה פנימי 1892450411.",0,NON_LEAK,paired_hard_negative,email,hard,pair_5_neg
"נושא: בקשה
הפגישה עם יואב לוי נקבעה ל18/7/2026 בנתניה, ובמסמך צורף גם הטלפון 0526901099",1,LEAK,paired_hard_positive,email,hard,pair_2_pos
סיכום פגישה - המסמך מזכיר את איכילוב ואת נועה מזרחי וכולל גם אבחנה של אלרגיה חריפה. תודה,1,LEAK,paired_hard_positive,meeting_note,hard,pair_6_pos
"שולח: הועבר דוח עם רשימת לקוחות אסטרטגיים, הצעות מחיר ותנאי התקשרות",1,LEAK,diverse_positive,chat,hard,div_pos_37
מתוך הדוח: המסמך מזכיר את אסותא ואת יעל לוי בהקשר אדמיניסטרטיבי. תודה,0,NON_LEAK,paired_hard_negative,report,hard,pair_6_neg
לתיעוד פנימי: שם העובד אלון מלכה מופיע במצגת הפנימית ללא פרטים נוספים.,0,NON_LEAK,diverse_negative,memo,hard,div_neg_14
REQ-059305 | הצוות דן בהשקת מוצר אופק ביום 27/3/2026.,0,NON_LEAK,paired_hard_negative,ticket,hard,pair_4_neg
לתיעוד פנימי: הצוות עבר לשלב בדיקות אינטגרציה ונדרש לעדכן סטטוס עד סוף היום.,0,NON_LEAK,diverse_negative,memo,medium,div_neg_44
סיכום פגישה - בדשבורד הציבורי מופיע סטטוס כללי של פרויקט תוכנית רימון.,0,NON_LEAK,diverse_negative,meeting_note,medium,div_neg_31
FIN-297158 | הצוות עבר לשלב בדיקות אינטגרציה ונדרש לעדכן סטטוס עד סוף היום.,0,NON_LEAK,diverse_negative,ticket,hard,div_neg_51
בדיקה: בדוח הלקוח מופיע איש קשר בשם עמית אלקיים.,0,NON_LEAK,paired_hard_negative,chat,hard,pair_3_neg
סיכום פגישה: הצוות דן בהשקת מוצר הדס ביום 10/1/2026.,0,NON_LEAK,paired_hard_negative,meeting_note,hard,pair_4_neg
מתוך הדוח - בדוח הלקוח מופיע איש קשר בשם רון חדד.,0,NON_LEAK,paired_hard_negative,report,hard,pair_3_neg
"לתיעוד פנימי: בנספח מופיעים פרטי החשבון של דנה דנינו: בנק לאומי, חשבון 3937412732.",1,LEAK,diverse_positive,memo,medium,div_pos_27
"נושא: בקשה
הצוות דן בהשקת מערכת קשת ביום 27/12/2026 במסמך מסווג פנימי שלא נועד להפצה.",1,LEAK,paired_hard_positive,email,hard,pair_4_pos
שולח: הצוות עבר לשלב בדיקות אינטגרציה ונדרש לעדכן סטטוס עד סוף היום.,0,NON_LEAK,diverse_negative,chat,medium,div_neg_41
לתיעוד פנימי: הפגישה עם שירה אברהם נקבעה ל17/10/2026 באשדוד.,0,NON_LEAK,paired_hard_negative,memo,hard,pair_2_neg
סיכום פגישה: הפגישה עם דוד כהן נקבעה ל17/4/2026 בנתניה.,0,NON_LEAK,paired_hard_negative,meeting_note,hard,pair_2_neg
SR-817592 | הצוות עבר לשלב בדיקות אינטגרציה ונדרש לעדכן סטטוס עד סוף היום.,0,NON_LEAK,diverse_negative,ticket,medium,div_neg_22
"שולח: הקובץ מכיל שם משתמש, סיסמה וגישה לסביבת הייצור.",1,LEAK,diverse_positive,chat,hard,div_pos_49
בדיקה: שם העובד רונית פרץ מופיע במצגת הפנימית ללא פרטים נוספים.,0,NON_LEAK,diverse_negative,chat,medium,div_neg_3
מתוך הדוח: במצגת הופיעו שמות העובדים לצד נתוני שכר ובונוסים,1,LEAK,paired_hard_positive,report,hard,pair_7_pos
סיכום פגישה: המסמך מזכיר את איכילוב ואת נועה מזרחי בהקשר אדמיניסטרטיבי.,0,NON_LEAK,paired_hard_negative,meeting_note,hard,pair_6_neg
"נושא: מעקב
הפגישה עם ניר ביטון נקבעה ל19/3/2026 ברעננה, ובמסמך צורף גם הטלפון 0511880765.",1,LEAK,paired_hard_positive,email,hard,pair_2_pos
מתוך הדוח: בדוח הלקוח מופיע איש קשר בשם משה אוחנה.,0,NON_LEAK,paired_hard_negative,report,hard,pair_3_neg
סיכום פגישה: יש לעדכן את טבלת ההזמנות עם מזהה פנימי 8984373638,0,NON_LEAK,paired_hard_negative,meeting_note,hard,pair_5_neg
"מתוך הדוח: הועבר סיכום על רון חדד שעובד בAmdocs בחיפה, כולל מספר הזהות 826008133.",1,LEAK,paired_hard_positive,report,hard,pair_1_pos
SR-108578 | בדוח שהגיע מאסותא מופיעים פרטי טיפול של רונית פרץ.,1,LEAK,diverse_positive,ticket,medium,div_pos_20
שולח: בדשבורד הציבורי מופיע סטטוס כללי של פרויקט מבצע שקמה.,0,NON_LEAK,diverse_negative,chat,hard,div_neg_37
"מתוך הדוח: פרטי הקשר של שירה אברהם: מייל shira.avraham@outlook.com, טלפון 0572555279.",1,LEAK,diverse_positive,report,medium,div_pos_16
סיכום פגישה: נא לשמור על סודיות: תוכנית ההשקה של מוצר אופק וקוד השם פרויקט ברוש מצורפים.,1,LEAK,diverse_positive,meeting_note,medium,div_pos_20
לתיעוד פנימי: המסמך מזכיר את שיבא ואת טל אוחנה בהקשר אדמיניסטרטיבי,0,NON_LEAK,paired_hard_negative,memo,hard,pair_6_neg
עדכון - הצוות דן בהשקת שירות אביב ביום 19/12/2026.,0,NON_LEAK,paired_hard_negative,chat,hard,pair_4_neg
"סיכום פגישה: היעד הכספי לרבעון הוא 15,530 ש""ח ולא מדובר במידע על לקוח ספציפי",0,NON_LEAK,diverse_negative,meeting_note,hard,div_neg_56
תזכורת: בדשבורד הציבורי מופיע סטטוס כללי של פרויקט פרויקט דרור.,0,NON_LEAK,diverse_negative,chat,hard,div_neg_28
"נושא: בקשה
יש לעדכן את טבלת ההזמנות עם מזהה פנימי 4228703942.",0,NON_LEAK,paired_hard_negative,email,hard,pair_5_neg
"נושא: מעקב
בדוח הלקוח מופיע איש קשר בשם שרון סעדה.",0,NON_LEAK,paired_hard_negative,email,hard,pair_3_neg
מתוך הדוח: במצגת הופיעו שמות העובדים לצורך חלוקת משימות.,0,NON_LEAK,paired_hard_negative,report,hard,pair_7_neg
"SR-532748 | הועבר דוח עם רשימת לקוחות אסטרטגיים, הצעות מחיר ותנאי התקשרות",1,LEAK,diverse_positive,ticket,medium,div_pos_27
INC-536355 | נא לשמור על סודיות: תוכנית ההשקה של מוצר אופק וקוד השם מיזם תמר מצורפים.,1,LEAK,diverse_positive,ticket,medium,div_pos_14
"FIN-359494 | הקובץ מכיל שם משתמש, סיסמה וגישה לסביבת הייצור.",1,LEAK,diverse_positive,ticket,hard,div_pos_2
"נושא: עדכון
הקובץ מכיל שם משתמש, סיסמה וגישה לסביבת הייצור. תודה",1,LEAK,diverse_positive,email,hard,div_pos_52
לתיעוד פנימי: בדוח שהגיע מאיכילוב מופיעים פרטי טיפול של שירה אברהם.,1,LEAK,diverse_positive,memo,medium,div_pos_31
"תזכורת: במסמך המצורף אין מידע אישי, רק סיכום משימות והחלטות",0,NON_LEAK,diverse_negative,chat,hard,div_neg_46
"נושא: עדכון
במסמך המצורף אין מידע אישי, רק סיכום משימות והחלטות",0,NON_LEAK,diverse_negative,email,medium,div_neg_55
לתיעוד פנימי - במצגת הופיעו שמות העובדים לצורך חלוקת משימות.,0,NON_LEAK,paired_hard_negative,memo,hard,pair_7_neg
"שולח: בנספח מופיעים פרטי החשבון של הילה חדד: בנק לאומי, חשבון 8988562270 תודה",1,LEAK,diverse_positive,chat,medium,div_pos_40
"נושא: בקשה
הפגישה עם מנהל מוצר תתקיים ביום ראשון בירושלים. תודה",0,NON_LEAK,diverse_negative,email,medium,div_neg_26
"לתיעוד פנימי - במסמך המצורף אין מידע אישי, רק סיכום משימות והחלטות.",0,NON_LEAK,diverse_negative,memo,medium,div_neg_4
בדיקה: הפגישה עם מנהל אבטחת מידע תתקיים ביום ראשון בירושלים.,0,NON_LEAK,diverse_negative,chat,medium,div_neg_41
סיכום פגישה: המסמך מזכיר את שיבא ואת איתי פרץ בהקשר אדמיניסטרטיבי,0,NON_LEAK,paired_hard_negative,meeting_note,hard,pair_6_neg
FIN-324642 | הצוות דן בהשקת פרויקט נוגה ביום 21/10/2026 במסמך מסווג פנימי שלא נועד להפצה.,1,LEAK,paired_hard_positive,ticket,hard,pair_4_pos
"נושא: בקשה
במסמך המצורף אין מידע אישי, רק סיכום משימות והחלטות.",0,NON_LEAK,diverse_negative,email,medium,div_neg_41
סיכום פגישה: הסיסמה הזמנית לחשבון של נועה מזרחי היא Welcome2026! ויש להחליף אותה מיד.,1,LEAK,diverse_positive,meeting_note,medium,div_pos_53
"HR-719734 | במסמך המצורף אין מידע אישי, רק סיכום משימות והחלטות.",0,NON_LEAK,diverse_negative,ticket,hard,div_neg_41
סיכום פגישה: מספר הקריאה הוא REQ-042384 ויש לעקוב אחריו מול שיווק.,0,NON_LEAK,diverse_negative,meeting_note,hard,div_neg_6
לתיעוד פנימי: בדוח הלקוח מופיע איש קשר בשם איתי פרץ יחד עם כתובת המייל itay.peretz@example.co.il.,1,LEAK,paired_hard_positive,memo,hard,pair_3_pos
מתוך הדוח: נא לשמור על סודיות: תוכנית ההשקה של מערכת קשת וקוד השם תוכנית רימון מצורפים.,1,LEAK,diverse_positive,report,hard,div_pos_6
מתוך הדוח - בדוח שהגיע מסורוקה מופיעים פרטי טיפול של אילן שבתאי,1,LEAK,diverse_positive,report,hard,div_pos_35
מתוך הדוח: הצוות דן בהשקת גרסה 42 ביום 27/3/2026,0,NON_LEAK,paired_hard_negative,report,hard,pair_4_neg
"עדכון - הפגישה עם דוד כהן נקבעה ל3/2/2026 בראשון לציון, ובמסמך צורף גם הטלפון 0547585583. תודה",1,LEAK,paired_hard_positive,chat,hard,pair_2_pos
"נושא: טיפול
הועבר סיכום על איתי פרץ שעובד בקופת חולים כללית במודיעין.",0,NON_LEAK,paired_hard_negative,email,hard,pair_1_neg
"לתיעוד פנימי - פרטי הקשר של הילה חדד - מייל hila.hadad@org.co.il, טלפון 0581500908.",1,LEAK,diverse_positive,memo,medium,div_pos_35
"נושא: עדכון
יש לעדכן את טבלת ההזמנות עם מזהה פנימי 2563016361.",0,NON_LEAK,paired_hard_negative,email,hard,pair_5_neg
סיכום פגישה - יש לעדכן את טבלת ההזמנות עם חשבון הבנק 2163942838 של ניר ביטון.,1,LEAK,paired_hard_positive,meeting_note,hard,pair_5_pos
סיכום פגישה: הצוות דן בהשקת מוצר אופק ביום 20/3/2026.,0,NON_LEAK,paired_hard_negative,meeting_note,hard,pair_4_neg
"נושא - טיפול
הפגישה עם מיכל כהן נקבעה ל17/7/2026 באשדוד, ובמסמך צורף גם הטלפון 0508381463.",1,LEAK,paired_hard_positive,email,hard,pair_2_pos
SR-475048 | בדוח שהגיע מאסותא מופיעים פרטי טיפול של אלון מלכה.,1,LEAK,diverse_positive,ticket,hard,div_pos_42
תזכורת: בדוח משאבי האנוש מופיעים נתוני השכר של עדי שלום עבור חודש מרץ.,1,LEAK,diverse_positive,chat,medium,div_pos_59
לתיעוד פנימי: מספר הקריאה הוא FIN-634671 ויש לעקוב אחריו מול מכירות.,0,NON_LEAK,diverse_negative,memo,medium,div_neg_27
לתיעוד פנימי - הצוות עבר לשלב בדיקות אינטגרציה ונדרש לעדכן סטטוס עד סוף היום.,0,NON_LEAK,diverse_negative,memo,hard,div_neg_49
סיכום פגישה: הועבר סיכום על אילן שבתאי שעובד בצ'ק פוינט בתל אביב.,0,NON_LEAK,paired_hard_negative,meeting_note,hard,pair_1_neg
תזכורת: הועבר סיכום על נועה מזרחי שעובד באינטל באשדוד.,0,NON_LEAK,paired_hard_negative,chat,hard,pair_1_neg
סיכום פגישה - המערכת החדשה תושק ב19/12/2026 לפי הודעה רשמית שפורסמה לכלל העובדים.,0,NON_LEAK,diverse_negative,meeting_note,hard,div_neg_55
בדיקה - הפגישה עם יואב לוי נקבעה ל11/12/2026 בנתניה,0,NON_LEAK,paired_hard_negative,chat,hard,pair_2_neg
סיכום פגישה - בדוח הלקוח מופיע איש קשר בשם עמית אלקיים יחד עם כתובת המייל amit.elkayim@mail.com.,1,LEAK,paired_hard_positive,meeting_note,hard,pair_3_pos
"עדכון - הפגישה עם עמית אלקיים נקבעה ל6/6/2026 ברעננה, ובמסמך צורף גם הטלפון 0538335309.",1,LEAK,paired_hard_positive,chat,hard,pair_2_pos
"עדכון: בנספח מופיעים פרטי החשבון של ליאור מלכה: בנק הפועלים, חשבון 6730068411",1,LEAK,diverse_positive,chat,medium,div_pos_31
מתוך הדוח: שם העובד קרן אמסלם מופיע במצגת הפנימית ללא פרטים נוספים.,0,NON_LEAK,diverse_negative,report,medium,div_neg_35
סיכום פגישה: בדוח משאבי האנוש מופיעים נתוני השכר של דוד כהן עבור חודש מרץ.,1,LEAK,diverse_positive,meeting_note,medium,div_pos_3
"נושא: בקשה
יש לעדכן את טבלת ההזמנות עם חשבון הבנק 0641721109 של אילן שבתאי.",1,LEAK,paired_hard_positive,email,hard,pair_5_pos
"נושא: טיפול
הפגישה עם טל אוחנה נקבעה ל3/8/2026 בתל אביב תודה",0,NON_LEAK,paired_hard_negative,email,hard,pair_2_neg
"סיכום פגישה: הקובץ מכיל שם משתמש, סיסמה וגישה לסביבת הייצור.",1,LEAK,diverse_positive,meeting_note,hard,div_pos_29
לתיעוד פנימי: בדוח משאבי האנוש מופיעים נתוני השכר של מאיה ביטון עבור חודש מרץ.,1,LEAK,diverse_positive,memo,medium,div_pos_31
"סיכום פגישה: הועבר דוח עם רשימת לקוחות אסטרטגיים, הצעות מחיר ותנאי התקשרות",1,LEAK,diverse_positive,meeting_note,hard,div_pos_19
"בדיקה - בדוח מופיע רק שם החברה שטראוס ותאריך יעד 5/2/2026, ללא מידע אישי.",0,NON_LEAK,diverse_negative,chat,hard,div_neg_52
SR-384127 | בדוח הלקוח מופיע איש קשר בשם אורן אברהם יחד עם כתובת המייל oren.avraham@gmail.com.,1,LEAK,paired_hard_positive,ticket,hard,pair_3_pos
"נושא - עדכון
הועבר החזר בגובה 19,023 ש""ח לחשבון 8141655370 של טל אוחנה.",1,LEAK,diverse_positive,email,medium,div_pos_23
לתיעוד פנימי: יש לעדכן את טבלת ההזמנות עם מזהה פנימי 6312043670.,0,NON_LEAK,paired_hard_negative,memo,hard,pair_5_neg
"עדכון: הועבר סיכום על עמית אלקיים שעובד בסלקום בנתניה, כולל מספר הזהות 107726148.",1,LEAK,paired_hard_positive,chat,hard,pair_1_pos
"סיכום פגישה: הלקוח ביקש עדכון על הפרויקט, אבל לא נשלחו פרטי קשר או מזהים",0,NON_LEAK,diverse_negative,meeting_note,hard,div_neg_35
"INC-283243 | הלקוח ביקש עדכון על הפרויקט, אבל לא נשלחו פרטי קשר או מזהים תודה",0,NON_LEAK,diverse_negative,ticket,hard,div_neg_8
"נושא: בקשה
בדוח הלקוח מופיע איש קשר בשם קרן אמסלם.",0,NON_LEAK,paired_hard_negative,email,hard,pair_3_neg
סיכום פגישה: יש לעדכן את טבלת ההזמנות עם מזהה פנימי 2476972849,0,NON_LEAK,paired_hard_negative,meeting_note,hard,pair_5_neg
לתיעוד פנימי: בדוח משאבי האנוש מופיעים נתוני השכר של טל אוחנה עבור חודש מרץ.,1,LEAK,diverse_positive,memo,hard,div_pos_16
לתיעוד פנימי: הסיסמה הזמנית לחשבון של אלון מלכה היא Welcome2026! ויש להחליף אותה מיד.,1,LEAK,diverse_positive,memo,medium,div_pos_15
"מתוך הדוח: הקובץ מכיל שם משתמש, סיסמה וגישה לסביבת הייצור.",1,LEAK,diverse_positive,report,hard,div_pos_26
תזכורת - נא לשמור על סודיות - תוכנית ההשקה של שירות אביב וקוד השם מיזם תמר מצורפים.,1,LEAK,diverse_positive,chat,hard,div_pos_0
"נושא: עדכון
בנספח מופיעים פרטי החשבון של עדי שלום: דיסקונט, חשבון 3973156592",1,LEAK,diverse_positive,email,medium,div_pos_58
לתיעוד פנימי: הצוות עבר לשלב בדיקות אינטגרציה ונדרש לעדכן סטטוס עד סוף היום.,0,NON_LEAK,diverse_negative,memo,hard,div_neg_3
סיכום פגישה: במצגת הופיעו שמות העובדים לצד נתוני שכר ובונוסים.,1,LEAK,paired_hard_positive,meeting_note,hard,pair_7_pos
עדכון: שם העובד יעל לוי מופיע במצגת הפנימית ללא פרטים נוספים,0,NON_LEAK,diverse_negative,chat,medium,div_neg_41
סיכום פגישה: הפגישה עם דנה דנינו נקבעה ל16/8/2026 ברעננה.,0,NON_LEAK,paired_hard_negative,meeting_note,hard,pair_2_neg
לתיעוד פנימי: בדוח שהגיע משיבא מופיעים פרטי טיפול של קרן אמסלם.,1,LEAK,diverse_positive,memo,hard,div_pos_32
סיכום פגישה: הצוות דן בהשקת מוצר הדס ביום 3/2/2026 במסמך מסווג פנימי שלא נועד להפצה,1,LEAK,paired_hard_positive,meeting_note,hard,pair_4_pos
מתוך הדוח: הצוות עבר לשלב בדיקות אינטגרציה ונדרש לעדכן סטטוס עד סוף היום.,0,NON_LEAK,diverse_negative,report,hard,div_neg_27
לתיעוד פנימי: במצגת הופיעו שמות העובדים לצורך חלוקת משימות.,0,NON_LEAK,paired_hard_negative,memo,hard,pair_7_neg
סיכום פגישה: יש לעדכן את טבלת ההזמנות עם חשבון הבנק 4426400834 של קרן אמסלם.,1,LEAK,paired_hard_positive,meeting_note,hard,pair_5_pos
SR-447999 | יש לעדכן את טבלת ההזמנות עם מזהה פנימי 7660556107.,0,NON_LEAK,paired_hard_negative,ticket,hard,pair_5_neg
סיכום פגישה: הצוות דן בהשקת מודול ברק ביום 6/7/2026.,0,NON_LEAK,paired_hard_negative,meeting_note,hard,pair_4_neg
"נושא: טיפול
הצוות דן בהשקת מודול ברק ביום 4/3/2026.",0,NON_LEAK,paired_hard_negative,email,hard,pair_4_neg
"נושא: בקשה
הצוות עבר לשלב בדיקות אינטגרציה ונדרש לעדכן סטטוס עד סוף היום.",0,NON_LEAK,diverse_negative,email,medium,div_neg_39
"מתוך הדוח: במסמך המצורף אין מידע אישי, רק סיכום משימות והחלטות",0,NON_LEAK,diverse_negative,report,medium,div_neg_45
מתוך הדוח: מספר הקריאה הוא INC-964350 ויש לעקוב אחריו מול שיווק.,0,NON_LEAK,diverse_negative,report,medium,div_neg_57
"נושא: עדכון
הועבר החזר בגובה 40,512 ש""ח לחשבון 1168068138 של טל אוחנה.",1,LEAK,diverse_positive,email,hard,div_pos_10
SR-103605 | בדוח הלקוח מופיע איש קשר בשם אורן אברהם. תודה,0,NON_LEAK,paired_hard_negative,ticket,hard,pair_3_neg
שולח: מספר הקריאה הוא FIN-897646 ויש לעקוב אחריו מול כספים.,0,NON_LEAK,diverse_negative,chat,medium,div_neg_58
"נושא: טיפול
בדוח משאבי האנוש מופיעים נתוני השכר של דנה דנינו עבור חודש מרץ. תודה",1,LEAK,diverse_positive,email,hard,div_pos_0
מתוך הדוח: שם העובד יעל לוי מופיע במצגת הפנימית ללא פרטים נוספים.,0,NON_LEAK,diverse_negative,report,medium,div_neg_49
לתיעוד פנימי: הצוות דן בהשקת גרסה 4.2 ביום 2/10/2026 במסמך מסווג פנימי שלא נועד להפצה. תודה,1,LEAK,paired_hard_positive,memo,hard,pair_4_pos
"מתוך הדוח: הועבר סיכום על ליאור מלכה שעובד בשופרסל בחיפה, כולל מספר הזהות 759766707.",1,LEAK,paired_hard_positive,report,hard,pair_1_pos
סיכום פגישה: במצגת הופיעו שמות העובדים לצורך חלוקת משימות,0,NON_LEAK,paired_hard_negative,meeting_note,hard,pair_7_neg
שולח: יש לעדכן את טבלת ההזמנות עם חשבון הבנק 8138637504 של ליאור מלכה.,1,LEAK,paired_hard_positive,chat,hard,pair_5_pos
"שולח: הקובץ מכיל שם משתמש, סיסמה וגישה לסביבת הייצור",1,LEAK,diverse_positive,chat,medium,div_pos_7
סיכום פגישה: יש לעדכן את טבלת ההזמנות עם חשבון הבנק 9321785621 של דנה דנינו.,1,LEAK,paired_hard_positive,meeting_note,hard,pair_5_pos
"נושא: בקשה
הלקוח ביקש עדכון על הפרויקט, אבל לא נשלחו פרטי קשר או מזהים.",0,NON_LEAK,diverse_negative,email,medium,div_neg_24
מתוך הדוח - בדוח שהגיע מאסותא מופיעים פרטי טיפול של ניר ביטון.,1,LEAK,diverse_positive,report,hard,div_pos_21
מתוך הדוח: הצוות דן בהשקת גרסה 42 ביום 19/9/2026 במסמך מסווג פנימי שלא נועד להפצה,1,LEAK,paired_hard_positive,report,hard,pair_4_pos
מתוך הדוח: במצגת הופיעו שמות העובדים לצורך חלוקת משימות,0,NON_LEAK,paired_hard_negative,report,hard,pair_7_neg
"נושא: בקשה
הצוות דן בהשקת פרויקט נוגה ביום 17/7/2026 במסמך מסווג פנימי שלא נועד להפצה",1,LEAK,paired_hard_positive,email,hard,pair_4_pos
סיכום פגישה: מספר הקריאה הוא INC-005785 ויש לעקוב אחריו מול כספים,0,NON_LEAK,diverse_negative,meeting_note,hard,div_neg_45
FIN-461622 | הפגישה עם מנהלת משאבי אנוש תתקיים ביום ראשון בפתח תקווה,0,NON_LEAK,diverse_negative,ticket,medium,div_neg_37
סיכום פגישה: בדוח הלקוח מופיע איש קשר בשם ליאור מלכה. תודה,0,NON_LEAK,paired_hard_negative,meeting_note,hard,pair_3_neg
"לתיעוד פנימי: הקובץ מכיל שם משתמש, סיסמה וגישה לסביבת הייצור",1,LEAK,diverse_positive,memo,medium,div_pos_50
"INC-286511 | הפגישה עם טל אוחנה נקבעה ל19/1/2026 בתל אביב, ובמסמך צורף גם הטלפון 0588039841",1,LEAK,paired_hard_positive,ticket,hard,pair_2_pos
"REQ-780421 | בנספח מופיעים פרטי החשבון של אורן אברהם: בנק הפועלים, חשבון 4198475923.",1,LEAK,diverse_positive,ticket,medium,div_pos_52
"נושא: טיפול
יש לעדכן את טבלת ההזמנות עם חשבון הבנק 9771178293 של אילן שבתאי.",1,LEAK,paired_hard_positive,email,hard,pair_5_pos
"סיכום פגישה - הועבר סיכום על אורן אברהם שעובד בנייס בראשון לציון, כולל מספר הזהות 217853745.",1,LEAK,paired_hard_positive,meeting_note,hard,pair_1_pos
SR-619585 | יש לעדכן את טבלת ההזמנות עם חשבון הבנק 5673080661 של מאיה ביטון.,1,LEAK,paired_hard_positive,ticket,hard,pair_5_pos
לתיעוד פנימי: יש לעדכן את טבלת ההזמנות עם מזהה פנימי 2059068697,0,NON_LEAK,paired_hard_negative,memo,hard,pair_5_neg
FIN-457759 | הסיסמה הזמנית לחשבון של רונית פרץ היא Welcome2026! ויש להחליף אותה מיד.,1,LEAK,diverse_positive,ticket,hard,div_pos_10
FIN-988880 | הצוות דן בהשקת מודול ברק ביום 3/2/2026 במסמך מסווג פנימי שלא נועד להפצה.,1,LEAK,paired_hard_positive,ticket,hard,pair_4_pos
"נושא: טיפול
במסמך המצורף אין מידע אישי, רק סיכום משימות והחלטות.",0,NON_LEAK,diverse_negative,email,hard,div_neg_59
לתיעוד פנימי - הצוות דן בהשקת גרסה 4.2 ביום 24/3/2026.,0,NON_LEAK,paired_hard_negative,memo,hard,pair_4_neg
"סיכום פגישה: בנספח מופיעים פרטי החשבון של ליאור מלכה: בנק לאומי, חשבון 9903826662.",1,LEAK,diverse_positive,meeting_note,medium,div_pos_2
"סיכום פגישה: הקובץ מכיל שם משתמש, סיסמה וגישה לסביבת הייצור.",1,LEAK,diverse_positive,meeting_note,hard,div_pos_59
בדיקה: יש לעדכן את טבלת ההזמנות עם מזהה פנימי 8470070611.,0,NON_LEAK,paired_hard_negative,chat,hard,pair_5_neg
סיכום פגישה: יש לעדכן את טבלת ההזמנות עם מזהה פנימי 7279893303.,0,NON_LEAK,paired_hard_negative,meeting_note,hard,pair_5_neg
סיכום פגישה: בדוח הלקוח מופיע איש קשר בשם יואב לוי. תודה,0,NON_LEAK,paired_hard_negative,meeting_note,hard,pair_3_neg
REQ-443390 | המערכת החדשה תושק ב26/1/2026 לפי הודעה רשמית שפורסמה לכלל העובדים.,0,NON_LEAK,diverse_negative,ticket,medium,div_neg_59
שולח: במצגת הופיעו שמות העובדים לצורך חלוקת משימות,0,NON_LEAK,paired_hard_negative,chat,hard,pair_7_neg
מתוך הדוח: הועבר סיכום על רון חדד שעובד בקופת חולים כללית במודיעין.,0,NON_LEAK,paired_hard_negative,report,hard,pair_1_neg
תזכורת: הפגישה עם יואב לוי נקבעה ל28/8/2026 בירושלים.,0,NON_LEAK,paired_hard_negative,chat,hard,pair_2_neg
"מתוך הדוח: בדוח מופיע רק שם החברה מכבי שירותי בריאות ותאריך יעד 17/12/2026, ללא מידע אישי.",0,NON_LEAK,diverse_negative,report,hard,div_neg_2
"עדכון: הועבר החזר בגובה 35,683 ש""ח לחשבון 0882647890 של ניר ביטון.",1,LEAK,diverse_positive,chat,medium,div_pos_53
לתיעוד פנימי: המסמך מזכיר את סורוקה ואת רון חדד וכולל גם אבחנה של לחץ דם גבוה.,1,LEAK,paired_hard_positive,memo,hard,pair_6_pos
לתיעוד פנימי: הועבר סיכום על עמית אלקיים שעובד בקופת חולים כללית באשדוד. תודה,0,NON_LEAK,paired_hard_negative,memo,hard,pair_1_neg
מתוך הדוח: לצורך זיהוי מול הספק הועבר מספר הזהות של אילן שבתאי: 972454124.,1,LEAK,diverse_positive,report,medium,div_pos_49
INC-253182 | הסיסמה הזמנית לחשבון של נועה מזרחי היא Welcome2026! ויש להחליף אותה מיד.,1,LEAK,diverse_positive,ticket,hard,div_pos_54
לתיעוד פנימי: במצגת הופיעו שמות העובדים לצורך חלוקת משימות.,0,NON_LEAK,paired_hard_negative,memo,hard,pair_7_neg
"מתוך הדוח: בנספח מופיעים פרטי החשבון של ליאור מלכה: בנק הפועלים, חשבון 9422069570.",1,LEAK,diverse_positive,report,medium,div_pos_41
מתוך הדוח: הפגישה עם יואב לוי נקבעה ל20/12/2026 ברעננה.,0,NON_LEAK,paired_hard_negative,report,hard,pair_2_neg
סיכום פגישה: הצוות דן בהשקת מודול ברק ביום 8/1/2026 במסמך מסווג פנימי שלא נועד להפצה.,1,LEAK,paired_hard_positive,meeting_note,hard,pair_4_pos
"INC-065314 | במסמך המצורף אין מידע אישי, רק סיכום משימות והחלטות. תודה",0,NON_LEAK,diverse_negative,ticket,hard,div_neg_10
לתיעוד פנימי: הועבר סיכום על ניר ביטון שעובד בצ'ק פוינט בירושלים,0,NON_LEAK,paired_hard_negative,memo,hard,pair_1_neg
מתוך הדוח: בדוח משאבי האנוש מופיעים נתוני השכר של דוד כהן עבור חודש מרץ.,1,LEAK,diverse_positive,report,medium,div_pos_30
HR-722477 | בדוח הלקוח מופיע איש קשר בשם רון חדד יחד עם כתובת המייל ron.hadad@company.co.il.,1,LEAK,paired_hard_positive,ticket,hard,pair_3_pos
לתיעוד פנימי: בדוח הלקוח מופיע איש קשר בשם מאיה ביטון.,0,NON_LEAK,paired_hard_negative,memo,hard,pair_3_neg
INC-351945 | במצגת הופיעו שמות העובדים לצורך חלוקת משימות.,0,NON_LEAK,paired_hard_negative,ticket,hard,pair_7_neg
סיכום פגישה - מספר הקריאה הוא INC-758530 ויש לעקוב אחריו מול רכש.,0,NON_LEAK,diverse_negative,meeting_note,medium,div_neg_30
בדיקה: שם העובד שרון סעדה מופיע במצגת הפנימית ללא פרטים נוספים.,0,NON_LEAK,diverse_negative,chat,hard,div_neg_1
תזכורת: נא לשמור על סודיות: תוכנית ההשקה של מוצר הדס וקוד השם מבצע שקמה מצורפים.,1,LEAK,diverse_positive,chat,hard,div_pos_43
שולח: יש לעדכן את טבלת ההזמנות עם מזהה פנימי 1707764134,0,NON_LEAK,paired_hard_negative,chat,hard,pair_5_neg
"מתוך הדוח - הועבר החזר בגובה 24,490 ש""ח לחשבון 4205685387 של אילן שבתאי",1,LEAK,diverse_positive,report,medium,div_pos_52
לתיעוד פנימי: הצוות דן בהשקת שירות אביב ביום 28/12/2026 במסמך מסווג פנימי שלא נועד להפצה. תודה,1,LEAK,paired_hard_positive,memo,hard,pair_4_pos
בדיקה: בדשבורד הציבורי מופיע סטטוס כללי של פרויקט מבצע שקמה.,0,NON_LEAK,diverse_negative,chat,hard,div_neg_50
מתוך הדוח: במצגת הופיעו שמות העובדים לצורך חלוקת משימות,0,NON_LEAK,paired_hard_negative,report,hard,pair_7_neg
"נושא: מעקב
בדוח הלקוח מופיע איש קשר בשם משה אוחנה.",0,NON_LEAK,paired_hard_negative,email,hard,pair_3_neg
לתיעוד פנימי - יש לעדכן את טבלת ההזמנות עם מזהה פנימי 4238706630.,0,NON_LEAK,paired_hard_negative,memo,hard,pair_5_neg
"נושא: מעקב
בנספח מופיעים פרטי החשבון של אילן שבתאי: דיסקונט, חשבון 8741065685",1,LEAK,diverse_positive,email,hard,div_pos_2
"בדיקה - הועבר החזר בגובה 29,007 ש""ח לחשבון 3095820537 של שרון סעדה",1,LEAK,diverse_positive,chat,hard,div_pos_17
"נושא: עדכון
במצגת הופיעו שמות העובדים לצד נתוני שכר ובונוסים.",1,LEAK,paired_hard_positive,email,hard,pair_7_pos
לתיעוד פנימי: במצגת הופיעו שמות העובדים לצורך חלוקת משימות. תודה,0,NON_LEAK,paired_hard_negative,memo,hard,pair_7_neg
"נושא: בקשה
המערכת החדשה תושק ב23/5/2026 לפי הודעה רשמית שפורסמה לכלל העובדים.",0,NON_LEAK,diverse_negative,email,medium,div_neg_25
"נושא: עדכון
פרטי הקשר של יעל לוי: מייל yaellevi@examplecoil, טלפון 0503958946 תודה",1,LEAK,diverse_positive,email,medium,div_pos_43
REQ-489891 | הפגישה עם מנהל פיתוח תתקיים ביום ראשון בפתח תקווה,0,NON_LEAK,diverse_negative,ticket,hard,div_neg_33
שולח - נא לשמור על סודיות - תוכנית ההשקה של פרויקט נוגה וקוד השם פרויקט ברוש מצורפים,1,LEAK,diverse_positive,chat,medium,div_pos_20
"מתוך הדוח: בדוח מופיע רק שם החברה קופת חולים כללית ותאריך יעד 5/11/2026, ללא מידע אישי.",0,NON_LEAK,diverse_negative,report,hard,div_neg_1
"נושא: בקשה
לצורך זיהוי מול הספק הועבר מספר הזהות של ליאור מלכה: 469172140.",1,LEAK,diverse_positive,email,medium,div_pos_42
"לתיעוד פנימי: היעד הכספי לרבעון הוא 7,991 ש""ח ולא מדובר במידע על לקוח ספציפי.",0,NON_LEAK,diverse_negative,memo,hard,div_neg_25
"נושא: מעקב
המערכת החדשה תושק ב16/8/2026 לפי הודעה רשמית שפורסמה לכלל העובדים. תודה",0,NON_LEAK,diverse_negative,email,medium,div_neg_22
"נושא: עדכון
הפגישה עם ראש צוות תתקיים ביום ראשון באשדוד.",0,NON_LEAK,diverse_negative,email,hard,div_neg_24
"סיכום פגישה: הפגישה עם סמנכ""לית כספים תתקיים ביום ראשון בתל אביב.",0,NON_LEAK,diverse_negative,meeting_note,medium,div_neg_32
עדכון: במצגת הופיעו שמות העובדים לצד נתוני שכר ובונוסים.,1,LEAK,paired_hard_positive,chat,hard,pair_7_pos
לתיעוד פנימי - בדשבורד הציבורי מופיע סטטוס כללי של פרויקט פרויקט ברוש.,0,NON_LEAK,diverse_negative,memo,hard,div_neg_24
לתיעוד פנימי: מספר הקריאה הוא SR-878057 ויש לעקוב אחריו מול כספים.,0,NON_LEAK,diverse_negative,memo,hard,div_neg_44
תזכורת: שם העובד יעל לוי מופיע במצגת הפנימית ללא פרטים נוספים. תודה,0,NON_LEAK,diverse_negative,chat,medium,div_neg_34
"מתוך הדוח - הועבר סיכום על מאיה ביטון שעובד בבנק לאומי ברעננה, כולל מספר הזהות 327129036.",1,LEAK,paired_hard_positive,report,hard,pair_1_pos
"מתוך הדוח: בדוח מופיע רק שם החברה Amdocs ותאריך יעד 6/6/2026, ללא מידע אישי.",0,NON_LEAK,diverse_negative,report,medium,div_neg_7
"לתיעוד פנימי: הועבר דוח עם רשימת לקוחות אסטרטגיים, הצעות מחיר ותנאי התקשרות.",1,LEAK,diverse_positive,memo,hard,div_pos_7
"לתיעוד פנימי: בדוח שהגיע מרמב""ם מופיעים פרטי טיפול של מאיה ביטון.",1,LEAK,diverse_positive,memo,hard,div_pos_21
"מתוך הדוח: במסמך המצורף אין מידע אישי, רק סיכום משימות והחלטות.",0,NON_LEAK,diverse_negative,report,medium,div_neg_38
סיכום פגישה: במצגת הופיעו שמות העובדים לצד נתוני שכר ובונוסים,1,LEAK,paired_hard_positive,meeting_note,hard,pair_7_pos
בדיקה: במצגת הופיעו שמות העובדים לצורך חלוקת משימות.,0,NON_LEAK,paired_hard_negative,chat,hard,pair_7_neg
"HR-251825 | הועבר דוח עם רשימת לקוחות אסטרטגיים, הצעות מחיר ותנאי התקשרות.",1,LEAK,diverse_positive,ticket,hard,div_pos_1
"נושא: בקשה
במצגת הופיעו שמות העובדים לצורך חלוקת משימות.",0,NON_LEAK,paired_hard_negative,email,hard,pair_7_neg
סיכום פגישה: הצוות דן בהשקת שירות אביב ביום 17/2/2026.,0,NON_LEAK,paired_hard_negative,meeting_note,hard,pair_4_neg
לתיעוד פנימי - הסיסמה הזמנית לחשבון של טל אוחנה היא Welcome2026! ויש להחליף אותה מיד.,1,LEAK,diverse_positive,memo,hard,div_pos_55
"נושא: עדכון
מספר הקריאה הוא SR-427473 ויש לעקוב אחריו מול רכש.",0,NON_LEAK,diverse_negative,email,hard,div_neg_16
מתוך הדוח: מספר הקריאה הוא INC-383259 ויש לעקוב אחריו מול שיווק. תודה,0,NON_LEAK,diverse_negative,report,hard,div_neg_49
מתוך הדוח: במצגת הופיעו שמות העובדים לצורך חלוקת משימות.,0,NON_LEAK,paired_hard_negative,report,hard,pair_7_neg
"נושא: עדכון
במצגת הופיעו שמות העובדים לצורך חלוקת משימות.",0,NON_LEAK,paired_hard_negative,email,hard,pair_7_neg
סיכום פגישה: הצוות דן בהשקת מוצר הדס ביום 27/1/2026 תודה,0,NON_LEAK,paired_hard_negative,meeting_note,hard,pair_4_neg
"תזכורת - פרטי הקשר של יואב לוי - מייל yoav.levi@gmail.com, טלפון 0582812367.",1,LEAK,diverse_positive,chat,medium,div_pos_48
מתוך הדוח: הפגישה עם מנהל פיתוח תתקיים ביום ראשון בבאר שבע.,0,NON_LEAK,diverse_negative,report,medium,div_neg_26
סיכום פגישה - הפגישה עם רון חדד נקבעה ל14/2/2026 בפתח תקווה.,0,NON_LEAK,paired_hard_negative,meeting_note,hard,pair_2_neg
בדיקה: בדוח הלקוח מופיע איש קשר בשם משה אוחנה יחד עם כתובת המייל mosheohana@examplecoil,1,LEAK,paired_hard_positive,chat,hard,pair_3_pos
"מתוך הדוח: בנספח מופיעים פרטי החשבון של מאיה ביטון: בנק הפועלים, חשבון 6871040782.",1,LEAK,diverse_positive,report,hard,div_pos_7
סיכום פגישה: מספר הקריאה הוא SR-912624 ויש לעקוב אחריו מול כספים.,0,NON_LEAK,diverse_negative,meeting_note,medium,div_neg_20
מתוך הדוח - שם העובד אלון מלכה מופיע במצגת הפנימית ללא פרטים נוספים,0,NON_LEAK,diverse_negative,report,hard,div_neg_7
"סיכום פגישה: במסמך המצורף אין מידע אישי, רק סיכום משימות והחלטות.",0,NON_LEAK,diverse_negative,meeting_note,medium,div_neg_15
"נושא: טיפול
במצגת הופיעו שמות העובדים לצורך חלוקת משימות.",0,NON_LEAK,paired_hard_negative,email,hard,pair_7_neg
מתוך הדוח: הועבר סיכום על אלון מלכה שעובד בשופרסל בחיפה תודה,0,NON_LEAK,paired_hard_negative,report,hard,pair_1_neg
מתוך הדוח: הועבר סיכום על אילן שבתאי שעובד במיקרוסופט בראשון לציון.,0,NON_LEAK,paired_hard_negative,report,hard,pair_1_neg
סיכום פגישה: בדוח משאבי האנוש מופיעים נתוני השכר של איתי פרץ עבור חודש מרץ תודה,1,LEAK,diverse_positive,meeting_note,hard,div_pos_11
"לתיעוד פנימי: הפגישה עם דנה דנינו נקבעה ל13/8/2026 ברעננה, ובמסמך צורף גם הטלפון 0526449876.",1,LEAK,paired_hard_positive,memo,hard,pair_2_pos
"SR-826912 | הפגישה עם קרן אמסלם נקבעה ל2/7/2026 בפתח תקווה, ובמסמך צורף גם הטלפון 0541189506.",1,LEAK,paired_hard_positive,ticket,hard,pair_2_pos
"לתיעוד פנימי: הפגישה עם משה אוחנה נקבעה ל23/7/2026 בירושלים, ובמסמך צורף גם הטלפון 0599841240 תודה",1,LEAK,paired_hard_positive,memo,hard,pair_2_pos
"מתוך הדוח: הועבר דוח עם רשימת לקוחות אסטרטגיים, הצעות מחיר ותנאי התקשרות.",1,LEAK,diverse_positive,report,hard,div_pos_41
"HR-315644 | היעד הכספי לרבעון הוא 14,467 ש""ח ולא מדובר במידע על לקוח ספציפי",0,NON_LEAK,diverse_negative,ticket,medium,div_neg_11
תזכורת: בדוח הלקוח מופיע איש קשר בשם אלון מלכה יחד עם כתובת המייל alon.malka@mail.com. תודה,1,LEAK,paired_hard_positive,chat,hard,pair_3_pos
SR-283627 | יש לעדכן את טבלת ההזמנות עם חשבון הבנק 3058359878 של אילן שבתאי.,1,LEAK,paired_hard_positive,ticket,hard,pair_5_pos
לתיעוד פנימי: המסמך מזכיר את שיבא ואת שירה אברהם וכולל גם אבחנה של לחץ דם גבוה תודה,1,LEAK,paired_hard_positive,memo,hard,pair_6_pos
"נושא: עדכון
הסיסמה הזמנית לחשבון של ליאור מלכה היא Welcome2026! ויש להחליף אותה מיד.",1,LEAK,diverse_positive,email,hard,div_pos_27
מתוך הדוח: הצוות דן בהשקת גרסה 4.2 ביום 24/5/2026. תודה,0,NON_LEAK,paired_hard_negative,report,hard,pair_4_neg
"לתיעוד פנימי: בדוח מופיע רק שם החברה שופרסל ותאריך יעד 28/1/2026, ללא מידע אישי.",0,NON_LEAK,diverse_negative,memo,hard,div_neg_2
מתוך הדוח: המסמך מזכיר את איכילוב ואת שירה אברהם בהקשר אדמיניסטרטיבי.,0,NON_LEAK,paired_hard_negative,report,hard,pair_6_neg
"מתוך הדוח: הפגישה עם מנכ""ל תתקיים ביום ראשון בתל אביב.",0,NON_LEAK,diverse_negative,report,medium,div_neg_12
תזכורת: בדוח הלקוח מופיע איש קשר בשם מיכל כהן.,0,NON_LEAK,paired_hard_negative,chat,hard,pair_3_neg
"נושא: עדכון
יש לעדכן את טבלת ההזמנות עם מזהה פנימי 2187162510.",0,NON_LEAK,paired_hard_negative,email,hard,pair_5_neg
"FIN-236275 | בדוח מופיע רק שם החברה צ'ק פוינט ותאריך יעד 12/7/2026, ללא מידע אישי.",0,NON_LEAK,diverse_negative,ticket,hard,div_neg_15
"מתוך הדוח: הפגישה עם אילן שבתאי נקבעה ל24/6/2026 בנתניה, ובמסמך צורף גם הטלפון 0549486871. תודה",1,LEAK,paired_hard_positive,report,hard,pair_2_pos
"תזכורת: הועבר דוח עם רשימת לקוחות אסטרטגיים, הצעות מחיר ותנאי התקשרות.",1,LEAK,diverse_positive,chat,hard,div_pos_36
"תזכורת: הועבר דוח עם רשימת לקוחות אסטרטגיים, הצעות מחיר ותנאי התקשרות.",1,LEAK,diverse_positive,chat,hard,div_pos_51
"נושא: עדכון
הפגישה עם קרן אמסלם נקבעה ל17/8/2026 בהרצליה",0,NON_LEAK,paired_hard_negative,email,hard,pair_2_neg
לתיעוד פנימי: במצגת הופיעו שמות העובדים לצד נתוני שכר ובונוסים.,1,LEAK,paired_hard_positive,memo,hard,pair_7_pos
סיכום פגישה: המסמך מזכיר את איכילוב ואת דוד כהן וכולל גם אבחנה של דלקת ריאות,1,LEAK,paired_hard_positive,meeting_note,hard,pair_6_pos
"נושא: מעקב
בדוח שהגיע מרמב""ם מופיעים פרטי טיפול של שרון סעדה תודה",1,LEAK,diverse_positive,email,hard,div_pos_25
"לתיעוד פנימי - פרטי הקשר של ליאור מלכה - מייל lior.malka@example.co.il, טלפון 0573663637.",1,LEAK,diverse_positive,memo,medium,div_pos_57
לתיעוד פנימי: הצוות דן בהשקת מודול ברק ביום 5/6/2026.,0,NON_LEAK,paired_hard_negative,memo,hard,pair_4_neg
לתיעוד פנימי - בדוח הלקוח מופיע איש קשר בשם נועה מזרחי,0,NON_LEAK,paired_hard_negative,memo,hard,pair_3_neg
בדיקה: הצוות דן בהשקת פלטפורמת ארז ביום 4/8/2026,0,NON_LEAK,paired_hard_negative,chat,hard,pair_4_neg
"נושא: מעקב
הפגישה עם הילה חדד נקבעה ל14/5/2026 בפתח תקווה.",0,NON_LEAK,paired_hard_negative,email,hard,pair_2_neg
מתוך הדוח - הצוות דן בהשקת מוצר הדס ביום 5/2/2026.,0,NON_LEAK,paired_hard_negative,report,hard,pair_4_neg
"תזכורת: היעד הכספי לרבעון הוא 6,552 ש""ח ולא מדובר במידע על לקוח ספציפי.",0,NON_LEAK,diverse_negative,chat,medium,div_neg_17
HR-200509 | הצוות דן בהשקת פרויקט נוגה ביום 15/4/2026.,0,NON_LEAK,paired_hard_negative,ticket,hard,pair_4_neg
לתיעוד פנימי - בדוח הלקוח מופיע איש קשר בשם שרון סעדה יחד עם כתובת המייל sharon.saada@gmail.com.,1,LEAK,paired_hard_positive,memo,hard,pair_3_pos
FIN-917982 | יש לעדכן את טבלת ההזמנות עם מזהה פנימי 0026596311.,0,NON_LEAK,paired_hard_negative,ticket,hard,pair_5_neg
לתיעוד פנימי - המסמך מזכיר את אסותא ואת הילה חדד בהקשר אדמיניסטרטיבי. תודה,0,NON_LEAK,paired_hard_negative,memo,hard,pair_6_neg
סיכום פגישה: המסמך מזכיר את שיבא ואת שרון סעדה בהקשר אדמיניסטרטיבי.,0,NON_LEAK,paired_hard_negative,meeting_note,hard,pair_6_neg
סיכום פגישה: המסמך מזכיר את סורוקה ואת עדי שלום בהקשר אדמיניסטרטיבי.,0,NON_LEAK,paired_hard_negative,meeting_note,hard,pair_6_neg
"בדיקה: הועבר החזר בגובה 39,328 ש""ח לחשבון 4552060459 של ניר ביטון.",1,LEAK,diverse_positive,chat,hard,div_pos_50
"INC-531977 | הפגישה עם שירה אברהם נקבעה ל27/3/2026 בפתח תקווה, ובמסמך צורף גם הטלפון 0520778942.",1,LEAK,paired_hard_positive,ticket,hard,pair_2_pos
"לתיעוד פנימי: הועבר סיכום על טל אוחנה שעובד בבנק לאומי בהרצליה, כולל מספר הזהות 462856935.",1,LEAK,paired_hard_positive,memo,hard,pair_1_pos
סיכום פגישה - הצוות דן בהשקת מערכת קשת ביום 16/1/2026 במסמך מסווג פנימי שלא נועד להפצה.,1,LEAK,paired_hard_positive,meeting_note,hard,pair_4_pos
"נושא: טיפול
יש לעדכן את טבלת ההזמנות עם מזהה פנימי 3841741654 תודה",0,NON_LEAK,paired_hard_negative,email,hard,pair_5_neg
"מתוך הדוח: פרטי הקשר של משה אוחנה: מייל moshe.ohana@gmail.com, טלפון 0545978841.",1,LEAK,diverse_positive,report,hard,div_pos_3
"נושא: טיפול
הפגישה עם משה אוחנה נקבעה ל28/12/2026 בהרצליה, ובמסמך צורף גם הטלפון 0535188248",1,LEAK,paired_hard_positive,email,hard,pair_2_pos
מתוך הדוח: הצוות דן בהשקת מוצר הדס ביום 8/11/2026 במסמך מסווג פנימי שלא נועד להפצה.,1,LEAK,paired_hard_positive,report,hard,pair_4_pos
"סיכום פגישה: בדוח מופיע רק שם החברה Amdocs ותאריך יעד 26/5/2026, ללא מידע אישי.",0,NON_LEAK,diverse_negative,meeting_note,medium,div_neg_41
שולח: לצורך זיהוי מול הספק הועבר מספר הזהות של טל אוחנה: 693384965.,1,LEAK,diverse_positive,chat,medium,div_pos_21
"נושא: עדכון
הצוות עבר לשלב בדיקות אינטגרציה ונדרש לעדכן סטטוס עד סוף היום.",0,NON_LEAK,diverse_negative,email,hard,div_neg_43
FIN-784846 | יש לעדכן את טבלת ההזמנות עם חשבון הבנק 5960682448 של איתי פרץ. תודה,1,LEAK,paired_hard_positive,ticket,hard,pair_5_pos
סיכום פגישה: הצוות דן בהשקת מודול ברק ביום 10/11/2026 במסמך מסווג פנימי שלא נועד להפצה.,1,LEAK,paired_hard_positive,meeting_note,hard,pair_4_pos
סיכום פגישה - בדשבורד הציבורי מופיע סטטוס כללי של פרויקט מבצע שקמה.,0,NON_LEAK,diverse_negative,meeting_note,hard,div_neg_49
INC-524591 | נא לשמור על סודיות - תוכנית ההשקה של מערכת קשת וקוד השם פרויקט ברוש מצורפים.,1,LEAK,diverse_positive,ticket,hard,div_pos_3
"נושא: עדכון
הקובץ מכיל שם משתמש, סיסמה וגישה לסביבת הייצור",1,LEAK,diverse_positive,email,hard,div_pos_53
בדיקה: המערכת החדשה תושק ב3/1/2026 לפי הודעה רשמית שפורסמה לכלל העובדים,0,NON_LEAK,diverse_negative,chat,medium,div_neg_4
"בדיקה: הפגישה עם רונית פרץ נקבעה ל22/3/2026 ברעננה, ובמסמך צורף גם הטלפון 0506260699 תודה",1,LEAK,paired_hard_positive,chat,hard,pair_2_pos
עדכון - הסיסמה הזמנית לחשבון של דוד כהן היא Welcome2026! ויש להחליף אותה מיד.,1,LEAK,diverse_positive,chat,hard,div_pos_9
HR-541572 | בדוח משאבי האנוש מופיעים נתוני השכר של אלון מלכה עבור חודש מרץ.,1,LEAK,diverse_positive,ticket,medium,div_pos_28
סיכום פגישה: מספר הקריאה הוא FIN-443951 ויש לעקוב אחריו מול רכש.,0,NON_LEAK,diverse_negative,meeting_note,hard,div_neg_40
"נושא: בקשה
הועבר סיכום על נועה מזרחי שעובד באלביט בפתח תקווה, כולל מספר הזהות 663001501.",1,LEAK,paired_hard_positive,email,hard,pair_1_pos
"סיכום פגישה: במסמך המצורף אין מידע אישי, רק סיכום משימות והחלטות.",0,NON_LEAK,diverse_negative,meeting_note,hard,div_neg_30
"נושא: מעקב
היעד הכספי לרבעון הוא 4,069 ש""ח ולא מדובר במידע על לקוח ספציפי. תודה",0,NON_LEAK,diverse_negative,email,medium,div_neg_5
תזכורת: המסמך מזכיר את איכילוב ואת איתי פרץ וכולל גם אבחנה של אסתמה. תודה,1,LEAK,paired_hard_positive,chat,hard,pair_6_pos
מתוך הדוח: שם העובד דנה דנינו מופיע במצגת הפנימית ללא פרטים נוספים. תודה,0,NON_LEAK,diverse_negative,report,hard,div_neg_40
מתוך הדוח: יש לעדכן את טבלת ההזמנות עם חשבון הבנק 5841914896 של אורן אברהם.,1,LEAK,paired_hard_positive,report,hard,pair_5_pos
עדכון - בדוח הלקוח מופיע איש קשר בשם אילן שבתאי יחד עם כתובת המייל ilan.shabtai@gmail.com.,1,LEAK,paired_hard_positive,chat,hard,pair_3_pos
סיכום פגישה - במצגת הופיעו שמות העובדים לצד נתוני שכר ובונוסים.,1,LEAK,paired_hard_positive,meeting_note,hard,pair_7_pos
"לתיעוד פנימי: הקובץ מכיל שם משתמש, סיסמה וגישה לסביבת הייצור.",1,LEAK,diverse_positive,memo,hard,div_pos_56
לתיעוד פנימי: המערכת החדשה תושק ב15/8/2026 לפי הודעה רשמית שפורסמה לכלל העובדים.,0,NON_LEAK,diverse_negative,memo,medium,div_neg_10
"מתוך הדוח: הפגישה עם אלון מלכה נקבעה ל11/8/2026 בבאר שבע, ובמסמך צורף גם הטלפון 0530803389. תודה",1,LEAK,paired_hard_positive,report,hard,pair_2_pos
"נושא - טיפול
הפגישה עם משה אוחנה נקבעה ל20/11/2026 בהרצליה, ובמסמך צורף גם הטלפון 0529028653.",1,LEAK,paired_hard_positive,email,hard,pair_2_pos
בדיקה: בדוח משאבי האנוש מופיעים נתוני השכר של טל אוחנה עבור חודש מרץ.,1,LEAK,diverse_positive,chat,hard,div_pos_59
"מתוך הדוח: הועבר סיכום על קרן אמסלם שעובד בשופרסל בהרצליה, כולל מספר הזהות 174979423 תודה",1,LEAK,paired_hard_positive,report,hard,pair_1_pos
סיכום פגישה: יש לעדכן את טבלת ההזמנות עם חשבון הבנק 6519967160 של טל אוחנה.,1,LEAK,paired_hard_positive,meeting_note,hard,pair_5_pos
מתוך הדוח: מספר הקריאה הוא SR-827488 ויש לעקוב אחריו מול כספים תודה,0,NON_LEAK,diverse_negative,report,medium,div_neg_45
לתיעוד פנימי: בדוח שהגיע מסורוקה מופיעים פרטי טיפול של רונית פרץ.,1,LEAK,diverse_positive,memo,medium,div_pos_9
"נושא: בקשה
בדוח הלקוח מופיע איש קשר בשם נועה מזרחי.",0,NON_LEAK,paired_hard_negative,email,hard,pair_3_neg
לתיעוד פנימי: מספר הקריאה הוא INC-863384 ויש לעקוב אחריו מול שיווק.,0,NON_LEAK,diverse_negative,memo,medium,div_neg_38
לתיעוד פנימי: המסמך מזכיר את אסותא ואת אורן אברהם בהקשר אדמיניסטרטיבי.,0,NON_LEAK,paired_hard_negative,memo,hard,pair_6_neg
מתוך הדוח: המערכת החדשה תושק ב24/3/2026 לפי הודעה רשמית שפורסמה לכלל העובדים. תודה,0,NON_LEAK,diverse_negative,report,hard,div_neg_45
"נושא: טיפול
בדוח שהגיע משיבא מופיעים פרטי טיפול של נועה מזרחי.",1,LEAK,diverse_positive,email,medium,div_pos_57
"נושא: מעקב
יש לעדכן את טבלת ההזמנות עם חשבון הבנק 8216083874 של נועה מזרחי",1,LEAK,paired_hard_positive,email,hard,pair_5_pos
לתיעוד פנימי: בדוח הלקוח מופיע איש קשר בשם שירה אברהם.,0,NON_LEAK,paired_hard_negative,memo,hard,pair_3_neg
"בדיקה: פרטי הקשר של מאיה ביטון: מייל maya.biton@gmail.com, טלפון 0555961555.",1,LEAK,diverse_positive,chat,hard,div_pos_39
עדכון: בדשבורד הציבורי מופיע סטטוס כללי של פרויקט תוכנית רימון.,0,NON_LEAK,diverse_negative,chat,hard,div_neg_42
"נושא: עדכון
במסמך המצורף אין מידע אישי, רק סיכום משימות והחלטות.",0,NON_LEAK,diverse_negative,email,hard,div_neg_49
"סיכום פגישה - הועבר דוח עם רשימת לקוחות אסטרטגיים, הצעות מחיר ותנאי התקשרות",1,LEAK,diverse_positive,meeting_note,hard,div_pos_45
"שולח: הועבר סיכום על אילן שבתאי שעובד בAmdocs בנתניה, כולל מספר הזהות 062814446",1,LEAK,paired_hard_positive,chat,hard,pair_1_pos
בדיקה: המערכת החדשה תושק ב20/11/2026 לפי הודעה רשמית שפורסמה לכלל העובדים.,0,NON_LEAK,diverse_negative,chat,medium,div_neg_59
"נושא: עדכון
מספר הקריאה הוא HR-598153 ויש לעקוב אחריו מול רכש.",0,NON_LEAK,diverse_negative,email,medium,div_neg_40
מתוך הדוח: שם העובד שירה אברהם מופיע במצגת הפנימית ללא פרטים נוספים.,0,NON_LEAK,diverse_negative,report,hard,div_neg_17
בדיקה: יש לעדכן את טבלת ההזמנות עם מזהה פנימי 7595214652,0,NON_LEAK,paired_hard_negative,chat,hard,pair_5_neg
"מתוך הדוח - בנספח מופיעים פרטי החשבון של אלון מלכה - בנק הפועלים, חשבון 4748906573",1,LEAK,diverse_positive,report,medium,div_pos_47
מתוך הדוח: הצוות עבר לשלב בדיקות אינטגרציה ונדרש לעדכן סטטוס עד סוף היום. תודה,0,NON_LEAK,diverse_negative,report,hard,div_neg_1
"SR-597747 | במסמך המצורף אין מידע אישי, רק סיכום משימות והחלטות.",0,NON_LEAK,diverse_negative,ticket,medium,div_neg_54
לתיעוד פנימי: בדוח הלקוח מופיע איש קשר בשם איתי פרץ.,0,NON_LEAK,paired_hard_negative,memo,hard,pair_3_neg
סיכום פגישה: יש לעדכן את טבלת ההזמנות עם חשבון הבנק 3202344558 של ניר ביטון. תודה,1,LEAK,paired_hard_positive,meeting_note,hard,pair_5_pos
שולח: במצגת הופיעו שמות העובדים לצורך חלוקת משימות.,0,NON_LEAK,paired_hard_negative,chat,hard,pair_7_neg
"סיכום פגישה: בנספח מופיעים פרטי החשבון של איתי פרץ: בנק לאומי, חשבון 9713274466. תודה",1,LEAK,diverse_positive,meeting_note,medium,div_pos_32
עדכון - שם העובד הילה חדד מופיע במצגת הפנימית ללא פרטים נוספים. תודה,0,NON_LEAK,diverse_negative,chat,medium,div_neg_41
מתוך הדוח: שם העובד איתי פרץ מופיע במצגת הפנימית ללא פרטים נוספים.,0,NON_LEAK,diverse_negative,report,hard,div_neg_12
"לתיעוד פנימי: הועבר החזר בגובה 6,923 ש""ח לחשבון 9508272645 של נועה מזרחי",1,LEAK,diverse_positive,memo,medium,div_pos_15
סיכום פגישה: הסיסמה הזמנית לחשבון של הילה חדד היא Welcome2026! ויש להחליף אותה מיד,1,LEAK,diverse_positive,meeting_note,medium,div_pos_0
"מתוך הדוח: הועבר דוח עם רשימת לקוחות אסטרטגיים, הצעות מחיר ותנאי התקשרות.",1,LEAK,diverse_positive,report,hard,div_pos_22
"נושא: מעקב
בדוח שהגיע מאסותא מופיעים פרטי טיפול של רונית פרץ.",1,LEAK,diverse_positive,email,medium,div_pos_58
"נושא - בקשה
הועבר סיכום על יואב לוי שעובד במיקרוסופט בתל אביב, כולל מספר הזהות 307603172",1,LEAK,paired_hard_positive,email,hard,pair_1_pos
בדיקה - המערכת החדשה תושק ב9/5/2026 לפי הודעה רשמית שפורסמה לכלל העובדים,0,NON_LEAK,diverse_negative,chat,medium,div_neg_3
"SR-292512 | הפגישה עם סמנכ""לית כספים תתקיים ביום ראשון באשדוד.",0,NON_LEAK,diverse_negative,ticket,hard,div_neg_11
"סיכום פגישה: פרטי הקשר של שרון סעדה: מייל sharon.saada@company.co.il, טלפון 0500118123.",1,LEAK,diverse_positive,meeting_note,medium,div_pos_35
"מתוך הדוח: בנספח מופיעים פרטי החשבון של ניר ביטון: מזרחי טפחות, חשבון 9783062586.",1,LEAK,diverse_positive,report,medium,div_pos_1
לתיעוד פנימי - בדוח הלקוח מופיע איש קשר בשם איתי פרץ.,0,NON_LEAK,paired_hard_negative,memo,hard,pair_3_neg
HR-373612 | בדוח שהגיע מאסותא מופיעים פרטי טיפול של דנה דנינו.,1,LEAK,diverse_positive,ticket,medium,div_pos_10
"לתיעוד פנימי: הועבר דוח עם רשימת לקוחות אסטרטגיים, הצעות מחיר ותנאי התקשרות.",1,LEAK,diverse_positive,memo,hard,div_pos_24
סיכום פגישה - מספר הקריאה הוא FIN-209774 ויש לעקוב אחריו מול מכירות,0,NON_LEAK,diverse_negative,meeting_note,hard,div_neg_4
סיכום פגישה - הועבר סיכום על יואב לוי שעובד ברפאל בבאר שבע,0,NON_LEAK,paired_hard_negative,meeting_note,hard,pair_1_neg
סיכום פגישה - הצוות דן בהשקת שירות אביב ביום 15/12/2026.,0,NON_LEAK,paired_hard_negative,meeting_note,hard,pair_4_neg
HR-610208 | יש לעדכן את טבלת ההזמנות עם חשבון הבנק 2644396869 של איתי פרץ,1,LEAK,paired_hard_positive,ticket,hard,pair_5_pos
"נושא: עדכון
הועבר סיכום על אלון מלכה שעובד במיקרוסופט בתל אביב",0,NON_LEAK,paired_hard_negative,email,hard,pair_1_neg
"נושא: עדכון
בנספח מופיעים פרטי החשבון של שירה אברהם: מזרחי טפחות, חשבון 5635519702.",1,LEAK,diverse_positive,email,hard,div_pos_52
FIN-941741 | בדשבורד הציבורי מופיע סטטוס כללי של פרויקט פרויקט דרור,0,NON_LEAK,diverse_negative,ticket,hard,div_neg_42
REQ-868812 | הועבר סיכום על טל אוחנה שעובד בבנק הפועלים בחיפה. תודה,0,NON_LEAK,paired_hard_negative,ticket,hard,pair_1_neg
"לתיעוד פנימי: היעד הכספי לרבעון הוא 26,097 ש""ח ולא מדובר במידע על לקוח ספציפי.",0,NON_LEAK,diverse_negative,memo,hard,div_neg_4
סיכום פגישה - הצוות דן בהשקת גרסה 4.2 ביום 9/4/2026 במסמך מסווג פנימי שלא נועד להפצה.,1,LEAK,paired_hard_positive,meeting_note,hard,pair_4_pos
לתיעוד פנימי: המסמך מזכיר את אסותא ואת אילן שבתאי וכולל גם אבחנה של אלרגיה חריפה.,1,LEAK,paired_hard_positive,memo,hard,pair_6_pos
"מתוך הדוח: הועבר החזר בגובה 38,320 ש""ח לחשבון 6035638969 של משה אוחנה.",1,LEAK,diverse_positive,report,hard,div_pos_11
"נושא: בקשה
המסמך מזכיר את אסותא ואת יעל לוי בהקשר אדמיניסטרטיבי. תודה",0,NON_LEAK,paired_hard_negative,email,hard,pair_6_neg
מתוך הדוח: בדוח שהגיע מסורוקה מופיעים פרטי טיפול של שרון סעדה.,1,LEAK,diverse_positive,report,hard,div_pos_21
לתיעוד פנימי: בדשבורד הציבורי מופיע סטטוס כללי של פרויקט פרויקט ברוש.,0,NON_LEAK,diverse_negative,memo,hard,div_neg_9
סיכום פגישה: במצגת הופיעו שמות העובדים לצד נתוני שכר ובונוסים.,1,LEAK,paired_hard_positive,meeting_note,hard,pair_7_pos
מתוך הדוח: הסיסמה הזמנית לחשבון של עמית אלקיים היא Welcome2026! ויש להחליף אותה מיד.,1,LEAK,diverse_positive,report,hard,div_pos_18
מתוך הדוח: המערכת החדשה תושק ב16/4/2026 לפי הודעה רשמית שפורסמה לכלל העובדים.,0,NON_LEAK,diverse_negative,report,medium,div_neg_30
"נושא: בקשה
הפגישה עם סמנכ""לית כספים תתקיים ביום ראשון בירושלים. תודה",0,NON_LEAK,diverse_negative,email,medium,div_neg_1
"מתוך הדוח: בנספח מופיעים פרטי החשבון של דנה דנינו: דיסקונט, חשבון 2495404460.",1,LEAK,diverse_positive,report,medium,div_pos_50
REQ-995735 | שם העובד נועה מזרחי מופיע במצגת הפנימית ללא פרטים נוספים.,0,NON_LEAK,diverse_negative,ticket,medium,div_neg_35
סיכום פגישה: הצוות עבר לשלב בדיקות אינטגרציה ונדרש לעדכן סטטוס עד סוף היום.,0,NON_LEAK,diverse_negative,meeting_note,hard,div_neg_1
"נושא: מעקב
הסיסמה הזמנית לחשבון של ניר ביטון היא Welcome2026! ויש להחליף אותה מיד.",1,LEAK,diverse_positive,email,medium,div_pos_27
לתיעוד פנימי: נא לשמור על סודיות: תוכנית ההשקה של פלטפורמת ארז וקוד השם מיזם תמר מצורפים,1,LEAK,diverse_positive,memo,medium,div_pos_20
"עדכון: הלקוח ביקש עדכון על הפרויקט, אבל לא נשלחו פרטי קשר או מזהים.",0,NON_LEAK,diverse_negative,chat,hard,div_neg_6
מתוך הדוח: הועבר סיכום על משה אוחנה שעובד באלביט במודיעין.,0,NON_LEAK,paired_hard_negative,report,hard,pair_1_neg
לתיעוד פנימי: המערכת החדשה תושק ב20/10/2026 לפי הודעה רשמית שפורסמה לכלל העובדים.,0,NON_LEAK,diverse_negative,memo,hard,div_neg_27
לתיעוד פנימי: בדוח הלקוח מופיע איש קשר בשם ליאור מלכה.,0,NON_LEAK,paired_hard_negative,memo,hard,pair_3_neg
סיכום פגישה: בדשבורד הציבורי מופיע סטטוס כללי של פרויקט פרויקט דרור. תודה,0,NON_LEAK,diverse_negative,meeting_note,medium,div_neg_14
"לתיעוד פנימי: הועבר החזר בגובה 13,490 ש""ח לחשבון 9750992417 של אלון מלכה",1,LEAK,diverse_positive,memo,medium,div_pos_0
"סיכום פגישה - היעד הכספי לרבעון הוא 3,906 ש""ח ולא מדובר במידע על לקוח ספציפי.",0,NON_LEAK,diverse_negative,meeting_note,hard,div_neg_27
עדכון: בדוח הלקוח מופיע איש קשר בשם אלון מלכה.,0,NON_LEAK,paired_hard_negative,chat,hard,pair_3_neg
לתיעוד פנימי: נא לשמור על סודיות: תוכנית ההשקה של שירות אביב וקוד השם פרויקט דרור מצורפים,1,LEAK,diverse_positive,memo,medium,div_pos_34
"לתיעוד פנימי: הקובץ מכיל שם משתמש, סיסמה וגישה לסביבת הייצור. תודה",1,LEAK,diverse_positive,memo,medium,div_pos_35
"נושא: טיפול
הפגישה עם טל אוחנה נקבעה ל17/11/2026 בחיפה, ובמסמך צורף גם הטלפון 0558474800 תודה",1,LEAK,paired_hard_positive,email,hard,pair_2_pos
סיכום פגישה: הועבר סיכום על הילה חדד שעובד בבנק לאומי בנתניה,0,NON_LEAK,paired_hard_negative,meeting_note,hard,pair_1_neg
"נושא: מעקב
הלקוח ביקש עדכון על הפרויקט, אבל לא נשלחו פרטי קשר או מזהים.",0,NON_LEAK,diverse_negative,email,hard,div_neg_15
"FIN-378091 | בדוח מופיע רק שם החברה Amdocs ותאריך יעד 1/3/2026, ללא מידע אישי.",0,NON_LEAK,diverse_negative,ticket,hard,div_neg_57
"לתיעוד פנימי: בדוח שהגיע מרמב""ם מופיעים פרטי טיפול של מאיה ביטון.",1,LEAK,diverse_positive,memo,medium,div_pos_36
סיכום פגישה: בדוח הלקוח מופיע איש קשר בשם ניר ביטון יחד עם כתובת המייל nir.biton@mail.com.,1,LEAK,paired_hard_positive,meeting_note,hard,pair_3_pos
מתוך הדוח - במצגת הופיעו שמות העובדים לצד נתוני שכר ובונוסים.,1,LEAK,paired_hard_positive,report,hard,pair_7_pos
סיכום פגישה - בדוח הלקוח מופיע איש קשר בשם אורן אברהם. תודה,0,NON_LEAK,paired_hard_negative,meeting_note,hard,pair_3_neg
מתוך הדוח: בדוח הלקוח מופיע איש קשר בשם שרון סעדה.,0,NON_LEAK,paired_hard_negative,report,hard,pair_3_neg
"סיכום פגישה: במסמך המצורף אין מידע אישי, רק סיכום משימות והחלטות.",0,NON_LEAK,diverse_negative,meeting_note,hard,div_neg_34
תזכורת: יש לעדכן את טבלת ההזמנות עם מזהה פנימי 9294942354.,0,NON_LEAK,paired_hard_negative,chat,hard,pair_5_neg
לתיעוד פנימי: לצורך זיהוי מול הספק הועבר מספר הזהות של ניר ביטון: 456071826.,1,LEAK,diverse_positive,memo,hard,div_pos_12
"נושא - עדכון
הועבר סיכום על רונית פרץ שעובד באינטל בפתח תקווה",0,NON_LEAK,paired_hard_negative,email,hard,pair_1_neg
"נושא: בקשה
הקובץ מכיל שם משתמש, סיסמה וגישה לסביבת הייצור",1,LEAK,diverse_positive,email,medium,div_pos_24
מתוך הדוח: מספר הקריאה הוא INC-757019 ויש לעקוב אחריו מול משאבי אנוש,0,NON_LEAK,diverse_negative,report,medium,div_neg_23
"נושא: טיפול
יש לעדכן את טבלת ההזמנות עם מזהה פנימי 3135454446.",0,NON_LEAK,paired_hard_negative,email,hard,pair_5_neg
מתוך הדוח - הועבר סיכום על משה אוחנה שעובד בקופת חולים כללית בהרצליה.,0,NON_LEAK,paired_hard_negative,report,hard,pair_1_neg
"נושא: בקשה
פרטי הקשר של אורן אברהם: מייל oren.avraham@outlook.com, טלפון 0554729117.",1,LEAK,diverse_positive,email,hard,div_pos_35
"סיכום פגישה: הועבר סיכום על ליאור מלכה שעובד באלביט בנתניה, כולל מספר הזהות 264636426.",1,LEAK,paired_hard_positive,meeting_note,hard,pair_1_pos
"מתוך הדוח: המסמך מזכיר את רמב""ם ואת קרן אמסלם בהקשר אדמיניסטרטיבי",0,NON_LEAK,paired_hard_negative,report,hard,pair_6_neg
מתוך הדוח: במצגת הופיעו שמות העובדים לצורך חלוקת משימות.,0,NON_LEAK,paired_hard_negative,report,hard,pair_7_neg
"נושא - בקשה
המסמך מזכיר את אסותא ואת אלון מלכה בהקשר אדמיניסטרטיבי",0,NON_LEAK,paired_hard_negative,email,hard,pair_6_neg
מתוך הדוח: יש לעדכן את טבלת ההזמנות עם חשבון הבנק 9127512369 של איתי פרץ.,1,LEAK,paired_hard_positive,report,hard,pair_5_pos
HR-983849 | בדשבורד הציבורי מופיע סטטוס כללי של פרויקט פרויקט דרור.,0,NON_LEAK,diverse_negative,ticket,medium,div_neg_46
"עדכון: הועבר סיכום על טל אוחנה שעובד באלביט ברעננה, כולל מספר הזהות 275949370.",1,LEAK,paired_hard_positive,chat,hard,pair_1_pos
מתוך הדוח - בדוח הלקוח מופיע איש קשר בשם קרן אמסלם יחד עם כתובת המייל keren.amsalem@company.co.il. תודה,1,LEAK,paired_hard_positive,report,hard,pair_3_pos
"נושא: עדכון
שם העובד דנה דנינו מופיע במצגת הפנימית ללא פרטים נוספים.",0,NON_LEAK,diverse_negative,email,hard,div_neg_58
"בדיקה - הפגישה עם יעל לוי נקבעה ל24/9/2026 בפתח תקווה, ובמסמך צורף גם הטלפון 0536038135.",1,LEAK,paired_hard_positive,chat,hard,pair_2_pos
"נושא - טיפול
הפגישה עם שרון סעדה נקבעה ל8/10/2026 בחיפה, ובמסמך צורף גם הטלפון 0586696118.",1,LEAK,paired_hard_positive,email,hard,pair_2_pos
"נושא - עדכון
הפגישה עם עמית אלקיים נקבעה ל25/8/2026 ברעננה.",0,NON_LEAK,paired_hard_negative,email,hard,pair_2_neg
FIN-864617 | יש לעדכן את טבלת ההזמנות עם מזהה פנימי 4233063169.,0,NON_LEAK,paired_hard_negative,ticket,hard,pair_5_neg
"מתוך הדוח: הפגישה עם מנכ""ל תתקיים ביום ראשון ברעננה.",0,NON_LEAK,diverse_negative,report,hard,div_neg_4
לתיעוד פנימי: בדוח הלקוח מופיע איש קשר בשם עדי שלום יחד עם כתובת המייל adi.shalom@mail.com.,1,LEAK,paired_hard_positive,memo,hard,pair_3_pos
עדכון: המסמך מזכיר את איכילוב ואת איתי פרץ וכולל גם אבחנה של לחץ דם גבוה.,1,LEAK,paired_hard_positive,chat,hard,pair_6_pos
מתוך הדוח - יש לעדכן את טבלת ההזמנות עם חשבון הבנק 2571347729 של ניר ביטון.,1,LEAK,paired_hard_positive,report,hard,pair_5_pos
לתיעוד פנימי: בדוח הלקוח מופיע איש קשר בשם יואב לוי יחד עם כתובת המייל yoav.levi@org.co.il.,1,LEAK,paired_hard_positive,memo,hard,pair_3_pos
"תזכורת: הפגישה עם ליאור מלכה נקבעה ל14/10/2026 בתל אביב, ובמסמך צורף גם הטלפון 0506146307.",1,LEAK,paired_hard_positive,chat,hard,pair_2_pos
סיכום פגישה: יש לעדכן את טבלת ההזמנות עם חשבון הבנק 1022614143 של דוד כהן. תודה,1,LEAK,paired_hard_positive,meeting_note,hard,pair_5_pos
סיכום פגישה: הצוות דן בהשקת שירות אביב ביום 3/1/2026 במסמך מסווג פנימי שלא נועד להפצה,1,LEAK,paired_hard_positive,meeting_note,hard,pair_4_pos
לתיעוד פנימי - יש לעדכן את טבלת ההזמנות עם חשבון הבנק 7522796396 של רונית פרץ תודה,1,LEAK,paired_hard_positive,memo,hard,pair_5_pos
"לתיעוד פנימי: הפגישה עם הילה חדד נקבעה ל7/3/2026 באשדוד, ובמסמך צורף גם הטלפון 0582662791.",1,LEAK,paired_hard_positive,memo,hard,pair_2_pos
"סיכום פגישה - הועבר סיכום על מיכל כהן שעובד בצ'ק פוינט בבאר שבע, כולל מספר הזהות 593735649. תודה",1,LEAK,paired_hard_positive,meeting_note,hard,pair_1_pos
"לתיעוד פנימי: הפגישה עם משה אוחנה נקבעה ל11/1/2026 באשדוד, ובמסמך צורף גם הטלפון 0576658767.",1,LEAK,paired_hard_positive,memo,hard,pair_2_pos
לתיעוד פנימי: בדוח שהגיע מאסותא מופיעים פרטי טיפול של עדי שלום.,1,LEAK,diverse_positive,memo,medium,div_pos_19
סיכום פגישה: הצוות עבר לשלב בדיקות אינטגרציה ונדרש לעדכן סטטוס עד סוף היום,0,NON_LEAK,diverse_negative,meeting_note,medium,div_neg_5
לתיעוד פנימי: במצגת הופיעו שמות העובדים לצורך חלוקת משימות.,0,NON_LEAK,paired_hard_negative,memo,hard,pair_7_neg
לתיעוד פנימי - הצוות עבר לשלב בדיקות אינטגרציה ונדרש לעדכן סטטוס עד סוף היום,0,NON_LEAK,diverse_negative,memo,medium,div_neg_39
FIN-789180 | בדוח הלקוח מופיע איש קשר בשם ליאור מלכה.,0,NON_LEAK,paired_hard_negative,ticket,hard,pair_3_neg
"לתיעוד פנימי: הלקוח ביקש עדכון על הפרויקט, אבל לא נשלחו פרטי קשר או מזהים. תודה",0,NON_LEAK,diverse_negative,memo,hard,div_neg_8
"מתוך הדוח: הועבר סיכום על שרון סעדה שעובד בקופת חולים כללית בראשון לציון, כולל מספר הזהות 143261498. תודה",1,LEAK,paired_hard_positive,report,hard,pair_1_pos
FIN-466943 | מספר הקריאה הוא SR-255792 ויש לעקוב אחריו מול פיתוח.,0,NON_LEAK,diverse_negative,ticket,medium,div_neg_40
"נושא - טיפול
הקובץ מכיל שם משתמש, סיסמה וגישה לסביבת הייצור.",1,LEAK,diverse_positive,email,hard,div_pos_10
FIN-004496 | המסמך מזכיר את איכילוב ואת דוד כהן בהקשר אדמיניסטרטיבי.,0,NON_LEAK,paired_hard_negative,ticket,hard,pair_6_neg
"עדכון: בדוח שהגיע מרמב""ם מופיעים פרטי טיפול של שרון סעדה.",1,LEAK,diverse_positive,chat,hard,div_pos_31
"לתיעוד פנימי: פרטי הקשר של עדי שלום: מייל adishalom@gmailcom, טלפון 0574218613",1,LEAK,diverse_positive,memo,medium,div_pos_28
תזכורת: מספר הקריאה הוא REQ-235515 ויש לעקוב אחריו מול אבטחת מידע.,0,NON_LEAK,diverse_negative,chat,medium,div_neg_51
REQ-183053 | במצגת הופיעו שמות העובדים לצורך חלוקת משימות.,0,NON_LEAK,paired_hard_negative,ticket,hard,pair_7_neg
מתוך הדוח: במצגת הופיעו שמות העובדים לצד נתוני שכר ובונוסים.,1,LEAK,paired_hard_positive,report,hard,pair_7_pos
"לתיעוד פנימי - במסמך המצורף אין מידע אישי, רק סיכום משימות והחלטות.",0,NON_LEAK,diverse_negative,memo,medium,div_neg_39
"INC-517517 | פרטי הקשר של דוד כהן: מייל davidcohen@companycoil, טלפון 0592476595",1,LEAK,diverse_positive,ticket,hard,div_pos_34
לתיעוד פנימי: הועבר סיכום על מאיה ביטון שעובד בסלקום בחיפה תודה,0,NON_LEAK,paired_hard_negative,memo,hard,pair_1_neg
"מתוך הדוח: בדוח מופיע רק שם החברה גוגל ישראל ותאריך יעד 11/7/2026, ללא מידע אישי",0,NON_LEAK,diverse_negative,report,hard,div_neg_57
סיכום פגישה: מספר הקריאה הוא SR-610665 ויש לעקוב אחריו מול שיווק.,0,NON_LEAK,diverse_negative,meeting_note,hard,div_neg_21
SR-127386 | הסיסמה הזמנית לחשבון של אורן אברהם היא Welcome2026! ויש להחליף אותה מיד.,1,LEAK,diverse_positive,ticket,hard,div_pos_43
לתיעוד פנימי: הועבר סיכום על טל אוחנה שעובד במכבי שירותי בריאות בראשון לציון.,0,NON_LEAK,paired_hard_negative,memo,hard,pair_1_neg
סיכום פגישה - בדוח משאבי האנוש מופיעים נתוני השכר של שרון סעדה עבור חודש מרץ.,1,LEAK,diverse_positive,meeting_note,hard,div_pos_17
"מתוך הדוח: המסמך מזכיר את רמב""ם ואת דנה דנינו וכולל גם אבחנה של פציעת גב",1,LEAK,paired_hard_positive,report,hard,pair_6_pos
שולח: המסמך מזכיר את איכילוב ואת קרן אמסלם בהקשר אדמיניסטרטיבי.,0,NON_LEAK,paired_hard_negative,chat,hard,pair_6_neg
מתוך הדוח: מספר הקריאה הוא HR-026457 ויש לעקוב אחריו מול כספים תודה,0,NON_LEAK,diverse_negative,report,medium,div_neg_51
מתוך הדוח: במצגת הופיעו שמות העובדים לצד נתוני שכר ובונוסים,1,LEAK,paired_hard_positive,report,hard,pair_7_pos
"FIN-121075 | פרטי הקשר של הילה חדד: מייל hila.hadad@mail.com, טלפון 0594179281. תודה",1,LEAK,diverse_positive,ticket,hard,div_pos_57
לתיעוד פנימי: יש לעדכן את טבלת ההזמנות עם חשבון הבנק 2010035572 של רון חדד.,1,LEAK,paired_hard_positive,memo,hard,pair_5_pos
מתוך הדוח: הצוות עבר לשלב בדיקות אינטגרציה ונדרש לעדכן סטטוס עד סוף היום. תודה,0,NON_LEAK,diverse_negative,report,hard,div_neg_2
שולח: הועבר סיכום על אילן שבתאי שעובד בנייס בפתח תקווה.,0,NON_LEAK,paired_hard_negative,chat,hard,pair_1_neg
מתוך הדוח: הצוות דן בהשקת מודול ברק ביום 27/5/2026.,0,NON_LEAK,paired_hard_negative,report,hard,pair_4_neg
"לתיעוד פנימי: בנספח מופיעים פרטי החשבון של אורן אברהם: בנק לאומי, חשבון 2413239577.",1,LEAK,diverse_positive,memo,medium,div_pos_14
"HR-548130 | המסמך מזכיר את רמב""ם ואת מיכל כהן בהקשר אדמיניסטרטיבי.",0,NON_LEAK,paired_hard_negative,ticket,hard,pair_6_neg
סיכום פגישה: במצגת הופיעו שמות העובדים לצד נתוני שכר ובונוסים,1,LEAK,paired_hard_positive,meeting_note,hard,pair_7_pos
סיכום פגישה: הצוות עבר לשלב בדיקות אינטגרציה ונדרש לעדכן סטטוס עד סוף היום.,0,NON_LEAK,diverse_negative,meeting_note,medium,div_neg_38
תזכורת: המסמך מזכיר את אסותא ואת ליאור מלכה וכולל גם אבחנה של לחץ דם גבוה תודה,1,LEAK,paired_hard_positive,chat,hard,pair_6_pos
INC-356445 | יש לעדכן את טבלת ההזמנות עם מזהה פנימי 3514753275.,0,NON_LEAK,paired_hard_negative,ticket,hard,pair_5_neg
מתוך הדוח - הצוות דן בהשקת מוצר אופק ביום 10/12/2026,0,NON_LEAK,paired_hard_negative,report,hard,pair_4_neg
SR-953578 | המערכת החדשה תושק ב17/7/2026 לפי הודעה רשמית שפורסמה לכלל העובדים.,0,NON_LEAK,diverse_negative,ticket,hard,div_neg_30
שולח: בדשבורד הציבורי מופיע סטטוס כללי של פרויקט מבצע שקמה,0,NON_LEAK,diverse_negative,chat,hard,div_neg_22
מתוך הדוח: בדוח הלקוח מופיע איש קשר בשם נועה מזרחי יחד עם כתובת המייל noa.mizrahi@company.co.il.,1,LEAK,paired_hard_positive,report,hard,pair_3_pos
REQ-783902 | הפגישה עם מנהל פיתוח תתקיים ביום ראשון בתל אביב.,0,NON_LEAK,diverse_negative,ticket,medium,div_neg_29
סיכום פגישה: בדוח משאבי האנוש מופיעים נתוני השכר של ליאור מלכה עבור חודש מרץ.,1,LEAK,diverse_positive,meeting_note,hard,div_pos_32
"נושא: מעקב
הועבר החזר בגובה 28,831 ש""ח לחשבון 9922616190 של רונית פרץ.",1,LEAK,diverse_positive,email,medium,div_pos_55
"מתוך הדוח: בנספח מופיעים פרטי החשבון של מיכל כהן: דיסקונט, חשבון 1690946330.",1,LEAK,diverse_positive,report,medium,div_pos_41
"לתיעוד פנימי - הועבר דוח עם רשימת לקוחות אסטרטגיים, הצעות מחיר ותנאי התקשרות",1,LEAK,diverse_positive,memo,medium,div_pos_17
"REQ-785263 | היעד הכספי לרבעון הוא 9,882 ש""ח ולא מדובר במידע על לקוח ספציפי.",0,NON_LEAK,diverse_negative,ticket,medium,div_neg_14
"לתיעוד פנימי: בנספח מופיעים פרטי החשבון של מיכל כהן: מזרחי טפחות, חשבון 0436902800. תודה",1,LEAK,diverse_positive,memo,medium,div_pos_25
HR-234572 | יש לעדכן את טבלת ההזמנות עם מזהה פנימי 7532347572.,0,NON_LEAK,paired_hard_negative,ticket,hard,pair_5_neg
סיכום פגישה - בדוח הלקוח מופיע איש קשר בשם רון חדד יחד עם כתובת המייל ron.hadad@mail.com.,1,LEAK,paired_hard_positive,meeting_note,hard,pair_3_pos
לתיעוד פנימי: בדוח שהגיע מאסותא מופיעים פרטי טיפול של מיכל כהן.,1,LEAK,diverse_positive,memo,hard,div_pos_27
"מתוך הדוח: הועבר דוח עם רשימת לקוחות אסטרטגיים, הצעות מחיר ותנאי התקשרות.",1,LEAK,diverse_positive,report,hard,div_pos_52
שולח: בדשבורד הציבורי מופיע סטטוס כללי של פרויקט מבצע שקמה,0,NON_LEAK,diverse_negative,chat,medium,div_neg_48
לתיעוד פנימי: לצורך זיהוי מול הספק הועבר מספר הזהות של דנה דנינו: 155740467,1,LEAK,diverse_positive,memo,medium,div_pos_44
סיכום פגישה: יש לעדכן את טבלת ההזמנות עם חשבון הבנק 8928342574 של שרון סעדה. תודה,1,LEAK,paired_hard_positive,meeting_note,hard,pair_5_pos
תזכורת: יש לעדכן את טבלת ההזמנות עם מזהה פנימי 8815926946.,0,NON_LEAK,paired_hard_negative,chat,hard,pair_5_neg
סיכום פגישה: בדוח הלקוח מופיע איש קשר בשם ליאור מלכה.,0,NON_LEAK,paired_hard_negative,meeting_note,hard,pair_3_neg
סיכום פגישה: בדוח משאבי האנוש מופיעים נתוני השכר של שירה אברהם עבור חודש מרץ,1,LEAK,diverse_positive,meeting_note,medium,div_pos_20
"נושא: בקשה
בנספח מופיעים פרטי החשבון של נועה מזרחי: בנק לאומי, חשבון 9380153221",1,LEAK,diverse_positive,email,hard,div_pos_54
עדכון: יש לעדכן את טבלת ההזמנות עם מזהה פנימי 3339285258.,0,NON_LEAK,paired_hard_negative,chat,hard,pair_5_neg
FIN-269474 | יש לעדכן את טבלת ההזמנות עם חשבון הבנק 6515413821 של שרון סעדה.,1,LEAK,paired_hard_positive,ticket,hard,pair_5_pos
"נושא: טיפול
במצגת הופיעו שמות העובדים לצורך חלוקת משימות.",0,NON_LEAK,paired_hard_negative,email,hard,pair_7_neg
"לתיעוד פנימי: היעד הכספי לרבעון הוא 13,313 ש""ח ולא מדובר במידע על לקוח ספציפי תודה",0,NON_LEAK,diverse_negative,memo,medium,div_neg_19
לתיעוד פנימי: יש לעדכן את טבלת ההזמנות עם חשבון הבנק 5796438038 של מאיה ביטון,1,LEAK,paired_hard_positive,memo,hard,pair_5_pos
"מתוך הדוח: היעד הכספי לרבעון הוא 5,853 ש""ח ולא מדובר במידע על לקוח ספציפי. תודה",0,NON_LEAK,diverse_negative,report,hard,div_neg_13
סיכום פגישה: מספר הקריאה הוא INC-827081 ויש לעקוב אחריו מול כספים,0,NON_LEAK,diverse_negative,meeting_note,medium,div_neg_21
מתוך הדוח: בדוח הלקוח מופיע איש קשר בשם דוד כהן.,0,NON_LEAK,paired_hard_negative,report,hard,pair_3_neg
"סיכום פגישה: הקובץ מכיל שם משתמש, סיסמה וגישה לסביבת הייצור.",1,LEAK,diverse_positive,meeting_note,hard,div_pos_35
מתוך הדוח: בדוח הלקוח מופיע איש קשר בשם שרון סעדה יחד עם כתובת המייל sharon.saada@org.co.il.,1,LEAK,paired_hard_positive,report,hard,pair_3_pos
"נושא: עדכון
היעד הכספי לרבעון הוא 14,829 ש""ח ולא מדובר במידע על לקוח ספציפי.",0,NON_LEAK,diverse_negative,email,medium,div_neg_25
מתוך הדוח: שם העובד שירה אברהם מופיע במצגת הפנימית ללא פרטים נוספים.,0,NON_LEAK,diverse_negative,report,hard,div_neg_28
לתיעוד פנימי - הצוות דן בהשקת גרסה 42 ביום 27/6/2026,0,NON_LEAK,paired_hard_negative,memo,hard,pair_4_neg
סיכום פגישה - שם העובד ליאור מלכה מופיע במצגת הפנימית ללא פרטים נוספים,0,NON_LEAK,diverse_negative,meeting_note,medium,div_neg_53
"סיכום פגישה: בנספח מופיעים פרטי החשבון של שרון סעדה: דיסקונט, חשבון 6170152821. תודה",1,LEAK,diverse_positive,meeting_note,hard,div_pos_45
SR-663313 | מספר הקריאה הוא INC-083322 ויש לעקוב אחריו מול שיווק.,0,NON_LEAK,diverse_negative,ticket,hard,div_neg_37
"מתוך הדוח - הועבר סיכום על דוד כהן שעובד בגוגל ישראל ברעננה, כולל מספר הזהות 213878780.",1,LEAK,paired_hard_positive,report,hard,pair_1_pos
תזכורת: במצגת הופיעו שמות העובדים לצד נתוני שכר ובונוסים.,1,LEAK,paired_hard_positive,chat,hard,pair_7_pos
"תזכורת: הועבר דוח עם רשימת לקוחות אסטרטגיים, הצעות מחיר ותנאי התקשרות.",1,LEAK,diverse_positive,chat,medium,div_pos_0
SR-395369 | הפגישה עם יעל לוי נקבעה ל2/12/2026 בפתח תקווה,0,NON_LEAK,paired_hard_negative,ticket,hard,pair_2_neg
סיכום פגישה: יש לעדכן את טבלת ההזמנות עם מזהה פנימי 3116075464.,0,NON_LEAK,paired_hard_negative,meeting_note,hard,pair_5_neg
שולח: הפגישה עם מיכל כהן נקבעה ל22/9/2026 בבאר שבע.,0,NON_LEAK,paired_hard_negative,chat,hard,pair_2_neg
מתוך הדוח - בדוח הלקוח מופיע איש קשר בשם משה אוחנה.,0,NON_LEAK,paired_hard_negative,report,hard,pair_3_neg
מתוך הדוח: הצוות דן בהשקת מודול ברק ביום 4/6/2026 במסמך מסווג פנימי שלא נועד להפצה. תודה,1,LEAK,paired_hard_positive,report,hard,pair_4_pos
מתוך הדוח: בדשבורד הציבורי מופיע סטטוס כללי של פרויקט פרויקט דרור.,0,NON_LEAK,diverse_negative,report,hard,div_neg_6
מתוך הדוח: יש לעדכן את טבלת ההזמנות עם מזהה פנימי 2035597499.,0,NON_LEAK,paired_hard_negative,report,hard,pair_5_neg
עדכון: שם העובד רון חדד מופיע במצגת הפנימית ללא פרטים נוספים.,0,NON_LEAK,diverse_negative,chat,hard,div_neg_28
"נושא: בקשה
במסמך המצורף אין מידע אישי, רק סיכום משימות והחלטות",0,NON_LEAK,diverse_negative,email,medium,div_neg_40
סיכום פגישה: יש לעדכן את טבלת ההזמנות עם חשבון הבנק 0002583116 של יעל לוי,1,LEAK,paired_hard_positive,meeting_note,hard,pair_5_pos
SR-085832 | בדוח משאבי האנוש מופיעים נתוני השכר של דוד כהן עבור חודש מרץ.,1,LEAK,diverse_positive,ticket,hard,div_pos_19
SR-717487 | הועבר סיכום על הילה חדד שעובד באינטל בבאר שבע. תודה,0,NON_LEAK,paired_hard_negative,ticket,hard,pair_1_neg
סיכום פגישה: הועבר סיכום על אילן שבתאי שעובד באינטל ברעננה.,0,NON_LEAK,paired_hard_negative,meeting_note,hard,pair_1_neg
"נושא - בקשה
במצגת הופיעו שמות העובדים לצד נתוני שכר ובונוסים.",1,LEAK,paired_hard_positive,email,hard,pair_7_pos
"נושא: טיפול
הצוות עבר לשלב בדיקות אינטגרציה ונדרש לעדכן סטטוס עד סוף היום.",0,NON_LEAK,diverse_negative,email,medium,div_neg_43
לתיעוד פנימי - יש לעדכן את טבלת ההזמנות עם חשבון הבנק 6195278396 של דנה דנינו.,1,LEAK,paired_hard_positive,memo,hard,pair_5_pos
לתיעוד פנימי: מספר הקריאה הוא REQ-766259 ויש לעקוב אחריו מול מכירות.,0,NON_LEAK,diverse_negative,memo,medium,div_neg_36
לתיעוד פנימי: הפגישה עם ליאור מלכה נקבעה ל26/7/2026 בתל אביב,0,NON_LEAK,paired_hard_negative,memo,hard,pair_2_neg
"סיכום פגישה: הועבר סיכום על עדי שלום שעובד בקופת חולים כללית בבאר שבע, כולל מספר הזהות 118969605.",1,LEAK,paired_hard_positive,meeting_note,hard,pair_1_pos
סיכום פגישה: בדוח משאבי האנוש מופיעים נתוני השכר של משה אוחנה עבור חודש מרץ תודה,1,LEAK,diverse_positive,meeting_note,hard,div_pos_16
"נושא: טיפול
הצוות דן בהשקת שירות אביב ביום 6/9/2026.",0,NON_LEAK,paired_hard_negative,email,hard,pair_4_neg
SR-588166 | מספר הקריאה הוא HR-501525 ויש לעקוב אחריו מול משאבי אנוש. תודה,0,NON_LEAK,diverse_negative,ticket,medium,div_neg_6
"עדכון: בנספח מופיעים פרטי החשבון של עמית אלקיים: בנק לאומי, חשבון 5935621875",1,LEAK,diverse_positive,chat,hard,div_pos_50
עדכון: הצוות עבר לשלב בדיקות אינטגרציה ונדרש לעדכן סטטוס עד סוף היום.,0,NON_LEAK,diverse_negative,chat,medium,div_neg_3
"נושא - טיפול
המסמך מזכיר את סורוקה ואת אילן שבתאי בהקשר אדמיניסטרטיבי.",0,NON_LEAK,paired_hard_negative,email,hard,pair_6_neg
סיכום פגישה: יש לעדכן את טבלת ההזמנות עם מזהה פנימי 5495750890.,0,NON_LEAK,paired_hard_negative,meeting_note,hard,pair_5_neg
מתוך הדוח: הצוות דן בהשקת פלטפורמת ארז ביום 18/8/2026 במסמך מסווג פנימי שלא נועד להפצה.,1,LEAK,paired_hard_positive,report,hard,pair_4_pos
בדיקה - יש לעדכן את טבלת ההזמנות עם מזהה פנימי 5166188245.,0,NON_LEAK,paired_hard_negative,chat,hard,pair_5_neg
לתיעוד פנימי: בדוח הלקוח מופיע איש קשר בשם רון חדד יחד עם כתובת המייל ron.hadad@company.co.il.,1,LEAK,paired_hard_positive,memo,hard,pair_3_pos
FIN-842139 | יש לעדכן את טבלת ההזמנות עם חשבון הבנק 4988426114 של איתי פרץ תודה,1,LEAK,paired_hard_positive,ticket,hard,pair_5_pos
"נושא: עדכון
המערכת החדשה תושק ב4/4/2026 לפי הודעה רשמית שפורסמה לכלל העובדים.",0,NON_LEAK,diverse_negative,email,medium,div_neg_11
סיכום פגישה - הועבר סיכום על ליאור מלכה שעובד בסלקום בהרצליה.,0,NON_LEAK,paired_hard_negative,meeting_note,hard,pair_1_neg
"נושא: בקשה
בדשבורד הציבורי מופיע סטטוס כללי של פרויקט פרויקט דרור.",0,NON_LEAK,diverse_negative,email,hard,div_neg_40
"נושא - בקשה
בנספח מופיעים פרטי החשבון של יעל לוי - בנק הפועלים, חשבון 6856483950.",1,LEAK,diverse_positive,email,hard,div_pos_22
"נושא: מעקב
הועבר דוח עם רשימת לקוחות אסטרטגיים, הצעות מחיר ותנאי התקשרות",1,LEAK,diverse_positive,email,hard,div_pos_47
"תזכורת: בדוח מופיע רק שם החברה אינטל ותאריך יעד 20/2/2026, ללא מידע אישי.",0,NON_LEAK,diverse_negative,chat,medium,div_neg_1
"לתיעוד פנימי: פרטי הקשר של איתי פרץ: מייל itay.peretz@org.co.il, טלפון 0587619087.",1,LEAK,diverse_positive,memo,medium,div_pos_39
"מתוך הדוח: במסמך המצורף אין מידע אישי, רק סיכום משימות והחלטות.",0,NON_LEAK,diverse_negative,report,hard,div_neg_8
סיכום פגישה - בדשבורד הציבורי מופיע סטטוס כללי של פרויקט פרויקט דרור. תודה,0,NON_LEAK,diverse_negative,meeting_note,medium,div_neg_38
מתוך הדוח: שם העובד יעל לוי מופיע במצגת הפנימית ללא פרטים נוספים,0,NON_LEAK,diverse_negative,report,medium,div_neg_48
שולח: בדוח הלקוח מופיע איש קשר בשם איתי פרץ יחד עם כתובת המייל itay.peretz@mail.com.,1,LEAK,paired_hard_positive,chat,hard,pair_3_pos
"לתיעוד פנימי: היעד הכספי לרבעון הוא 12,202 ש""ח ולא מדובר במידע על לקוח ספציפי.",0,NON_LEAK,diverse_negative,memo,medium,div_neg_36
לתיעוד פנימי: במצגת הופיעו שמות העובדים לצורך חלוקת משימות.,0,NON_LEAK,paired_hard_negative,memo,hard,pair_7_neg
"נושא: בקשה
שם העובד יואב לוי מופיע במצגת הפנימית ללא פרטים נוספים.",0,NON_LEAK,diverse_negative,email,medium,div_neg_2
לתיעוד פנימי: יש לעדכן את טבלת ההזמנות עם מזהה פנימי 5683170397. תודה,0,NON_LEAK,paired_hard_negative,memo,hard,pair_5_neg
בדיקה: המסמך מזכיר את איכילוב ואת מיכל כהן וכולל גם אבחנה של לחץ דם גבוה,1,LEAK,paired_hard_positive,chat,hard,pair_6_pos
סיכום פגישה: במצגת הופיעו שמות העובדים לצורך חלוקת משימות.,0,NON_LEAK,paired_hard_negative,meeting_note,hard,pair_7_neg
"מתוך הדוח: הקובץ מכיל שם משתמש, סיסמה וגישה לסביבת הייצור.",1,LEAK,diverse_positive,report,medium,div_pos_17
"נושא: בקשה
הפגישה עם קרן אמסלם נקבעה ל15/3/2026 בתל אביב.",0,NON_LEAK,paired_hard_negative,email,hard,pair_2_neg
"שולח: בדוח מופיע רק שם החברה נייס ותאריך יעד 2/6/2026, ללא מידע אישי",0,NON_LEAK,diverse_negative,chat,hard,div_neg_43
"FIN-525202 | פרטי הקשר של עדי שלום - מייל adishalom@mailcom, טלפון 0529233397",1,LEAK,diverse_positive,ticket,medium,div_pos_35
סיכום פגישה: לצורך זיהוי מול הספק הועבר מספר הזהות של דוד כהן: 280428057. תודה,1,LEAK,diverse_positive,meeting_note,medium,div_pos_20
"נושא: בקשה
הסיסמה הזמנית לחשבון של אורן אברהם היא Welcome2026! ויש להחליף אותה מיד",1,LEAK,diverse_positive,email,hard,div_pos_28
"מתוך הדוח: הועבר החזר בגובה 19,248 ש""ח לחשבון 9458931765 של אילן שבתאי.",1,LEAK,diverse_positive,report,hard,div_pos_34
"סיכום פגישה: היעד הכספי לרבעון הוא 33,348 ש""ח ולא מדובר במידע על לקוח ספציפי.",0,NON_LEAK,diverse_negative,meeting_note,hard,div_neg_45
מתוך הדוח: במצגת הופיעו שמות העובדים לצורך חלוקת משימות.,0,NON_LEAK,paired_hard_negative,report,hard,pair_7_neg
לתיעוד פנימי: לצורך זיהוי מול הספק הועבר מספר הזהות של דוד כהן: 701268260.,1,LEAK,diverse_positive,memo,medium,div_pos_26
סיכום פגישה: מספר הקריאה הוא HR-656699 ויש לעקוב אחריו מול אבטחת מידע,0,NON_LEAK,diverse_negative,meeting_note,hard,div_neg_31
"נושא: בקשה
הועבר סיכום על דנה דנינו שעובד בבזק בנתניה, כולל מספר הזהות 425515505.",1,LEAK,paired_hard_positive,email,hard,pair_1_pos
REQ-107065 | לצורך זיהוי מול הספק הועבר מספר הזהות של ניר ביטון: 238528850.,1,LEAK,diverse_positive,ticket,medium,div_pos_49
שולח: בדוח הלקוח מופיע איש קשר בשם שרון סעדה יחד עם כתובת המייל sharon.saada@org.co.il.,1,LEAK,paired_hard_positive,chat,hard,pair_3_pos
"מתוך הדוח: הפגישה עם עדי שלום נקבעה ל24/12/2026 בפתח תקווה, ובמסמך צורף גם הטלפון 0532479262",1,LEAK,paired_hard_positive,report,hard,pair_2_pos
מתוך הדוח: בדוח הלקוח מופיע איש קשר בשם ניר ביטון יחד עם כתובת המייל nir.biton@mail.com.,1,LEAK,paired_hard_positive,report,hard,pair_3_pos
"סיכום פגישה: הפגישה עם יואב לוי נקבעה ל22/4/2026 בתל אביב, ובמסמך צורף גם הטלפון 0575749371",1,LEAK,paired_hard_positive,meeting_note,hard,pair_2_pos
"INC-328252 | הועבר דוח עם רשימת לקוחות אסטרטגיים, הצעות מחיר ותנאי התקשרות.",1,LEAK,diverse_positive,ticket,hard,div_pos_25
לתיעוד פנימי - הצוות דן בהשקת מערכת קשת ביום 7/9/2026 במסמך מסווג פנימי שלא נועד להפצה.,1,LEAK,paired_hard_positive,memo,hard,pair_4_pos
סיכום פגישה: מספר הקריאה הוא HR-425651 ויש לעקוב אחריו מול מכירות.,0,NON_LEAK,diverse_negative,meeting_note,medium,div_neg_44
שולח: הפגישה עם עמית אלקיים נקבעה ל11/10/2026 בירושלים.,0,NON_LEAK,paired_hard_negative,chat,hard,pair_2_neg
מתוך הדוח: יש לעדכן את טבלת ההזמנות עם חשבון הבנק 3812022395 של מיכל כהן.,1,LEAK,paired_hard_positive,report,hard,pair_5_pos
לתיעוד פנימי: יש לעדכן את טבלת ההזמנות עם מזהה פנימי 4608169309.,0,NON_LEAK,paired_hard_negative,memo,hard,pair_5_neg
בדיקה: יש לעדכן את טבלת ההזמנות עם חשבון הבנק 2551751966 של יואב לוי,1,LEAK,paired_hard_positive,chat,hard,pair_5_pos
"עדכון - בדוח מופיע רק שם החברה שופרסל ותאריך יעד 7/8/2026, ללא מידע אישי.",0,NON_LEAK,diverse_negative,chat,hard,div_neg_31
"INC-371719 | הלקוח ביקש עדכון על הפרויקט, אבל לא נשלחו פרטי קשר או מזהים. תודה",0,NON_LEAK,diverse_negative,ticket,medium,div_neg_9
"נושא: טיפול
במסמך המצורף אין מידע אישי, רק סיכום משימות והחלטות",0,NON_LEAK,diverse_negative,email,medium,div_neg_57
מתוך הדוח - הסיסמה הזמנית לחשבון של דנה דנינו היא Welcome2026! ויש להחליף אותה מיד,1,LEAK,diverse_positive,report,medium,div_pos_59
סיכום פגישה - הפגישה עם יועץ משפטי תתקיים ביום ראשון בראשון לציון.,0,NON_LEAK,diverse_negative,meeting_note,hard,div_neg_20
"נושא - טיפול
בדוח שהגיע מסורוקה מופיעים פרטי טיפול של נועה מזרחי.",1,LEAK,diverse_positive,email,hard,div_pos_24
"מתוך הדוח: הועבר סיכום על נועה מזרחי שעובד בשטראוס ברעננה, כולל מספר הזהות 871975416.",1,LEAK,paired_hard_positive,report,hard,pair_1_pos
לתיעוד פנימי: יש לעדכן את טבלת ההזמנות עם חשבון הבנק 5321056329 של אלון מלכה.,1,LEAK,paired_hard_positive,memo,hard,pair_5_pos
מתוך הדוח: המסמך מזכיר את איכילוב ואת ניר ביטון וכולל גם אבחנה של אסתמה תודה,1,LEAK,paired_hard_positive,report,hard,pair_6_pos
שולח: הסיסמה הזמנית לחשבון של משה אוחנה היא Welcome2026! ויש להחליף אותה מיד.,1,LEAK,diverse_positive,chat,hard,div_pos_8
תזכורת: בדשבורד הציבורי מופיע סטטוס כללי של פרויקט מבצע שקמה.,0,NON_LEAK,diverse_negative,chat,medium,div_neg_39
"סיכום פגישה: הועבר החזר בגובה 27,080 ש""ח לחשבון 0994693019 של אלון מלכה תודה",1,LEAK,diverse_positive,meeting_note,medium,div_pos_58
INC-860731 | המערכת החדשה תושק ב9/10/2026 לפי הודעה רשמית שפורסמה לכלל העובדים,0,NON_LEAK,diverse_negative,ticket,medium,div_neg_30
סיכום פגישה: יש לעדכן את טבלת ההזמנות עם מזהה פנימי 5950725993.,0,NON_LEAK,paired_hard_negative,meeting_note,hard,pair_5_neg
"נושא: טיפול
הועבר דוח עם רשימת לקוחות אסטרטגיים, הצעות מחיר ותנאי התקשרות.",1,LEAK,diverse_positive,email,medium,div_pos_36
עדכון: במצגת הופיעו שמות העובדים לצד נתוני שכר ובונוסים. תודה,1,LEAK,paired_hard_positive,chat,hard,pair_7_pos
"שולח: היעד הכספי לרבעון הוא 18,341 ש""ח ולא מדובר במידע על לקוח ספציפי.",0,NON_LEAK,diverse_negative,chat,hard,div_neg_14
סיכום פגישה: בדוח הלקוח מופיע איש קשר בשם עדי שלום תודה,0,NON_LEAK,paired_hard_negative,meeting_note,hard,pair_3_neg
בדיקה: בדוח משאבי האנוש מופיעים נתוני השכר של איתי פרץ עבור חודש מרץ.,1,LEAK,diverse_positive,chat,hard,div_pos_10
סיכום פגישה - הצוות דן בהשקת מוצר אופק ביום 19/9/2026 במסמך מסווג פנימי שלא נועד להפצה,1,LEAK,paired_hard_positive,meeting_note,hard,pair_4_pos
סיכום פגישה: יש לעדכן את טבלת ההזמנות עם חשבון הבנק 3218921998 של מאיה ביטון. תודה,1,LEAK,paired_hard_positive,meeting_note,hard,pair_5_pos
"לתיעוד פנימי: הועבר דוח עם רשימת לקוחות אסטרטגיים, הצעות מחיר ותנאי התקשרות.",1,LEAK,diverse_positive,memo,medium,div_pos_30
לתיעוד פנימי: במצגת הופיעו שמות העובדים לצד נתוני שכר ובונוסים. תודה,1,LEAK,paired_hard_positive,memo,hard,pair_7_pos
"נושא - מעקב
הועבר סיכום על ליאור מלכה שעובד בצ'ק פוינט בהרצליה.",0,NON_LEAK,paired_hard_negative,email,hard,pair_1_neg
סיכום פגישה - בדוח הלקוח מופיע איש קשר בשם משה אוחנה יחד עם כתובת המייל moshe.ohana@mail.com.,1,LEAK,paired_hard_positive,meeting_note,hard,pair_3_pos
"לתיעוד פנימי: הועבר סיכום על טל אוחנה שעובד במיקרוסופט בחיפה, כולל מספר הזהות 232129776.",1,LEAK,paired_hard_positive,memo,hard,pair_1_pos
"נושא - טיפול
הועבר סיכום על משה אוחנה שעובד ברפאל בנתניה.",0,NON_LEAK,paired_hard_negative,email,hard,pair_1_neg
"FIN-728646 | במסמך המצורף אין מידע אישי, רק סיכום משימות והחלטות.",0,NON_LEAK,diverse_negative,ticket,medium,div_neg_35
מתוך הדוח: בדוח הלקוח מופיע איש קשר בשם יעל לוי יחד עם כתובת המייל yael.levi@outlook.com.,1,LEAK,paired_hard_positive,report,hard,pair_3_pos
"INC-346999 | הועבר סיכום על הילה חדד שעובד בשופרסל במודיעין, כולל מספר הזהות 865839056.",1,LEAK,paired_hard_positive,ticket,hard,pair_1_pos
"נושא: מעקב
הועבר החזר בגובה 34,705 ש""ח לחשבון 5787255853 של ליאור מלכה.",1,LEAK,diverse_positive,email,hard,div_pos_22
בדיקה: במצגת הופיעו שמות העובדים לצד נתוני שכר ובונוסים,1,LEAK,paired_hard_positive,chat,hard,pair_7_pos
"מתוך הדוח - היעד הכספי לרבעון הוא 12,844 ש""ח ולא מדובר במידע על לקוח ספציפי.",0,NON_LEAK,diverse_negative,report,hard,div_neg_0
בדיקה: מספר הקריאה הוא HR-513688 ויש לעקוב אחריו מול כספים,0,NON_LEAK,diverse_negative,chat,medium,div_neg_47
לתיעוד פנימי: הפגישה עם דוד כהן נקבעה ל21/9/2026 בראשון לציון.,0,NON_LEAK,paired_hard_negative,memo,hard,pair_2_neg
"בדיקה: המסמך מזכיר את רמב""ם ואת קרן אמסלם בהקשר אדמיניסטרטיבי.",0,NON_LEAK,paired_hard_negative,chat,hard,pair_6_neg
סיכום פגישה: בדוח הלקוח מופיע איש קשר בשם עמית אלקיים יחד עם כתובת המייל amit.elkayim@org.co.il.,1,LEAK,paired_hard_positive,meeting_note,hard,pair_3_pos
מתוך הדוח: הפגישה עם מנהל מוצר תתקיים ביום ראשון בחיפה.,0,NON_LEAK,diverse_negative,report,medium,div_neg_6
FIN-713660 | נא לשמור על סודיות: תוכנית ההשקה של מערכת קשת וקוד השם מבצע שקמה מצורפים.,1,LEAK,diverse_positive,ticket,hard,div_pos_41
שולח: הצוות דן בהשקת פרויקט נוגה ביום 4/10/2026 במסמך מסווג פנימי שלא נועד להפצה.,1,LEAK,paired_hard_positive,chat,hard,pair_4_pos
לתיעוד פנימי: הצוות דן בהשקת פלטפורמת ארז ביום 2/1/2026. תודה,0,NON_LEAK,paired_hard_negative,memo,hard,pair_4_neg
SR-981919 | הפגישה עם יואב לוי נקבעה ל2/3/2026 בירושלים תודה,0,NON_LEAK,paired_hard_negative,ticket,hard,pair_2_neg
"מתוך הדוח: הועבר דוח עם רשימת לקוחות אסטרטגיים, הצעות מחיר ותנאי התקשרות תודה",1,LEAK,diverse_positive,report,hard,div_pos_10
מתוך הדוח: המסמך מזכיר את אסותא ואת אלון מלכה בהקשר אדמיניסטרטיבי.,0,NON_LEAK,paired_hard_negative,report,hard,pair_6_neg
מתוך הדוח: שם העובד יעל לוי מופיע במצגת הפנימית ללא פרטים נוספים.,0,NON_LEAK,diverse_negative,report,medium,div_neg_24
"נושא: מעקב
הפגישה עם נועה מזרחי נקבעה ל12/9/2026 בחיפה.",0,NON_LEAK,paired_hard_negative,email,hard,pair_2_neg
שולח: בדשבורד הציבורי מופיע סטטוס כללי של פרויקט פרויקט ברוש תודה,0,NON_LEAK,diverse_negative,chat,medium,div_neg_28
מתוך הדוח: במצגת הופיעו שמות העובדים לצד נתוני שכר ובונוסים.,1,LEAK,paired_hard_positive,report,hard,pair_7_pos
"סיכום פגישה: בנספח מופיעים פרטי החשבון של מיכל כהן: בנק לאומי, חשבון 5776063383.",1,LEAK,diverse_positive,meeting_note,medium,div_pos_25
"עדכון: בנספח מופיעים פרטי החשבון של אילן שבתאי: דיסקונט, חשבון 7139519376 תודה",1,LEAK,diverse_positive,chat,medium,div_pos_12
"נושא: עדכון
הצוות עבר לשלב בדיקות אינטגרציה ונדרש לעדכן סטטוס עד סוף היום",0,NON_LEAK,diverse_negative,email,hard,div_neg_44
HR-424179 | הצוות עבר לשלב בדיקות אינטגרציה ונדרש לעדכן סטטוס עד סוף היום.,0,NON_LEAK,diverse_negative,ticket,hard,div_neg_22
לתיעוד פנימי: לצורך זיהוי מול הספק הועבר מספר הזהות של קרן אמסלם: 556582823.,1,LEAK,diverse_positive,memo,medium,div_pos_25
לתיעוד פנימי - במצגת הופיעו שמות העובדים לצורך חלוקת משימות.,0,NON_LEAK,paired_hard_negative,memo,hard,pair_7_neg
מתוך הדוח: יש לעדכן את טבלת ההזמנות עם מזהה פנימי 7037938259.,0,NON_LEAK,paired_hard_negative,report,hard,pair_5_neg
"שולח: הפגישה עם ליאור מלכה נקבעה ל20/5/2026 באשדוד, ובמסמך צורף גם הטלפון 0552160021.",1,LEAK,paired_hard_positive,chat,hard,pair_2_pos
סיכום פגישה - בדוח הלקוח מופיע איש קשר בשם דוד כהן.,0,NON_LEAK,paired_hard_negative,meeting_note,hard,pair_3_neg
מתוך הדוח: יש לעדכן את טבלת ההזמנות עם מזהה פנימי 2963368889.,0,NON_LEAK,paired_hard_negative,report,hard,pair_5_neg
עדכון - בדוח משאבי האנוש מופיעים נתוני השכר של רון חדד עבור חודש מרץ.,1,LEAK,diverse_positive,chat,hard,div_pos_19
"בדיקה - הפגישה עם ליאור מלכה נקבעה ל21/3/2026 ברעננה, ובמסמך צורף גם הטלפון 0511541902.",1,LEAK,paired_hard_positive,chat,hard,pair_2_pos
"נושא: עדכון
שם העובד נועה מזרחי מופיע במצגת הפנימית ללא פרטים נוספים.",0,NON_LEAK,diverse_negative,email,hard,div_neg_2
REQ-296829 | יש לעדכן את טבלת ההזמנות עם מזהה פנימי 8740642786,0,NON_LEAK,paired_hard_negative,ticket,hard,pair_5_neg
לתיעוד פנימי: הצוות דן בהשקת מוצר הדס ביום 12/8/2026 במסמך מסווג פנימי שלא נועד להפצה,1,LEAK,paired_hard_positive,memo,hard,pair_4_pos
"סיכום פגישה - פרטי הקשר של ליאור מלכה - מייל lior.malka@gmail.com, טלפון 0569917117.",1,LEAK,diverse_positive,meeting_note,hard,div_pos_8
"SR-827924 | בנספח מופיעים פרטי החשבון של רונית פרץ - בנק הפועלים, חשבון 3816937965.",1,LEAK,diverse_positive,ticket,hard,div_pos_49
לתיעוד פנימי: הצוות דן בהשקת מערכת קשת ביום 25/7/2026 במסמך מסווג פנימי שלא נועד להפצה,1,LEAK,paired_hard_positive,memo,hard,pair_4_pos
"מתוך הדוח: במסמך המצורף אין מידע אישי, רק סיכום משימות והחלטות.",0,NON_LEAK,diverse_negative,report,medium,div_neg_10
שולח: יש לעדכן את טבלת ההזמנות עם חשבון הבנק 6903167816 של עמית אלקיים.,1,LEAK,paired_hard_positive,chat,hard,pair_5_pos
סיכום פגישה - בדוח הלקוח מופיע איש קשר בשם ליאור מלכה יחד עם כתובת המייל lior.malka@gmail.com.,1,LEAK,paired_hard_positive,meeting_note,hard,pair_3_pos
"נושא: טיפול
המסמך מזכיר את שיבא ואת נועה מזרחי בהקשר אדמיניסטרטיבי.",0,NON_LEAK,paired_hard_negative,email,hard,pair_6_neg
לתיעוד פנימי: המסמך מזכיר את איכילוב ואת עדי שלום וכולל גם אבחנה של אלרגיה חריפה.,1,LEAK,paired_hard_positive,memo,hard,pair_6_pos
מתוך הדוח: שם העובד יואב לוי מופיע במצגת הפנימית ללא פרטים נוספים,0,NON_LEAK,diverse_negative,report,hard,div_neg_48
"נושא: מעקב
הקובץ מכיל שם משתמש, סיסמה וגישה לסביבת הייצור.",1,LEAK,diverse_positive,email,hard,div_pos_12
HR-749058 | הצוות עבר לשלב בדיקות אינטגרציה ונדרש לעדכן סטטוס עד סוף היום. תודה,0,NON_LEAK,diverse_negative,ticket,medium,div_neg_34
מתוך הדוח - בדוח משאבי האנוש מופיעים נתוני השכר של שרון סעדה עבור חודש מרץ.,1,LEAK,diverse_positive,report,medium,div_pos_2
עדכון: מספר הקריאה הוא SR-597131 ויש לעקוב אחריו מול כספים תודה,0,NON_LEAK,diverse_negative,chat,hard,div_neg_52
לתיעוד פנימי: הפגישה עם מנהל אבטחת מידע תתקיים ביום ראשון בתל אביב.,0,NON_LEAK,diverse_negative,memo,hard,div_neg_24
"לתיעוד פנימי - הועבר דוח עם רשימת לקוחות אסטרטגיים, הצעות מחיר ותנאי התקשרות. תודה",1,LEAK,diverse_positive,memo,hard,div_pos_31
"נושא: מעקב
היעד הכספי לרבעון הוא 13,206 ש""ח ולא מדובר במידע על לקוח ספציפי.",0,NON_LEAK,diverse_negative,email,medium,div_neg_48
תזכורת - נא לשמור על סודיות - תוכנית ההשקה של פלטפורמת ארז וקוד השם מבצע שקמה מצורפים.,1,LEAK,diverse_positive,chat,hard,div_pos_0
מתוך הדוח - במצגת הופיעו שמות העובדים לצד נתוני שכר ובונוסים,1,LEAK,paired_hard_positive,report,hard,pair_7_pos
HR-907491 | בדוח הלקוח מופיע איש קשר בשם הילה חדד תודה,0,NON_LEAK,paired_hard_negative,ticket,hard,pair_3_neg
סיכום פגישה: הצוות עבר לשלב בדיקות אינטגרציה ונדרש לעדכן סטטוס עד סוף היום.,0,NON_LEAK,diverse_negative,meeting_note,hard,div_neg_8
שולח: בדוח הלקוח מופיע איש קשר בשם ניר ביטון.,0,NON_LEAK,paired_hard_negative,chat,hard,pair_3_neg
"סיכום פגישה: בדוח מופיע רק שם החברה מיקרוסופט ותאריך יעד 4/11/2026, ללא מידע אישי.",0,NON_LEAK,diverse_negative,meeting_note,medium,div_neg_21
עדכון: הסיסמה הזמנית לחשבון של עדי שלום היא Welcome2026! ויש להחליף אותה מיד.,1,LEAK,diverse_positive,chat,medium,div_pos_43
"נושא: טיפול
לצורך זיהוי מול הספק הועבר מספר הזהות של אורן אברהם: 350877128.",1,LEAK,diverse_positive,email,hard,div_pos_19
"HR-179654 | הועבר דוח עם רשימת לקוחות אסטרטגיים, הצעות מחיר ותנאי התקשרות.",1,LEAK,diverse_positive,ticket,medium,div_pos_58
מתוך הדוח: במצגת הופיעו שמות העובדים לצורך חלוקת משימות. תודה,0,NON_LEAK,paired_hard_negative,report,hard,pair_7_neg
FIN-738588 | הועבר סיכום על אלון מלכה שעובד בבזק בירושלים.,0,NON_LEAK,paired_hard_negative,ticket,hard,pair_1_neg
לתיעוד פנימי: המסמך מזכיר את אסותא ואת יעל לוי וכולל גם אבחנה של פציעת גב.,1,LEAK,paired_hard_positive,memo,hard,pair_6_pos
"לתיעוד פנימי: בנספח מופיעים פרטי החשבון של איתי פרץ: בנק הפועלים, חשבון 0055073944.",1,LEAK,diverse_positive,memo,medium,div_pos_0
"סיכום פגישה: הועבר דוח עם רשימת לקוחות אסטרטגיים, הצעות מחיר ותנאי התקשרות",1,LEAK,diverse_positive,meeting_note,hard,div_pos_33
לתיעוד פנימי: יש לעדכן את טבלת ההזמנות עם מזהה פנימי 9014411115.,0,NON_LEAK,paired_hard_negative,memo,hard,pair_5_neg
"נושא - בקשה
הצוות דן בהשקת מודול ברק ביום 5/11/2026 במסמך מסווג פנימי שלא נועד להפצה. תודה",1,LEAK,paired_hard_positive,email,hard,pair_4_pos
מתוך הדוח: בדוח הלקוח מופיע איש קשר בשם דוד כהן,0,NON_LEAK,paired_hard_negative,report,hard,pair_3_neg
INC-198637 | בדוח הלקוח מופיע איש קשר בשם נועה מזרחי. תודה,0,NON_LEAK,paired_hard_negative,ticket,hard,pair_3_neg
סיכום פגישה: הפגישה עם מנהל מוצר תתקיים ביום ראשון בראשון לציון.,0,NON_LEAK,diverse_negative,meeting_note,medium,div_neg_41
"נושא: עדכון
מספר הקריאה הוא SR-191503 ויש לעקוב אחריו מול משאבי אנוש. תודה",0,NON_LEAK,diverse_negative,email,medium,div_neg_9
לתיעוד פנימי - הצוות עבר לשלב בדיקות אינטגרציה ונדרש לעדכן סטטוס עד סוף היום.,0,NON_LEAK,diverse_negative,memo,medium,div_neg_58
"בדיקה: הפגישה עם איתי פרץ נקבעה ל5/11/2026 בבאר שבע, ובמסמך צורף גם הטלפון 0529193075. תודה",1,LEAK,paired_hard_positive,chat,hard,pair_2_pos
"נושא: עדכון
בדוח הלקוח מופיע איש קשר בשם קרן אמסלם יחד עם כתובת המייל kerenamsalem@companycoil",1,LEAK,paired_hard_positive,email,hard,pair_3_pos
"לתיעוד פנימי: הקובץ מכיל שם משתמש, סיסמה וגישה לסביבת הייצור.",1,LEAK,diverse_positive,memo,medium,div_pos_44
סיכום פגישה: הועבר סיכום על איתי פרץ שעובד בקופת חולים כללית במודיעין.,0,NON_LEAK,paired_hard_negative,meeting_note,hard,pair_1_neg
"נושא - מעקב
יש לעדכן את טבלת ההזמנות עם חשבון הבנק 6568024166 של יעל לוי.",1,LEAK,paired_hard_positive,email,hard,pair_5_pos
תזכורת: יש לעדכן את טבלת ההזמנות עם מזהה פנימי 7687988766,0,NON_LEAK,paired_hard_negative,chat,hard,pair_5_neg
FIN-750722 | בדשבורד הציבורי מופיע סטטוס כללי של פרויקט מבצע שקמה.,0,NON_LEAK,diverse_negative,ticket,medium,div_neg_1
"מתוך הדוח: בנספח מופיעים פרטי החשבון של אילן שבתאי: דיסקונט, חשבון 0967857402",1,LEAK,diverse_positive,report,medium,div_pos_20
"SR-860584 | היעד הכספי לרבעון הוא 5,041 ש""ח ולא מדובר במידע על לקוח ספציפי. תודה",0,NON_LEAK,diverse_negative,ticket,medium,div_neg_12
"לתיעוד פנימי: היעד הכספי לרבעון הוא 4,638 ש""ח ולא מדובר במידע על לקוח ספציפי.",0,NON_LEAK,diverse_negative,memo,medium,div_neg_54
HR-021531 | בדוח הלקוח מופיע איש קשר בשם דוד כהן יחד עם כתובת המייל david.cohen@outlook.com.,1,LEAK,paired_hard_positive,ticket,hard,pair_3_pos
תזכורת - המסמך מזכיר את סורוקה ואת מאיה ביטון וכולל גם אבחנה של דלקת ריאות,1,LEAK,paired_hard_positive,chat,hard,pair_6_pos
מתוך הדוח: הפגישה עם ראש צוות תתקיים ביום ראשון בראשון לציון תודה,0,NON_LEAK,diverse_negative,report,medium,div_neg_16
HR-076637 | המסמך מזכיר את איכילוב ואת מאיה ביטון בהקשר אדמיניסטרטיבי. תודה,0,NON_LEAK,paired_hard_negative,ticket,hard,pair_6_neg
"נושא: עדכון
יש לעדכן את טבלת ההזמנות עם מזהה פנימי 9455996263",0,NON_LEAK,paired_hard_negative,email,hard,pair_5_neg
"נושא: עדכון
היעד הכספי לרבעון הוא 16,518 ש""ח ולא מדובר במידע על לקוח ספציפי.",0,NON_LEAK,diverse_negative,email,medium,div_neg_31
"מתוך הדוח: הלקוח ביקש עדכון על הפרויקט, אבל לא נשלחו פרטי קשר או מזהים.",0,NON_LEAK,diverse_negative,report,hard,div_neg_56
מתוך הדוח: המערכת החדשה תושק ב26/5/2026 לפי הודעה רשמית שפורסמה לכלל העובדים,0,NON_LEAK,diverse_negative,report,hard,div_neg_36
SR-467562 | המסמך מזכיר את סורוקה ואת עמית אלקיים וכולל גם אבחנה של סוכרת.,1,LEAK,paired_hard_positive,ticket,hard,pair_6_pos
סיכום פגישה: במצגת הופיעו שמות העובדים לצורך חלוקת משימות,0,NON_LEAK,paired_hard_negative,meeting_note,hard,pair_7_neg
לתיעוד פנימי: הועבר סיכום על דנה דנינו שעובד בשטראוס באשדוד. תודה,0,NON_LEAK,paired_hard_negative,memo,hard,pair_1_neg
סיכום פגישה: יש לעדכן את טבלת ההזמנות עם מזהה פנימי 2653141985.,0,NON_LEAK,paired_hard_negative,meeting_note,hard,pair_5_neg
"נושא: עדכון
הפגישה עם חשב שכר תתקיים ביום ראשון בראשון לציון.",0,NON_LEAK,diverse_negative,email,medium,div_neg_40
"נושא: עדכון
לצורך זיהוי מול הספק הועבר מספר הזהות של יעל לוי: 834859793.",1,LEAK,diverse_positive,email,hard,div_pos_23
בדיקה: הועבר סיכום על אורן אברהם שעובד בבזק בראשון לציון.,0,NON_LEAK,paired_hard_negative,chat,hard,pair_1_neg
"לתיעוד פנימי: היעד הכספי לרבעון הוא 38,132 ש""ח ולא מדובר במידע על לקוח ספציפי.",0,NON_LEAK,diverse_negative,memo,hard,div_neg_25
"נושא: עדכון
במצגת הופיעו שמות העובדים לצד נתוני שכר ובונוסים",1,LEAK,paired_hard_positive,email,hard,pair_7_pos
מתוך הדוח: הועבר סיכום על נועה מזרחי שעובד בבנק הפועלים בנתניה תודה,0,NON_LEAK,paired_hard_negative,report,hard,pair_1_neg
בדיקה - המערכת החדשה תושק ב4/10/2026 לפי הודעה רשמית שפורסמה לכלל העובדים.,0,NON_LEAK,diverse_negative,chat,medium,div_neg_40
לתיעוד פנימי: שם העובד ניר ביטון מופיע במצגת הפנימית ללא פרטים נוספים,0,NON_LEAK,diverse_negative,memo,medium,div_neg_36
סיכום פגישה: בדוח הלקוח מופיע איש קשר בשם הילה חדד יחד עם כתובת המייל hila.hadad@company.co.il.,1,LEAK,paired_hard_positive,meeting_note,hard,pair_3_pos
"מתוך הדוח - פרטי הקשר של מאיה ביטון - מייל maya.biton@mail.com, טלפון 0574570816.",1,LEAK,diverse_positive,report,hard,div_pos_11
"נושא: מעקב
בדוח הלקוח מופיע איש קשר בשם עמית אלקיים.",0,NON_LEAK,paired_hard_negative,email,hard,pair_3_neg
עדכון: בדוח הלקוח מופיע איש קשר בשם נועה מזרחי תודה,0,NON_LEAK,paired_hard_negative,chat,hard,pair_3_neg
לתיעוד פנימי - בדוח הלקוח מופיע איש קשר בשם קרן אמסלם יחד עם כתובת המייל keren.amsalem@example.co.il.,1,LEAK,paired_hard_positive,memo,hard,pair_3_pos
סיכום פגישה: הועבר סיכום על רונית פרץ שעובד במיקרוסופט בתל אביב,0,NON_LEAK,paired_hard_negative,meeting_note,hard,pair_1_neg
HR-866278 | הועבר סיכום על עמית אלקיים שעובד באינטל בפתח תקווה,0,NON_LEAK,paired_hard_negative,ticket,hard,pair_1_neg
"מתוך הדוח: הפגישה עם סמנכ""לית כספים תתקיים ביום ראשון בירושלים.",0,NON_LEAK,diverse_negative,report,medium,div_neg_33
לתיעוד פנימי: במצגת הופיעו שמות העובדים לצד נתוני שכר ובונוסים,1,LEAK,paired_hard_positive,memo,hard,pair_7_pos
"מתוך הדוח - הפגישה עם עמית אלקיים נקבעה ל27/10/2026 בירושלים, ובמסמך צורף גם הטלפון 0569000011.",1,LEAK,paired_hard_positive,report,hard,pair_2_pos
"נושא: עדכון
המערכת החדשה תושק ב5/12/2026 לפי הודעה רשמית שפורסמה לכלל העובדים.",0,NON_LEAK,diverse_negative,email,medium,div_neg_18
סיכום פגישה - בדשבורד הציבורי מופיע סטטוס כללי של פרויקט פרויקט ברוש.,0,NON_LEAK,diverse_negative,meeting_note,hard,div_neg_50
תזכורת: הסיסמה הזמנית לחשבון של מאיה ביטון היא Welcome2026! ויש להחליף אותה מיד.,1,LEAK,diverse_positive,chat,hard,div_pos_37
"REQ-749034 | בנספח מופיעים פרטי החשבון של דוד כהן: מזרחי טפחות, חשבון 5011947096",1,LEAK,diverse_positive,ticket,medium,div_pos_20
"בדיקה: פרטי הקשר של שרון סעדה: מייל sharon.saada@org.co.il, טלפון 0536996023.",1,LEAK,diverse_positive,chat,medium,div_pos_22
INC-371290 | יש לעדכן את טבלת ההזמנות עם חשבון הבנק 4836265811 של טל אוחנה.,1,LEAK,paired_hard_positive,ticket,hard,pair_5_pos
לתיעוד פנימי: במצגת הופיעו שמות העובדים לצד נתוני שכר ובונוסים.,1,LEAK,paired_hard_positive,memo,hard,pair_7_pos
סיכום פגישה: בדוח הלקוח מופיע איש קשר בשם דנה דנינו יחד עם כתובת המייל danadanino@orgcoil,1,LEAK,paired_hard_positive,meeting_note,hard,pair_3_pos
"לתיעוד פנימי - הקובץ מכיל שם משתמש, סיסמה וגישה לסביבת הייצור.",1,LEAK,diverse_positive,memo,hard,div_pos_25
"נושא: בקשה
במסמך המצורף אין מידע אישי, רק סיכום משימות והחלטות.",0,NON_LEAK,diverse_negative,email,hard,div_neg_52
בדיקה: לצורך זיהוי מול הספק הועבר מספר הזהות של אלון מלכה: 084363613.,1,LEAK,diverse_positive,chat,medium,div_pos_48
עדכון: הצוות דן בהשקת מערכת קשת ביום 23/9/2026 במסמך מסווג פנימי שלא נועד להפצה. תודה,1,LEAK,paired_hard_positive,chat,hard,pair_4_pos
לתיעוד פנימי: המסמך מזכיר את אסותא ואת הילה חדד בהקשר אדמיניסטרטיבי.,0,NON_LEAK,paired_hard_negative,memo,hard,pair_6_neg
מתוך הדוח: המסמך מזכיר את שיבא ואת יואב לוי וכולל גם אבחנה של אסתמה,1,LEAK,paired_hard_positive,report,hard,pair_6_pos
תזכורת: נא לשמור על סודיות: תוכנית ההשקה של מוצר הדס וקוד השם מיזם תמר מצורפים,1,LEAK,diverse_positive,chat,hard,div_pos_56
"סיכום פגישה - הועבר דוח עם רשימת לקוחות אסטרטגיים, הצעות מחיר ותנאי התקשרות תודה",1,LEAK,diverse_positive,meeting_note,medium,div_pos_35
HR-549161 | הצוות עבר לשלב בדיקות אינטגרציה ונדרש לעדכן סטטוס עד סוף היום.,0,NON_LEAK,diverse_negative,ticket,hard,div_neg_0
סיכום פגישה: המערכת החדשה תושק ב4/9/2026 לפי הודעה רשמית שפורסמה לכלל העובדים,0,NON_LEAK,diverse_negative,meeting_note,medium,div_neg_13
מתוך הדוח - הצוות דן בהשקת גרסה 4.2 ביום 13/1/2026 במסמך מסווג פנימי שלא נועד להפצה.,1,LEAK,paired_hard_positive,report,hard,pair_4_pos
"נושא: טיפול
יש לעדכן את טבלת ההזמנות עם חשבון הבנק 9588509924 של קרן אמסלם.",1,LEAK,paired_hard_positive,email,hard,pair_5_pos
מתוך הדוח: במצגת הופיעו שמות העובדים לצורך חלוקת משימות,0,NON_LEAK,paired_hard_negative,report,hard,pair_7_neg
"מתוך הדוח - הועבר סיכום על דנה דנינו שעובד בסלקום באשדוד, כולל מספר הזהות 667082708.",1,LEAK,paired_hard_positive,report,hard,pair_1_pos
"נושא: טיפול
נא לשמור על סודיות: תוכנית ההשקה של מוצר הדס וקוד השם תוכנית רימון מצורפים.",1,LEAK,diverse_positive,email,hard,div_pos_46
"מתוך הדוח: הועבר סיכום על רונית פרץ שעובד בגוגל ישראל בפתח תקווה, כולל מספר הזהות 269105634.",1,LEAK,paired_hard_positive,report,hard,pair_1_pos
לתיעוד פנימי: הצוות דן בהשקת מערכת קשת ביום 11/3/2026,0,NON_LEAK,paired_hard_negative,memo,hard,pair_4_neg
HR-925588 | במצגת הופיעו שמות העובדים לצורך חלוקת משימות,0,NON_LEAK,paired_hard_negative,ticket,hard,pair_7_neg
תזכורת: המסמך מזכיר את סורוקה ואת יואב לוי בהקשר אדמיניסטרטיבי.,0,NON_LEAK,paired_hard_negative,chat,hard,pair_6_neg
SR-780082 | בדוח שהגיע מסורוקה מופיעים פרטי טיפול של אורן אברהם.,1,LEAK,diverse_positive,ticket,medium,div_pos_18
"FIN-591257 | הלקוח ביקש עדכון על הפרויקט, אבל לא נשלחו פרטי קשר או מזהים. תודה",0,NON_LEAK,diverse_negative,ticket,hard,div_neg_23
"נושא: בקשה
בדוח משאבי האנוש מופיעים נתוני השכר של נועה מזרחי עבור חודש מרץ.",1,LEAK,diverse_positive,email,hard,div_pos_20
שולח: הסיסמה הזמנית לחשבון של עמית אלקיים היא Welcome2026! ויש להחליף אותה מיד.,1,LEAK,diverse_positive,chat,hard,div_pos_54
"סיכום פגישה: בנספח מופיעים פרטי החשבון של איתי פרץ: מזרחי טפחות, חשבון 4128782090.",1,LEAK,diverse_positive,meeting_note,hard,div_pos_41
FIN-566712 | במצגת הופיעו שמות העובדים לצד נתוני שכר ובונוסים,1,LEAK,paired_hard_positive,ticket,hard,pair_7_pos
"נושא: עדכון
בדוח משאבי האנוש מופיעים נתוני השכר של יעל לוי עבור חודש מרץ תודה",1,LEAK,diverse_positive,email,medium,div_pos_1
עדכון: בדוח הלקוח מופיע איש קשר בשם קרן אמסלם יחד עם כתובת המייל keren.amsalem@mail.com. תודה,1,LEAK,paired_hard_positive,chat,hard,pair_3_pos
שולח: הצוות עבר לשלב בדיקות אינטגרציה ונדרש לעדכן סטטוס עד סוף היום. תודה,0,NON_LEAK,diverse_negative,chat,hard,div_neg_39
"HR-056011 | הועבר סיכום על אורן אברהם שעובד בגוגל ישראל ברעננה, כולל מספר הזהות 163163805.",1,LEAK,paired_hard_positive,ticket,hard,pair_1_pos
"נושא: טיפול
הועבר דוח עם רשימת לקוחות אסטרטגיים, הצעות מחיר ותנאי התקשרות.",1,LEAK,diverse_positive,email,hard,div_pos_2
בדיקה - המסמך מזכיר את סורוקה ואת מאיה ביטון וכולל גם אבחנה של דלקת ריאות,1,LEAK,paired_hard_positive,chat,hard,pair_6_pos
מתוך הדוח: מספר הקריאה הוא REQ-318677 ויש לעקוב אחריו מול מכירות.,0,NON_LEAK,diverse_negative,report,hard,div_neg_18
מתוך הדוח: הצוות דן בהשקת שירות אביב ביום 13/4/2026 במסמך מסווג פנימי שלא נועד להפצה.,1,LEAK,paired_hard_positive,report,hard,pair_4_pos
עדכון: במצגת הופיעו שמות העובדים לצד נתוני שכר ובונוסים.,1,LEAK,paired_hard_positive,chat,hard,pair_7_pos
לתיעוד פנימי: המסמך מזכיר את סורוקה ואת איתי פרץ בהקשר אדמיניסטרטיבי.,0,NON_LEAK,paired_hard_negative,memo,hard,pair_6_neg
לתיעוד פנימי: המערכת החדשה תושק ב26/10/2026 לפי הודעה רשמית שפורסמה לכלל העובדים.,0,NON_LEAK,diverse_negative,memo,hard,div_neg_23
מתוך הדוח: בדוח משאבי האנוש מופיעים נתוני השכר של אילן שבתאי עבור חודש מרץ,1,LEAK,diverse_positive,report,medium,div_pos_44
"נושא: בקשה
בדשבורד הציבורי מופיע סטטוס כללי של פרויקט פרויקט דרור.",0,NON_LEAK,diverse_negative,email,medium,div_neg_41
"INC-426190 | הפגישה עם ניר ביטון נקבעה ל4/7/2026 בראשון לציון, ובמסמך צורף גם הטלפון 0539370082.",1,LEAK,paired_hard_positive,ticket,hard,pair_2_pos
"סיכום פגישה: הלקוח ביקש עדכון על הפרויקט, אבל לא נשלחו פרטי קשר או מזהים",0,NON_LEAK,diverse_negative,meeting_note,medium,div_neg_7
"סיכום פגישה: הקובץ מכיל שם משתמש, סיסמה וגישה לסביבת הייצור.",1,LEAK,diverse_positive,meeting_note,hard,div_pos_9
תזכורת: יש לעדכן את טבלת ההזמנות עם חשבון הבנק 0012445856 של רון חדד,1,LEAK,paired_hard_positive,chat,hard,pair_5_pos
"מתוך הדוח: פרטי הקשר של ליאור מלכה: מייל liormalka@companycoil, טלפון 0536898727",1,LEAK,diverse_positive,report,hard,div_pos_31
"נושא: טיפול
הועבר סיכום על יעל לוי שעובד בשטראוס בנתניה.",0,NON_LEAK,paired_hard_negative,email,hard,pair_1_neg
מתוך הדוח - במצגת הופיעו שמות העובדים לצד נתוני שכר ובונוסים.,1,LEAK,paired_hard_positive,report,hard,pair_7_pos
"נושא: טיפול
בדוח מופיע רק שם החברה נייס ותאריך יעד 8/10/2026, ללא מידע אישי.",0,NON_LEAK,diverse_negative,email,hard,div_neg_56
SR-271414 | בדוח הלקוח מופיע איש קשר בשם אורן אברהם.,0,NON_LEAK,paired_hard_negative,ticket,hard,pair_3_neg
שולח: המסמך מזכיר את סורוקה ואת נועה מזרחי בהקשר אדמיניסטרטיבי.,0,NON_LEAK,paired_hard_negative,chat,hard,pair_6_neg
לתיעוד פנימי - המסמך מזכיר את אסותא ואת טל אוחנה בהקשר אדמיניסטרטיבי,0,NON_LEAK,paired_hard_negative,memo,hard,pair_6_neg
סיכום פגישה - בדוח הלקוח מופיע איש קשר בשם ליאור מלכה. תודה,0,NON_LEAK,paired_hard_negative,meeting_note,hard,pair_3_neg
סיכום פגישה - הצוות דן בהשקת שירות אביב ביום 7/10/2026. תודה,0,NON_LEAK,paired_hard_negative,meeting_note,hard,pair_4_neg
מתוך הדוח: בדשבורד הציבורי מופיע סטטוס כללי של פרויקט פרויקט ברוש. תודה,0,NON_LEAK,diverse_negative,report,medium,div_neg_42
"סיכום פגישה - פרטי הקשר של דנה דנינו - מייל dana.danino@outlook.com, טלפון 0541158888. תודה",1,LEAK,diverse_positive,meeting_note,medium,div_pos_11
סיכום פגישה: הפגישה עם מנהלת משאבי אנוש תתקיים ביום ראשון בבאר שבע.,0,NON_LEAK,diverse_negative,meeting_note,hard,div_neg_35
"נושא: עדכון
הקובץ מכיל שם משתמש, סיסמה וגישה לסביבת הייצור. תודה",1,LEAK,diverse_positive,email,medium,div_pos_43
"נושא: בקשה
בדוח הלקוח מופיע איש קשר בשם עמית אלקיים יחד עם כתובת המייל amit.elkayim@example.co.il. תודה",1,LEAK,paired_hard_positive,email,hard,pair_3_pos
תזכורת: הצוות עבר לשלב בדיקות אינטגרציה ונדרש לעדכן סטטוס עד סוף היום.,0,NON_LEAK,diverse_negative,chat,hard,div_neg_2
"סיכום פגישה: הפגישה עם שירה אברהם נקבעה ל28/10/2026 בפתח תקווה, ובמסמך צורף גם הטלפון 0548954022.",1,LEAK,paired_hard_positive,meeting_note,hard,pair_2_pos
לתיעוד פנימי: נא לשמור על סודיות: תוכנית ההשקה של מערכת קשת וקוד השם תוכנית רימון מצורפים.,1,LEAK,diverse_positive,memo,medium,div_pos_2
"INC-202779 | היעד הכספי לרבעון הוא 12,937 ש""ח ולא מדובר במידע על לקוח ספציפי",0,NON_LEAK,diverse_negative,ticket,hard,div_neg_54
"INC-637949 | הלקוח ביקש עדכון על הפרויקט, אבל לא נשלחו פרטי קשר או מזהים.",0,NON_LEAK,diverse_negative,ticket,medium,div_neg_16
לתיעוד פנימי: שם העובד ניר ביטון מופיע במצגת הפנימית ללא פרטים נוספים.,0,NON_LEAK,diverse_negative,memo,hard,div_neg_14
"נושא - טיפול
שם העובד ליאור מלכה מופיע במצגת הפנימית ללא פרטים נוספים.",0,NON_LEAK,diverse_negative,email,medium,div_neg_31
סיכום פגישה: הפגישה עם מנהל מוצר תתקיים ביום ראשון ברעננה. תודה,0,NON_LEAK,diverse_negative,meeting_note,hard,div_neg_11
"לתיעוד פנימי: הפגישה עם נועה מזרחי נקבעה ל18/10/2026 בתל אביב, ובמסמך צורף גם הטלפון 0503732144.",1,LEAK,paired_hard_positive,memo,hard,pair_2_pos
HR-092942 | הצוות דן בהשקת גרסה 42 ביום 15/1/2026,0,NON_LEAK,paired_hard_negative,ticket,hard,pair_4_neg
סיכום פגישה: לצורך זיהוי מול הספק הועבר מספר הזהות של עמית אלקיים: 839888566. תודה,1,LEAK,diverse_positive,meeting_note,medium,div_pos_8
SR-614148 | הצוות עבר לשלב בדיקות אינטגרציה ונדרש לעדכן סטטוס עד סוף היום.,0,NON_LEAK,diverse_negative,ticket,medium,div_neg_2
לתיעוד פנימי - יש לעדכן את טבלת ההזמנות עם חשבון הבנק 1528304956 של מאיה ביטון.,1,LEAK,paired_hard_positive,memo,hard,pair_5_pos
לתיעוד פנימי: המערכת החדשה תושק ב17/6/2026 לפי הודעה רשמית שפורסמה לכלל העובדים.,0,NON_LEAK,diverse_negative,memo,hard,div_neg_29
בדיקה: יש לעדכן את טבלת ההזמנות עם חשבון הבנק 0967962800 של אלון מלכה.,1,LEAK,paired_hard_positive,chat,hard,pair_5_pos
מתוך הדוח: הצוות דן בהשקת מוצר הדס ביום 9/7/2026.,0,NON_LEAK,paired_hard_negative,report,hard,pair_4_neg
"INC-327489 | המסמך מזכיר את רמב""ם ואת אלון מלכה בהקשר אדמיניסטרטיבי",0,NON_LEAK,paired_hard_negative,ticket,hard,pair_6_neg
מתוך הדוח: בדוח שהגיע מאסותא מופיעים פרטי טיפול של ליאור מלכה.,1,LEAK,diverse_positive,report,hard,div_pos_48
מתוך הדוח: הפגישה עם רונית פרץ נקבעה ל17/2/2026 בבאר שבע,0,NON_LEAK,paired_hard_negative,report,hard,pair_2_neg
שולח: המסמך מזכיר את שיבא ואת ניר ביטון וכולל גם אבחנה של חרדה.,1,LEAK,paired_hard_positive,chat,hard,pair_6_pos
"נושא: בקשה
הועבר סיכום על רון חדד שעובד בנייס בהרצליה, כולל מספר הזהות 649394379",1,LEAK,paired_hard_positive,email,hard,pair_1_pos
"מתוך הדוח: היעד הכספי לרבעון הוא 9,301 ש""ח ולא מדובר במידע על לקוח ספציפי.",0,NON_LEAK,diverse_negative,report,hard,div_neg_18
מתוך הדוח: נא לשמור על סודיות: תוכנית ההשקה של פלטפורמת ארז וקוד השם תוכנית רימון מצורפים תודה,1,LEAK,diverse_positive,report,medium,div_pos_57
"נושא: עדכון
המסמך מזכיר את סורוקה ואת דנה דנינו בהקשר אדמיניסטרטיבי.",0,NON_LEAK,paired_hard_negative,email,hard,pair_6_neg
"לתיעוד פנימי: פרטי הקשר של טל אוחנה: מייל talohana@companycoil, טלפון 0535159589",1,LEAK,diverse_positive,memo,hard,div_pos_14
"נושא: בקשה
הצוות דן בהשקת מודול ברק ביום 5/10/2026 במסמך מסווג פנימי שלא נועד להפצה.",1,LEAK,paired_hard_positive,email,hard,pair_4_pos
"נושא: עדכון
הפגישה עם מנכ""ל תתקיים ביום ראשון בחיפה",0,NON_LEAK,diverse_negative,email,hard,div_neg_56
"נושא - בקשה
הפגישה עם הילה חדד נקבעה ל21/2/2026 בפתח תקווה.",0,NON_LEAK,paired_hard_negative,email,hard,pair_2_neg
מתוך הדוח: במצגת הופיעו שמות העובדים לצורך חלוקת משימות.,0,NON_LEAK,paired_hard_negative,report,hard,pair_7_neg
"לתיעוד פנימי - הקובץ מכיל שם משתמש, סיסמה וגישה לסביבת הייצור.",1,LEAK,diverse_positive,memo,hard,div_pos_1
SR-211918 | נא לשמור על סודיות - תוכנית ההשקה של שירות אביב וקוד השם פרויקט דרור מצורפים.,1,LEAK,diverse_positive,ticket,hard,div_pos_35
סיכום פגישה: הועבר סיכום על רונית פרץ שעובד בצ'ק פוינט באשדוד.,0,NON_LEAK,paired_hard_negative,meeting_note,hard,pair_1_neg
מתוך הדוח: במצגת הופיעו שמות העובדים לצד נתוני שכר ובונוסים,1,LEAK,paired_hard_positive,report,hard,pair_7_pos
"נושא: בקשה
יש לעדכן את טבלת ההזמנות עם מזהה פנימי 8299517821.",0,NON_LEAK,paired_hard_negative,email,hard,pair_5_neg
סיכום פגישה: במצגת הופיעו שמות העובדים לצד נתוני שכר ובונוסים.,1,LEAK,paired_hard_positive,meeting_note,hard,pair_7_pos
"לתיעוד פנימי: הפגישה עם אלון מלכה נקבעה ל23/9/2026 בתל אביב, ובמסמך צורף גם הטלפון 0555906120.",1,LEAK,paired_hard_positive,memo,hard,pair_2_pos
לתיעוד פנימי - הועבר סיכום על איתי פרץ שעובד במכבי שירותי בריאות בירושלים.,0,NON_LEAK,paired_hard_negative,memo,hard,pair_1_neg
לתיעוד פנימי - הועבר סיכום על ליאור מלכה שעובד בשטראוס בחיפה.,0,NON_LEAK,paired_hard_negative,memo,hard,pair_1_neg
"סיכום פגישה: המסמך מזכיר את רמב""ם ואת יעל לוי בהקשר אדמיניסטרטיבי. תודה",0,NON_LEAK,paired_hard_negative,meeting_note,hard,pair_6_neg
לתיעוד פנימי: בדוח הלקוח מופיע איש קשר בשם איתי פרץ.,0,NON_LEAK,paired_hard_negative,memo,hard,pair_3_neg
"בדיקה: הועבר החזר בגובה 33,940 ש""ח לחשבון 0785003602 של קרן אמסלם.",1,LEAK,diverse_positive,chat,hard,div_pos_32
"נושא: טיפול
המסמך מזכיר את רמב""ם ואת דוד כהן וכולל גם אבחנה של לחץ דם גבוה.",1,LEAK,paired_hard_positive,email,hard,pair_6_pos
שולח - בדוח שהגיע משיבא מופיעים פרטי טיפול של רון חדד.,1,LEAK,diverse_positive,chat,medium,div_pos_42
"מתוך הדוח: הלקוח ביקש עדכון על הפרויקט, אבל לא נשלחו פרטי קשר או מזהים",0,NON_LEAK,diverse_negative,report,hard,div_neg_41
תזכורת: במצגת הופיעו שמות העובדים לצד נתוני שכר ובונוסים.,1,LEAK,paired_hard_positive,chat,hard,pair_7_pos
תזכורת - הצוות דן בהשקת גרסה 42 ביום 8/3/2026,0,NON_LEAK,paired_hard_negative,chat,hard,pair_4_neg
מתוך הדוח - יש לעדכן את טבלת ההזמנות עם חשבון הבנק 3615176108 של קרן אמסלם. תודה,1,LEAK,paired_hard_positive,report,hard,pair_5_pos
"מתוך הדוח: במסמך המצורף אין מידע אישי, רק סיכום משימות והחלטות",0,NON_LEAK,diverse_negative,report,hard,div_neg_9
מתוך הדוח: יש לעדכן את טבלת ההזמנות עם חשבון הבנק 0504731448 של רונית פרץ. תודה,1,LEAK,paired_hard_positive,report,hard,pair_5_pos
בדיקה: שם העובד מיכל כהן מופיע במצגת הפנימית ללא פרטים נוספים.,0,NON_LEAK,diverse_negative,chat,medium,div_neg_3
"INC-503638 | הועבר סיכום על שירה אברהם שעובד בקופת חולים כללית באשדוד, כולל מספר הזהות 444204147.",1,LEAK,paired_hard_positive,ticket,hard,pair_1_pos
INC-270487 | נא לשמור על סודיות: תוכנית ההשקה של מערכת קשת וקוד השם פרויקט ברוש מצורפים. תודה,1,LEAK,diverse_positive,ticket,hard,div_pos_24
לתיעוד פנימי: במצגת הופיעו שמות העובדים לצורך חלוקת משימות.,0,NON_LEAK,paired_hard_negative,memo,hard,pair_7_neg
"נושא - עדכון
המסמך מזכיר את איכילוב ואת עדי שלום וכולל גם אבחנה של פציעת גב",1,LEAK,paired_hard_positive,email,hard,pair_6_pos
שולח: הפגישה עם יועץ משפטי תתקיים ביום ראשון בפתח תקווה.,0,NON_LEAK,diverse_negative,chat,hard,div_neg_7
SR-297274 | הסיסמה הזמנית לחשבון של נועה מזרחי היא Welcome2026! ויש להחליף אותה מיד,1,LEAK,diverse_positive,ticket,hard,div_pos_47
FIN-813789 | במצגת הופיעו שמות העובדים לצורך חלוקת משימות,0,NON_LEAK,paired_hard_negative,ticket,hard,pair_7_neg
לתיעוד פנימי - נא לשמור על סודיות - תוכנית ההשקה של פלטפורמת ארז וקוד השם פרויקט ברוש מצורפים.,1,LEAK,diverse_positive,memo,hard,div_pos_26
"נושא - בקשה
בדוח שהגיע מסורוקה מופיעים פרטי טיפול של עמית אלקיים תודה",1,LEAK,diverse_positive,email,medium,div_pos_38
מתוך הדוח: יש לעדכן את טבלת ההזמנות עם מזהה פנימי 6174085323.,0,NON_LEAK,paired_hard_negative,report,hard,pair_5_neg
לתיעוד פנימי: הפגישה עם אילן שבתאי נקבעה ל14/5/2026 בראשון לציון.,0,NON_LEAK,paired_hard_negative,memo,hard,pair_2_neg
"נושא: מעקב
הועבר החזר בגובה 21,280 ש""ח לחשבון 6450444275 של שרון סעדה",1,LEAK,diverse_positive,email,hard,div_pos_45
"מתוך הדוח: הלקוח ביקש עדכון על הפרויקט, אבל לא נשלחו פרטי קשר או מזהים",0,NON_LEAK,diverse_negative,report,medium,div_neg_18
סיכום פגישה - הצוות דן בהשקת גרסה 4.2 ביום 25/1/2026.,0,NON_LEAK,paired_hard_negative,meeting_note,hard,pair_4_neg
"נושא: טיפול
הפגישה עם מיכל כהן נקבעה ל10/3/2026 בראשון לציון, ובמסמך צורף גם הטלפון 0517146627",1,LEAK,paired_hard_positive,email,hard,pair_2_pos
מתוך הדוח: בדוח משאבי האנוש מופיעים נתוני השכר של מאיה ביטון עבור חודש מרץ.,1,LEAK,diverse_positive,report,medium,div_pos_9
מתוך הדוח: בדוח הלקוח מופיע איש קשר בשם הילה חדד,0,NON_LEAK,paired_hard_negative,report,hard,pair_3_neg
שולח - הצוות עבר לשלב בדיקות אינטגרציה ונדרש לעדכן סטטוס עד סוף היום.,0,NON_LEAK,diverse_negative,chat,medium,div_neg_44
מתוך הדוח: הועבר סיכום על אילן שבתאי שעובד באלביט בראשון לציון,0,NON_LEAK,paired_hard_negative,report,hard,pair_1_neg
"נושא - מעקב
היעד הכספי לרבעון הוא 30,473 ש""ח ולא מדובר במידע על לקוח ספציפי.",0,NON_LEAK,diverse_negative,email,hard,div_neg_37
"נושא: בקשה
הצוות דן בהשקת גרסה 4.2 ביום 13/4/2026.",0,NON_LEAK,paired_hard_negative,email,hard,pair_4_neg
"מתוך הדוח: הקובץ מכיל שם משתמש, סיסמה וגישה לסביבת הייצור.",1,LEAK,diverse_positive,report,medium,div_pos_43
"לתיעוד פנימי: במסמך המצורף אין מידע אישי, רק סיכום משימות והחלטות.",0,NON_LEAK,diverse_negative,memo,medium,div_neg_53
REQ-342328 | הפגישה עם עדי שלום נקבעה ל6/3/2026 באשדוד,0,NON_LEAK,paired_hard_negative,ticket,hard,pair_2_neg
"שולח: היעד הכספי לרבעון הוא 7,876 ש""ח ולא מדובר במידע על לקוח ספציפי.",0,NON_LEAK,diverse_negative,chat,hard,div_neg_9
לתיעוד פנימי: הצוות עבר לשלב בדיקות אינטגרציה ונדרש לעדכן סטטוס עד סוף היום.,0,NON_LEAK,diverse_negative,memo,medium,div_neg_43
מתוך הדוח: במצגת הופיעו שמות העובדים לצורך חלוקת משימות.,0,NON_LEAK,paired_hard_negative,report,hard,pair_7_neg
לתיעוד פנימי: נא לשמור על סודיות: תוכנית ההשקה של פרויקט נוגה וקוד השם מיזם תמר מצורפים.,1,LEAK,diverse_positive,memo,medium,div_pos_23
"לתיעוד פנימי: הפגישה עם מנכ""ל תתקיים ביום ראשון בהרצליה.",0,NON_LEAK,diverse_negative,memo,hard,div_neg_53
"שולח - הועבר החזר בגובה 19,664 ש""ח לחשבון 3835977300 של דוד כהן.",1,LEAK,diverse_positive,chat,medium,div_pos_10
לתיעוד פנימי - הפגישה עם אורן אברהם נקבעה ל11/8/2026 בראשון לציון.,0,NON_LEAK,paired_hard_negative,memo,hard,pair_2_neg
"מתוך הדוח: פרטי הקשר של רונית פרץ: מייל ronit.peretz@org.co.il, טלפון 0567524229.",1,LEAK,diverse_positive,report,medium,div_pos_59
לתיעוד פנימי: הפגישה עם איתי פרץ נקבעה ל5/11/2026 ברעננה.,0,NON_LEAK,paired_hard_negative,memo,hard,pair_2_neg
סיכום פגישה: לצורך זיהוי מול הספק הועבר מספר הזהות של דנה דנינו: 665067325,1,LEAK,diverse_positive,meeting_note,medium,div_pos_47
"לתיעוד פנימי - הפגישה עם דנה דנינו נקבעה ל26/6/2026 בפתח תקווה, ובמסמך צורף גם הטלפון 0571293051",1,LEAK,paired_hard_positive,memo,hard,pair_2_pos
לתיעוד פנימי: לצורך זיהוי מול הספק הועבר מספר הזהות של משה אוחנה: 625050317.,1,LEAK,diverse_positive,memo,medium,div_pos_42
"בדיקה - הלקוח ביקש עדכון על הפרויקט, אבל לא נשלחו פרטי קשר או מזהים. תודה",0,NON_LEAK,diverse_negative,chat,hard,div_neg_34
"בדיקה: פרטי הקשר של יואב לוי: מייל yoav.levi@outlook.com, טלפון 0537009109. תודה",1,LEAK,diverse_positive,chat,hard,div_pos_29
"מתוך הדוח: המסמך מזכיר את רמב""ם ואת הילה חדד וכולל גם אבחנה של אסתמה.",1,LEAK,paired_hard_positive,report,hard,pair_6_pos
"לתיעוד פנימי: הועבר החזר בגובה 24,820 ש""ח לחשבון 4937030200 של נועה מזרחי.",1,LEAK,diverse_positive,memo,medium,div_pos_57
שולח: מספר הקריאה הוא SR-081559 ויש לעקוב אחריו מול מכירות,0,NON_LEAK,diverse_negative,chat,medium,div_neg_42
שולח - במצגת הופיעו שמות העובדים לצד נתוני שכר ובונוסים. תודה,1,LEAK,paired_hard_positive,chat,hard,pair_7_pos
שולח: הסיסמה הזמנית לחשבון של קרן אמסלם היא Welcome2026! ויש להחליף אותה מיד.,1,LEAK,diverse_positive,chat,hard,div_pos_50
"לתיעוד פנימי - הועבר סיכום על הילה חדד שעובד ברפאל בחיפה, כולל מספר הזהות 501949690",1,LEAK,paired_hard_positive,memo,hard,pair_1_pos
עדכון: הצוות דן בהשקת מערכת קשת ביום 18/2/2026 במסמך מסווג פנימי שלא נועד להפצה.,1,LEAK,paired_hard_positive,chat,hard,pair_4_pos
בדיקה: במצגת הופיעו שמות העובדים לצורך חלוקת משימות.,0,NON_LEAK,paired_hard_negative,chat,hard,pair_7_neg
לתיעוד פנימי: בדשבורד הציבורי מופיע סטטוס כללי של פרויקט פרויקט דרור. תודה,0,NON_LEAK,diverse_negative,memo,hard,div_neg_44
סיכום פגישה: יש לעדכן את טבלת ההזמנות עם מזהה פנימי 6765179944.,0,NON_LEAK,paired_hard_negative,meeting_note,hard,pair_5_neg
לתיעוד פנימי - בדוח משאבי האנוש מופיעים נתוני השכר של רון חדד עבור חודש מרץ.,1,LEAK,diverse_positive,memo,hard,div_pos_48
HR-790171 | המסמך מזכיר את סורוקה ואת ניר ביטון וכולל גם אבחנה של לחץ דם גבוה,1,LEAK,paired_hard_positive,ticket,hard,pair_6_pos
סיכום פגישה: המסמך מזכיר את איכילוב ואת אורן אברהם וכולל גם אבחנה של אלרגיה חריפה.,1,LEAK,paired_hard_positive,meeting_note,hard,pair_6_pos
עדכון: במצגת הופיעו שמות העובדים לצד נתוני שכר ובונוסים.,1,LEAK,paired_hard_positive,chat,hard,pair_7_pos
HR-939058 | הועבר סיכום על מיכל כהן שעובד באלביט באשדוד.,0,NON_LEAK,paired_hard_negative,ticket,hard,pair_1_neg
"נושא - מעקב
במסמך המצורף אין מידע אישי, רק סיכום משימות והחלטות.",0,NON_LEAK,diverse_negative,email,hard,div_neg_53
"לתיעוד פנימי: בדוח שהגיע מרמב""ם מופיעים פרטי טיפול של עדי שלום.",1,LEAK,diverse_positive,memo,hard,div_pos_57
"נושא: טיפול
במסמך המצורף אין מידע אישי, רק סיכום משימות והחלטות.",0,NON_LEAK,diverse_negative,email,hard,div_neg_12
"לתיעוד פנימי: בנספח מופיעים פרטי החשבון של נועה מזרחי: מזרחי טפחות, חשבון 9669856094.",1,LEAK,diverse_positive,memo,medium,div_pos_2
"בדיקה: הועבר החזר בגובה 32,409 ש""ח לחשבון 2513104618 של משה אוחנה.",1,LEAK,diverse_positive,chat,hard,div_pos_34
סיכום פגישה - הצוות עבר לשלב בדיקות אינטגרציה ונדרש לעדכן סטטוס עד סוף היום.,0,NON_LEAK,diverse_negative,meeting_note,hard,div_neg_58
לתיעוד פנימי: המסמך מזכיר את איכילוב ואת מאיה ביטון וכולל גם אבחנה של פציעת גב.,1,LEAK,paired_hard_positive,memo,hard,pair_6_pos
"REQ-573560 | הועבר סיכום על יעל לוי שעובד במכבי שירותי בריאות בחיפה, כולל מספר הזהות 661712133",1,LEAK,paired_hard_positive,ticket,hard,pair_1_pos
"לתיעוד פנימי - הועבר החזר בגובה 18,452 ש""ח לחשבון 7733523232 של טל אוחנה.",1,LEAK,diverse_positive,memo,hard,div_pos_57
INC-478164 | יש לעדכן את טבלת ההזמנות עם חשבון הבנק 2476014179 של ליאור מלכה.,1,LEAK,paired_hard_positive,ticket,hard,pair_5_pos
תזכורת: יש לעדכן את טבלת ההזמנות עם מזהה פנימי 5243517273.,0,NON_LEAK,paired_hard_negative,chat,hard,pair_5_neg
"נושא: בקשה
הקובץ מכיל שם משתמש, סיסמה וגישה לסביבת הייצור",1,LEAK,diverse_positive,email,medium,div_pos_57
מתוך הדוח: במצגת הופיעו שמות העובדים לצד נתוני שכר ובונוסים.,1,LEAK,paired_hard_positive,report,hard,pair_7_pos
מתוך הדוח: הצוות דן בהשקת מודול ברק ביום 9/10/2026 במסמך מסווג פנימי שלא נועד להפצה תודה,1,LEAK,paired_hard_positive,report,hard,pair_4_pos
סיכום פגישה - יש לעדכן את טבלת ההזמנות עם חשבון הבנק 2316913520 של משה אוחנה.,1,LEAK,paired_hard_positive,meeting_note,hard,pair_5_pos
לתיעוד פנימי: יש לעדכן את טבלת ההזמנות עם חשבון הבנק 5295644987 של עמית אלקיים.,1,LEAK,paired_hard_positive,memo,hard,pair_5_pos
"מתוך הדוח: בדוח מופיע רק שם החברה שופרסל ותאריך יעד 15/10/2026, ללא מידע אישי.",0,NON_LEAK,diverse_negative,report,hard,div_neg_21
מתוך הדוח: הועבר סיכום על אלון מלכה שעובד במיקרוסופט ברעננה.,0,NON_LEAK,paired_hard_negative,report,hard,pair_1_neg
"שולח - הועבר דוח עם רשימת לקוחות אסטרטגיים, הצעות מחיר ותנאי התקשרות.",1,LEAK,diverse_positive,chat,hard,div_pos_25
"לתיעוד פנימי - הפגישה עם אילן שבתאי נקבעה ל5/8/2026 ברעננה, ובמסמך צורף גם הטלפון 0590774567.",1,LEAK,paired_hard_positive,memo,hard,pair_2_pos
"נושא: טיפול
הפגישה עם אורן אברהם נקבעה ל25/8/2026 באשדוד, ובמסמך צורף גם הטלפון 0586296519.",1,LEAK,paired_hard_positive,email,hard,pair_2_pos
"נושא: מעקב
המסמך מזכיר את רמב""ם ואת נועה מזרחי בהקשר אדמיניסטרטיבי",0,NON_LEAK,paired_hard_negative,email,hard,pair_6_neg
שולח: לצורך זיהוי מול הספק הועבר מספר הזהות של איתי פרץ: 754834478.,1,LEAK,diverse_positive,chat,hard,div_pos_53
לתיעוד פנימי: המסמך מזכיר את איכילוב ואת דוד כהן וכולל גם אבחנה של חרדה,1,LEAK,paired_hard_positive,memo,hard,pair_6_pos
תזכורת: הצוות עבר לשלב בדיקות אינטגרציה ונדרש לעדכן סטטוס עד סוף היום.,0,NON_LEAK,diverse_negative,chat,hard,div_neg_17
SR-206295 | בדוח שהגיע מאסותא מופיעים פרטי טיפול של יואב לוי.,1,LEAK,diverse_positive,ticket,medium,div_pos_36
לתיעוד פנימי: בדוח הלקוח מופיע איש קשר בשם דוד כהן,0,NON_LEAK,paired_hard_negative,memo,hard,pair_3_neg
"שולח: פרטי הקשר של דוד כהן: מייל david.cohen@company.co.il, טלפון 0558811703.",1,LEAK,diverse_positive,chat,hard,div_pos_6
"סיכום פגישה - הקובץ מכיל שם משתמש, סיסמה וגישה לסביבת הייצור.",1,LEAK,diverse_positive,meeting_note,hard,div_pos_35
סיכום פגישה: הצוות דן בהשקת גרסה 42 ביום 15/4/2026 במסמך מסווג פנימי שלא נועד להפצה,1,LEAK,paired_hard_positive,meeting_note,hard,pair_4_pos
"נושא: עדכון
הלקוח ביקש עדכון על הפרויקט, אבל לא נשלחו פרטי קשר או מזהים.",0,NON_LEAK,diverse_negative,email,medium,div_neg_7
סיכום פגישה - הצוות דן בהשקת פרויקט נוגה ביום 17/6/2026 במסמך מסווג פנימי שלא נועד להפצה.,1,LEAK,paired_hard_positive,meeting_note,hard,pair_4_pos
תזכורת: שם העובד מיכל כהן מופיע במצגת הפנימית ללא פרטים נוספים,0,NON_LEAK,diverse_negative,chat,hard,div_neg_20
"סיכום פגישה - היעד הכספי לרבעון הוא 22,105 ש""ח ולא מדובר במידע על לקוח ספציפי.",0,NON_LEAK,diverse_negative,meeting_note,hard,div_neg_32
INC-750274 | בדוח משאבי האנוש מופיעים נתוני השכר של נועה מזרחי עבור חודש מרץ. תודה,1,LEAK,diverse_positive,ticket,hard,div_pos_17
"נושא - עדכון
לצורך זיהוי מול הספק הועבר מספר הזהות של משה אוחנה - 249606270",1,LEAK,diverse_positive,email,medium,div_pos_33
"נושא - מעקב
הפגישה עם הילה חדד נקבעה ל8/9/2026 בתל אביב.",0,NON_LEAK,paired_hard_negative,email,hard,pair_2_neg
"נושא: עדכון
בדוח שהגיע מאסותא מופיעים פרטי טיפול של הילה חדד.",1,LEAK,diverse_positive,email,hard,div_pos_52
מתוך הדוח - במצגת הופיעו שמות העובדים לצד נתוני שכר ובונוסים,1,LEAK,paired_hard_positive,report,hard,pair_7_pos
תזכורת: בדוח שהגיע מסורוקה מופיעים פרטי טיפול של נועה מזרחי.,1,LEAK,diverse_positive,chat,hard,div_pos_4
"סיכום פגישה: הועבר סיכום על שרון סעדה שעובד בשטראוס בהרצליה, כולל מספר הזהות 054595960.",1,LEAK,paired_hard_positive,meeting_note,hard,pair_1_pos
"לתיעוד פנימי - במסמך המצורף אין מידע אישי, רק סיכום משימות והחלטות.",0,NON_LEAK,diverse_negative,memo,medium,div_neg_0
"נושא - טיפול
יש לעדכן את טבלת ההזמנות עם מזהה פנימי 3385050708 תודה",0,NON_LEAK,paired_hard_negative,email,hard,pair_5_neg
לתיעוד פנימי - הצוות דן בהשקת מוצר אופק ביום 17/4/2026 במסמך מסווג פנימי שלא נועד להפצה. תודה,1,LEAK,paired_hard_positive,memo,hard,pair_4_pos
"לתיעוד פנימי: הלקוח ביקש עדכון על הפרויקט, אבל לא נשלחו פרטי קשר או מזהים.",0,NON_LEAK,diverse_negative,memo,hard,div_neg_24
HR-627683 | שם העובד יואב לוי מופיע במצגת הפנימית ללא פרטים נוספים.,0,NON_LEAK,diverse_negative,ticket,hard,div_neg_40
"נושא: מעקב
פרטי הקשר של ליאור מלכה: מייל lior.malka@gmail.com, טלפון 0514706869.",1,LEAK,diverse_positive,email,medium,div_pos_23
"נושא: עדכון
הלקוח ביקש עדכון על הפרויקט, אבל לא נשלחו פרטי קשר או מזהים.",0,NON_LEAK,diverse_negative,email,medium,div_neg_11
מתוך הדוח - הפגישה עם מנהלת משאבי אנוש תתקיים ביום ראשון בהרצליה.,0,NON_LEAK,diverse_negative,report,medium,div_neg_12
מתוך הדוח: במצגת הופיעו שמות העובדים לצד נתוני שכר ובונוסים,1,LEAK,paired_hard_positive,report,hard,pair_7_pos
"סיכום פגישה - הפגישה עם טל אוחנה נקבעה ל28/10/2026 באשדוד, ובמסמך צורף גם הטלפון 0559306446.",1,LEAK,paired_hard_positive,meeting_note,hard,pair_2_pos
"סיכום פגישה: בדוח מופיע רק שם החברה צ'ק פוינט ותאריך יעד 5/11/2026, ללא מידע אישי. תודה",0,NON_LEAK,diverse_negative,meeting_note,medium,div_neg_32
שולח: יש לעדכן את טבלת ההזמנות עם חשבון הבנק 4580391850 של שירה אברהם תודה,1,LEAK,paired_hard_positive,chat,hard,pair_5_pos
"נושא: מעקב
הועבר סיכום על עדי שלום שעובד בבזק בירושלים, כולל מספר הזהות 384222563.",1,LEAK,paired_hard_positive,email,hard,pair_1_pos
HR-293482 | הפגישה עם דנה דנינו נקבעה ל11/5/2026 באשדוד.,0,NON_LEAK,paired_hard_negative,ticket,hard,pair_2_neg
מתוך הדוח - הסיסמה הזמנית לחשבון של רונית פרץ היא Welcome2026! ויש להחליף אותה מיד.,1,LEAK,diverse_positive,report,hard,div_pos_19
עדכון: הצוות עבר לשלב בדיקות אינטגרציה ונדרש לעדכן סטטוס עד סוף היום.,0,NON_LEAK,diverse_negative,chat,hard,div_neg_48
מתוך הדוח: בדוח שהגיע מאיכילוב מופיעים פרטי טיפול של רונית פרץ.,1,LEAK,diverse_positive,report,hard,div_pos_54
לתיעוד פנימי - בדוח הלקוח מופיע איש קשר בשם רון חדד יחד עם כתובת המייל ronhadad@mailcom,1,LEAK,paired_hard_positive,memo,hard,pair_3_pos
"תזכורת: הקובץ מכיל שם משתמש, סיסמה וגישה לסביבת הייצור.",1,LEAK,diverse_positive,chat,hard,div_pos_23
INC-498437 | שם העובד יואב לוי מופיע במצגת הפנימית ללא פרטים נוספים.,0,NON_LEAK,diverse_negative,ticket,medium,div_neg_34
INC-332246 | בדוח הלקוח מופיע איש קשר בשם קרן אמסלם.,0,NON_LEAK,paired_hard_negative,ticket,hard,pair_3_neg
INC-517700 | הסיסמה הזמנית לחשבון של משה אוחנה היא Welcome2026! ויש להחליף אותה מיד.,1,LEAK,diverse_positive,ticket,medium,div_pos_7
תזכורת: במצגת הופיעו שמות העובדים לצורך חלוקת משימות,0,NON_LEAK,paired_hard_negative,chat,hard,pair_7_neg
לתיעוד פנימי - הפגישה עם אילן שבתאי נקבעה ל7/7/2026 בתל אביב. תודה,0,NON_LEAK,paired_hard_negative,memo,hard,pair_2_neg
"נושא - בקשה
הצוות דן בהשקת פלטפורמת ארז ביום 3/6/2026. תודה",0,NON_LEAK,paired_hard_negative,email,hard,pair_4_neg
לתיעוד פנימי: יש לעדכן את טבלת ההזמנות עם מזהה פנימי 0943588125.,0,NON_LEAK,paired_hard_negative,memo,hard,pair_5_neg
סיכום פגישה: הפגישה עם עמית אלקיים נקבעה ל21/12/2026 במודיעין.,0,NON_LEAK,paired_hard_negative,meeting_note,hard,pair_2_neg
"נושא: בקשה
הפגישה עם יועץ משפטי תתקיים ביום ראשון בבאר שבע.",0,NON_LEAK,diverse_negative,email,hard,div_neg_43
לתיעוד פנימי - הצוות דן בהשקת שירות אביב ביום 2/2/2026.,0,NON_LEAK,paired_hard_negative,memo,hard,pair_4_neg
מתוך הדוח: נא לשמור על סודיות: תוכנית ההשקה של פלטפורמת ארז וקוד השם מיזם תמר מצורפים,1,LEAK,diverse_positive,report,medium,div_pos_27
FIN-324505 | במצגת הופיעו שמות העובדים לצד נתוני שכר ובונוסים,1,LEAK,paired_hard_positive,ticket,hard,pair_7_pos
"נושא - מעקב
הפגישה עם יעל לוי נקבעה ל20/5/2026 בראשון לציון, ובמסמך צורף גם הטלפון 0523282460.",1,LEAK,paired_hard_positive,email,hard,pair_2_pos
"סיכום פגישה: המסמך מזכיר את רמב""ם ואת יואב לוי וכולל גם אבחנה של סוכרת",1,LEAK,paired_hard_positive,meeting_note,hard,pair_6_pos
"INC-409384 | הפגישה עם עמית אלקיים נקבעה ל28/9/2026 בהרצליה, ובמסמך צורף גם הטלפון 0595609293",1,LEAK,paired_hard_positive,ticket,hard,pair_2_pos
FIN-430207 | שם העובד עדי שלום מופיע במצגת הפנימית ללא פרטים נוספים.,0,NON_LEAK,diverse_negative,ticket,hard,div_neg_1
SR-872630 | הסיסמה הזמנית לחשבון של קרן אמסלם היא Welcome2026! ויש להחליף אותה מיד,1,LEAK,diverse_positive,ticket,hard,div_pos_5
"לתיעוד פנימי: הועבר סיכום על טל אוחנה שעובד בבנק הפועלים בתל אביב, כולל מספר הזהות 821648949.",1,LEAK,paired_hard_positive,memo,hard,pair_1_pos
"בדיקה - הלקוח ביקש עדכון על הפרויקט, אבל לא נשלחו פרטי קשר או מזהים.",0,NON_LEAK,diverse_negative,chat,hard,div_neg_54
"בדיקה: הועבר סיכום על מאיה ביטון שעובד בנייס בירושלים, כולל מספר הזהות 926920307.",1,LEAK,paired_hard_positive,chat,hard,pair_1_pos
REQ-801997 | המסמך מזכיר את אסותא ואת מאיה ביטון וכולל גם אבחנה של דלקת ריאות.,1,LEAK,paired_hard_positive,ticket,hard,pair_6_pos
"נושא: טיפול
נא לשמור על סודיות: תוכנית ההשקה של מערכת קשת וקוד השם מיזם תמר מצורפים. תודה",1,LEAK,diverse_positive,email,medium,div_pos_43
מתוך הדוח: בדוח שהגיע משיבא מופיעים פרטי טיפול של עמית אלקיים.,1,LEAK,diverse_positive,report,hard,div_pos_56
"נושא: טיפול
פרטי הקשר של ליאור מלכה: מייל lior.malka@example.co.il, טלפון 0571835960.",1,LEAK,diverse_positive,email,medium,div_pos_55
"לתיעוד פנימי: הקובץ מכיל שם משתמש, סיסמה וגישה לסביבת הייצור",1,LEAK,diverse_positive,memo,medium,div_pos_47
"לתיעוד פנימי: היעד הכספי לרבעון הוא 24,939 ש""ח ולא מדובר במידע על לקוח ספציפי.",0,NON_LEAK,diverse_negative,memo,hard,div_neg_36
מתוך הדוח: בדוח הלקוח מופיע איש קשר בשם אלון מלכה.,0,NON_LEAK,paired_hard_negative,report,hard,pair_3_neg
"FIN-379095 | הועבר דוח עם רשימת לקוחות אסטרטגיים, הצעות מחיר ותנאי התקשרות.",1,LEAK,diverse_positive,ticket,medium,div_pos_57
"נושא: טיפול
נא לשמור על סודיות: תוכנית ההשקה של מוצר אופק וקוד השם פרויקט ברוש מצורפים.",1,LEAK,diverse_positive,email,hard,div_pos_16
מתוך הדוח: הועבר סיכום על קרן אמסלם שעובד במכבי שירותי בריאות בתל אביב,0,NON_LEAK,paired_hard_negative,report,hard,pair_1_neg
HR-093393 | במצגת הופיעו שמות העובדים לצורך חלוקת משימות.,0,NON_LEAK,paired_hard_negative,ticket,hard,pair_7_neg
"תזכורת: הועבר סיכום על רון חדד שעובד במכבי שירותי בריאות בתל אביב, כולל מספר הזהות 664792722.",1,LEAK,paired_hard_positive,chat,hard,pair_1_pos
מתוך הדוח: הפגישה עם דנה דנינו נקבעה ל1/5/2026 בבאר שבע.,0,NON_LEAK,paired_hard_negative,report,hard,pair_2_neg
"לתיעוד פנימי: בדוח מופיע רק שם החברה צ'ק פוינט ותאריך יעד 25/11/2026, ללא מידע אישי.",0,NON_LEAK,diverse_negative,memo,hard,div_neg_9
"SR-772692 | הועבר דוח עם רשימת לקוחות אסטרטגיים, הצעות מחיר ותנאי התקשרות.",1,LEAK,diverse_positive,ticket,medium,div_pos_6
לתיעוד פנימי - שם העובד עדי שלום מופיע במצגת הפנימית ללא פרטים נוספים,0,NON_LEAK,diverse_negative,memo,medium,div_neg_43
סיכום פגישה: המסמך מזכיר את סורוקה ואת קרן אמסלם בהקשר אדמיניסטרטיבי.,0,NON_LEAK,paired_hard_negative,meeting_note,hard,pair_6_neg
בדיקה - הועבר סיכום על איתי פרץ שעובד באלביט בראשון לציון.,0,NON_LEAK,paired_hard_negative,chat,hard,pair_1_neg
מתוך הדוח - הועבר סיכום על דנה דנינו שעובד במכבי שירותי בריאות בראשון לציון תודה,0,NON_LEAK,paired_hard_negative,report,hard,pair_1_neg
לתיעוד פנימי - יש לעדכן את טבלת ההזמנות עם מזהה פנימי 2694672623.,0,NON_LEAK,paired_hard_negative,memo,hard,pair_5_neg
"נושא - טיפול
הצוות עבר לשלב בדיקות אינטגרציה ונדרש לעדכן סטטוס עד סוף היום. תודה",0,NON_LEAK,diverse_negative,email,hard,div_neg_3
סיכום פגישה: במצגת הופיעו שמות העובדים לצורך חלוקת משימות.,0,NON_LEAK,paired_hard_negative,meeting_note,hard,pair_7_neg
סיכום פגישה: הצוות דן בהשקת שירות אביב ביום 23/10/2026,0,NON_LEAK,paired_hard_negative,meeting_note,hard,pair_4_neg
לתיעוד פנימי - יש לעדכן את טבלת ההזמנות עם מזהה פנימי 7662929605.,0,NON_LEAK,paired_hard_negative,memo,hard,pair_5_neg
סיכום פגישה - המסמך מזכיר את איכילוב ואת אורן אברהם וכולל גם אבחנה של סוכרת. תודה,1,LEAK,paired_hard_positive,meeting_note,hard,pair_6_pos
INC-631720 | לצורך זיהוי מול הספק הועבר מספר הזהות של עדי שלום - 219248157. תודה,1,LEAK,diverse_positive,ticket,hard,div_pos_29
שולח: בדוח הלקוח מופיע איש קשר בשם אלון מלכה.,0,NON_LEAK,paired_hard_negative,chat,hard,pair_3_neg
בדיקה: הועבר סיכום על שירה אברהם שעובד ברפאל בהרצליה.,0,NON_LEAK,paired_hard_negative,chat,hard,pair_1_neg
"נושא: עדכון
לצורך זיהוי מול הספק הועבר מספר הזהות של אלון מלכה: 347353276.",1,LEAK,diverse_positive,email,hard,div_pos_55
שולח - המסמך מזכיר את סורוקה ואת ניר ביטון בהקשר אדמיניסטרטיבי,0,NON_LEAK,paired_hard_negative,chat,hard,pair_6_neg
FIN-938218 | שם העובד רון חדד מופיע במצגת הפנימית ללא פרטים נוספים.,0,NON_LEAK,diverse_negative,ticket,hard,div_neg_24
לתיעוד פנימי: שם העובד אילן שבתאי מופיע במצגת הפנימית ללא פרטים נוספים,0,NON_LEAK,diverse_negative,memo,hard,div_neg_6
תזכורת: מספר הקריאה הוא FIN-304143 ויש לעקוב אחריו מול פיתוח.,0,NON_LEAK,diverse_negative,chat,medium,div_neg_58
מתוך הדוח - המסמך מזכיר את סורוקה ואת איתי פרץ בהקשר אדמיניסטרטיבי.,0,NON_LEAK,paired_hard_negative,report,hard,pair_6_neg
לתיעוד פנימי: יש לעדכן את טבלת ההזמנות עם חשבון הבנק 1416422207 של קרן אמסלם.,1,LEAK,paired_hard_positive,memo,hard,pair_5_pos
INC-943406 | הפגישה עם רונית פרץ נקבעה ל13/10/2026 בחיפה.,0,NON_LEAK,paired_hard_negative,ticket,hard,pair_2_neg
סיכום פגישה: המערכת החדשה תושק ב14/8/2026 לפי הודעה רשמית שפורסמה לכלל העובדים. תודה,0,NON_LEAK,diverse_negative,meeting_note,medium,div_neg_33
FIN-600562 | בדוח משאבי האנוש מופיעים נתוני השכר של עמית אלקיים עבור חודש מרץ.,1,LEAK,diverse_positive,ticket,medium,div_pos_36
מתוך הדוח: הועבר סיכום על עמית אלקיים שעובד בAmdocs במודיעין,0,NON_LEAK,paired_hard_negative,report,hard,pair_1_neg
סיכום פגישה: הצוות דן בהשקת פרויקט נוגה ביום 17/12/2026 במסמך מסווג פנימי שלא נועד להפצה תודה,1,LEAK,paired_hard_positive,meeting_note,hard,pair_4_pos
תזכורת - שם העובד קרן אמסלם מופיע במצגת הפנימית ללא פרטים נוספים.,0,NON_LEAK,diverse_negative,chat,medium,div_neg_13
"HR-008032 | בדוח מופיע רק שם החברה רפאל ותאריך יעד 24/12/2026, ללא מידע אישי.",0,NON_LEAK,diverse_negative,ticket,medium,div_neg_35
"מתוך הדוח: הועבר סיכום על טל אוחנה שעובד בשופרסל בפתח תקווה, כולל מספר הזהות 298482575.",1,LEAK,paired_hard_positive,report,hard,pair_1_pos
"לתיעוד פנימי: היעד הכספי לרבעון הוא 19,752 ש""ח ולא מדובר במידע על לקוח ספציפי",0,NON_LEAK,diverse_negative,memo,hard,div_neg_46
סיכום פגישה: יש לעדכן את טבלת ההזמנות עם מזהה פנימי 9273513987.,0,NON_LEAK,paired_hard_negative,meeting_note,hard,pair_5_neg
"בדיקה: בדוח מופיע רק שם החברה גוגל ישראל ותאריך יעד 1/10/2026, ללא מידע אישי.",0,NON_LEAK,diverse_negative,chat,medium,div_neg_30
סיכום פגישה: הצוות דן בהשקת מוצר אופק ביום 15/12/2026.,0,NON_LEAK,paired_hard_negative,meeting_note,hard,pair_4_neg
"נושא: עדכון
המסמך מזכיר את שיבא ואת משה אוחנה וכולל גם אבחנה של אלרגיה חריפה.",1,LEAK,paired_hard_positive,email,hard,pair_6_pos
מתוך הדוח - בדוח משאבי האנוש מופיעים נתוני השכר של הילה חדד עבור חודש מרץ.,1,LEAK,diverse_positive,report,hard,div_pos_50
לתיעוד פנימי: מספר הקריאה הוא FIN-693256 ויש לעקוב אחריו מול כספים. תודה,0,NON_LEAK,diverse_negative,memo,medium,div_neg_6
מתוך הדוח: הצוות עבר לשלב בדיקות אינטגרציה ונדרש לעדכן סטטוס עד סוף היום.,0,NON_LEAK,diverse_negative,report,medium,div_neg_36
SR-285980 | הסיסמה הזמנית לחשבון של הילה חדד היא Welcome2026! ויש להחליף אותה מיד.,1,LEAK,diverse_positive,ticket,hard,div_pos_24
"מתוך הדוח: בדוח מופיע רק שם החברה אלביט ותאריך יעד 11/10/2026, ללא מידע אישי.",0,NON_LEAK,diverse_negative,report,hard,div_neg_30
"לתיעוד פנימי: בדוח מופיע רק שם החברה צ'ק פוינט ותאריך יעד 16/3/2026, ללא מידע אישי תודה",0,NON_LEAK,diverse_negative,memo,hard,div_neg_20
"לתיעוד פנימי - במסמך המצורף אין מידע אישי, רק סיכום משימות והחלטות תודה",0,NON_LEAK,diverse_negative,memo,hard,div_neg_26
REQ-963645 | בדוח הלקוח מופיע איש קשר בשם יואב לוי יחד עם כתובת המייל yoav.levi@outlook.com.,1,LEAK,paired_hard_positive,ticket,hard,pair_3_pos
"נושא: עדכון
בדוח הלקוח מופיע איש קשר בשם דנה דנינו.",0,NON_LEAK,paired_hard_negative,email,hard,pair_3_neg
"סיכום פגישה: הפגישה עם עמית אלקיים נקבעה ל3/12/2026 בירושלים, ובמסמך צורף גם הטלפון 0571565080.",1,LEAK,paired_hard_positive,meeting_note,hard,pair_2_pos
"לתיעוד פנימי - במסמך המצורף אין מידע אישי, רק סיכום משימות והחלטות",0,NON_LEAK,diverse_negative,memo,medium,div_neg_8
לתיעוד פנימי: הפגישה עם יועץ משפטי תתקיים ביום ראשון בבאר שבע,0,NON_LEAK,diverse_negative,memo,hard,div_neg_57
לתיעוד פנימי - בדוח הלקוח מופיע איש קשר בשם הילה חדד,0,NON_LEAK,paired_hard_negative,memo,hard,pair_3_neg
"נושא - טיפול
בדשבורד הציבורי מופיע סטטוס כללי של פרויקט פרויקט דרור.",0,NON_LEAK,diverse_negative,email,medium,div_neg_55
"נושא: טיפול
הפגישה עם ליאור מלכה נקבעה ל27/10/2026 בראשון לציון, ובמסמך צורף גם הטלפון 0502776063.",1,LEAK,paired_hard_positive,email,hard,pair_2_pos
"לתיעוד פנימי: הועבר החזר בגובה 20,919 ש""ח לחשבון 9863392148 של ליאור מלכה.",1,LEAK,diverse_positive,memo,hard,div_pos_48
"לתיעוד פנימי: היעד הכספי לרבעון הוא 8,476 ש""ח ולא מדובר במידע על לקוח ספציפי.",0,NON_LEAK,diverse_negative,memo,hard,div_neg_57
"שולח: הפגישה עם נועה מזרחי נקבעה ל19/12/2026 במודיעין, ובמסמך צורף גם הטלפון 0569305509.",1,LEAK,paired_hard_positive,chat,hard,pair_2_pos
"לתיעוד פנימי: הלקוח ביקש עדכון על הפרויקט, אבל לא נשלחו פרטי קשר או מזהים.",0,NON_LEAK,diverse_negative,memo,medium,div_neg_4
"מתוך הדוח - הלקוח ביקש עדכון על הפרויקט, אבל לא נשלחו פרטי קשר או מזהים.",0,NON_LEAK,diverse_negative,report,medium,div_neg_13
שולח: הצוות דן בהשקת גרסה 42 ביום 5/1/2026,0,NON_LEAK,paired_hard_negative,chat,hard,pair_4_neg
"נושא - עדכון
בדוח משאבי האנוש מופיעים נתוני השכר של משה אוחנה עבור חודש מרץ",1,LEAK,diverse_positive,email,hard,div_pos_39
מתוך הדוח - בדוח שהגיע משיבא מופיעים פרטי טיפול של נועה מזרחי.,1,LEAK,diverse_positive,report,hard,div_pos_14
סיכום פגישה: במצגת הופיעו שמות העובדים לצד נתוני שכר ובונוסים. תודה,1,LEAK,paired_hard_positive,meeting_note,hard,pair_7_pos
תזכורת: לצורך זיהוי מול הספק הועבר מספר הזהות של מיכל כהן: 035625874.,1,LEAK,diverse_positive,chat,medium,div_pos_42
"סיכום פגישה: הועבר סיכום על יואב לוי שעובד בגוגל ישראל באשדוד, כולל מספר הזהות 910335067",1,LEAK,paired_hard_positive,meeting_note,hard,pair_1_pos
מתוך הדוח: הצוות דן בהשקת מערכת קשת ביום 12/3/2026,0,NON_LEAK,paired_hard_negative,report,hard,pair_4_neg
"נושא: עדכון
בדוח הלקוח מופיע איש קשר בשם מאיה ביטון יחד עם כתובת המייל maya.biton@example.co.il.",1,LEAK,paired_hard_positive,email,hard,pair_3_pos
לתיעוד פנימי: הצוות דן בהשקת מוצר הדס ביום 5/6/2026.,0,NON_LEAK,paired_hard_negative,memo,hard,pair_4_neg
מתוך הדוח: הצוות עבר לשלב בדיקות אינטגרציה ונדרש לעדכן סטטוס עד סוף היום.,0,NON_LEAK,diverse_negative,report,medium,div_neg_57
"HR-370272 | הועבר החזר בגובה 2,670 ש""ח לחשבון 5699038996 של דוד כהן. תודה",1,LEAK,diverse_positive,ticket,hard,div_pos_22
HR-395148 | נא לשמור על סודיות - תוכנית ההשקה של שירות אביב וקוד השם פרויקט דרור מצורפים.,1,LEAK,diverse_positive,ticket,medium,div_pos_54
REQ-929893 | מספר הקריאה הוא SR-559137 ויש לעקוב אחריו מול משאבי אנוש.,0,NON_LEAK,diverse_negative,ticket,medium,div_neg_3
"נושא: טיפול
הועבר סיכום על איתי פרץ שעובד בצ'ק פוינט בחיפה.",0,NON_LEAK,paired_hard_negative,email,hard,pair_1_neg
"SR-743004 | בדוח שהגיע מרמב""ם מופיעים פרטי טיפול של שירה אברהם.",1,LEAK,diverse_positive,ticket,medium,div_pos_58
לתיעוד פנימי: בדוח הלקוח מופיע איש קשר בשם הילה חדד יחד עם כתובת המייל hila.hadad@gmail.com.,1,LEAK,paired_hard_positive,memo,hard,pair_3_pos
עדכון - הצוות דן בהשקת מערכת קשת ביום 14/10/2026 במסמך מסווג פנימי שלא נועד להפצה.,1,LEAK,paired_hard_positive,chat,hard,pair_4_pos
"תזכורת - היעד הכספי לרבעון הוא 10,212 ש""ח ולא מדובר במידע על לקוח ספציפי",0,NON_LEAK,diverse_negative,chat,hard,div_neg_56
INC-240215 | המסמך מזכיר את אסותא ואת ליאור מלכה בהקשר אדמיניסטרטיבי.,0,NON_LEAK,paired_hard_negative,ticket,hard,pair_6_neg
סיכום פגישה: בדשבורד הציבורי מופיע סטטוס כללי של פרויקט פרויקט דרור. תודה,0,NON_LEAK,diverse_negative,meeting_note,hard,div_neg_45
INC-602463 | המערכת החדשה תושק ב12/3/2026 לפי הודעה רשמית שפורסמה לכלל העובדים.,0,NON_LEAK,diverse_negative,ticket,medium,div_neg_53
"נושא: טיפול
הפגישה עם עדי שלום נקבעה ל14/8/2026 בתל אביב, ובמסמך צורף גם הטלפון 0558713591.",1,LEAK,paired_hard_positive,email,hard,pair_2_pos
"שולח: בדוח מופיע רק שם החברה אינטל ותאריך יעד 9/10/2026, ללא מידע אישי",0,NON_LEAK,diverse_negative,chat,medium,div_neg_51
סיכום פגישה - בדשבורד הציבורי מופיע סטטוס כללי של פרויקט מיזם תמר.,0,NON_LEAK,diverse_negative,meeting_note,medium,div_neg_45
תזכורת - הפגישה עם מאיה ביטון נקבעה ל26/9/2026 במודיעין.,0,NON_LEAK,paired_hard_negative,chat,hard,pair_2_neg
"סיכום פגישה: הקובץ מכיל שם משתמש, סיסמה וגישה לסביבת הייצור.",1,LEAK,diverse_positive,meeting_note,hard,div_pos_59
"נושא: בקשה
המסמך מזכיר את אסותא ואת ליאור מלכה וכולל גם אבחנה של אסתמה. תודה",1,LEAK,paired_hard_positive,email,hard,pair_6_pos
"לתיעוד פנימי - במסמך המצורף אין מידע אישי, רק סיכום משימות והחלטות",0,NON_LEAK,diverse_negative,memo,medium,div_neg_9
בדיקה: בדוח הלקוח מופיע איש קשר בשם יעל לוי יחד עם כתובת המייל yael.levi@org.co.il.,1,LEAK,paired_hard_positive,chat,hard,pair_3_pos
"נושא: בקשה
יש לעדכן את טבלת ההזמנות עם חשבון הבנק 3552682756 של איתי פרץ.",1,LEAK,paired_hard_positive,email,hard,pair_5_pos
מתוך הדוח: שם העובד יעל לוי מופיע במצגת הפנימית ללא פרטים נוספים.,0,NON_LEAK,diverse_negative,report,hard,div_neg_46
סיכום פגישה: הצוות דן בהשקת מוצר הדס ביום 5/5/2026. תודה,0,NON_LEAK,paired_hard_negative,meeting_note,hard,pair_4_neg
מתוך הדוח: בדשבורד הציבורי מופיע סטטוס כללי של פרויקט מבצע שקמה.,0,NON_LEAK,diverse_negative,report,medium,div_neg_53
מתוך הדוח: במצגת הופיעו שמות העובדים לצורך חלוקת משימות.,0,NON_LEAK,paired_hard_negative,report,hard,pair_7_neg
"מתוך הדוח: הלקוח ביקש עדכון על הפרויקט, אבל לא נשלחו פרטי קשר או מזהים",0,NON_LEAK,diverse_negative,report,medium,div_neg_9
"נושא - טיפול
הועבר סיכום על טל אוחנה שעובד באלביט בחיפה, כולל מספר הזהות 933786833 תודה",1,LEAK,paired_hard_positive,email,hard,pair_1_pos
"נושא: טיפול
הועבר דוח עם רשימת לקוחות אסטרטגיים, הצעות מחיר ותנאי התקשרות. תודה",1,LEAK,diverse_positive,email,hard,div_pos_2
מתוך הדוח - יש לעדכן את טבלת ההזמנות עם חשבון הבנק 0415103117 של יעל לוי.,1,LEAK,paired_hard_positive,report,hard,pair_5_pos
"SR-954578 | המסמך מזכיר את רמב""ם ואת דוד כהן בהקשר אדמיניסטרטיבי.",0,NON_LEAK,paired_hard_negative,ticket,hard,pair_6_neg
מתוך הדוח - יש לעדכן את טבלת ההזמנות עם מזהה פנימי 6989188191.,0,NON_LEAK,paired_hard_negative,report,hard,pair_5_neg
לתיעוד פנימי: הצוות עבר לשלב בדיקות אינטגרציה ונדרש לעדכן סטטוס עד סוף היום.,0,NON_LEAK,diverse_negative,memo,medium,div_neg_25
FIN-809552 | שם העובד טל אוחנה מופיע במצגת הפנימית ללא פרטים נוספים. תודה,0,NON_LEAK,diverse_negative,ticket,medium,div_neg_52
תזכורת: הועבר סיכום על דוד כהן שעובד ברפאל בחיפה תודה,0,NON_LEAK,paired_hard_negative,chat,hard,pair_1_neg
לתיעוד פנימי: בדוח הלקוח מופיע איש קשר בשם ליאור מלכה יחד עם כתובת המייל liormalka@examplecoil,1,LEAK,paired_hard_positive,memo,hard,pair_3_pos
"לתיעוד פנימי: המסמך מזכיר את רמב""ם ואת נועה מזרחי וכולל גם אבחנה של סוכרת.",1,LEAK,paired_hard_positive,memo,hard,pair_6_pos
"שולח: במסמך המצורף אין מידע אישי, רק סיכום משימות והחלטות.",0,NON_LEAK,diverse_negative,chat,hard,div_neg_14
"HR-758883 | פרטי הקשר של אילן שבתאי: מייל ilan.shabtai@company.co.il, טלפון 0516290405.",1,LEAK,diverse_positive,ticket,hard,div_pos_47
לתיעוד פנימי: הפגישה עם אילן שבתאי נקבעה ל7/9/2026 בראשון לציון.,0,NON_LEAK,paired_hard_negative,memo,hard,pair_2_neg
REQ-990218 | יש לעדכן את טבלת ההזמנות עם חשבון הבנק 6926370858 של רונית פרץ.,1,LEAK,paired_hard_positive,ticket,hard,pair_5_pos
מתוך הדוח - בדוח הלקוח מופיע איש קשר בשם שרון סעדה,0,NON_LEAK,paired_hard_negative,report,hard,pair_3_neg
לתיעוד פנימי - בדוח משאבי האנוש מופיעים נתוני השכר של רונית פרץ עבור חודש מרץ.,1,LEAK,diverse_positive,memo,hard,div_pos_50
FIN-405040 | הצוות דן בהשקת מודול ברק ביום 23/4/2026,0,NON_LEAK,paired_hard_negative,ticket,hard,pair_4_neg
עדכון - הועבר סיכום על יעל לוי שעובד במכבי שירותי בריאות בתל אביב.,0,NON_LEAK,paired_hard_negative,chat,hard,pair_1_neg
INC-945090 | יש לעדכן את טבלת ההזמנות עם מזהה פנימי 7054148932. תודה,0,NON_LEAK,paired_hard_negative,ticket,hard,pair_5_neg
"לתיעוד פנימי: הקובץ מכיל שם משתמש, סיסמה וגישה לסביבת הייצור.",1,LEAK,diverse_positive,memo,medium,div_pos_39
"לתיעוד פנימי: הועבר סיכום על משה אוחנה שעובד באלביט בפתח תקווה, כולל מספר הזהות 436525175.",1,LEAK,paired_hard_positive,memo,hard,pair_1_pos
לתיעוד פנימי - בדוח משאבי האנוש מופיעים נתוני השכר של דנה דנינו עבור חודש מרץ תודה,1,LEAK,diverse_positive,memo,hard,div_pos_55
"מתוך הדוח: בדוח מופיע רק שם החברה שופרסל ותאריך יעד 13/10/2026, ללא מידע אישי.",0,NON_LEAK,diverse_negative,report,hard,div_neg_47
עדכון: הפגישה עם יואב לוי נקבעה ל15/5/2026 בירושלים.,0,NON_LEAK,paired_hard_negative,chat,hard,pair_2_neg
HR-744167 | בדשבורד הציבורי מופיע סטטוס כללי של פרויקט פרויקט ברוש.,0,NON_LEAK,diverse_negative,ticket,medium,div_neg_22
HR-571011 | הפגישה עם רון חדד נקבעה ל25/7/2026 בתל אביב,0,NON_LEAK,paired_hard_negative,ticket,hard,pair_2_neg
לתיעוד פנימי - הצוות עבר לשלב בדיקות אינטגרציה ונדרש לעדכן סטטוס עד סוף היום.,0,NON_LEAK,diverse_negative,memo,medium,div_neg_42
INC-253686 | בדוח משאבי האנוש מופיעים נתוני השכר של שירה אברהם עבור חודש מרץ.,1,LEAK,diverse_positive,ticket,hard,div_pos_44
"סיכום פגישה: בנספח מופיעים פרטי החשבון של ליאור מלכה: בנק לאומי, חשבון 6654145560 תודה",1,LEAK,diverse_positive,meeting_note,medium,div_pos_37
עדכון: לצורך זיהוי מול הספק הועבר מספר הזהות של אילן שבתאי: 066982147.,1,LEAK,diverse_positive,chat,hard,div_pos_8
"SR-712321 | הועבר סיכום על טל אוחנה שעובד בקופת חולים כללית בנתניה, כולל מספר הזהות 886870160.",1,LEAK,paired_hard_positive,ticket,hard,pair_1_pos
מתוך הדוח: יש לעדכן את טבלת ההזמנות עם מזהה פנימי 6183606223.,0,NON_LEAK,paired_hard_negative,report,hard,pair_5_neg
INC-845118 | הפגישה עם יואב לוי נקבעה ל24/3/2026 בנתניה.,0,NON_LEAK,paired_hard_negative,ticket,hard,pair_2_neg
מתוך הדוח: מספר הקריאה הוא REQ-476712 ויש לעקוב אחריו מול פיתוח. תודה,0,NON_LEAK,diverse_negative,report,hard,div_neg_24
עדכון: לצורך זיהוי מול הספק הועבר מספר הזהות של משה אוחנה: 100795988.,1,LEAK,diverse_positive,chat,hard,div_pos_21
"נושא: בקשה
הפגישה עם חשב שכר תתקיים ביום ראשון ברעננה.",0,NON_LEAK,diverse_negative,email,hard,div_neg_2
מתוך הדוח: המסמך מזכיר את אסותא ואת אורן אברהם בהקשר אדמיניסטרטיבי.,0,NON_LEAK,paired_hard_negative,report,hard,pair_6_neg
סיכום פגישה: בדוח הלקוח מופיע איש קשר בשם הילה חדד,0,NON_LEAK,paired_hard_negative,meeting_note,hard,pair_3_neg
סיכום פגישה: יש לעדכן את טבלת ההזמנות עם חשבון הבנק 9008974426 של רונית פרץ.,1,LEAK,paired_hard_positive,meeting_note,hard,pair_5_pos
"עדכון: היעד הכספי לרבעון הוא 21,080 ש""ח ולא מדובר במידע על לקוח ספציפי.",0,NON_LEAK,diverse_negative,chat,medium,div_neg_56
סיכום פגישה: הועבר סיכום על שרון סעדה שעובד באלביט בהרצליה.,0,NON_LEAK,paired_hard_negative,meeting_note,hard,pair_1_neg
מתוך הדוח: המסמך מזכיר את סורוקה ואת מאיה ביטון בהקשר אדמיניסטרטיבי.,0,NON_LEAK,paired_hard_negative,report,hard,pair_6_neg
"נושא: עדכון
יש לעדכן את טבלת ההזמנות עם חשבון הבנק 5128382177 של נועה מזרחי.",1,LEAK,paired_hard_positive,email,hard,pair_5_pos
סיכום פגישה: בדוח שהגיע מאיכילוב מופיעים פרטי טיפול של משה אוחנה תודה,1,LEAK,diverse_positive,meeting_note,hard,div_pos_43
סיכום פגישה: הצוות עבר לשלב בדיקות אינטגרציה ונדרש לעדכן סטטוס עד סוף היום.,0,NON_LEAK,diverse_negative,meeting_note,medium,div_neg_34
לתיעוד פנימי: במצגת הופיעו שמות העובדים לצד נתוני שכר ובונוסים,1,LEAK,paired_hard_positive,memo,hard,pair_7_pos
"מתוך הדוח: המסמך מזכיר את רמב""ם ואת הילה חדד וכולל גם אבחנה של אסתמה.",1,LEAK,paired_hard_positive,report,hard,pair_6_pos
"נושא - עדכון
שם העובד דוד כהן מופיע במצגת הפנימית ללא פרטים נוספים.",0,NON_LEAK,diverse_negative,email,hard,div_neg_16
"מתוך הדוח: הפגישה עם רון חדד נקבעה ל10/10/2026 באשדוד, ובמסמך צורף גם הטלפון 0587945942. תודה",1,LEAK,paired_hard_positive,report,hard,pair_2_pos
FIN-374188 | הועבר סיכום על הילה חדד שעובד באינטל בתל אביב.,0,NON_LEAK,paired_hard_negative,ticket,hard,pair_1_neg
מתוך הדוח: במצגת הופיעו שמות העובדים לצורך חלוקת משימות.,0,NON_LEAK,paired_hard_negative,report,hard,pair_7_neg
מתוך הדוח: הפגישה עם מיכל כהן נקבעה ל10/1/2026 בראשון לציון. תודה,0,NON_LEAK,paired_hard_negative,report,hard,pair_2_neg
"לתיעוד פנימי: הפגישה עם מנכ""ל תתקיים ביום ראשון בפתח תקווה.",0,NON_LEAK,diverse_negative,memo,hard,div_neg_34
מתוך הדוח: נא לשמור על סודיות: תוכנית ההשקה של שירות אביב וקוד השם פרויקט ברוש מצורפים,1,LEAK,diverse_positive,report,medium,div_pos_45
"סיכום פגישה: הפגישה עם איתי פרץ נקבעה ל12/3/2026 במודיעין, ובמסמך צורף גם הטלפון 0508430752 תודה",1,LEAK,paired_hard_positive,meeting_note,hard,pair_2_pos
לתיעוד פנימי: שם העובד נועה מזרחי מופיע במצגת הפנימית ללא פרטים נוספים.,0,NON_LEAK,diverse_negative,memo,hard,div_neg_38
"נושא: טיפול
בדוח שהגיע מאיכילוב מופיעים פרטי טיפול של נועה מזרחי.",1,LEAK,diverse_positive,email,medium,div_pos_48
"לתיעוד פנימי: הקובץ מכיל שם משתמש, סיסמה וגישה לסביבת הייצור.",1,LEAK,diverse_positive,memo,medium,div_pos_58
שולח: יש לעדכן את טבלת ההזמנות עם חשבון הבנק 2477141353 של מאיה ביטון,1,LEAK,paired_hard_positive,chat,hard,pair_5_pos
"לתיעוד פנימי: היעד הכספי לרבעון הוא 25,657 ש""ח ולא מדובר במידע על לקוח ספציפי.",0,NON_LEAK,diverse_negative,memo,hard,div_neg_36
"תזכורת - הועבר דוח עם רשימת לקוחות אסטרטגיים, הצעות מחיר ותנאי התקשרות",1,LEAK,diverse_positive,chat,medium,div_pos_55
"נושא: בקשה
הועבר סיכום על יואב לוי שעובד במכבי שירותי בריאות בירושלים. תודה",0,NON_LEAK,paired_hard_negative,email,hard,pair_1_neg
לתיעוד פנימי - הצוות דן בהשקת מערכת קשת ביום 9/7/2026 במסמך מסווג פנימי שלא נועד להפצה.,1,LEAK,paired_hard_positive,memo,hard,pair_4_pos
תזכורת: המסמך מזכיר את איכילוב ואת הילה חדד בהקשר אדמיניסטרטיבי,0,NON_LEAK,paired_hard_negative,chat,hard,pair_6_neg
לתיעוד פנימי: במצגת הופיעו שמות העובדים לצורך חלוקת משימות.,0,NON_LEAK,paired_hard_negative,memo,hard,pair_7_neg
עדכון: במצגת הופיעו שמות העובדים לצורך חלוקת משימות.,0,NON_LEAK,paired_hard_negative,chat,hard,pair_7_neg
לתיעוד פנימי: המערכת החדשה תושק ב3/3/2026 לפי הודעה רשמית שפורסמה לכלל העובדים,0,NON_LEAK,diverse_negative,memo,medium,div_neg_40
"נושא: בקשה
מספר הקריאה הוא FIN-189302 ויש לעקוב אחריו מול שיווק.",0,NON_LEAK,diverse_negative,email,medium,div_neg_52
"לתיעוד פנימי: במסמך המצורף אין מידע אישי, רק סיכום משימות והחלטות.",0,NON_LEAK,diverse_negative,memo,medium,div_neg_50
תזכורת: יש לעדכן את טבלת ההזמנות עם חשבון הבנק 0130507562 של יעל לוי. תודה,1,LEAK,paired_hard_positive,chat,hard,pair_5_pos
INC-767560 | הצוות דן בהשקת פלטפורמת ארז ביום 18/8/2026.,0,NON_LEAK,paired_hard_negative,ticket,hard,pair_4_neg
"עדכון: הועבר דוח עם רשימת לקוחות אסטרטגיים, הצעות מחיר ותנאי התקשרות.",1,LEAK,diverse_positive,chat,medium,div_pos_10
מתוך הדוח: המסמך מזכיר את סורוקה ואת אלון מלכה וכולל גם אבחנה של סוכרת.,1,LEAK,paired_hard_positive,report,hard,pair_6_pos
"נושא: עדכון
יש לעדכן את טבלת ההזמנות עם חשבון הבנק 2165504457 של דוד כהן",1,LEAK,paired_hard_positive,email,hard,pair_5_pos
"מתוך הדוח: הועבר דוח עם רשימת לקוחות אסטרטגיים, הצעות מחיר ותנאי התקשרות.",1,LEAK,diverse_positive,report,medium,div_pos_18
"לתיעוד פנימי: הלקוח ביקש עדכון על הפרויקט, אבל לא נשלחו פרטי קשר או מזהים.",0,NON_LEAK,diverse_negative,memo,medium,div_neg_15
מתוך הדוח: הסיסמה הזמנית לחשבון של שירה אברהם היא Welcome2026! ויש להחליף אותה מיד.,1,LEAK,diverse_positive,report,medium,div_pos_34
לתיעוד פנימי: הועבר סיכום על עמית אלקיים שעובד בבנק הפועלים בנתניה.,0,NON_LEAK,paired_hard_negative,memo,hard,pair_1_neg
מתוך הדוח: בדוח משאבי האנוש מופיעים נתוני השכר של מיכל כהן עבור חודש מרץ.,1,LEAK,diverse_positive,report,medium,div_pos_25
שולח - הועבר סיכום על משה אוחנה שעובד באלביט בבאר שבע.,0,NON_LEAK,paired_hard_negative,chat,hard,pair_1_neg
"בדיקה: היעד הכספי לרבעון הוא 27,247 ש""ח ולא מדובר במידע על לקוח ספציפי.",0,NON_LEAK,diverse_negative,chat,medium,div_neg_52
"סיכום פגישה: פרטי הקשר של איתי פרץ: מייל itay.peretz@example.co.il, טלפון 0554006123.",1,LEAK,diverse_positive,meeting_note,hard,div_pos_0
לתיעוד פנימי: הפגישה עם הילה חדד נקבעה ל15/10/2026 בנתניה.,0,NON_LEAK,paired_hard_negative,memo,hard,pair_2_neg
FIN-847245 | המערכת החדשה תושק ב16/2/2026 לפי הודעה רשמית שפורסמה לכלל העובדים.,0,NON_LEAK,diverse_negative,ticket,medium,div_neg_21
מתוך הדוח: הפגישה עם מנהל פיתוח תתקיים ביום ראשון בראשון לציון. תודה,0,NON_LEAK,diverse_negative,report,medium,div_neg_46
מתוך הדוח - מספר הקריאה הוא REQ-525232 ויש לעקוב אחריו מול אבטחת מידע.,0,NON_LEAK,diverse_negative,report,hard,div_neg_46
"INC-465675 | היעד הכספי לרבעון הוא 12,009 ש""ח ולא מדובר במידע על לקוח ספציפי.",0,NON_LEAK,diverse_negative,ticket,medium,div_neg_20
"INC-969693 | בדוח מופיע רק שם החברה מיקרוסופט ותאריך יעד 9/11/2026, ללא מידע אישי",0,NON_LEAK,diverse_negative,ticket,medium,div_neg_6
"נושא: עדכון
הצוות דן בהשקת פלטפורמת ארז ביום 24/1/2026 במסמך מסווג פנימי שלא נועד להפצה.",1,LEAK,paired_hard_positive,email,hard,pair_4_pos
עדכון: הצוות דן בהשקת מודול ברק ביום 9/3/2026 במסמך מסווג פנימי שלא נועד להפצה.,1,LEAK,paired_hard_positive,chat,hard,pair_4_pos
"עדכון: המסמך מזכיר את רמב""ם ואת דוד כהן וכולל גם אבחנה של דלקת ריאות.",1,LEAK,paired_hard_positive,chat,hard,pair_6_pos
FIN-784891 | במצגת הופיעו שמות העובדים לצורך חלוקת משימות,0,NON_LEAK,paired_hard_negative,ticket,hard,pair_7_neg
סיכום פגישה: הצוות דן בהשקת פלטפורמת ארז ביום 8/6/2026.,0,NON_LEAK,paired_hard_negative,meeting_note,hard,pair_4_neg
"נושא: מעקב
בדוח הלקוח מופיע איש קשר בשם יעל לוי יחד עם כתובת המייל yael.levi@example.co.il.",1,LEAK,paired_hard_positive,email,hard,pair_3_pos
מתוך הדוח: הפגישה עם מנהל מוצר תתקיים ביום ראשון ברעננה.,0,NON_LEAK,diverse_negative,report,medium,div_neg_56
סיכום פגישה: הצוות עבר לשלב בדיקות אינטגרציה ונדרש לעדכן סטטוס עד סוף היום.,0,NON_LEAK,diverse_negative,meeting_note,hard,div_neg_46
"נושא: עדכון
הועבר סיכום על רונית פרץ שעובד בשופרסל בבאר שבע, כולל מספר הזהות 935286147",1,LEAK,paired_hard_positive,email,hard,pair_1_pos
לתיעוד פנימי: בדשבורד הציבורי מופיע סטטוס כללי של פרויקט פרויקט דרור.,0,NON_LEAK,diverse_negative,memo,hard,div_neg_22
מתוך הדוח: בדוח הלקוח מופיע איש קשר בשם מאיה ביטון יחד עם כתובת המייל maya.biton@example.co.il. תודה,1,LEAK,paired_hard_positive,report,hard,pair_3_pos
INC-359199 | בדשבורד הציבורי מופיע סטטוס כללי של פרויקט תוכנית רימון,0,NON_LEAK,diverse_negative,ticket,hard,div_neg_51
סיכום פגישה: יש לעדכן את טבלת ההזמנות עם מזהה פנימי 4334889010.,0,NON_LEAK,paired_hard_negative,meeting_note,hard,pair_5_neg
SR-461551 | הצוות דן בהשקת שירות אביב ביום 2/9/2026 במסמך מסווג פנימי שלא נועד להפצה.,1,LEAK,paired_hard_positive,ticket,hard,pair_4_pos
בדיקה: הועבר סיכום על אלון מלכה שעובד בבזק בבאר שבע.,0,NON_LEAK,paired_hard_negative,chat,hard,pair_1_neg
סיכום פגישה: הפגישה עם ראש צוות תתקיים ביום ראשון באשדוד.,0,NON_LEAK,diverse_negative,meeting_note,hard,div_neg_15
לתיעוד פנימי: בדוח שהגיע מאסותא מופיעים פרטי טיפול של אילן שבתאי.,1,LEAK,diverse_positive,memo,medium,div_pos_49
"HR-798058 | הועבר סיכום על שרון סעדה שעובד במיקרוסופט בתל אביב, כולל מספר הזהות 315876612",1,LEAK,paired_hard_positive,ticket,hard,pair_1_pos
לתיעוד פנימי - בדוח שהגיע מסורוקה מופיעים פרטי טיפול של מיכל כהן.,1,LEAK,diverse_positive,memo,hard,div_pos_56
מתוך הדוח: הצוות דן בהשקת פרויקט נוגה ביום 26/5/2026 במסמך מסווג פנימי שלא נועד להפצה. תודה,1,LEAK,paired_hard_positive,report,hard,pair_4_pos
"נושא: מעקב
הלקוח ביקש עדכון על הפרויקט, אבל לא נשלחו פרטי קשר או מזהים.",0,NON_LEAK,diverse_negative,email,hard,div_neg_42
"מתוך הדוח: בנספח מופיעים פרטי החשבון של איתי פרץ: דיסקונט, חשבון 5231082667.",1,LEAK,diverse_positive,report,hard,div_pos_48
"נושא: טיפול
המסמך מזכיר את שיבא ואת אילן שבתאי וכולל גם אבחנה של חרדה",1,LEAK,paired_hard_positive,email,hard,pair_6_pos
"סיכום פגישה: הפגישה עם יעל לוי נקבעה ל5/5/2026 בחיפה, ובמסמך צורף גם הטלפון 0581546164. תודה",1,LEAK,paired_hard_positive,meeting_note,hard,pair_2_pos
עדכון: יש לעדכן את טבלת ההזמנות עם מזהה פנימי 0440304692.,0,NON_LEAK,paired_hard_negative,chat,hard,pair_5_neg
"לתיעוד פנימי: פרטי הקשר של שרון סעדה: מייל sharon.saada@example.co.il, טלפון 0561888983.",1,LEAK,diverse_positive,memo,hard,div_pos_22
תזכורת: במצגת הופיעו שמות העובדים לצורך חלוקת משימות.,0,NON_LEAK,paired_hard_negative,chat,hard,pair_7_neg
לתיעוד פנימי: במצגת הופיעו שמות העובדים לצורך חלוקת משימות.,0,NON_LEAK,paired_hard_negative,memo,hard,pair_7_neg
"נושא: עדכון
המסמך מזכיר את אסותא ואת קרן אמסלם וכולל גם אבחנה של סוכרת.",1,LEAK,paired_hard_positive,email,hard,pair_6_pos
"נושא: עדכון
הקובץ מכיל שם משתמש, סיסמה וגישה לסביבת הייצור. תודה",1,LEAK,diverse_positive,email,hard,div_pos_4
"בדיקה - הועבר דוח עם רשימת לקוחות אסטרטגיים, הצעות מחיר ותנאי התקשרות.",1,LEAK,diverse_positive,chat,hard,div_pos_2
לתיעוד פנימי: המערכת החדשה תושק ב26/8/2026 לפי הודעה רשמית שפורסמה לכלל העובדים.,0,NON_LEAK,diverse_negative,memo,hard,div_neg_7
מתוך הדוח: במצגת הופיעו שמות העובדים לצורך חלוקת משימות,0,NON_LEAK,paired_hard_negative,report,hard,pair_7_neg
סיכום פגישה: במצגת הופיעו שמות העובדים לצורך חלוקת משימות. תודה,0,NON_LEAK,paired_hard_negative,meeting_note,hard,pair_7_neg
לתיעוד פנימי: שם העובד אורן אברהם מופיע במצגת הפנימית ללא פרטים נוספים.,0,NON_LEAK,diverse_negative,memo,hard,div_neg_11
"סיכום פגישה: בנספח מופיעים פרטי החשבון של רונית פרץ: מזרחי טפחות, חשבון 2435453003.",1,LEAK,diverse_positive,meeting_note,medium,div_pos_54
"נושא: מעקב
היעד הכספי לרבעון הוא 29,760 ש""ח ולא מדובר במידע על לקוח ספציפי.",0,NON_LEAK,diverse_negative,email,hard,div_neg_56
לתיעוד פנימי: המסמך מזכיר את אסותא ואת עמית אלקיים וכולל גם אבחנה של פציעת גב.,1,LEAK,paired_hard_positive,memo,hard,pair_6_pos
"לתיעוד פנימי: בנספח מופיעים פרטי החשבון של הילה חדד: בנק לאומי, חשבון 6492756429",1,LEAK,diverse_positive,memo,hard,div_pos_27
"נושא - עדכון
הלקוח ביקש עדכון על הפרויקט, אבל לא נשלחו פרטי קשר או מזהים",0,NON_LEAK,diverse_negative,email,hard,div_neg_53
"FIN-754402 | המסמך מזכיר את רמב""ם ואת רון חדד בהקשר אדמיניסטרטיבי.",0,NON_LEAK,paired_hard_negative,ticket,hard,pair_6_neg
לתיעוד פנימי: במצגת הופיעו שמות העובדים לצד נתוני שכר ובונוסים.,1,LEAK,paired_hard_positive,memo,hard,pair_7_pos
HR-228121 | הפגישה עם הילה חדד נקבעה ל21/3/2026 בתל אביב. תודה,0,NON_LEAK,paired_hard_negative,ticket,hard,pair_2_neg
סיכום פגישה: הסיסמה הזמנית לחשבון של דוד כהן היא Welcome2026! ויש להחליף אותה מיד. תודה,1,LEAK,diverse_positive,meeting_note,medium,div_pos_29
"נושא: בקשה
הועבר סיכום על דוד כהן שעובד בנייס באשדוד תודה",0,NON_LEAK,paired_hard_negative,email,hard,pair_1_neg
סיכום פגישה: המסמך מזכיר את שיבא ואת רונית פרץ בהקשר אדמיניסטרטיבי.,0,NON_LEAK,paired_hard_negative,meeting_note,hard,pair_6_neg
INC-719259 | בדוח הלקוח מופיע איש קשר בשם משה אוחנה יחד עם כתובת המייל moshe.ohana@company.co.il.,1,LEAK,paired_hard_positive,ticket,hard,pair_3_pos
לתיעוד פנימי - במצגת הופיעו שמות העובדים לצד נתוני שכר ובונוסים. תודה,1,LEAK,paired_hard_positive,memo,hard,pair_7_pos
"נושא: טיפול
הצוות דן בהשקת מוצר הדס ביום 15/8/2026.",0,NON_LEAK,paired_hard_negative,email,hard,pair_4_neg
"בדיקה: היעד הכספי לרבעון הוא 31,122 ש""ח ולא מדובר במידע על לקוח ספציפי.",0,NON_LEAK,diverse_negative,chat,medium,div_neg_10
לתיעוד פנימי: נא לשמור על סודיות: תוכנית ההשקה של מוצר אופק וקוד השם פרויקט ברוש מצורפים,1,LEAK,diverse_positive,memo,hard,div_pos_33
"מתוך הדוח: הפגישה עם הילה חדד נקבעה ל21/9/2026 באשדוד, ובמסמך צורף גם הטלפון 0529491038.",1,LEAK,paired_hard_positive,report,hard,pair_2_pos
"נושא: מעקב
בדוח משאבי האנוש מופיעים נתוני השכר של משה אוחנה עבור חודש מרץ.",1,LEAK,diverse_positive,email,medium,div_pos_29
"נושא: טיפול
הועבר החזר בגובה 19,159 ש""ח לחשבון 5725775918 של רונית פרץ. תודה",1,LEAK,diverse_positive,email,medium,div_pos_21
תזכורת: המסמך מזכיר את אסותא ואת אורן אברהם בהקשר אדמיניסטרטיבי,0,NON_LEAK,paired_hard_negative,chat,hard,pair_6_neg
סיכום פגישה: המסמך מזכיר את אסותא ואת שרון סעדה בהקשר אדמיניסטרטיבי.,0,NON_LEAK,paired_hard_negative,meeting_note,hard,pair_6_neg
לתיעוד פנימי - יש לעדכן את טבלת ההזמנות עם מזהה פנימי 5621701827. תודה,0,NON_LEAK,paired_hard_negative,memo,hard,pair_5_neg
לתיעוד פנימי: הפגישה עם מנהלת משאבי אנוש תתקיים ביום ראשון בחיפה,0,NON_LEAK,diverse_negative,memo,hard,div_neg_31
מתוך הדוח: המערכת החדשה תושק ב9/9/2026 לפי הודעה רשמית שפורסמה לכלל העובדים.,0,NON_LEAK,diverse_negative,report,medium,div_neg_50
עדכון: הצוות דן בהשקת פרויקט נוגה ביום 4/2/2026.,0,NON_LEAK,paired_hard_negative,chat,hard,pair_4_neg
שולח: הצוות דן בהשקת פלטפורמת ארז ביום 18/11/2026 במסמך מסווג פנימי שלא נועד להפצה. תודה,1,LEAK,paired_hard_positive,chat,hard,pair_4_pos
מתוך הדוח: הצוות דן בהשקת מוצר אופק ביום 10/9/2026 במסמך מסווג פנימי שלא נועד להפצה.,1,LEAK,paired_hard_positive,report,hard,pair_4_pos
מתוך הדוח: שם העובד דנה דנינו מופיע במצגת הפנימית ללא פרטים נוספים.,0,NON_LEAK,diverse_negative,report,medium,div_neg_9
REQ-525111 | יש לעדכן את טבלת ההזמנות עם מזהה פנימי 7789706237,0,NON_LEAK,paired_hard_negative,ticket,hard,pair_5_neg
"נושא: מעקב
בדשבורד הציבורי מופיע סטטוס כללי של פרויקט פרויקט ברוש.",0,NON_LEAK,diverse_negative,email,hard,div_neg_33
מתוך הדוח: במצגת הופיעו שמות העובדים לצורך חלוקת משימות.,0,NON_LEAK,paired_hard_negative,report,hard,pair_7_neg
מתוך הדוח: הועבר סיכום על רון חדד שעובד בבנק הפועלים בראשון לציון.,0,NON_LEAK,paired_hard_negative,report,hard,pair_1_neg
לתיעוד פנימי: בדוח הלקוח מופיע איש קשר בשם מאיה ביטון יחד עם כתובת המייל maya.biton@org.co.il. תודה,1,LEAK,paired_hard_positive,memo,hard,pair_3_pos
SR-112758 | שם העובד איתי פרץ מופיע במצגת הפנימית ללא פרטים נוספים. תודה,0,NON_LEAK,diverse_negative,ticket,hard,div_neg_45
לתיעוד פנימי: בדוח משאבי האנוש מופיעים נתוני השכר של איתי פרץ עבור חודש מרץ.,1,LEAK,diverse_positive,memo,medium,div_pos_38
שולח - נא לשמור על סודיות - תוכנית ההשקה של מוצר הדס וקוד השם מיזם תמר מצורפים.,1,LEAK,diverse_positive,chat,hard,div_pos_4
סיכום פגישה: מספר הקריאה הוא REQ-911920 ויש לעקוב אחריו מול שירות לקוחות.,0,NON_LEAK,diverse_negative,meeting_note,medium,div_neg_15
לתיעוד פנימי: המסמך מזכיר את איכילוב ואת טל אוחנה בהקשר אדמיניסטרטיבי.,0,NON_LEAK,paired_hard_negative,memo,hard,pair_6_neg
סיכום פגישה: הצוות עבר לשלב בדיקות אינטגרציה ונדרש לעדכן סטטוס עד סוף היום. תודה,0,NON_LEAK,diverse_negative,meeting_note,medium,div_neg_46
מתוך הדוח - במצגת הופיעו שמות העובדים לצורך חלוקת משימות,0,NON_LEAK,paired_hard_negative,report,hard,pair_7_neg
SR-560115 | שם העובד שירה אברהם מופיע במצגת הפנימית ללא פרטים נוספים.,0,NON_LEAK,diverse_negative,ticket,medium,div_neg_14
"לתיעוד פנימי: הקובץ מכיל שם משתמש, סיסמה וגישה לסביבת הייצור.",1,LEAK,diverse_positive,memo,medium,div_pos_38
"HR-650947 | הועבר החזר בגובה 39,751 ש""ח לחשבון 9139290284 של יעל לוי.",1,LEAK,diverse_positive,ticket,medium,div_pos_10
מתוך הדוח: הפגישה עם מנהלת משאבי אנוש תתקיים ביום ראשון בבאר שבע תודה,0,NON_LEAK,diverse_negative,report,hard,div_neg_36
לתיעוד פנימי: במצגת הופיעו שמות העובדים לצורך חלוקת משימות.,0,NON_LEAK,paired_hard_negative,memo,hard,pair_7_neg
סיכום פגישה: יש לעדכן את טבלת ההזמנות עם חשבון הבנק 2496904719 של דנה דנינו.,1,LEAK,paired_hard_positive,meeting_note,hard,pair_5_pos
"נושא: עדכון
הועבר סיכום על עדי שלום שעובד באלביט בהרצליה",0,NON_LEAK,paired_hard_negative,email,hard,pair_1_neg
עדכון - מספר הקריאה הוא INC-514510 ויש לעקוב אחריו מול כספים.,0,NON_LEAK,diverse_negative,chat,medium,div_neg_36
"שולח: הועבר סיכום על ליאור מלכה שעובד בצ'ק פוינט בתל אביב, כולל מספר הזהות 946615648.",1,LEAK,paired_hard_positive,chat,hard,pair_1_pos
"סיכום פגישה: הועבר החזר בגובה 39,556 ש""ח לחשבון 1788144997 של איתי פרץ",1,LEAK,diverse_positive,meeting_note,medium,div_pos_47
"SR-274315 | הועבר סיכום על איתי פרץ שעובד באלביט בפתח תקווה, כולל מספר הזהות 975268299. תודה",1,LEAK,paired_hard_positive,ticket,hard,pair_1_pos
בדיקה: בדוח משאבי האנוש מופיעים נתוני השכר של עדי שלום עבור חודש מרץ.,1,LEAK,diverse_positive,chat,hard,div_pos_24
"מתוך הדוח: בנספח מופיעים פרטי החשבון של איתי פרץ: מזרחי טפחות, חשבון 6565523473.",1,LEAK,diverse_positive,report,hard,div_pos_5
תזכורת: נא לשמור על סודיות: תוכנית ההשקה של שירות אביב וקוד השם מבצע שקמה מצורפים.,1,LEAK,diverse_positive,chat,hard,div_pos_47
מתוך הדוח: הצוות דן בהשקת פרויקט נוגה ביום 25/2/2026,0,NON_LEAK,paired_hard_negative,report,hard,pair_4_neg
"לתיעוד פנימי: הקובץ מכיל שם משתמש, סיסמה וגישה לסביבת הייצור.",1,LEAK,diverse_positive,memo,hard,div_pos_2
"עדכון: הועבר החזר בגובה 37,470 ש""ח לחשבון 4762043162 של אילן שבתאי",1,LEAK,diverse_positive,chat,hard,div_pos_27
"בדיקה: פרטי הקשר של שירה אברהם: מייל shira.avraham@org.co.il, טלפון 0554317285.",1,LEAK,diverse_positive,chat,hard,div_pos_51
"נושא: מעקב
הצוות דן בהשקת מוצר הדס ביום 3/3/2026 במסמך מסווג פנימי שלא נועד להפצה.",1,LEAK,paired_hard_positive,email,hard,pair_4_pos
"נושא: בקשה
הועבר סיכום על עמית אלקיים שעובד בבנק הפועלים באשדוד.",0,NON_LEAK,paired_hard_negative,email,hard,pair_1_neg
"FIN-382491 | הועבר סיכום על מיכל כהן שעובד בAmdocs במודיעין, כולל מספר הזהות 170232253.",1,LEAK,paired_hard_positive,ticket,hard,pair_1_pos
"מתוך הדוח: בדוח מופיע רק שם החברה צ'ק פוינט ותאריך יעד 26/12/2026, ללא מידע אישי.",0,NON_LEAK,diverse_negative,report,medium,div_neg_17
"נושא: בקשה
במצגת הופיעו שמות העובדים לצד נתוני שכר ובונוסים.",1,LEAK,paired_hard_positive,email,hard,pair_7_pos
"סיכום פגישה: הקובץ מכיל שם משתמש, סיסמה וגישה לסביבת הייצור. תודה",1,LEAK,diverse_positive,meeting_note,hard,div_pos_8
"נושא: מעקב
מספר הקריאה הוא HR-131279 ויש לעקוב אחריו מול רכש.",0,NON_LEAK,diverse_negative,email,medium,div_neg_49
"FIN-094695 | היעד הכספי לרבעון הוא 5,064 ש""ח ולא מדובר במידע על לקוח ספציפי תודה",0,NON_LEAK,diverse_negative,ticket,medium,div_neg_9
"נושא: בקשה
יש לעדכן את טבלת ההזמנות עם חשבון הבנק 8460136422 של יעל לוי. תודה",1,LEAK,paired_hard_positive,email,hard,pair_5_pos
סיכום פגישה - יש לעדכן את טבלת ההזמנות עם חשבון הבנק 9420664750 של ליאור מלכה,1,LEAK,paired_hard_positive,meeting_note,hard,pair_5_pos
"מתוך הדוח - הועבר סיכום על אורן אברהם שעובד באינטל בירושלים, כולל מספר הזהות 449325419 תודה",1,LEAK,paired_hard_positive,report,hard,pair_1_pos
"לתיעוד פנימי: הקובץ מכיל שם משתמש, סיסמה וגישה לסביבת הייצור.",1,LEAK,diverse_positive,memo,hard,div_pos_42
תזכורת: המסמך מזכיר את אסותא ואת אילן שבתאי וכולל גם אבחנה של דלקת ריאות,1,LEAK,paired_hard_positive,chat,hard,pair_6_pos
"נושא: מעקב
בדוח הלקוח מופיע איש קשר בשם טל אוחנה יחד עם כתובת המייל tal.ohana@gmail.com. תודה",1,LEAK,paired_hard_positive,email,hard,pair_3_pos
"עדכון: הפגישה עם סמנכ""לית כספים תתקיים ביום ראשון בהרצליה.",0,NON_LEAK,diverse_negative,chat,hard,div_neg_34
לתיעוד פנימי: בדוח הלקוח מופיע איש קשר בשם משה אוחנה תודה,0,NON_LEAK,paired_hard_negative,memo,hard,pair_3_neg
"נושא - טיפול
במצגת הופיעו שמות העובדים לצורך חלוקת משימות",0,NON_LEAK,paired_hard_negative,email,hard,pair_7_neg
מתוך הדוח: הצוות דן בהשקת מוצר הדס ביום 21/5/2026 במסמך מסווג פנימי שלא נועד להפצה תודה,1,LEAK,paired_hard_positive,report,hard,pair_4_pos
"לתיעוד פנימי: היעד הכספי לרבעון הוא 10,546 ש""ח ולא מדובר במידע על לקוח ספציפי",0,NON_LEAK,diverse_negative,memo,hard,div_neg_21
"שולח: בדוח מופיע רק שם החברה מכבי שירותי בריאות ותאריך יעד 8/2/2026, ללא מידע אישי.",0,NON_LEAK,diverse_negative,chat,hard,div_neg_59
"לתיעוד פנימי: הקובץ מכיל שם משתמש, סיסמה וגישה לסביבת הייצור. תודה",1,LEAK,diverse_positive,memo,hard,div_pos_44
סיכום פגישה: הצוות דן בהשקת מוצר אופק ביום 18/12/2026 במסמך מסווג פנימי שלא נועד להפצה.,1,LEAK,paired_hard_positive,meeting_note,hard,pair_4_pos
FIN-676570 | הפגישה עם יועץ משפטי תתקיים ביום ראשון ברעננה.,0,NON_LEAK,diverse_negative,ticket,hard,div_neg_7
"נושא: עדכון
בנספח מופיעים פרטי החשבון של שרון סעדה: בנק לאומי, חשבון 4497578929.",1,LEAK,diverse_positive,email,medium,div_pos_34
"סיכום פגישה: בנספח מופיעים פרטי החשבון של אלון מלכה: בנק לאומי, חשבון 4690704194.",1,LEAK,diverse_positive,meeting_note,medium,div_pos_42
מתוך הדוח: במצגת הופיעו שמות העובדים לצורך חלוקת משימות.,0,NON_LEAK,paired_hard_negative,report,hard,pair_7_neg
"SR-405430 | הועבר החזר בגובה 29,157 ש""ח לחשבון 5006796475 של נועה מזרחי.",1,LEAK,diverse_positive,ticket,medium,div_pos_46
לתיעוד פנימי: בדוח הלקוח מופיע איש קשר בשם יואב לוי יחד עם כתובת המייל yoav.levi@org.co.il.,1,LEAK,paired_hard_positive,memo,hard,pair_3_pos
"נושא - מעקב
הפגישה עם מיכל כהן נקבעה ל5/9/2026 בפתח תקווה",0,NON_LEAK,paired_hard_negative,email,hard,pair_2_neg
"סיכום פגישה: פרטי הקשר של ניר ביטון: מייל nir.biton@company.co.il, טלפון 0561710029.",1,LEAK,diverse_positive,meeting_note,medium,div_pos_32
מתוך הדוח: יש לעדכן את טבלת ההזמנות עם מזהה פנימי 3163908891.,0,NON_LEAK,paired_hard_negative,report,hard,pair_5_neg
מתוך הדוח: הצוות עבר לשלב בדיקות אינטגרציה ונדרש לעדכן סטטוס עד סוף היום. תודה,0,NON_LEAK,diverse_negative,report,medium,div_neg_57
מתוך הדוח: מספר הקריאה הוא INC-572222 ויש לעקוב אחריו מול מכירות,0,NON_LEAK,diverse_negative,report,medium,div_neg_10
שולח: יש לעדכן את טבלת ההזמנות עם מזהה פנימי 1259847094.,0,NON_LEAK,paired_hard_negative,chat,hard,pair_5_neg
"מתוך הדוח - הלקוח ביקש עדכון על הפרויקט, אבל לא נשלחו פרטי קשר או מזהים. תודה",0,NON_LEAK,diverse_negative,report,hard,div_neg_27
מתוך הדוח: המסמך מזכיר את סורוקה ואת ניר ביטון בהקשר אדמיניסטרטיבי.,0,NON_LEAK,paired_hard_negative,report,hard,pair_6_neg
"נושא - בקשה
הפגישה עם סמנכ""לית כספים תתקיים ביום ראשון בבאר שבע. תודה",0,NON_LEAK,diverse_negative,email,hard,div_neg_25
שולח: הצוות דן בהשקת מוצר אופק ביום 18/7/2026 במסמך מסווג פנימי שלא נועד להפצה.,1,LEAK,paired_hard_positive,chat,hard,pair_4_pos
מתוך הדוח: הסיסמה הזמנית לחשבון של אילן שבתאי היא Welcome2026! ויש להחליף אותה מיד. תודה,1,LEAK,diverse_positive,report,hard,div_pos_55
"נושא: עדכון
המסמך מזכיר את אסותא ואת יואב לוי וכולל גם אבחנה של חרדה. תודה",1,LEAK,paired_hard_positive,email,hard,pair_6_pos
לתיעוד פנימי: המסמך מזכיר את שיבא ואת נועה מזרחי בהקשר אדמיניסטרטיבי.,0,NON_LEAK,paired_hard_negative,memo,hard,pair_6_neg
FIN-248254 | הצוות עבר לשלב בדיקות אינטגרציה ונדרש לעדכן סטטוס עד סוף היום,0,NON_LEAK,diverse_negative,ticket,medium,div_neg_54
לתיעוד פנימי: הצוות עבר לשלב בדיקות אינטגרציה ונדרש לעדכן סטטוס עד סוף היום,0,NON_LEAK,diverse_negative,memo,medium,div_neg_14
לתיעוד פנימי: הצוות דן בהשקת פרויקט נוגה ביום 11/12/2026.,0,NON_LEAK,paired_hard_negative,memo,hard,pair_4_neg
לתיעוד פנימי - המסמך מזכיר את איכילוב ואת עמית אלקיים וכולל גם אבחנה של אסתמה.,1,LEAK,paired_hard_positive,memo,hard,pair_6_pos
לתיעוד פנימי: בדוח שהגיע משיבא מופיעים פרטי טיפול של משה אוחנה.,1,LEAK,diverse_positive,memo,hard,div_pos_57
"מתוך הדוח: היעד הכספי לרבעון הוא 28,617 ש""ח ולא מדובר במידע על לקוח ספציפי.",0,NON_LEAK,diverse_negative,report,medium,div_neg_39
מתוך הדוח: שם העובד מאיה ביטון מופיע במצגת הפנימית ללא פרטים נוספים תודה,0,NON_LEAK,diverse_negative,report,hard,div_neg_13
עדכון: בדוח הלקוח מופיע איש קשר בשם יואב לוי יחד עם כתובת המייל yoav.levi@outlook.com.,1,LEAK,paired_hard_positive,chat,hard,pair_3_pos
תזכורת: במצגת הופיעו שמות העובדים לצורך חלוקת משימות. תודה,0,NON_LEAK,paired_hard_negative,chat,hard,pair_7_neg
"לתיעוד פנימי: הקובץ מכיל שם משתמש, סיסמה וגישה לסביבת הייצור.",1,LEAK,diverse_positive,memo,medium,div_pos_37
"סיכום פגישה: הועבר סיכום על רונית פרץ שעובד ברפאל בפתח תקווה, כולל מספר הזהות 641105848.",1,LEAK,paired_hard_positive,meeting_note,hard,pair_1_pos
שולח: מספר הקריאה הוא INC-313795 ויש לעקוב אחריו מול כספים.,0,NON_LEAK,diverse_negative,chat,medium,div_neg_59
סיכום פגישה: בדוח שהגיע מסורוקה מופיעים פרטי טיפול של הילה חדד,1,LEAK,diverse_positive,meeting_note,hard,div_pos_22
"נושא: טיפול
הפגישה עם מנהל אבטחת מידע תתקיים ביום ראשון בירושלים",0,NON_LEAK,diverse_negative,email,hard,div_neg_17
בדיקה - בדוח הלקוח מופיע איש קשר בשם שרון סעדה יחד עם כתובת המייל sharon.saada@outlook.com. תודה,1,LEAK,paired_hard_positive,chat,hard,pair_3_pos
סיכום פגישה: הצוות דן בהשקת מערכת קשת ביום 12/1/2026.,0,NON_LEAK,paired_hard_negative,meeting_note,hard,pair_4_neg
לתיעוד פנימי - הסיסמה הזמנית לחשבון של רון חדד היא Welcome2026! ויש להחליף אותה מיד,1,LEAK,diverse_positive,memo,medium,div_pos_31
סיכום פגישה: הצוות דן בהשקת מודול ברק ביום 24/5/2026 במסמך מסווג פנימי שלא נועד להפצה.,1,LEAK,paired_hard_positive,meeting_note,hard,pair_4_pos
סיכום פגישה: יש לעדכן את טבלת ההזמנות עם מזהה פנימי 0381978721.,0,NON_LEAK,paired_hard_negative,meeting_note,hard,pair_5_neg
מתוך הדוח: במצגת הופיעו שמות העובדים לצורך חלוקת משימות.,0,NON_LEAK,paired_hard_negative,report,hard,pair_7_neg
"נושא - טיפול
היעד הכספי לרבעון הוא 10,274 ש""ח ולא מדובר במידע על לקוח ספציפי.",0,NON_LEAK,diverse_negative,email,hard,div_neg_5
"INC-020442 | פרטי הקשר של דוד כהן: מייל david.cohen@company.co.il, טלפון 0594757586.",1,LEAK,diverse_positive,ticket,medium,div_pos_3
"מתוך הדוח: היעד הכספי לרבעון הוא 1,555 ש""ח ולא מדובר במידע על לקוח ספציפי.",0,NON_LEAK,diverse_negative,report,hard,div_neg_58
סיכום פגישה: נא לשמור על סודיות: תוכנית ההשקה של פלטפורמת ארז וקוד השם פרויקט ברוש מצורפים,1,LEAK,diverse_positive,meeting_note,medium,div_pos_29
FIN-523915 | הצוות דן בהשקת מערכת קשת ביום 12/6/2026 במסמך מסווג פנימי שלא נועד להפצה.,1,LEAK,paired_hard_positive,ticket,hard,pair_4_pos
מתוך הדוח - במצגת הופיעו שמות העובדים לצורך חלוקת משימות.,0,NON_LEAK,paired_hard_negative,report,hard,pair_7_neg
לתיעוד פנימי: הצוות עבר לשלב בדיקות אינטגרציה ונדרש לעדכן סטטוס עד סוף היום,0,NON_LEAK,diverse_negative,memo,medium,div_neg_18
FIN-270389 | לצורך זיהוי מול הספק הועבר מספר הזהות של ליאור מלכה - 699227581.,1,LEAK,diverse_positive,ticket,medium,div_pos_20
סיכום פגישה: בדוח הלקוח מופיע איש קשר בשם דנה דנינו.,0,NON_LEAK,paired_hard_negative,meeting_note,hard,pair_3_neg
"בדיקה: הועבר החזר בגובה 40,552 ש""ח לחשבון 8707391202 של איתי פרץ.",1,LEAK,diverse_positive,chat,hard,div_pos_0
"FIN-498412 | פרטי הקשר של טל אוחנה: מייל tal.ohana@mail.com, טלפון 0535581627.",1,LEAK,diverse_positive,ticket,medium,div_pos_0
INC-731113 | המערכת החדשה תושק ב22/12/2026 לפי הודעה רשמית שפורסמה לכלל העובדים. תודה,0,NON_LEAK,diverse_negative,ticket,hard,div_neg_41
מתוך הדוח: מספר הקריאה הוא HR-336784 ויש לעקוב אחריו מול שירות לקוחות.,0,NON_LEAK,diverse_negative,report,hard,div_neg_29
לתיעוד פנימי - בדוח הלקוח מופיע איש קשר בשם אורן אברהם יחד עם כתובת המייל orenavraham@gmailcom,1,LEAK,paired_hard_positive,memo,hard,pair_3_pos
"HR-258736 | הקובץ מכיל שם משתמש, סיסמה וגישה לסביבת הייצור.",1,LEAK,diverse_positive,ticket,hard,div_pos_15
"נושא - בקשה
שם העובד עדי שלום מופיע במצגת הפנימית ללא פרטים נוספים. תודה",0,NON_LEAK,diverse_negative,email,medium,div_neg_12
"מתוך הדוח: היעד הכספי לרבעון הוא 35,532 ש""ח ולא מדובר במידע על לקוח ספציפי.",0,NON_LEAK,diverse_negative,report,medium,div_neg_4
INC-716308 | הועבר סיכום על קרן אמסלם שעובד באינטל במודיעין,0,NON_LEAK,paired_hard_negative,ticket,hard,pair_1_neg
סיכום פגישה: הועבר סיכום על טל אוחנה שעובד בצ'ק פוינט בהרצליה.,0,NON_LEAK,paired_hard_negative,meeting_note,hard,pair_1_neg
"נושא: עדכון
הצוות דן בהשקת פרויקט נוגה ביום 14/12/2026 במסמך מסווג פנימי שלא נועד להפצה.",1,LEAK,paired_hard_positive,email,hard,pair_4_pos
בדיקה: יש לעדכן את טבלת ההזמנות עם מזהה פנימי 5342170964.,0,NON_LEAK,paired_hard_negative,chat,hard,pair_5_neg
"נושא: בקשה
הועבר סיכום על נועה מזרחי שעובד במכבי שירותי בריאות בפתח תקווה, כולל מספר הזהות 593156715.",1,LEAK,paired_hard_positive,email,hard,pair_1_pos
FIN-938310 | הצוות דן בהשקת פרויקט נוגה ביום 25/8/2026.,0,NON_LEAK,paired_hard_negative,ticket,hard,pair_4_neg
שולח: שם העובד עדי שלום מופיע במצגת הפנימית ללא פרטים נוספים,0,NON_LEAK,diverse_negative,chat,hard,div_neg_43
מתוך הדוח: בדוח הלקוח מופיע איש קשר בשם שרון סעדה יחד עם כתובת המייל sharon.saada@gmail.com.,1,LEAK,paired_hard_positive,report,hard,pair_3_pos
"שולח: הועבר החזר בגובה 16,039 ש""ח לחשבון 8829614324 של שרון סעדה.",1,LEAK,diverse_positive,chat,medium,div_pos_40
"נושא: טיפול
הצוות דן בהשקת מודול ברק ביום 9/3/2026",0,NON_LEAK,paired_hard_negative,email,hard,pair_4_neg
סיכום פגישה: בדוח הלקוח מופיע איש קשר בשם עמית אלקיים.,0,NON_LEAK,paired_hard_negative,meeting_note,hard,pair_3_neg
"מתוך הדוח: הפגישה עם טל אוחנה נקבעה ל27/3/2026 בראשון לציון, ובמסמך צורף גם הטלפון 0596917040",1,LEAK,paired_hard_positive,report,hard,pair_2_pos
סיכום פגישה: שם העובד טל אוחנה מופיע במצגת הפנימית ללא פרטים נוספים תודה,0,NON_LEAK,diverse_negative,meeting_note,medium,div_neg_56
תזכורת: בדשבורד הציבורי מופיע סטטוס כללי של פרויקט פרויקט ברוש. תודה,0,NON_LEAK,diverse_negative,chat,medium,div_neg_25
שולח: המסמך מזכיר את שיבא ואת הילה חדד בהקשר אדמיניסטרטיבי תודה,0,NON_LEAK,paired_hard_negative,chat,hard,pair_6_neg
עדכון: שם העובד ניר ביטון מופיע במצגת הפנימית ללא פרטים נוספים.,0,NON_LEAK,diverse_negative,chat,medium,div_neg_10
"FIN-099861 | הלקוח ביקש עדכון על הפרויקט, אבל לא נשלחו פרטי קשר או מזהים",0,NON_LEAK,diverse_negative,ticket,hard,div_neg_33
FIN-708382 | בדוח הלקוח מופיע איש קשר בשם משה אוחנה יחד עם כתובת המייל moshe.ohana@outlook.com.,1,LEAK,paired_hard_positive,ticket,hard,pair_3_pos
"עדכון: הועבר דוח עם רשימת לקוחות אסטרטגיים, הצעות מחיר ותנאי התקשרות.",1,LEAK,diverse_positive,chat,medium,div_pos_19
"לתיעוד פנימי - הועבר דוח עם רשימת לקוחות אסטרטגיים, הצעות מחיר ותנאי התקשרות תודה",1,LEAK,diverse_positive,memo,medium,div_pos_37
INC-963179 | הפגישה עם יעל לוי נקבעה ל8/12/2026 בהרצליה תודה,0,NON_LEAK,paired_hard_negative,ticket,hard,pair_2_neg
עדכון: במצגת הופיעו שמות העובדים לצורך חלוקת משימות.,0,NON_LEAK,paired_hard_negative,chat,hard,pair_7_neg
לתיעוד פנימי: יש לעדכן את טבלת ההזמנות עם מזהה פנימי 5260986660.,0,NON_LEAK,paired_hard_negative,memo,hard,pair_5_neg
"נושא: טיפול
יש לעדכן את טבלת ההזמנות עם מזהה פנימי 8336893988.",0,NON_LEAK,paired_hard_negative,email,hard,pair_5_neg
"נושא: בקשה
בנספח מופיעים פרטי החשבון של משה אוחנה: מזרחי טפחות, חשבון 4704563776.",1,LEAK,diverse_positive,email,hard,div_pos_49
"מתוך הדוח: היעד הכספי לרבעון הוא 39,179 ש""ח ולא מדובר במידע על לקוח ספציפי.",0,NON_LEAK,diverse_negative,report,hard,div_neg_49
מתוך הדוח: במצגת הופיעו שמות העובדים לצורך חלוקת משימות.,0,NON_LEAK,paired_hard_negative,report,hard,pair_7_neg
"נושא - עדכון
מספר הקריאה הוא INC-273053 ויש לעקוב אחריו מול אבטחת מידע.",0,NON_LEAK,diverse_negative,email,hard,div_neg_32
עדכון: במצגת הופיעו שמות העובדים לצורך חלוקת משימות.,0,NON_LEAK,paired_hard_negative,chat,hard,pair_7_neg
תזכורת: במצגת הופיעו שמות העובדים לצורך חלוקת משימות.,0,NON_LEAK,paired_hard_negative,chat,hard,pair_7_neg
"לתיעוד פנימי: בנספח מופיעים פרטי החשבון של קרן אמסלם: בנק לאומי, חשבון 3844279719",1,LEAK,diverse_positive,memo,hard,div_pos_33
SR-666784 | בדוח משאבי האנוש מופיעים נתוני השכר של שרון סעדה עבור חודש מרץ.,1,LEAK,diverse_positive,ticket,medium,div_pos_33
"שולח: הלקוח ביקש עדכון על הפרויקט, אבל לא נשלחו פרטי קשר או מזהים.",0,NON_LEAK,diverse_negative,chat,medium,div_neg_9
"סיכום פגישה: הפגישה עם נועה מזרחי נקבעה ל22/2/2026 בירושלים, ובמסמך צורף גם הטלפון 0578521377.",1,LEAK,paired_hard_positive,meeting_note,hard,pair_2_pos
FIN-486479 | הצוות דן בהשקת פרויקט נוגה ביום 23/12/2026 במסמך מסווג פנימי שלא נועד להפצה תודה,1,LEAK,paired_hard_positive,ticket,hard,pair_4_pos
"נושא: טיפול
המסמך מזכיר את רמב""ם ואת ניר ביטון וכולל גם אבחנה של לחץ דם גבוה.",1,LEAK,paired_hard_positive,email,hard,pair_6_pos
"נושא: עדכון
בדוח שהגיע מרמב""ם מופיעים פרטי טיפול של שירה אברהם.",1,LEAK,diverse_positive,email,hard,div_pos_28
סיכום פגישה - הצוות דן בהשקת פרויקט נוגה ביום 10/2/2026 במסמך מסווג פנימי שלא נועד להפצה תודה,1,LEAK,paired_hard_positive,meeting_note,hard,pair_4_pos
מתוך הדוח - יש לעדכן את טבלת ההזמנות עם חשבון הבנק 1749487033 של נועה מזרחי.,1,LEAK,paired_hard_positive,report,hard,pair_5_pos
FIN-650893 | יש לעדכן את טבלת ההזמנות עם חשבון הבנק 2858192829 של מאיה ביטון.,1,LEAK,paired_hard_positive,ticket,hard,pair_5_pos
לתיעוד פנימי: המסמך מזכיר את שיבא ואת עמית אלקיים בהקשר אדמיניסטרטיבי,0,NON_LEAK,paired_hard_negative,memo,hard,pair_6_neg
HR-479350 | הצוות דן בהשקת גרסה 4.2 ביום 20/12/2026 במסמך מסווג פנימי שלא נועד להפצה.,1,LEAK,paired_hard_positive,ticket,hard,pair_4_pos
בדיקה: הצוות דן בהשקת מודול ברק ביום 4/7/2026 במסמך מסווג פנימי שלא נועד להפצה.,1,LEAK,paired_hard_positive,chat,hard,pair_4_pos
"לתיעוד פנימי: הועבר סיכום על דנה דנינו שעובד בAmdocs בראשון לציון, כולל מספר הזהות 750087138.",1,LEAK,paired_hard_positive,memo,hard,pair_1_pos
לתיעוד פנימי - הצוות עבר לשלב בדיקות אינטגרציה ונדרש לעדכן סטטוס עד סוף היום,0,NON_LEAK,diverse_negative,memo,hard,div_neg_18
"מתוך הדוח: הפגישה עם איתי פרץ נקבעה ל18/5/2026 ברעננה, ובמסמך צורף גם הטלפון 0533670370.",1,LEAK,paired_hard_positive,report,hard,pair_2_pos
"מתוך הדוח: הפגישה עם ליאור מלכה נקבעה ל15/2/2026 בראשון לציון, ובמסמך צורף גם הטלפון 0576968425.",1,LEAK,paired_hard_positive,report,hard,pair_2_pos
סיכום פגישה: נא לשמור על סודיות: תוכנית ההשקה של מוצר הדס וקוד השם תוכנית רימון מצורפים,1,LEAK,diverse_positive,meeting_note,hard,div_pos_58
"לתיעוד פנימי: בדוח מופיע רק שם החברה אלביט ותאריך יעד 21/8/2026, ללא מידע אישי תודה",0,NON_LEAK,diverse_negative,memo,medium,div_neg_11
"נושא: טיפול
בדשבורד הציבורי מופיע סטטוס כללי של פרויקט תוכנית רימון",0,NON_LEAK,diverse_negative,email,medium,div_neg_3
סיכום פגישה: הצוות דן בהשקת מוצר אופק ביום 6/3/2026 במסמך מסווג פנימי שלא נועד להפצה.,1,LEAK,paired_hard_positive,meeting_note,hard,pair_4_pos
לתיעוד פנימי: מספר הקריאה הוא HR-845533 ויש לעקוב אחריו מול רכש תודה,0,NON_LEAK,diverse_negative,memo,hard,div_neg_44
בדיקה: בדוח הלקוח מופיע איש קשר בשם נועה מזרחי יחד עם כתובת המייל noa.mizrahi@company.co.il.,1,LEAK,paired_hard_positive,chat,hard,pair_3_pos
סיכום פגישה: במצגת הופיעו שמות העובדים לצד נתוני שכר ובונוסים,1,LEAK,paired_hard_positive,meeting_note,hard,pair_7_pos
לתיעוד פנימי: הועבר סיכום על דוד כהן שעובד בשופרסל בנתניה.,0,NON_LEAK,paired_hard_negative,memo,hard,pair_1_neg
SR-566217 | בדוח הלקוח מופיע איש קשר בשם הילה חדד יחד עם כתובת המייל hila.hadad@gmail.com.,1,LEAK,paired_hard_positive,ticket,hard,pair_3_pos
לתיעוד פנימי: מספר הקריאה הוא HR-973620 ויש לעקוב אחריו מול כספים.,0,NON_LEAK,diverse_negative,memo,hard,div_neg_22
סיכום פגישה: בדוח הלקוח מופיע איש קשר בשם רונית פרץ.,0,NON_LEAK,paired_hard_negative,meeting_note,hard,pair_3_neg
"נושא: בקשה
בדוח הלקוח מופיע איש קשר בשם אילן שבתאי. תודה",0,NON_LEAK,paired_hard_negative,email,hard,pair_3_neg
"בדיקה - היעד הכספי לרבעון הוא 13,607 ש""ח ולא מדובר במידע על לקוח ספציפי.",0,NON_LEAK,diverse_negative,chat,medium,div_neg_15
מתוך הדוח: הצוות דן בהשקת מודול ברק ביום 9/9/2026.,0,NON_LEAK,paired_hard_negative,report,hard,pair_4_neg
לתיעוד פנימי: המסמך מזכיר את שיבא ואת משה אוחנה בהקשר אדמיניסטרטיבי.,0,NON_LEAK,paired_hard_negative,memo,hard,pair_6_neg
"לתיעוד פנימי: פרטי הקשר של ליאור מלכה: מייל lior.malka@mail.com, טלפון 0508970719.",1,LEAK,diverse_positive,memo,hard,div_pos_54
"נושא: עדכון
הפגישה עם רונית פרץ נקבעה ל23/11/2026 בראשון לציון, ובמסמך צורף גם הטלפון 0541246057",1,LEAK,paired_hard_positive,email,hard,pair_2_pos
תזכורת: הצוות דן בהשקת מודול ברק ביום 27/3/2026 במסמך מסווג פנימי שלא נועד להפצה.,1,LEAK,paired_hard_positive,chat,hard,pair_4_pos
"מתוך הדוח: היעד הכספי לרבעון הוא 40,128 ש""ח ולא מדובר במידע על לקוח ספציפי.",0,NON_LEAK,diverse_negative,report,medium,div_neg_23
בדיקה: הצוות דן בהשקת מוצר הדס ביום 12/5/2026.,0,NON_LEAK,paired_hard_negative,chat,hard,pair_4_neg
HR-451614 | הפגישה עם מאיה ביטון נקבעה ל9/4/2026 בירושלים.,0,NON_LEAK,paired_hard_negative,ticket,hard,pair_2_neg
לתיעוד פנימי - הצוות דן בהשקת גרסה 4.2 ביום 2/6/2026.,0,NON_LEAK,paired_hard_negative,memo,hard,pair_4_neg
לתיעוד פנימי: יש לעדכן את טבלת ההזמנות עם חשבון הבנק 1789929122 של אלון מלכה.,1,LEAK,paired_hard_positive,memo,hard,pair_5_pos
"תזכורת: הועבר דוח עם רשימת לקוחות אסטרטגיים, הצעות מחיר ותנאי התקשרות.",1,LEAK,diverse_positive,chat,hard,div_pos_6
לתיעוד פנימי: הצוות דן בהשקת מערכת קשת ביום 15/5/2026.,0,NON_LEAK,paired_hard_negative,memo,hard,pair_4_neg
HR-484955 | הצוות עבר לשלב בדיקות אינטגרציה ונדרש לעדכן סטטוס עד סוף היום.,0,NON_LEAK,diverse_negative,ticket,hard,div_neg_45
"תזכורת: הועבר סיכום על אילן שבתאי שעובד ברפאל בתל אביב, כולל מספר הזהות 360283679",1,LEAK,paired_hard_positive,chat,hard,pair_1_pos
תזכורת - בדשבורד הציבורי מופיע סטטוס כללי של פרויקט תוכנית רימון,0,NON_LEAK,diverse_negative,chat,hard,div_neg_41
"מתוך הדוח: הועבר החזר בגובה 4,106 ש""ח לחשבון 0753558448 של יואב לוי.",1,LEAK,diverse_positive,report,medium,div_pos_41
סיכום פגישה: בדוח שהגיע משיבא מופיעים פרטי טיפול של אילן שבתאי.,1,LEAK,diverse_positive,meeting_note,medium,div_pos_42
סיכום פגישה - לצורך זיהוי מול הספק הועבר מספר הזהות של ליאור מלכה - 720629812.,1,LEAK,diverse_positive,meeting_note,medium,div_pos_49
מתוך הדוח: בדוח משאבי האנוש מופיעים נתוני השכר של יואב לוי עבור חודש מרץ. תודה,1,LEAK,diverse_positive,report,hard,div_pos_6
"מתוך הדוח: הפגישה עם אורן אברהם נקבעה ל21/11/2026 במודיעין, ובמסמך צורף גם הטלפון 0503105126.",1,LEAK,paired_hard_positive,report,hard,pair_2_pos
"נושא: בקשה
בדוח הלקוח מופיע איש קשר בשם אלון מלכה יחד עם כתובת המייל alon.malka@gmail.com.",1,LEAK,paired_hard_positive,email,hard,pair_3_pos
מתוך הדוח: במצגת הופיעו שמות העובדים לצד נתוני שכר ובונוסים.,1,LEAK,paired_hard_positive,report,hard,pair_7_pos
מתוך הדוח: שם העובד אלון מלכה מופיע במצגת הפנימית ללא פרטים נוספים.,0,NON_LEAK,diverse_negative,report,hard,div_neg_21
"תזכורת: היעד הכספי לרבעון הוא 5,949 ש""ח ולא מדובר במידע על לקוח ספציפי.",0,NON_LEAK,diverse_negative,chat,medium,div_neg_10
לתיעוד פנימי: שם העובד שרון סעדה מופיע במצגת הפנימית ללא פרטים נוספים.,0,NON_LEAK,diverse_negative,memo,hard,div_neg_9
"FIN-798009 | בדוח מופיע רק שם החברה נייס ותאריך יעד 4/7/2026, ללא מידע אישי",0,NON_LEAK,diverse_negative,ticket,hard,div_neg_36
"נושא: טיפול
בדשבורד הציבורי מופיע סטטוס כללי של פרויקט פרויקט דרור.",0,NON_LEAK,diverse_negative,email,medium,div_neg_24
מתוך הדוח - במצגת הופיעו שמות העובדים לצורך חלוקת משימות.,0,NON_LEAK,paired_hard_negative,report,hard,pair_7_neg
"סיכום פגישה: היעד הכספי לרבעון הוא 35,327 ש""ח ולא מדובר במידע על לקוח ספציפי.",0,NON_LEAK,diverse_negative,meeting_note,hard,div_neg_51
סיכום פגישה: שם העובד רונית פרץ מופיע במצגת הפנימית ללא פרטים נוספים.,0,NON_LEAK,diverse_negative,meeting_note,medium,div_neg_10
HR-482673 | בדוח שהגיע מסורוקה מופיעים פרטי טיפול של רון חדד,1,LEAK,diverse_positive,ticket,hard,div_pos_29
לתיעוד פנימי: הצוות עבר לשלב בדיקות אינטגרציה ונדרש לעדכן סטטוס עד סוף היום.,0,NON_LEAK,diverse_negative,memo,medium,div_neg_51
לתיעוד פנימי: בדוח הלקוח מופיע איש קשר בשם רונית פרץ יחד עם כתובת המייל ronit.peretz@mail.com.,1,LEAK,paired_hard_positive,memo,hard,pair_3_pos
"מתוך הדוח: היעד הכספי לרבעון הוא 14,262 ש""ח ולא מדובר במידע על לקוח ספציפי.",0,NON_LEAK,diverse_negative,report,hard,div_neg_25
סיכום פגישה - יש לעדכן את טבלת ההזמנות עם חשבון הבנק 9497944939 של ליאור מלכה.,1,LEAK,paired_hard_positive,meeting_note,hard,pair_5_pos
שולח: במצגת הופיעו שמות העובדים לצורך חלוקת משימות. תודה,0,NON_LEAK,paired_hard_negative,chat,hard,pair_7_neg
לתיעוד פנימי: הועבר סיכום על ניר ביטון שעובד בנייס בפתח תקווה.,0,NON_LEAK,paired_hard_negative,memo,hard,pair_1_neg
מתוך הדוח: הועבר סיכום על דנה דנינו שעובד באלביט בתל אביב. תודה,0,NON_LEAK,paired_hard_negative,report,hard,pair_1_neg
SR-718291 | במצגת הופיעו שמות העובדים לצד נתוני שכר ובונוסים.,1,LEAK,paired_hard_positive,ticket,hard,pair_7_pos
INC-143375 | במצגת הופיעו שמות העובדים לצורך חלוקת משימות.,0,NON_LEAK,paired_hard_negative,ticket,hard,pair_7_neg
REQ-126479 | הפגישה עם יועץ משפטי תתקיים ביום ראשון במודיעין,0,NON_LEAK,diverse_negative,ticket,hard,div_neg_24
סיכום פגישה - יש לעדכן את טבלת ההזמנות עם חשבון הבנק 1555667326 של אורן אברהם.,1,LEAK,paired_hard_positive,meeting_note,hard,pair_5_pos
SR-437694 | בדוח הלקוח מופיע איש קשר בשם נועה מזרחי.,0,NON_LEAK,paired_hard_negative,ticket,hard,pair_3_neg
עדכון: הועבר סיכום על טל אוחנה שעובד בסלקום באשדוד.,0,NON_LEAK,paired_hard_negative,chat,hard,pair_1_neg
לתיעוד פנימי: במצגת הופיעו שמות העובדים לצורך חלוקת משימות.,0,NON_LEAK,paired_hard_negative,memo,hard,pair_7_neg
"מתוך הדוח: פרטי הקשר של מאיה ביטון: מייל maya.biton@mail.com, טלפון 0599401717.",1,LEAK,diverse_positive,report,medium,div_pos_23
HR-407249 | במצגת הופיעו שמות העובדים לצורך חלוקת משימות.,0,NON_LEAK,paired_hard_negative,ticket,hard,pair_7_neg
"נושא - טיפול
הצוות דן בהשקת מערכת קשת ביום 1/3/2026 במסמך מסווג פנימי שלא נועד להפצה",1,LEAK,paired_hard_positive,email,hard,pair_4_pos
בדיקה: המסמך מזכיר את שיבא ואת דנה דנינו וכולל גם אבחנה של לחץ דם גבוה.,1,LEAK,paired_hard_positive,chat,hard,pair_6_pos
לתיעוד פנימי: בדוח הלקוח מופיע איש קשר בשם מאיה ביטון יחד עם כתובת המייל maya.biton@gmail.com.,1,LEAK,paired_hard_positive,memo,hard,pair_3_pos
INC-154074 | המערכת החדשה תושק ב26/7/2026 לפי הודעה רשמית שפורסמה לכלל העובדים,0,NON_LEAK,diverse_negative,ticket,hard,div_neg_6
"נושא: בקשה
הפגישה עם יואב לוי נקבעה ל6/4/2026 במודיעין. תודה",0,NON_LEAK,paired_hard_negative,email,hard,pair_2_neg
לתיעוד פנימי - בדשבורד הציבורי מופיע סטטוס כללי של פרויקט פרויקט דרור.,0,NON_LEAK,diverse_negative,memo,hard,div_neg_49
"נושא: עדכון
היעד הכספי לרבעון הוא 38,405 ש""ח ולא מדובר במידע על לקוח ספציפי.",0,NON_LEAK,diverse_negative,email,medium,div_neg_59
"מתוך הדוח: הועבר סיכום על עמית אלקיים שעובד בגוגל ישראל בתל אביב, כולל מספר הזהות 925869850.",1,LEAK,paired_hard_positive,report,hard,pair_1_pos
לתיעוד פנימי - הצוות עבר לשלב בדיקות אינטגרציה ונדרש לעדכן סטטוס עד סוף היום,0,NON_LEAK,diverse_negative,memo,hard,div_neg_33
מתוך הדוח - שם העובד רונית פרץ מופיע במצגת הפנימית ללא פרטים נוספים תודה,0,NON_LEAK,diverse_negative,report,medium,div_neg_27
מתוך הדוח: בדוח הלקוח מופיע איש קשר בשם ניר ביטון יחד עם כתובת המייל nirbiton@companycoil תודה,1,LEAK,paired_hard_positive,report,hard,pair_3_pos
"REQ-450672 | הועבר סיכום על עמית אלקיים שעובד בנייס בפתח תקווה, כולל מספר הזהות 433749537.",1,LEAK,paired_hard_positive,ticket,hard,pair_1_pos
"נושא: בקשה
הפגישה עם איתי פרץ נקבעה ל8/10/2026 בתל אביב, ובמסמך צורף גם הטלפון 0555300383.",1,LEAK,paired_hard_positive,email,hard,pair_2_pos
"לתיעוד פנימי - הלקוח ביקש עדכון על הפרויקט, אבל לא נשלחו פרטי קשר או מזהים",0,NON_LEAK,diverse_negative,memo,hard,div_neg_37
SR-000260 | יש לעדכן את טבלת ההזמנות עם חשבון הבנק 2872764170 של אילן שבתאי,1,LEAK,paired_hard_positive,ticket,hard,pair_5_pos
SR-084591 | הצוות דן בהשקת מודול ברק ביום 24/5/2026. תודה,0,NON_LEAK,paired_hard_negative,ticket,hard,pair_4_neg
תזכורת - הועבר סיכום על שרון סעדה שעובד באינטל ברעננה.,0,NON_LEAK,paired_hard_negative,chat,hard,pair_1_neg
סיכום פגישה: בדוח הלקוח מופיע איש קשר בשם הילה חדד.,0,NON_LEAK,paired_hard_negative,meeting_note,hard,pair_3_neg
סיכום פגישה: המסמך מזכיר את שיבא ואת יעל לוי בהקשר אדמיניסטרטיבי.,0,NON_LEAK,paired_hard_negative,meeting_note,hard,pair_6_neg
"סיכום פגישה: הועבר דוח עם רשימת לקוחות אסטרטגיים, הצעות מחיר ותנאי התקשרות.",1,LEAK,diverse_positive,meeting_note,medium,div_pos_16
לתיעוד פנימי: המערכת החדשה תושק ב16/6/2026 לפי הודעה רשמית שפורסמה לכלל העובדים.,0,NON_LEAK,diverse_negative,memo,medium,div_neg_43
"סיכום פגישה: בדוח מופיע רק שם החברה אלביט ותאריך יעד 1/12/2026, ללא מידע אישי.",0,NON_LEAK,diverse_negative,meeting_note,hard,div_neg_58
מתוך הדוח: הועבר סיכום על איתי פרץ שעובד בבנק לאומי בפתח תקווה. תודה,0,NON_LEAK,paired_hard_negative,report,hard,pair_1_neg
"סיכום פגישה: היעד הכספי לרבעון הוא 16,841 ש""ח ולא מדובר במידע על לקוח ספציפי. תודה",0,NON_LEAK,diverse_negative,meeting_note,hard,div_neg_58
"מתוך הדוח: הועבר סיכום על מאיה ביטון שעובד בנייס בהרצליה, כולל מספר הזהות 438194380.",1,LEAK,paired_hard_positive,report,hard,pair_1_pos
"נושא: מעקב
הפגישה עם חשב שכר תתקיים ביום ראשון באשדוד",0,NON_LEAK,diverse_negative,email,hard,div_neg_56
לתיעוד פנימי: הפגישה עם מנהל אבטחת מידע תתקיים ביום ראשון בחיפה.,0,NON_LEAK,diverse_negative,memo,medium,div_neg_47
בדיקה - בדשבורד הציבורי מופיע סטטוס כללי של פרויקט תוכנית רימון.,0,NON_LEAK,diverse_negative,chat,hard,div_neg_37
"REQ-242335 | הלקוח ביקש עדכון על הפרויקט, אבל לא נשלחו פרטי קשר או מזהים.",0,NON_LEAK,diverse_negative,ticket,hard,div_neg_21
REQ-596508 | לצורך זיהוי מול הספק הועבר מספר הזהות של מיכל כהן: 614603443.,1,LEAK,diverse_positive,ticket,hard,div_pos_52
"נושא: טיפול
במסמך המצורף אין מידע אישי, רק סיכום משימות והחלטות.",0,NON_LEAK,diverse_negative,email,medium,div_neg_10
INC-603871 | מספר הקריאה הוא REQ-612463 ויש לעקוב אחריו מול רכש.,0,NON_LEAK,diverse_negative,ticket,hard,div_neg_11
"נושא: עדכון
שם העובד הילה חדד מופיע במצגת הפנימית ללא פרטים נוספים.",0,NON_LEAK,diverse_negative,email,hard,div_neg_4
SR-540256 | יש לעדכן את טבלת ההזמנות עם חשבון הבנק 4819667479 של יואב לוי.,1,LEAK,paired_hard_positive,ticket,hard,pair_5_pos
עדכון: המערכת החדשה תושק ב13/6/2026 לפי הודעה רשמית שפורסמה לכלל העובדים.,0,NON_LEAK,diverse_negative,chat,medium,div_neg_18
"עדכון: בנספח מופיעים פרטי החשבון של יואב לוי: בנק לאומי, חשבון 3522683736.",1,LEAK,diverse_positive,chat,medium,div_pos_3
מתוך הדוח: המסמך מזכיר את שיבא ואת איתי פרץ בהקשר אדמיניסטרטיבי,0,NON_LEAK,paired_hard_negative,report,hard,pair_6_neg
"נושא: עדכון
הפגישה עם משה אוחנה נקבעה ל28/7/2026 בהרצליה, ובמסמך צורף גם הטלפון 0584649317.",1,LEAK,paired_hard_positive,email,hard,pair_2_pos
"סיכום פגישה: הועבר סיכום על מאיה ביטון שעובד ברפאל בהרצליה, כולל מספר הזהות 468582890",1,LEAK,paired_hard_positive,meeting_note,hard,pair_1_pos
"SR-223982 | הפגישה עם נועה מזרחי נקבעה ל27/2/2026 בירושלים, ובמסמך צורף גם הטלפון 0513208462",1,LEAK,paired_hard_positive,ticket,hard,pair_2_pos
SR-211044 | הצוות דן בהשקת שירות אביב ביום 19/12/2026.,0,NON_LEAK,paired_hard_negative,ticket,hard,pair_4_neg
"נושא: טיפול
הועבר סיכום על נועה מזרחי שעובד בגוגל ישראל בבאר שבע, כולל מספר הזהות 607324032. תודה",1,LEAK,paired_hard_positive,email,hard,pair_1_pos
סיכום פגישה - לצורך זיהוי מול הספק הועבר מספר הזהות של איתי פרץ - 788403884.,1,LEAK,diverse_positive,meeting_note,medium,div_pos_35
"לתיעוד פנימי: הועבר החזר בגובה 1,865 ש""ח לחשבון 3566694921 של נועה מזרחי.",1,LEAK,diverse_positive,memo,hard,div_pos_12
"נושא: מעקב
המערכת החדשה תושק ב8/2/2026 לפי הודעה רשמית שפורסמה לכלל העובדים.",0,NON_LEAK,diverse_negative,email,hard,div_neg_27
עדכון: המסמך מזכיר את שיבא ואת משה אוחנה וכולל גם אבחנה של לחץ דם גבוה,1,LEAK,paired_hard_positive,chat,hard,pair_6_pos
לתיעוד פנימי: המסמך מזכיר את שיבא ואת קרן אמסלם וכולל גם אבחנה של פציעת גב תודה,1,LEAK,paired_hard_positive,memo,hard,pair_6_pos
"נושא - מעקב
במסמך המצורף אין מידע אישי, רק סיכום משימות והחלטות.",0,NON_LEAK,diverse_negative,email,medium,div_neg_59
INC-311502 | נא לשמור על סודיות: תוכנית ההשקה של מוצר הדס וקוד השם מבצע שקמה מצורפים תודה,1,LEAK,diverse_positive,ticket,hard,div_pos_18
סיכום פגישה: הפגישה עם מנהל אבטחת מידע תתקיים ביום ראשון באשדוד.,0,NON_LEAK,diverse_negative,meeting_note,medium,div_neg_18
מתוך הדוח: בדשבורד הציבורי מופיע סטטוס כללי של פרויקט פרויקט ברוש.,0,NON_LEAK,diverse_negative,report,hard,div_neg_0
"נושא: עדכון
המסמך מזכיר את רמב""ם ואת עדי שלום בהקשר אדמיניסטרטיבי.",0,NON_LEAK,paired_hard_negative,email,hard,pair_6_neg
לתיעוד פנימי - המערכת החדשה תושק ב17/5/2026 לפי הודעה רשמית שפורסמה לכלל העובדים.,0,NON_LEAK,diverse_negative,memo,medium,div_neg_41
"סיכום פגישה: הקובץ מכיל שם משתמש, סיסמה וגישה לסביבת הייצור תודה",1,LEAK,diverse_positive,meeting_note,hard,div_pos_27
"נושא - טיפול
שם העובד הילה חדד מופיע במצגת הפנימית ללא פרטים נוספים תודה",0,NON_LEAK,diverse_negative,email,medium,div_neg_55
"FIN-277535 | הועבר החזר בגובה 5,780 ש""ח לחשבון 0616837060 של ניר ביטון.",1,LEAK,diverse_positive,ticket,hard,div_pos_36
לתיעוד פנימי: נא לשמור על סודיות: תוכנית ההשקה של פלטפורמת ארז וקוד השם מבצע שקמה מצורפים.,1,LEAK,diverse_positive,memo,medium,div_pos_9
לתיעוד פנימי: במצגת הופיעו שמות העובדים לצורך חלוקת משימות.,0,NON_LEAK,paired_hard_negative,memo,hard,pair_7_neg
"נושא: עדכון
הועבר סיכום על משה אוחנה שעובד בבנק לאומי במודיעין.",0,NON_LEAK,paired_hard_negative,email,hard,pair_1_neg
"נושא: מעקב
הפגישה עם מאיה ביטון נקבעה ל15/7/2026 בחיפה, ובמסמך צורף גם הטלפון 0568114660.",1,LEAK,paired_hard_positive,email,hard,pair_2_pos
בדיקה - בדוח הלקוח מופיע איש קשר בשם יואב לוי תודה,0,NON_LEAK,paired_hard_negative,chat,hard,pair_3_neg
לתיעוד פנימי: במצגת הופיעו שמות העובדים לצורך חלוקת משימות.,0,NON_LEAK,paired_hard_negative,memo,hard,pair_7_neg
INC-581728 | במצגת הופיעו שמות העובדים לצורך חלוקת משימות.,0,NON_LEAK,paired_hard_negative,ticket,hard,pair_7_neg
"מתוך הדוח: הלקוח ביקש עדכון על הפרויקט, אבל לא נשלחו פרטי קשר או מזהים",0,NON_LEAK,diverse_negative,report,hard,div_neg_15
לתיעוד פנימי: הועבר סיכום על איתי פרץ שעובד בגוגל ישראל בחיפה.,0,NON_LEAK,paired_hard_negative,memo,hard,pair_1_neg
"סיכום פגישה: הלקוח ביקש עדכון על הפרויקט, אבל לא נשלחו פרטי קשר או מזהים.",0,NON_LEAK,diverse_negative,meeting_note,medium,div_neg_33
לתיעוד פנימי: הפגישה עם עדי שלום נקבעה ל18/10/2026 במודיעין.,0,NON_LEAK,paired_hard_negative,memo,hard,pair_2_neg
"לתיעוד פנימי: המסמך מזכיר את רמב""ם ואת משה אוחנה וכולל גם אבחנה של דלקת ריאות.",1,LEAK,paired_hard_positive,memo,hard,pair_6_pos
"נושא: עדכון
בדוח הלקוח מופיע איש קשר בשם אילן שבתאי.",0,NON_LEAK,paired_hard_negative,email,hard,pair_3_neg
לתיעוד פנימי: המסמך מזכיר את אסותא ואת טל אוחנה וכולל גם אבחנה של אלרגיה חריפה.,1,LEAK,paired_hard_positive,memo,hard,pair_6_pos
"FIN-999564 | הלקוח ביקש עדכון על הפרויקט, אבל לא נשלחו פרטי קשר או מזהים.",0,NON_LEAK,diverse_negative,ticket,hard,div_neg_6
"סיכום פגישה: הלקוח ביקש עדכון על הפרויקט, אבל לא נשלחו פרטי קשר או מזהים",0,NON_LEAK,diverse_negative,meeting_note,medium,div_neg_51
"נושא: בקשה
הצוות דן בהשקת שירות אביב ביום 17/2/2026 במסמך מסווג פנימי שלא נועד להפצה.",1,LEAK,paired_hard_positive,email,hard,pair_4_pos
לתיעוד פנימי - בדוח הלקוח מופיע איש קשר בשם רון חדד יחד עם כתובת המייל ron.hadad@gmail.com.,1,LEAK,paired_hard_positive,memo,hard,pair_3_pos
בדיקה: יש לעדכן את טבלת ההזמנות עם חשבון הבנק 5009907850 של ניר ביטון תודה,1,LEAK,paired_hard_positive,chat,hard,pair_5_pos
לתיעוד פנימי: בדוח הלקוח מופיע איש קשר בשם רונית פרץ יחד עם כתובת המייל ronit.peretz@gmail.com.,1,LEAK,paired_hard_positive,memo,hard,pair_3_pos
לתיעוד פנימי - בדוח הלקוח מופיע איש קשר בשם קרן אמסלם. תודה,0,NON_LEAK,paired_hard_negative,memo,hard,pair_3_neg
"תזכורת: הועבר דוח עם רשימת לקוחות אסטרטגיים, הצעות מחיר ותנאי התקשרות.",1,LEAK,diverse_positive,chat,hard,div_pos_23
לתיעוד פנימי - הועבר סיכום על מיכל כהן שעובד במכבי שירותי בריאות באשדוד.,0,NON_LEAK,paired_hard_negative,memo,hard,pair_1_neg
עדכון: הועבר סיכום על אילן שבתאי שעובד בנייס בהרצליה.,0,NON_LEAK,paired_hard_negative,chat,hard,pair_1_neg
עדכון: בדוח הלקוח מופיע איש קשר בשם נועה מזרחי,0,NON_LEAK,paired_hard_negative,chat,hard,pair_3_neg
עדכון: במצגת הופיעו שמות העובדים לצד נתוני שכר ובונוסים.,1,LEAK,paired_hard_positive,chat,hard,pair_7_pos
INC-336704 | יש לעדכן את טבלת ההזמנות עם מזהה פנימי 9746444052.,0,NON_LEAK,paired_hard_negative,ticket,hard,pair_5_neg
לתיעוד פנימי: יש לעדכן את טבלת ההזמנות עם מזהה פנימי 3663870351.,0,NON_LEAK,paired_hard_negative,memo,hard,pair_5_neg
לתיעוד פנימי - המסמך מזכיר את אסותא ואת יעל לוי וכולל גם אבחנה של דלקת ריאות. תודה,1,LEAK,paired_hard_positive,memo,hard,pair_6_pos
סיכום פגישה - הסיסמה הזמנית לחשבון של שירה אברהם היא Welcome2026! ויש להחליף אותה מיד.,1,LEAK,diverse_positive,meeting_note,medium,div_pos_40
FIN-886270 | בדוח משאבי האנוש מופיעים נתוני השכר של הילה חדד עבור חודש מרץ,1,LEAK,diverse_positive,ticket,hard,div_pos_30
סיכום פגישה: הצוות דן בהשקת מוצר אופק ביום 26/6/2026,0,NON_LEAK,paired_hard_negative,meeting_note,hard,pair_4_neg
"נושא: עדכון
בנספח מופיעים פרטי החשבון של הילה חדד: בנק הפועלים, חשבון 9677434988.",1,LEAK,diverse_positive,email,hard,div_pos_41
סיכום פגישה - במצגת הופיעו שמות העובדים לצורך חלוקת משימות.,0,NON_LEAK,paired_hard_negative,meeting_note,hard,pair_7_neg
לתיעוד פנימי: הועבר סיכום על יעל לוי שעובד בבנק הפועלים בנתניה.,0,NON_LEAK,paired_hard_negative,memo,hard,pair_1_neg
שולח: המערכת החדשה תושק ב21/7/2026 לפי הודעה רשמית שפורסמה לכלל העובדים,0,NON_LEAK,diverse_negative,chat,hard,div_neg_9
מתוך הדוח: המסמך מזכיר את שיבא ואת עדי שלום וכולל גם אבחנה של סוכרת.,1,LEAK,paired_hard_positive,report,hard,pair_6_pos
סיכום פגישה: בדוח הלקוח מופיע איש קשר בשם נועה מזרחי יחד עם כתובת המייל noa.mizrahi@company.co.il.,1,LEAK,paired_hard_positive,meeting_note,hard,pair_3_pos
מתוך הדוח: במצגת הופיעו שמות העובדים לצד נתוני שכר ובונוסים. תודה,1,LEAK,paired_hard_positive,report,hard,pair_7_pos
בדיקה: בדוח הלקוח מופיע איש קשר בשם אילן שבתאי.,0,NON_LEAK,paired_hard_negative,chat,hard,pair_3_neg
"בדיקה: הועבר דוח עם רשימת לקוחות אסטרטגיים, הצעות מחיר ותנאי התקשרות תודה",1,LEAK,diverse_positive,chat,hard,div_pos_49
REQ-395968 | המסמך מזכיר את שיבא ואת טל אוחנה בהקשר אדמיניסטרטיבי.,0,NON_LEAK,paired_hard_negative,ticket,hard,pair_6_neg
"מתוך הדוח: בנספח מופיעים פרטי החשבון של אילן שבתאי: דיסקונט, חשבון 3825614081.",1,LEAK,diverse_positive,report,medium,div_pos_5
מתוך הדוח: בדוח משאבי האנוש מופיעים נתוני השכר של ניר ביטון עבור חודש מרץ. תודה,1,LEAK,diverse_positive,report,hard,div_pos_37
מתוך הדוח - המסמך מזכיר את איכילוב ואת דוד כהן וכולל גם אבחנה של אסתמה.,1,LEAK,paired_hard_positive,report,hard,pair_6_pos
לתיעוד פנימי - יש לעדכן את טבלת ההזמנות עם מזהה פנימי 1304839451. תודה,0,NON_LEAK,paired_hard_negative,memo,hard,pair_5_neg
לתיעוד פנימי: המסמך מזכיר את שיבא ואת טל אוחנה וכולל גם אבחנה של דלקת ריאות.,1,LEAK,paired_hard_positive,memo,hard,pair_6_pos
"מתוך הדוח: בנספח מופיעים פרטי החשבון של רונית פרץ: דיסקונט, חשבון 5508175748.",1,LEAK,diverse_positive,report,hard,div_pos_26
SR-482742 | נא לשמור על סודיות - תוכנית ההשקה של פרויקט נוגה וקוד השם מבצע שקמה מצורפים.,1,LEAK,diverse_positive,ticket,medium,div_pos_1
"לתיעוד פנימי: בנספח מופיעים פרטי החשבון של שירה אברהם: בנק לאומי, חשבון 6400210745.",1,LEAK,diverse_positive,memo,medium,div_pos_31
סיכום פגישה: יש לעדכן את טבלת ההזמנות עם מזהה פנימי 5605450224.,0,NON_LEAK,paired_hard_negative,meeting_note,hard,pair_5_neg
מתוך הדוח: שם העובד עמית אלקיים מופיע במצגת הפנימית ללא פרטים נוספים,0,NON_LEAK,diverse_negative,report,hard,div_neg_27
SR-847827 | בדשבורד הציבורי מופיע סטטוס כללי של פרויקט פרויקט ברוש,0,NON_LEAK,diverse_negative,ticket,medium,div_neg_16
"נושא - טיפול
בדוח שהגיע מאסותא מופיעים פרטי טיפול של קרן אמסלם.",1,LEAK,diverse_positive,email,hard,div_pos_45
"SR-062145 | הועבר סיכום על ליאור מלכה שעובד בצ'ק פוינט במודיעין, כולל מספר הזהות 724648459.",1,LEAK,paired_hard_positive,ticket,hard,pair_1_pos
"FIN-617939 | היעד הכספי לרבעון הוא 34,976 ש""ח ולא מדובר במידע על לקוח ספציפי.",0,NON_LEAK,diverse_negative,ticket,hard,div_neg_10
"מתוך הדוח: היעד הכספי לרבעון הוא 34,659 ש""ח ולא מדובר במידע על לקוח ספציפי.",0,NON_LEAK,diverse_negative,report,medium,div_neg_37
HR-088190 | בדוח משאבי האנוש מופיעים נתוני השכר של מאיה ביטון עבור חודש מרץ.,1,LEAK,diverse_positive,ticket,hard,div_pos_30
"סיכום פגישה: במסמך המצורף אין מידע אישי, רק סיכום משימות והחלטות.",0,NON_LEAK,diverse_negative,meeting_note,hard,div_neg_28
סיכום פגישה: במצגת הופיעו שמות העובדים לצד נתוני שכר ובונוסים.,1,LEAK,paired_hard_positive,meeting_note,hard,pair_7_pos
לתיעוד פנימי: הפגישה עם עדי שלום נקבעה ל18/7/2026 בהרצליה. תודה,0,NON_LEAK,paired_hard_negative,memo,hard,pair_2_neg
"לתיעוד פנימי: בנספח מופיעים פרטי החשבון של רון חדד: מזרחי טפחות, חשבון 3992129368.",1,LEAK,diverse_positive,memo,hard,div_pos_22
REQ-864981 | שם העובד הילה חדד מופיע במצגת הפנימית ללא פרטים נוספים.,0,NON_LEAK,diverse_negative,ticket,medium,div_neg_57
REQ-068225 | יש לעדכן את טבלת ההזמנות עם חשבון הבנק 9166431399 של עמית אלקיים.,1,LEAK,paired_hard_positive,ticket,hard,pair_5_pos
מתוך הדוח - הפגישה עם עמית אלקיים נקבעה ל3/7/2026 במודיעין.,0,NON_LEAK,paired_hard_negative,report,hard,pair_2_neg
"לתיעוד פנימי: פרטי הקשר של ניר ביטון: מייל nir.biton@company.co.il, טלפון 0577977016.",1,LEAK,diverse_positive,memo,hard,div_pos_55
לתיעוד פנימי: המסמך מזכיר את שיבא ואת רונית פרץ וכולל גם אבחנה של אסתמה,1,LEAK,paired_hard_positive,memo,hard,pair_6_pos
"נושא: טיפול
הועבר סיכום על רונית פרץ שעובד במיקרוסופט בחיפה.",0,NON_LEAK,paired_hard_negative,email,hard,pair_1_neg
מתוך הדוח - המערכת החדשה תושק ב9/12/2026 לפי הודעה רשמית שפורסמה לכלל העובדים.,0,NON_LEAK,diverse_negative,report,medium,div_neg_1
"נושא: מעקב
בדוח משאבי האנוש מופיעים נתוני השכר של מיכל כהן עבור חודש מרץ",1,LEAK,diverse_positive,email,hard,div_pos_17
"נושא: מעקב
יש לעדכן את טבלת ההזמנות עם חשבון הבנק 6716335599 של אילן שבתאי.",1,LEAK,paired_hard_positive,email,hard,pair_5_pos
"תזכורת: בדוח מופיע רק שם החברה גוגל ישראל ותאריך יעד 24/6/2026, ללא מידע אישי",0,NON_LEAK,diverse_negative,chat,hard,div_neg_32
"מתוך הדוח: הפגישה עם רונית פרץ נקבעה ל16/6/2026 בראשון לציון, ובמסמך צורף גם הטלפון 0515559989",1,LEAK,paired_hard_positive,report,hard,pair_2_pos
לתיעוד פנימי: יש לעדכן את טבלת ההזמנות עם מזהה פנימי 4209388702.,0,NON_LEAK,paired_hard_negative,memo,hard,pair_5_neg
"לתיעוד פנימי: הועבר סיכום על שרון סעדה שעובד בשופרסל בחיפה, כולל מספר הזהות 437861757.",1,LEAK,paired_hard_positive,memo,hard,pair_1_pos
"בדיקה - המסמך מזכיר את רמב""ם ואת נועה מזרחי וכולל גם אבחנה של פציעת גב.",1,LEAK,paired_hard_positive,chat,hard,pair_6_pos
בדיקה: יש לעדכן את טבלת ההזמנות עם חשבון הבנק 3931105472 של שרון סעדה,1,LEAK,paired_hard_positive,chat,hard,pair_5_pos
"סיכום פגישה: הועבר החזר בגובה 18,441 ש""ח לחשבון 1037811176 של הילה חדד. תודה",1,LEAK,diverse_positive,meeting_note,hard,div_pos_3
INC-004156 | שם העובד רון חדד מופיע במצגת הפנימית ללא פרטים נוספים. תודה,0,NON_LEAK,diverse_negative,ticket,hard,div_neg_0
"נושא: מעקב
במסמך המצורף אין מידע אישי, רק סיכום משימות והחלטות.",0,NON_LEAK,diverse_negative,email,hard,div_neg_36
"נושא: מעקב
בדוח משאבי האנוש מופיעים נתוני השכר של אילן שבתאי עבור חודש מרץ.",1,LEAK,diverse_positive,email,medium,div_pos_54
"נושא: מעקב
נא לשמור על סודיות: תוכנית ההשקה של פרויקט נוגה וקוד השם תוכנית רימון מצורפים.",1,LEAK,diverse_positive,email,medium,div_pos_13
"נושא - טיפול
במצגת הופיעו שמות העובדים לצד נתוני שכר ובונוסים.",1,LEAK,paired_hard_positive,email,hard,pair_7_pos
"SR-121772 | היעד הכספי לרבעון הוא 41,197 ש""ח ולא מדובר במידע על לקוח ספציפי.",0,NON_LEAK,diverse_negative,ticket,hard,div_neg_23
"לתיעוד פנימי: פרטי הקשר של דנה דנינו: מייל danadanino@orgcoil, טלפון 0555238928",1,LEAK,diverse_positive,memo,hard,div_pos_14
לתיעוד פנימי: נא לשמור על סודיות: תוכנית ההשקה של מודול ברק וקוד השם תוכנית רימון מצורפים.,1,LEAK,diverse_positive,memo,hard,div_pos_44
מתוך הדוח: שם העובד איתי פרץ מופיע במצגת הפנימית ללא פרטים נוספים.,0,NON_LEAK,diverse_negative,report,hard,div_neg_37
"נושא: עדכון
בדוח הלקוח מופיע איש קשר בשם עמית אלקיים יחד עם כתובת המייל amit.elkayim@company.co.il. תודה",1,LEAK,paired_hard_positive,email,hard,pair_3_pos
FIN-080644 | מספר הקריאה הוא INC-603045 ויש לעקוב אחריו מול משאבי אנוש,0,NON_LEAK,diverse_negative,ticket,hard,div_neg_58
HR-130298 | נא לשמור על סודיות: תוכנית ההשקה של מערכת קשת וקוד השם תוכנית רימון מצורפים.,1,LEAK,diverse_positive,ticket,hard,div_pos_12
לתיעוד פנימי: במצגת הופיעו שמות העובדים לצורך חלוקת משימות.,0,NON_LEAK,paired_hard_negative,memo,hard,pair_7_neg
"SR-868893 | הלקוח ביקש עדכון על הפרויקט, אבל לא נשלחו פרטי קשר או מזהים. תודה",0,NON_LEAK,diverse_negative,ticket,hard,div_neg_42
סיכום פגישה: לצורך זיהוי מול הספק הועבר מספר הזהות של קרן אמסלם: 240388325.,1,LEAK,diverse_positive,meeting_note,medium,div_pos_49
סיכום פגישה - יש לעדכן את טבלת ההזמנות עם מזהה פנימי 8362644739.,0,NON_LEAK,paired_hard_negative,meeting_note,hard,pair_5_neg
"INC-611078 | הפגישה עם ניר ביטון נקבעה ל3/10/2026 בתל אביב, ובמסמך צורף גם הטלפון 0518055167.",1,LEAK,paired_hard_positive,ticket,hard,pair_2_pos
"לתיעוד פנימי: פרטי הקשר של דוד כהן: מייל davidcohen@examplecoil, טלפון 0573094257",1,LEAK,diverse_positive,memo,hard,div_pos_12
מתוך הדוח - בדוח הלקוח מופיע איש קשר בשם ליאור מלכה יחד עם כתובת המייל liormalka@outlookcom,1,LEAK,paired_hard_positive,report,hard,pair_3_pos
לתיעוד פנימי: הצוות עבר לשלב בדיקות אינטגרציה ונדרש לעדכן סטטוס עד סוף היום.,0,NON_LEAK,diverse_negative,memo,medium,div_neg_55
"נושא: מעקב
הסיסמה הזמנית לחשבון של משה אוחנה היא Welcome2026! ויש להחליף אותה מיד.",1,LEAK,diverse_positive,email,hard,div_pos_40
לתיעוד פנימי - יש לעדכן את טבלת ההזמנות עם חשבון הבנק 6485223798 של רון חדד,1,LEAK,paired_hard_positive,memo,hard,pair_5_pos
"נושא: מעקב
במצגת הופיעו שמות העובדים לצורך חלוקת משימות.",0,NON_LEAK,paired_hard_negative,email,hard,pair_7_neg
"SR-953681 | הועבר סיכום על רונית פרץ שעובד בAmdocs בפתח תקווה, כולל מספר הזהות 681150325. תודה",1,LEAK,paired_hard_positive,ticket,hard,pair_1_pos
"מתוך הדוח: הקובץ מכיל שם משתמש, סיסמה וגישה לסביבת הייצור",1,LEAK,diverse_positive,report,hard,div_pos_18
"נושא: בקשה
נא לשמור על סודיות: תוכנית ההשקה של מוצר הדס וקוד השם מיזם תמר מצורפים.",1,LEAK,diverse_positive,email,hard,div_pos_14
"לתיעוד פנימי: המסמך מזכיר את רמב""ם ואת מאיה ביטון וכולל גם אבחנה של דלקת ריאות.",1,LEAK,paired_hard_positive,memo,hard,pair_6_pos
"מתוך הדוח: בדוח מופיע רק שם החברה מכבי שירותי בריאות ותאריך יעד 22/7/2026, ללא מידע אישי",0,NON_LEAK,diverse_negative,report,medium,div_neg_28
"נושא: מעקב
הסיסמה הזמנית לחשבון של משה אוחנה היא Welcome2026! ויש להחליף אותה מיד.",1,LEAK,diverse_positive,email,medium,div_pos_23
סיכום פגישה: יש לעדכן את טבלת ההזמנות עם מזהה פנימי 9130947208.,0,NON_LEAK,paired_hard_negative,meeting_note,hard,pair_5_neg
"לתיעוד פנימי: הלקוח ביקש עדכון על הפרויקט, אבל לא נשלחו פרטי קשר או מזהים תודה",0,NON_LEAK,diverse_negative,memo,medium,div_neg_17
"בדיקה: הקובץ מכיל שם משתמש, סיסמה וגישה לסביבת הייצור.",1,LEAK,diverse_positive,chat,hard,div_pos_26
"מתוך הדוח: הקובץ מכיל שם משתמש, סיסמה וגישה לסביבת הייצור.",1,LEAK,diverse_positive,report,medium,div_pos_33
סיכום פגישה: המסמך מזכיר את איכילוב ואת מיכל כהן בהקשר אדמיניסטרטיבי.,0,NON_LEAK,paired_hard_negative,meeting_note,hard,pair_6_neg
"לתיעוד פנימי: הפגישה עם עמית אלקיים נקבעה ל22/9/2026 בתל אביב, ובמסמך צורף גם הטלפון 0535752604.",1,LEAK,paired_hard_positive,memo,hard,pair_2_pos
"מתוך הדוח: פרטי הקשר של הילה חדד: מייל hila.hadad@mail.com, טלפון 0579569341.",1,LEAK,diverse_positive,report,hard,div_pos_1
סיכום פגישה: יש לעדכן את טבלת ההזמנות עם מזהה פנימי 4421223045,0,NON_LEAK,paired_hard_negative,meeting_note,hard,pair_5_neg
"תזכורת: היעד הכספי לרבעון הוא 33,238 ש""ח ולא מדובר במידע על לקוח ספציפי.",0,NON_LEAK,diverse_negative,chat,medium,div_neg_28
מתוך הדוח: יש לעדכן את טבלת ההזמנות עם חשבון הבנק 0873673081 של ניר ביטון.,1,LEAK,paired_hard_positive,report,hard,pair_5_pos
מתוך הדוח: לצורך זיהוי מול הספק הועבר מספר הזהות של ליאור מלכה: 769062703,1,LEAK,diverse_positive,report,medium,div_pos_46
מתוך הדוח - יש לעדכן את טבלת ההזמנות עם חשבון הבנק 3454247455 של הילה חדד תודה,1,LEAK,paired_hard_positive,report,hard,pair_5_pos
INC-032575 | הצוות דן בהשקת מערכת קשת ביום 3/6/2026 במסמך מסווג פנימי שלא נועד להפצה.,1,LEAK,paired_hard_positive,ticket,hard,pair_4_pos
"לתיעוד פנימי: הועבר דוח עם רשימת לקוחות אסטרטגיים, הצעות מחיר ותנאי התקשרות.",1,LEAK,diverse_positive,memo,hard,div_pos_16
FIN-592457 | יש לעדכן את טבלת ההזמנות עם חשבון הבנק 3463778778 של מאיה ביטון.,1,LEAK,paired_hard_positive,ticket,hard,pair_5_pos
תזכורת: בדוח משאבי האנוש מופיעים נתוני השכר של עדי שלום עבור חודש מרץ.,1,LEAK,diverse_positive,chat,hard,div_pos_42
שולח: בדוח הלקוח מופיע איש קשר בשם ליאור מלכה יחד עם כתובת המייל liormalka@gmailcom,1,LEAK,paired_hard_positive,chat,hard,pair_3_pos
"FIN-063559 | הפגישה עם שירה אברהם נקבעה ל4/12/2026 בירושלים, ובמסמך צורף גם הטלפון 0541516879.",1,LEAK,paired_hard_positive,ticket,hard,pair_2_pos
לתיעוד פנימי: יש לעדכן את טבלת ההזמנות עם מזהה פנימי 7528973710.,0,NON_LEAK,paired_hard_negative,memo,hard,pair_5_neg
לתיעוד פנימי: במצגת הופיעו שמות העובדים לצד נתוני שכר ובונוסים,1,LEAK,paired_hard_positive,memo,hard,pair_7_pos
עדכון: יש לעדכן את טבלת ההזמנות עם מזהה פנימי 9599412558.,0,NON_LEAK,paired_hard_negative,chat,hard,pair_5_neg
תזכורת: במצגת הופיעו שמות העובדים לצורך חלוקת משימות,0,NON_LEAK,paired_hard_negative,chat,hard,pair_7_neg
"מתוך הדוח: הועבר החזר בגובה 15,478 ש""ח לחשבון 1984861873 של ניר ביטון.",1,LEAK,diverse_positive,report,medium,div_pos_21
סיכום פגישה: בדוח הלקוח מופיע איש קשר בשם רונית פרץ.,0,NON_LEAK,paired_hard_negative,meeting_note,hard,pair_3_neg
"מתוך הדוח: במסמך המצורף אין מידע אישי, רק סיכום משימות והחלטות.",0,NON_LEAK,diverse_negative,report,hard,div_neg_27
תזכורת: מספר הקריאה הוא HR-539738 ויש לעקוב אחריו מול אבטחת מידע.,0,NON_LEAK,diverse_negative,chat,medium,div_neg_39
"נושא: טיפול
הפגישה עם עדי שלום נקבעה ל1/3/2026 בנתניה.",0,NON_LEAK,paired_hard_negative,email,hard,pair_2_neg
מתוך הדוח - בדוח משאבי האנוש מופיעים נתוני השכר של אילן שבתאי עבור חודש מרץ.,1,LEAK,diverse_positive,report,medium,div_pos_25
"נושא: בקשה
מספר הקריאה הוא SR-946881 ויש לעקוב אחריו מול שיווק.",0,NON_LEAK,diverse_negative,email,hard,div_neg_12
עדכון - המערכת החדשה תושק ב28/6/2026 לפי הודעה רשמית שפורסמה לכלל העובדים.,0,NON_LEAK,diverse_negative,chat,hard,div_neg_59
סיכום פגישה: הפגישה עם איתי פרץ נקבעה ל19/3/2026 בחיפה.,0,NON_LEAK,paired_hard_negative,meeting_note,hard,pair_2_neg
"נושא - טיפול
לצורך זיהוי מול הספק הועבר מספר הזהות של מיכל כהן - 384475671.",1,LEAK,diverse_positive,email,medium,div_pos_46
תזכורת: במצגת הופיעו שמות העובדים לצד נתוני שכר ובונוסים.,1,LEAK,paired_hard_positive,chat,hard,pair_7_pos
סיכום פגישה - הפגישה עם שרון סעדה נקבעה ל7/5/2026 באשדוד.,0,NON_LEAK,paired_hard_negative,meeting_note,hard,pair_2_neg
סיכום פגישה: הסיסמה הזמנית לחשבון של עמית אלקיים היא Welcome2026! ויש להחליף אותה מיד תודה,1,LEAK,diverse_positive,meeting_note,medium,div_pos_35
"INC-138302 | הועבר סיכום על אורן אברהם שעובד בקופת חולים כללית בתל אביב, כולל מספר הזהות 176750011.",1,LEAK,paired_hard_positive,ticket,hard,pair_1_pos
"מתוך הדוח - הפגישה עם מיכל כהן נקבעה ל5/7/2026 בחיפה, ובמסמך צורף גם הטלפון 0568502332",1,LEAK,paired_hard_positive,report,hard,pair_2_pos
HR-017351 | הועבר סיכום על ניר ביטון שעובד במיקרוסופט בחיפה.,0,NON_LEAK,paired_hard_negative,ticket,hard,pair_1_neg
סיכום פגישה: המסמך מזכיר את שיבא ואת ניר ביטון וכולל גם אבחנה של חרדה. תודה,1,LEAK,paired_hard_positive,meeting_note,hard,pair_6_pos
"לתיעוד פנימי: הועבר דוח עם רשימת לקוחות אסטרטגיים, הצעות מחיר ותנאי התקשרות. תודה",1,LEAK,diverse_positive,memo,hard,div_pos_49
מתוך הדוח - הועבר סיכום על עדי שלום שעובד בבנק לאומי בראשון לציון. תודה,0,NON_LEAK,paired_hard_negative,report,hard,pair_1_neg
שולח: הצוות דן בהשקת פלטפורמת ארז ביום 6/10/2026 במסמך מסווג פנימי שלא נועד להפצה.,1,LEAK,paired_hard_positive,chat,hard,pair_4_pos
"לתיעוד פנימי: הלקוח ביקש עדכון על הפרויקט, אבל לא נשלחו פרטי קשר או מזהים.",0,NON_LEAK,diverse_negative,memo,medium,div_neg_52
"נושא: מעקב
הצוות דן בהשקת גרסה 4.2 ביום 22/9/2026.",0,NON_LEAK,paired_hard_negative,email,hard,pair_4_neg
מתוך הדוח - מספר הקריאה הוא REQ-815014 ויש לעקוב אחריו מול שירות לקוחות.,0,NON_LEAK,diverse_negative,report,medium,div_neg_32
"מתוך הדוח: הלקוח ביקש עדכון על הפרויקט, אבל לא נשלחו פרטי קשר או מזהים",0,NON_LEAK,diverse_negative,report,hard,div_neg_31
"לתיעוד פנימי - המסמך מזכיר את רמב""ם ואת שרון סעדה בהקשר אדמיניסטרטיבי",0,NON_LEAK,paired_hard_negative,memo,hard,pair_6_neg
"מתוך הדוח: הועבר החזר בגובה 36,779 ש""ח לחשבון 9401863545 של אלון מלכה.",1,LEAK,diverse_positive,report,medium,div_pos_20
לתיעוד פנימי: יש לעדכן את טבלת ההזמנות עם חשבון הבנק 6312610178 של ליאור מלכה.,1,LEAK,paired_hard_positive,memo,hard,pair_5_pos
"נושא: מעקב
הועבר החזר בגובה 5,047 ש""ח לחשבון 1641385608 של עמית אלקיים",1,LEAK,diverse_positive,email,medium,div_pos_50
מתוך הדוח: בדוח הלקוח מופיע איש קשר בשם יעל לוי יחד עם כתובת המייל yael.levi@org.co.il.,1,LEAK,paired_hard_positive,report,hard,pair_3_pos
"לתיעוד פנימי: הפגישה עם מנכ""ל תתקיים ביום ראשון בבאר שבע.",0,NON_LEAK,diverse_negative,memo,medium,div_neg_39
לתיעוד פנימי: בדוח הלקוח מופיע איש קשר בשם מיכל כהן,0,NON_LEAK,paired_hard_negative,memo,hard,pair_3_neg
לתיעוד פנימי: בדשבורד הציבורי מופיע סטטוס כללי של פרויקט פרויקט ברוש.,0,NON_LEAK,diverse_negative,memo,hard,div_neg_4
"נושא: מעקב
היעד הכספי לרבעון הוא 15,897 ש""ח ולא מדובר במידע על לקוח ספציפי",0,NON_LEAK,diverse_negative,email,medium,div_neg_31
לתיעוד פנימי - בדוח משאבי האנוש מופיעים נתוני השכר של טל אוחנה עבור חודש מרץ.,1,LEAK,diverse_positive,memo,hard,div_pos_54
INC-263062 | נא לשמור על סודיות: תוכנית ההשקה של מוצר אופק וקוד השם מבצע שקמה מצורפים.,1,LEAK,diverse_positive,ticket,medium,div_pos_18
SR-578571 | המסמך מזכיר את איכילוב ואת הילה חדד וכולל גם אבחנה של חרדה. תודה,1,LEAK,paired_hard_positive,ticket,hard,pair_6_pos
מתוך הדוח: המסמך מזכיר את שיבא ואת מיכל כהן בהקשר אדמיניסטרטיבי.,0,NON_LEAK,paired_hard_negative,report,hard,pair_6_neg
"FIN-594335 | בנספח מופיעים פרטי החשבון של שירה אברהם: מזרחי טפחות, חשבון 2794431527. תודה",1,LEAK,diverse_positive,ticket,hard,div_pos_33
מתוך הדוח: הצוות עבר לשלב בדיקות אינטגרציה ונדרש לעדכן סטטוס עד סוף היום.,0,NON_LEAK,diverse_negative,report,medium,div_neg_40
תזכורת: הועבר סיכום על דוד כהן שעובד באלביט בתל אביב,0,NON_LEAK,paired_hard_negative,chat,hard,pair_1_neg
"נושא: בקשה
לצורך זיהוי מול הספק הועבר מספר הזהות של איתי פרץ: 859509868.",1,LEAK,diverse_positive,email,medium,div_pos_0
בדיקה: יש לעדכן את טבלת ההזמנות עם מזהה פנימי 3265800767,0,NON_LEAK,paired_hard_negative,chat,hard,pair_5_neg
"FIN-349674 | הלקוח ביקש עדכון על הפרויקט, אבל לא נשלחו פרטי קשר או מזהים.",0,NON_LEAK,diverse_negative,ticket,hard,div_neg_21
מתוך הדוח: המסמך מזכיר את שיבא ואת יואב לוי וכולל גם אבחנה של חרדה.,1,LEAK,paired_hard_positive,report,hard,pair_6_pos
"נושא - מעקב
בדוח הלקוח מופיע איש קשר בשם אלון מלכה תודה",0,NON_LEAK,paired_hard_negative,email,hard,pair_3_neg
"סיכום פגישה: הועבר דוח עם רשימת לקוחות אסטרטגיים, הצעות מחיר ותנאי התקשרות.",1,LEAK,diverse_positive,meeting_note,medium,div_pos_32
לתיעוד פנימי: בדשבורד הציבורי מופיע סטטוס כללי של פרויקט פרויקט ברוש.,0,NON_LEAK,diverse_negative,memo,medium,div_neg_44
לתיעוד פנימי: יש לעדכן את טבלת ההזמנות עם מזהה פנימי 9859546026,0,NON_LEAK,paired_hard_negative,memo,hard,pair_5_neg
"נושא: בקשה
בדוח שהגיע מאיכילוב מופיעים פרטי טיפול של מיכל כהן.",1,LEAK,diverse_positive,email,hard,div_pos_35
REQ-902482 | בדוח הלקוח מופיע איש קשר בשם נועה מזרחי יחד עם כתובת המייל noa.mizrahi@org.co.il.,1,LEAK,paired_hard_positive,ticket,hard,pair_3_pos
"INC-379131 | בנספח מופיעים פרטי החשבון של מאיה ביטון: מזרחי טפחות, חשבון 6546434267. תודה",1,LEAK,diverse_positive,ticket,medium,div_pos_11
מתוך הדוח - נא לשמור על סודיות - תוכנית ההשקה של מוצר אופק וקוד השם תוכנית רימון מצורפים.,1,LEAK,diverse_positive,report,medium,div_pos_24
שולח: מספר הקריאה הוא REQ-286638 ויש לעקוב אחריו מול פיתוח.,0,NON_LEAK,diverse_negative,chat,hard,div_neg_28
תזכורת: בדוח שהגיע מאסותא מופיעים פרטי טיפול של מיכל כהן,1,LEAK,diverse_positive,chat,hard,div_pos_55
"מתוך הדוח: בנספח מופיעים פרטי החשבון של אלון מלכה: דיסקונט, חשבון 5169673891.",1,LEAK,diverse_positive,report,hard,div_pos_57
לתיעוד פנימי: המסמך מזכיר את אסותא ואת מיכל כהן בהקשר אדמיניסטרטיבי תודה,0,NON_LEAK,paired_hard_negative,memo,hard,pair_6_neg
תזכורת: בדוח הלקוח מופיע איש קשר בשם איתי פרץ.,0,NON_LEAK,paired_hard_negative,chat,hard,pair_3_neg
"נושא: טיפול
הפגישה עם מנהלת משאבי אנוש תתקיים ביום ראשון במודיעין.",0,NON_LEAK,diverse_negative,email,medium,div_neg_8
מתוך הדוח: בדוח משאבי האנוש מופיעים נתוני השכר של טל אוחנה עבור חודש מרץ.,1,LEAK,diverse_positive,report,medium,div_pos_29
מתוך הדוח - הפגישה עם מנהלת משאבי אנוש תתקיים ביום ראשון באשדוד.,0,NON_LEAK,diverse_negative,report,medium,div_neg_32
סיכום פגישה: בדוח שהגיע משיבא מופיעים פרטי טיפול של רון חדד.,1,LEAK,diverse_positive,meeting_note,hard,div_pos_45
לתיעוד פנימי - המסמך מזכיר את אסותא ואת דוד כהן בהקשר אדמיניסטרטיבי,0,NON_LEAK,paired_hard_negative,memo,hard,pair_6_neg
שולח: הועבר סיכום על רון חדד שעובד בשטראוס בתל אביב.,0,NON_LEAK,paired_hard_negative,chat,hard,pair_1_neg
"נושא: מעקב
הועבר סיכום על יעל לוי שעובד בגוגל ישראל בירושלים, כולל מספר הזהות 114748455.",1,LEAK,paired_hard_positive,email,hard,pair_1_pos
"עדכון - הלקוח ביקש עדכון על הפרויקט, אבל לא נשלחו פרטי קשר או מזהים.",0,NON_LEAK,diverse_negative,chat,hard,div_neg_54
REQ-236549 | בדוח הלקוח מופיע איש קשר בשם עדי שלום יחד עם כתובת המייל adi.shalom@org.co.il.,1,LEAK,paired_hard_positive,ticket,hard,pair_3_pos
מתוך הדוח: במצגת הופיעו שמות העובדים לצורך חלוקת משימות,0,NON_LEAK,paired_hard_negative,report,hard,pair_7_neg
סיכום פגישה: בדוח שהגיע משיבא מופיעים פרטי טיפול של שרון סעדה.,1,LEAK,diverse_positive,meeting_note,medium,div_pos_34
REQ-233249 | הצוות עבר לשלב בדיקות אינטגרציה ונדרש לעדכן סטטוס עד סוף היום. תודה,0,NON_LEAK,diverse_negative,ticket,medium,div_neg_17
FIN-153509 | בדשבורד הציבורי מופיע סטטוס כללי של פרויקט תוכנית רימון.,0,NON_LEAK,diverse_negative,ticket,medium,div_neg_7
מתוך הדוח: יש לעדכן את טבלת ההזמנות עם חשבון הבנק 8931731706 של ניר ביטון.,1,LEAK,paired_hard_positive,report,hard,pair_5_pos
FIN-939574 | הצוות דן בהשקת שירות אביב ביום 20/5/2026. תודה,0,NON_LEAK,paired_hard_negative,ticket,hard,pair_4_neg
"לתיעוד פנימי: הפגישה עם אילן שבתאי נקבעה ל8/5/2026 ברעננה, ובמסמך צורף גם הטלפון 0522316229.",1,LEAK,paired_hard_positive,memo,hard,pair_2_pos
FIN-834735 | המסמך מזכיר את אסותא ואת יואב לוי וכולל גם אבחנה של אלרגיה חריפה.,1,LEAK,paired_hard_positive,ticket,hard,pair_6_pos
לתיעוד פנימי: מספר הקריאה הוא REQ-655834 ויש לעקוב אחריו מול כספים.,0,NON_LEAK,diverse_negative,memo,hard,div_neg_19
"מתוך הדוח: הקובץ מכיל שם משתמש, סיסמה וגישה לסביבת הייצור.",1,LEAK,diverse_positive,report,medium,div_pos_4
HR-089980 | לצורך זיהוי מול הספק הועבר מספר הזהות של איתי פרץ: 965196404.,1,LEAK,diverse_positive,ticket,hard,div_pos_58
"נושא: טיפול
המערכת החדשה תושק ב11/8/2026 לפי הודעה רשמית שפורסמה לכלל העובדים.",0,NON_LEAK,diverse_negative,email,hard,div_neg_38
"נושא: מעקב
מספר הקריאה הוא FIN-362767 ויש לעקוב אחריו מול כספים.",0,NON_LEAK,diverse_negative,email,hard,div_neg_20
"נושא: טיפול
יש לעדכן את טבלת ההזמנות עם מזהה פנימי 9882323440",0,NON_LEAK,paired_hard_negative,email,hard,pair_5_neg
"לתיעוד פנימי: בדוח מופיע רק שם החברה נייס ותאריך יעד 26/2/2026, ללא מידע אישי",0,NON_LEAK,diverse_negative,memo,hard,div_neg_12
"לתיעוד פנימי: בנספח מופיעים פרטי החשבון של אלון מלכה: דיסקונט, חשבון 2298933090",1,LEAK,diverse_positive,memo,medium,div_pos_53
"נושא: מעקב
נא לשמור על סודיות: תוכנית ההשקה של מודול ברק וקוד השם פרויקט דרור מצורפים.",1,LEAK,diverse_positive,email,hard,div_pos_12
סיכום פגישה - שם העובד קרן אמסלם מופיע במצגת הפנימית ללא פרטים נוספים. תודה,0,NON_LEAK,diverse_negative,meeting_note,medium,div_neg_36
בדיקה - במצגת הופיעו שמות העובדים לצד נתוני שכר ובונוסים.,1,LEAK,paired_hard_positive,chat,hard,pair_7_pos
"לתיעוד פנימי: הקובץ מכיל שם משתמש, סיסמה וגישה לסביבת הייצור.",1,LEAK,diverse_positive,memo,medium,div_pos_15
שולח: הפגישה עם מאיה ביטון נקבעה ל19/2/2026 בתל אביב. תודה,0,NON_LEAK,paired_hard_negative,chat,hard,pair_2_neg
SR-616706 | הצוות עבר לשלב בדיקות אינטגרציה ונדרש לעדכן סטטוס עד סוף היום.,0,NON_LEAK,diverse_negative,ticket,hard,div_neg_4
מתוך הדוח - בדשבורד הציבורי מופיע סטטוס כללי של פרויקט מיזם תמר.,0,NON_LEAK,diverse_negative,report,medium,div_neg_40
"סיכום פגישה: בדוח מופיע רק שם החברה מיקרוסופט ותאריך יעד 12/9/2026, ללא מידע אישי.",0,NON_LEAK,diverse_negative,meeting_note,medium,div_neg_39
"נושא: עדכון
הסיסמה הזמנית לחשבון של נועה מזרחי היא Welcome2026! ויש להחליף אותה מיד.",1,LEAK,diverse_positive,email,hard,div_pos_20
"לתיעוד פנימי: הועבר סיכום על אלון מלכה שעובד בבזק בתל אביב, כולל מספר הזהות 043651263.",1,LEAK,paired_hard_positive,memo,hard,pair_1_pos
סיכום פגישה: לצורך זיהוי מול הספק הועבר מספר הזהות של אלון מלכה: 898426545,1,LEAK,diverse_positive,meeting_note,medium,div_pos_15
"נושא: בקשה
היעד הכספי לרבעון הוא 12,211 ש""ח ולא מדובר במידע על לקוח ספציפי. תודה",0,NON_LEAK,diverse_negative,email,hard,div_neg_21
"עדכון: הקובץ מכיל שם משתמש, סיסמה וגישה לסביבת הייצור.",1,LEAK,diverse_positive,chat,hard,div_pos_47
"סיכום פגישה: הועבר דוח עם רשימת לקוחות אסטרטגיים, הצעות מחיר ותנאי התקשרות.",1,LEAK,diverse_positive,meeting_note,hard,div_pos_54
SR-979409 | יש לעדכן את טבלת ההזמנות עם מזהה פנימי 8749748558.,0,NON_LEAK,paired_hard_negative,ticket,hard,pair_5_neg
"SR-046320 | הועבר החזר בגובה 27,908 ש""ח לחשבון 5333751100 של קרן אמסלם.",1,LEAK,diverse_positive,ticket,medium,div_pos_25
"מתוך הדוח: הועבר החזר בגובה 40,683 ש""ח לחשבון 0864629705 של נועה מזרחי.",1,LEAK,diverse_positive,report,hard,div_pos_31
"סיכום פגישה: בדוח מופיע רק שם החברה בנק לאומי ותאריך יעד 16/12/2026, ללא מידע אישי.",0,NON_LEAK,diverse_negative,meeting_note,medium,div_neg_5
"מתוך הדוח: הועבר דוח עם רשימת לקוחות אסטרטגיים, הצעות מחיר ותנאי התקשרות.",1,LEAK,diverse_positive,report,hard,div_pos_41
"נושא: בקשה
הועבר החזר בגובה 20,589 ש""ח לחשבון 4511311128 של מיכל כהן.",1,LEAK,diverse_positive,email,medium,div_pos_27
"מתוך הדוח: הועבר סיכום על אילן שבתאי שעובד ברפאל בחיפה, כולל מספר הזהות 335743643",1,LEAK,paired_hard_positive,report,hard,pair_1_pos
בדיקה: המערכת החדשה תושק ב27/10/2026 לפי הודעה רשמית שפורסמה לכלל העובדים,0,NON_LEAK,diverse_negative,chat,hard,div_neg_3
תזכורת: הצוות דן בהשקת מערכת קשת ביום 4/8/2026.,0,NON_LEAK,paired_hard_negative,chat,hard,pair_4_neg
מתוך הדוח: נא לשמור על סודיות: תוכנית ההשקה של שירות אביב וקוד השם פרויקט דרור מצורפים. תודה,1,LEAK,diverse_positive,report,medium,div_pos_0
סיכום פגישה - במצגת הופיעו שמות העובדים לצורך חלוקת משימות.,0,NON_LEAK,paired_hard_negative,meeting_note,hard,pair_7_neg
"נושא: מעקב
הקובץ מכיל שם משתמש, סיסמה וגישה לסביבת הייצור.",1,LEAK,diverse_positive,email,medium,div_pos_25
מתוך הדוח - הצוות דן בהשקת פרויקט נוגה ביום 16/6/2026.,0,NON_LEAK,paired_hard_negative,report,hard,pair_4_neg
"בדיקה: היעד הכספי לרבעון הוא 10,859 ש""ח ולא מדובר במידע על לקוח ספציפי תודה",0,NON_LEAK,diverse_negative,chat,hard,div_neg_57
מתוך הדוח: יש לעדכן את טבלת ההזמנות עם מזהה פנימי 0140735589,0,NON_LEAK,paired_hard_negative,report,hard,pair_5_neg
לתיעוד פנימי: יש לעדכן את טבלת ההזמנות עם מזהה פנימי 2471761878.,0,NON_LEAK,paired_hard_negative,memo,hard,pair_5_neg
"נושא: בקשה
יש לעדכן את טבלת ההזמנות עם מזהה פנימי 2421078917",0,NON_LEAK,paired_hard_negative,email,hard,pair_5_neg
לתיעוד פנימי: יש לעדכן את טבלת ההזמנות עם חשבון הבנק 1613123288 של רונית פרץ,1,LEAK,paired_hard_positive,memo,hard,pair_5_pos
"נושא: מעקב
נא לשמור על סודיות: תוכנית ההשקה של מוצר הדס וקוד השם תוכנית רימון מצורפים",1,LEAK,diverse_positive,email,hard,div_pos_40
"מתוך הדוח: הועבר סיכום על איתי פרץ שעובד ברפאל בראשון לציון, כולל מספר הזהות 997290723.",1,LEAK,paired_hard_positive,report,hard,pair_1_pos
עדכון: במצגת הופיעו שמות העובדים לצד נתוני שכר ובונוסים.,1,LEAK,paired_hard_positive,chat,hard,pair_7_pos
"FIN-011349 | הלקוח ביקש עדכון על הפרויקט, אבל לא נשלחו פרטי קשר או מזהים.",0,NON_LEAK,diverse_negative,ticket,medium,div_neg_43
"נושא: טיפול
המסמך מזכיר את שיבא ואת יעל לוי בהקשר אדמיניסטרטיבי. תודה",0,NON_LEAK,paired_hard_negative,email,hard,pair_6_neg
סיכום פגישה: נא לשמור על סודיות: תוכנית ההשקה של מודול ברק וקוד השם מיזם תמר מצורפים.,1,LEAK,diverse_positive,meeting_note,medium,div_pos_18
"מתוך הדוח: בנספח מופיעים פרטי החשבון של קרן אמסלם: בנק לאומי, חשבון 8409546832. תודה",1,LEAK,diverse_positive,report,medium,div_pos_19
"תזכורת: במסמך המצורף אין מידע אישי, רק סיכום משימות והחלטות תודה",0,NON_LEAK,diverse_negative,chat,medium,div_neg_38
סיכום פגישה: הסיסמה הזמנית לחשבון של נועה מזרחי היא Welcome2026! ויש להחליף אותה מיד.,1,LEAK,diverse_positive,meeting_note,medium,div_pos_53
SR-074454 | המערכת החדשה תושק ב9/8/2026 לפי הודעה רשמית שפורסמה לכלל העובדים.,0,NON_LEAK,diverse_negative,ticket,medium,div_neg_32
"עדכון: הפגישה עם מנכ""ל תתקיים ביום ראשון בראשון לציון",0,NON_LEAK,diverse_negative,chat,medium,div_neg_6
לתיעוד פנימי: הפגישה עם חשב שכר תתקיים ביום ראשון בבאר שבע.,0,NON_LEAK,diverse_negative,memo,hard,div_neg_12
"לתיעוד פנימי: הועבר דוח עם רשימת לקוחות אסטרטגיים, הצעות מחיר ותנאי התקשרות",1,LEAK,diverse_positive,memo,hard,div_pos_14
סיכום פגישה: במצגת הופיעו שמות העובדים לצד נתוני שכר ובונוסים.,1,LEAK,paired_hard_positive,meeting_note,hard,pair_7_pos
"בדיקה: במסמך המצורף אין מידע אישי, רק סיכום משימות והחלטות.",0,NON_LEAK,diverse_negative,chat,hard,div_neg_42
SR-107946 | במצגת הופיעו שמות העובדים לצד נתוני שכר ובונוסים.,1,LEAK,paired_hard_positive,ticket,hard,pair_7_pos
"סיכום פגישה: בנספח מופיעים פרטי החשבון של אילן שבתאי: דיסקונט, חשבון 9146560512.",1,LEAK,diverse_positive,meeting_note,medium,div_pos_39
תזכורת: מספר הקריאה הוא INC-824154 ויש לעקוב אחריו מול פיתוח,0,NON_LEAK,diverse_negative,chat,medium,div_neg_51
לתיעוד פנימי: לצורך זיהוי מול הספק הועבר מספר הזהות של אילן שבתאי: 416602765,1,LEAK,diverse_positive,memo,medium,div_pos_46
"נושא - מעקב
המסמך מזכיר את אסותא ואת דנה דנינו וכולל גם אבחנה של אלרגיה חריפה.",1,LEAK,paired_hard_positive,email,hard,pair_6_pos
"נושא: עדכון
שם העובד שירה אברהם מופיע במצגת הפנימית ללא פרטים נוספים.",0,NON_LEAK,diverse_negative,email,hard,div_neg_6
"סיכום פגישה: הלקוח ביקש עדכון על הפרויקט, אבל לא נשלחו פרטי קשר או מזהים. תודה",0,NON_LEAK,diverse_negative,meeting_note,hard,div_neg_59
FIN-349906 | הצוות דן בהשקת מודול ברק ביום 6/6/2026,0,NON_LEAK,paired_hard_negative,ticket,hard,pair_4_neg
שולח - בדוח שהגיע משיבא מופיעים פרטי טיפול של מאיה ביטון.,1,LEAK,diverse_positive,chat,hard,div_pos_52
מתוך הדוח: שם העובד שרון סעדה מופיע במצגת הפנימית ללא פרטים נוספים.,0,NON_LEAK,diverse_negative,report,hard,div_neg_35
SR-173663 | בדוח הלקוח מופיע איש קשר בשם רון חדד יחד עם כתובת המייל ronhadad@outlookcom,1,LEAK,paired_hard_positive,ticket,hard,pair_3_pos
"שולח: פרטי הקשר של שרון סעדה: מייל sharonsaada@companycoil, טלפון 0578939973",1,LEAK,diverse_positive,chat,medium,div_pos_55
FIN-823302 | יש לעדכן את טבלת ההזמנות עם מזהה פנימי 8471748396.,0,NON_LEAK,paired_hard_negative,ticket,hard,pair_5_neg
מתוך הדוח: במצגת הופיעו שמות העובדים לצורך חלוקת משימות,0,NON_LEAK,paired_hard_negative,report,hard,pair_7_neg
מתוך הדוח: בדוח הלקוח מופיע איש קשר בשם יואב לוי. תודה,0,NON_LEAK,paired_hard_negative,report,hard,pair_3_neg
"נושא: טיפול
במצגת הופיעו שמות העובדים לצורך חלוקת משימות.",0,NON_LEAK,paired_hard_negative,email,hard,pair_7_neg
"עדכון: הועבר סיכום על קרן אמסלם שעובד בשופרסל בנתניה, כולל מספר הזהות 132591510.",1,LEAK,paired_hard_positive,chat,hard,pair_1_pos
"סיכום פגישה: במסמך המצורף אין מידע אישי, רק סיכום משימות והחלטות תודה",0,NON_LEAK,diverse_negative,meeting_note,medium,div_neg_12
עדכון: בדוח הלקוח מופיע איש קשר בשם יעל לוי.,0,NON_LEAK,paired_hard_negative,chat,hard,pair_3_neg
"מתוך הדוח - בדוח מופיע רק שם החברה צ'ק פוינט ותאריך יעד 6/3/2026, ללא מידע אישי תודה",0,NON_LEAK,diverse_negative,report,hard,div_neg_19
"HR-966213 | הפגישה עם דנה דנינו נקבעה ל12/1/2026 בנתניה, ובמסמך צורף גם הטלפון 0525189993.",1,LEAK,paired_hard_positive,ticket,hard,pair_2_pos
HR-654114 | שם העובד עמית אלקיים מופיע במצגת הפנימית ללא פרטים נוספים,0,NON_LEAK,diverse_negative,ticket,medium,div_neg_57
בדיקה: המסמך מזכיר את אסותא ואת רונית פרץ בהקשר אדמיניסטרטיבי,0,NON_LEAK,paired_hard_negative,chat,hard,pair_6_neg
סיכום פגישה: בדוח משאבי האנוש מופיעים נתוני השכר של רונית פרץ עבור חודש מרץ,1,LEAK,diverse_positive,meeting_note,hard,div_pos_33
תזכורת: שם העובד אורן אברהם מופיע במצגת הפנימית ללא פרטים נוספים.,0,NON_LEAK,diverse_negative,chat,hard,div_neg_22
מתוך הדוח - במצגת הופיעו שמות העובדים לצד נתוני שכר ובונוסים,1,LEAK,paired_hard_positive,report,hard,pair_7_pos
"לתיעוד פנימי: היעד הכספי לרבעון הוא 32,728 ש""ח ולא מדובר במידע על לקוח ספציפי.",0,NON_LEAK,diverse_negative,memo,hard,div_neg_1
FIN-184243 | בדשבורד הציבורי מופיע סטטוס כללי של פרויקט מבצע שקמה.,0,NON_LEAK,diverse_negative,ticket,hard,div_neg_33
מתוך הדוח: הפגישה עם רונית פרץ נקבעה ל28/8/2026 בנתניה,0,NON_LEAK,paired_hard_negative,report,hard,pair_2_neg
סיכום פגישה: בדוח הלקוח מופיע איש קשר בשם עדי שלום יחד עם כתובת המייל adi.shalom@org.co.il. תודה,1,LEAK,paired_hard_positive,meeting_note,hard,pair_3_pos
סיכום פגישה: לצורך זיהוי מול הספק הועבר מספר הזהות של אלון מלכה: 940301668.,1,LEAK,diverse_positive,meeting_note,hard,div_pos_15
מתוך הדוח: מספר הקריאה הוא REQ-953259 ויש לעקוב אחריו מול מכירות,0,NON_LEAK,diverse_negative,report,hard,div_neg_58
INC-504593 | בדוח הלקוח מופיע איש קשר בשם משה אוחנה.,0,NON_LEAK,paired_hard_negative,ticket,hard,pair_3_neg
תזכורת: מספר הקריאה הוא INC-095806 ויש לעקוב אחריו מול שיווק.,0,NON_LEAK,diverse_negative,chat,medium,div_neg_45
SR-125532 | המסמך מזכיר את סורוקה ואת דנה דנינו וכולל גם אבחנה של לחץ דם גבוה.,1,LEAK,paired_hard_positive,ticket,hard,pair_6_pos
"סיכום פגישה - בדוח מופיע רק שם החברה מיקרוסופט ותאריך יעד 7/7/2026, ללא מידע אישי",0,NON_LEAK,diverse_negative,meeting_note,hard,div_neg_24
"בדיקה: הועבר החזר בגובה 28,354 ש""ח לחשבון 3358067127 של משה אוחנה.",1,LEAK,diverse_positive,chat,hard,div_pos_53
"לתיעוד פנימי: הועבר החזר בגובה 39,742 ש""ח לחשבון 3362145351 של יואב לוי.",1,LEAK,diverse_positive,memo,medium,div_pos_26
FIN-269962 | בדוח שהגיע מאסותא מופיעים פרטי טיפול של יואב לוי.,1,LEAK,diverse_positive,ticket,hard,div_pos_2
HR-886461 | המערכת החדשה תושק ב2/12/2026 לפי הודעה רשמית שפורסמה לכלל העובדים,0,NON_LEAK,diverse_negative,ticket,medium,div_neg_53
עדכון: המערכת החדשה תושק ב9/1/2026 לפי הודעה רשמית שפורסמה לכלל העובדים,0,NON_LEAK,diverse_negative,chat,medium,div_neg_15
"בדיקה: פרטי הקשר של משה אוחנה: מייל moshe.ohana@org.co.il, טלפון 0572982183.",1,LEAK,diverse_positive,chat,medium,div_pos_28
סיכום פגישה: הצוות דן בהשקת מודול ברק ביום 17/9/2026 במסמך מסווג פנימי שלא נועד להפצה. תודה,1,LEAK,paired_hard_positive,meeting_note,hard,pair_4_pos
סיכום פגישה: הצוות דן בהשקת מוצר הדס ביום 18/2/2026,0,NON_LEAK,paired_hard_negative,meeting_note,hard,pair_4_neg
"לתיעוד פנימי: בדוח שהגיע מרמב""ם מופיעים פרטי טיפול של רון חדד. תודה",1,LEAK,diverse_positive,memo,medium,div_pos_52
"נושא: עדכון
במסמך המצורף אין מידע אישי, רק סיכום משימות והחלטות.",0,NON_LEAK,diverse_negative,email,medium,div_neg_8
"לתיעוד פנימי: היעד הכספי לרבעון הוא 34,222 ש""ח ולא מדובר במידע על לקוח ספציפי. תודה",0,NON_LEAK,diverse_negative,memo,medium,div_neg_9
"נושא: בקשה
המערכת החדשה תושק ב8/8/2026 לפי הודעה רשמית שפורסמה לכלל העובדים",0,NON_LEAK,diverse_negative,email,hard,div_neg_35
"לתיעוד פנימי: במסמך המצורף אין מידע אישי, רק סיכום משימות והחלטות.",0,NON_LEAK,diverse_negative,memo,hard,div_neg_17
"לתיעוד פנימי - הפגישה עם משה אוחנה נקבעה ל9/10/2026 באשדוד, ובמסמך צורף גם הטלפון 0582188981",1,LEAK,paired_hard_positive,memo,hard,pair_2_pos
"לתיעוד פנימי: הועבר דוח עם רשימת לקוחות אסטרטגיים, הצעות מחיר ותנאי התקשרות",1,LEAK,diverse_positive,memo,hard,div_pos_22
"נושא: בקשה
הצוות דן בהשקת גרסה 42 ביום 15/1/2026",0,NON_LEAK,paired_hard_negative,email,hard,pair_4_neg
מתוך הדוח: שם העובד ליאור מלכה מופיע במצגת הפנימית ללא פרטים נוספים,0,NON_LEAK,diverse_negative,report,hard,div_neg_25
"לתיעוד פנימי: הועבר סיכום על הילה חדד שעובד בגוגל ישראל בחיפה, כולל מספר הזהות 978349196.",1,LEAK,paired_hard_positive,memo,hard,pair_1_pos
לתיעוד פנימי - הפגישה עם הילה חדד נקבעה ל21/6/2026 בירושלים.,0,NON_LEAK,paired_hard_negative,memo,hard,pair_2_neg
"תזכורת: בדוח מופיע רק שם החברה אלביט ותאריך יעד 3/10/2026, ללא מידע אישי",0,NON_LEAK,diverse_negative,chat,hard,div_neg_26
מתוך הדוח: הועבר סיכום על דנה דנינו שעובד ברפאל בתל אביב.,0,NON_LEAK,paired_hard_negative,report,hard,pair_1_neg
מתוך הדוח: בדוח הלקוח מופיע איש קשר בשם דנה דנינו יחד עם כתובת המייל danadanino@outlookcom תודה,1,LEAK,paired_hard_positive,report,hard,pair_3_pos
"נושא: בקשה
הועבר דוח עם רשימת לקוחות אסטרטגיים, הצעות מחיר ותנאי התקשרות",1,LEAK,diverse_positive,email,hard,div_pos_54
תזכורת: יש לעדכן את טבלת ההזמנות עם חשבון הבנק 6576749382 של ניר ביטון.,1,LEAK,paired_hard_positive,chat,hard,pair_5_pos
לתיעוד פנימי - יש לעדכן את טבלת ההזמנות עם מזהה פנימי 0056596500.,0,NON_LEAK,paired_hard_negative,memo,hard,pair_5_neg
"לתיעוד פנימי: הועבר החזר בגובה 17,472 ש""ח לחשבון 1790181194 של מיכל כהן.",1,LEAK,diverse_positive,memo,hard,div_pos_53
מתוך הדוח - הצוות דן בהשקת מוצר אופק ביום 19/10/2026 במסמך מסווג פנימי שלא נועד להפצה,1,LEAK,paired_hard_positive,report,hard,pair_4_pos
מתוך הדוח: יש לעדכן את טבלת ההזמנות עם מזהה פנימי 7482908660. תודה,0,NON_LEAK,paired_hard_negative,report,hard,pair_5_neg
"מתוך הדוח: הפגישה עם נועה מזרחי נקבעה ל27/3/2026 במודיעין, ובמסמך צורף גם הטלפון 0518436357. תודה",1,LEAK,paired_hard_positive,report,hard,pair_2_pos
מתוך הדוח - בדוח משאבי האנוש מופיעים נתוני השכר של עמית אלקיים עבור חודש מרץ.,1,LEAK,diverse_positive,report,hard,div_pos_45
לתיעוד פנימי: הצוות דן בהשקת מערכת קשת ביום 13/5/2026 במסמך מסווג פנימי שלא נועד להפצה.,1,LEAK,paired_hard_positive,memo,hard,pair_4_pos
"נושא: מעקב
היעד הכספי לרבעון הוא 23,818 ש""ח ולא מדובר במידע על לקוח ספציפי.",0,NON_LEAK,diverse_negative,email,medium,div_neg_56
"לתיעוד פנימי: הקובץ מכיל שם משתמש, סיסמה וגישה לסביבת הייצור.",1,LEAK,diverse_positive,memo,hard,div_pos_28
סיכום פגישה: הפגישה עם מנהל מוצר תתקיים ביום ראשון בתל אביב. תודה,0,NON_LEAK,diverse_negative,meeting_note,hard,div_neg_16
"לתיעוד פנימי - הועבר דוח עם רשימת לקוחות אסטרטגיים, הצעות מחיר ותנאי התקשרות. תודה",1,LEAK,diverse_positive,memo,hard,div_pos_44
מתוך הדוח: הועבר סיכום על שירה אברהם שעובד בסלקום בנתניה.,0,NON_LEAK,paired_hard_negative,report,hard,pair_1_neg
"לתיעוד פנימי - בנספח מופיעים פרטי החשבון של דנה דנינו - בנק הפועלים, חשבון 8763189800",1,LEAK,diverse_positive,memo,medium,div_pos_56
לתיעוד פנימי: הצוות דן בהשקת מודול ברק ביום 22/7/2026.,0,NON_LEAK,paired_hard_negative,memo,hard,pair_4_neg
סיכום פגישה: יש לעדכן את טבלת ההזמנות עם חשבון הבנק 9120854922 של עדי שלום.,1,LEAK,paired_hard_positive,meeting_note,hard,pair_5_pos
"סיכום פגישה: בדוח מופיע רק שם החברה קופת חולים כללית ותאריך יעד 25/4/2026, ללא מידע אישי.",0,NON_LEAK,diverse_negative,meeting_note,hard,div_neg_50
"נושא: מעקב
הפגישה עם מאיה ביטון נקבעה ל26/4/2026 בתל אביב, ובמסמך צורף גם הטלפון 0502320791",1,LEAK,paired_hard_positive,email,hard,pair_2_pos
"לתיעוד פנימי: הפגישה עם יעל לוי נקבעה ל16/3/2026 בתל אביב, ובמסמך צורף גם הטלפון 0550193586.",1,LEAK,paired_hard_positive,memo,hard,pair_2_pos
מתוך הדוח: מספר הקריאה הוא FIN-263815 ויש לעקוב אחריו מול שיווק. תודה,0,NON_LEAK,diverse_negative,report,medium,div_neg_28
SR-125978 | לצורך זיהוי מול הספק הועבר מספר הזהות של מאיה ביטון: 965627592 תודה,1,LEAK,diverse_positive,ticket,medium,div_pos_27
"סיכום פגישה: פרטי הקשר של אילן שבתאי: מייל ilanshabtai@companycoil, טלפון 0596007799",1,LEAK,diverse_positive,meeting_note,medium,div_pos_35
"לתיעוד פנימי: הלקוח ביקש עדכון על הפרויקט, אבל לא נשלחו פרטי קשר או מזהים.",0,NON_LEAK,diverse_negative,memo,hard,div_neg_9
תזכורת: מספר הקריאה הוא INC-092721 ויש לעקוב אחריו מול כספים.,0,NON_LEAK,diverse_negative,chat,medium,div_neg_1
לתיעוד פנימי: מספר הקריאה הוא HR-226875 ויש לעקוב אחריו מול כספים.,0,NON_LEAK,diverse_negative,memo,hard,div_neg_36
"SR-040186 | הועבר דוח עם רשימת לקוחות אסטרטגיים, הצעות מחיר ותנאי התקשרות.",1,LEAK,diverse_positive,ticket,medium,div_pos_46
REQ-195115 | במצגת הופיעו שמות העובדים לצורך חלוקת משימות.,0,NON_LEAK,paired_hard_negative,ticket,hard,pair_7_neg
לתיעוד פנימי - המסמך מזכיר את אסותא ואת רונית פרץ וכולל גם אבחנה של סוכרת.,1,LEAK,paired_hard_positive,memo,hard,pair_6_pos
"סיכום פגישה: הועבר החזר בגובה 38,085 ש""ח לחשבון 8074629039 של ניר ביטון תודה",1,LEAK,diverse_positive,meeting_note,medium,div_pos_44
"סיכום פגישה: היעד הכספי לרבעון הוא 8,012 ש""ח ולא מדובר במידע על לקוח ספציפי.",0,NON_LEAK,diverse_negative,meeting_note,hard,div_neg_39
"לתיעוד פנימי: הפגישה עם עדי שלום נקבעה ל15/4/2026 ברעננה, ובמסמך צורף גם הטלפון 0569830566.",1,LEAK,paired_hard_positive,memo,hard,pair_2_pos
שולח: בדשבורד הציבורי מופיע סטטוס כללי של פרויקט פרויקט דרור.,0,NON_LEAK,diverse_negative,chat,hard,div_neg_11
שולח: בדוח שהגיע משיבא מופיעים פרטי טיפול של דוד כהן.,1,LEAK,diverse_positive,chat,medium,div_pos_23
"נושא: מעקב
בדוח הלקוח מופיע איש קשר בשם יעל לוי.",0,NON_LEAK,paired_hard_negative,email,hard,pair_3_neg
מתוך הדוח: בדשבורד הציבורי מופיע סטטוס כללי של פרויקט פרויקט ברוש.,0,NON_LEAK,diverse_negative,report,hard,div_neg_23
מתוך הדוח: שם העובד יעל לוי מופיע במצגת הפנימית ללא פרטים נוספים.,0,NON_LEAK,diverse_negative,report,medium,div_neg_8
מתוך הדוח - הפגישה עם עדי שלום נקבעה ל8/5/2026 בירושלים.,0,NON_LEAK,paired_hard_negative,report,hard,pair_2_neg
"תזכורת: הועבר דוח עם רשימת לקוחות אסטרטגיים, הצעות מחיר ותנאי התקשרות",1,LEAK,diverse_positive,chat,hard,div_pos_34
תזכורת: במצגת הופיעו שמות העובדים לצד נתוני שכר ובונוסים.,1,LEAK,paired_hard_positive,chat,hard,pair_7_pos
"נושא: טיפול
המסמך מזכיר את אסותא ואת טל אוחנה בהקשר אדמיניסטרטיבי.",0,NON_LEAK,paired_hard_negative,email,hard,pair_6_neg
מתוך הדוח: הצוות דן בהשקת שירות אביב ביום 14/8/2026 במסמך מסווג פנימי שלא נועד להפצה,1,LEAK,paired_hard_positive,report,hard,pair_4_pos
לתיעוד פנימי - במצגת הופיעו שמות העובדים לצורך חלוקת משימות.,0,NON_LEAK,paired_hard_negative,memo,hard,pair_7_neg
"נושא: מעקב
הפגישה עם שרון סעדה נקבעה ל10/11/2026 בהרצליה.",0,NON_LEAK,paired_hard_negative,email,hard,pair_2_neg
"מתוך הדוח: הפגישה עם אלון מלכה נקבעה ל27/8/2026 בחיפה, ובמסמך צורף גם הטלפון 0545663987.",1,LEAK,paired_hard_positive,report,hard,pair_2_pos
לתיעוד פנימי: יש לעדכן את טבלת ההזמנות עם חשבון הבנק 6011393428 של שרון סעדה.,1,LEAK,paired_hard_positive,memo,hard,pair_5_pos
מתוך הדוח: המסמך מזכיר את שיבא ואת מאיה ביטון בהקשר אדמיניסטרטיבי.,0,NON_LEAK,paired_hard_negative,report,hard,pair_6_neg
בדיקה - המערכת החדשה תושק ב1/3/2026 לפי הודעה רשמית שפורסמה לכלל העובדים.,0,NON_LEAK,diverse_negative,chat,hard,div_neg_58
לתיעוד פנימי: הפגישה עם ניר ביטון נקבעה ל28/2/2026 בהרצליה.,0,NON_LEAK,paired_hard_negative,memo,hard,pair_2_neg
מתוך הדוח: הפגישה עם מנהל פיתוח תתקיים ביום ראשון בחיפה. תודה,0,NON_LEAK,diverse_negative,report,medium,div_neg_23
סיכום פגישה: לצורך זיהוי מול הספק הועבר מספר הזהות של משה אוחנה: 086134789.,1,LEAK,diverse_positive,meeting_note,hard,div_pos_58
סיכום פגישה - הועבר סיכום על הילה חדד שעובד בשופרסל במודיעין.,0,NON_LEAK,paired_hard_negative,meeting_note,hard,pair_1_neg
INC-094765 | המסמך מזכיר את איכילוב ואת ניר ביטון בהקשר אדמיניסטרטיבי.,0,NON_LEAK,paired_hard_negative,ticket,hard,pair_6_neg
לתיעוד פנימי: המערכת החדשה תושק ב23/1/2026 לפי הודעה רשמית שפורסמה לכלל העובדים.,0,NON_LEAK,diverse_negative,memo,hard,div_neg_48
"לתיעוד פנימי: בנספח מופיעים פרטי החשבון של דנה דנינו: מזרחי טפחות, חשבון 7259014395",1,LEAK,diverse_positive,memo,hard,div_pos_51
"בדיקה - פרטי הקשר של יעל לוי - מייל yael.levi@mail.com, טלפון 0518166553.",1,LEAK,diverse_positive,chat,medium,div_pos_56
סיכום פגישה - הסיסמה הזמנית לחשבון של יעל לוי היא Welcome2026! ויש להחליף אותה מיד.,1,LEAK,diverse_positive,meeting_note,medium,div_pos_6
"INC-480188 | בנספח מופיעים פרטי החשבון של הילה חדד - בנק לאומי, חשבון 6946829866.",1,LEAK,diverse_positive,ticket,medium,div_pos_40
מתוך הדוח: יש לעדכן את טבלת ההזמנות עם מזהה פנימי 9086813053.,0,NON_LEAK,paired_hard_negative,report,hard,pair_5_neg
"נושא: עדכון
המסמך מזכיר את אסותא ואת אילן שבתאי וכולל גם אבחנה של סוכרת",1,LEAK,paired_hard_positive,email,hard,pair_6_pos
שולח - בדוח הלקוח מופיע איש קשר בשם שירה אברהם.,0,NON_LEAK,paired_hard_negative,chat,hard,pair_3_neg
"נושא: עדכון
בדוח משאבי האנוש מופיעים נתוני השכר של ניר ביטון עבור חודש מרץ. תודה",1,LEAK,diverse_positive,email,medium,div_pos_55
"FIN-681664 | הועבר החזר בגובה 27,485 ש""ח לחשבון 8765942274 של יעל לוי.",1,LEAK,diverse_positive,ticket,hard,div_pos_38
"לתיעוד פנימי: הפגישה עם ניר ביטון נקבעה ל11/7/2026 ברעננה, ובמסמך צורף גם הטלפון 0565587842",1,LEAK,paired_hard_positive,memo,hard,pair_2_pos
"INC-460291 | הועבר דוח עם רשימת לקוחות אסטרטגיים, הצעות מחיר ותנאי התקשרות.",1,LEAK,diverse_positive,ticket,medium,div_pos_31
מתוך הדוח: הפגישה עם איתי פרץ נקבעה ל4/1/2026 במודיעין.,0,NON_LEAK,paired_hard_negative,report,hard,pair_2_neg
מתוך הדוח - יש לעדכן את טבלת ההזמנות עם חשבון הבנק 7048476347 של איתי פרץ.,1,LEAK,paired_hard_positive,report,hard,pair_5_pos
"לתיעוד פנימי: פרטי הקשר של דנה דנינו: מייל dana.danino@gmail.com, טלפון 0504263003.",1,LEAK,diverse_positive,memo,hard,div_pos_3
לתיעוד פנימי - המסמך מזכיר את סורוקה ואת עמית אלקיים בהקשר אדמיניסטרטיבי.,0,NON_LEAK,paired_hard_negative,memo,hard,pair_6_neg
"נושא: בקשה
הצוות עבר לשלב בדיקות אינטגרציה ונדרש לעדכן סטטוס עד סוף היום",0,NON_LEAK,diverse_negative,email,hard,div_neg_18
סיכום פגישה: במצגת הופיעו שמות העובדים לצד נתוני שכר ובונוסים.,1,LEAK,paired_hard_positive,meeting_note,hard,pair_7_pos
סיכום פגישה: נא לשמור על סודיות: תוכנית ההשקה של גרסה 4.2 וקוד השם מבצע שקמה מצורפים.,1,LEAK,diverse_positive,meeting_note,medium,div_pos_29
לתיעוד פנימי: הצוות עבר לשלב בדיקות אינטגרציה ונדרש לעדכן סטטוס עד סוף היום.,0,NON_LEAK,diverse_negative,memo,hard,div_neg_37
לתיעוד פנימי: בדוח משאבי האנוש מופיעים נתוני השכר של יעל לוי עבור חודש מרץ.,1,LEAK,diverse_positive,memo,hard,div_pos_26
סיכום פגישה - המערכת החדשה תושק ב16/7/2026 לפי הודעה רשמית שפורסמה לכלל העובדים,0,NON_LEAK,diverse_negative,meeting_note,medium,div_neg_26
מתוך הדוח - הצוות עבר לשלב בדיקות אינטגרציה ונדרש לעדכן סטטוס עד סוף היום,0,NON_LEAK,diverse_negative,report,medium,div_neg_34
תזכורת: בדוח שהגיע מאסותא מופיעים פרטי טיפול של איתי פרץ.,1,LEAK,diverse_positive,chat,hard,div_pos_16
תזכורת: יש לעדכן את טבלת ההזמנות עם מזהה פנימי 6520289041.,0,NON_LEAK,paired_hard_negative,chat,hard,pair_5_neg
SR-616860 | יש לעדכן את טבלת ההזמנות עם מזהה פנימי 7215926169,0,NON_LEAK,paired_hard_negative,ticket,hard,pair_5_neg
"נושא: טיפול
הועבר החזר בגובה 12,879 ש""ח לחשבון 7727131985 של רונית פרץ. תודה",1,LEAK,diverse_positive,email,medium,div_pos_15
"לתיעוד פנימי: בדוח מופיע רק שם החברה קופת חולים כללית ותאריך יעד 12/2/2026, ללא מידע אישי",0,NON_LEAK,diverse_negative,memo,hard,div_neg_29
REQ-490766 | הצוות דן בהשקת פלטפורמת ארז ביום 5/12/2026.,0,NON_LEAK,paired_hard_negative,ticket,hard,pair_4_neg
INC-515902 | בדוח הלקוח מופיע איש קשר בשם רונית פרץ יחד עם כתובת המייל ronit.peretz@outlook.com.,1,LEAK,paired_hard_positive,ticket,hard,pair_3_pos
שולח: במצגת הופיעו שמות העובדים לצד נתוני שכר ובונוסים. תודה,1,LEAK,paired_hard_positive,chat,hard,pair_7_pos
לתיעוד פנימי: יש לעדכן את טבלת ההזמנות עם חשבון הבנק 6989968324 של איתי פרץ.,1,LEAK,paired_hard_positive,memo,hard,pair_5_pos
"נושא: בקשה
לצורך זיהוי מול הספק הועבר מספר הזהות של ליאור מלכה: 546714979.",1,LEAK,diverse_positive,email,medium,div_pos_14
"נושא: עדכון
המערכת החדשה תושק ב15/6/2026 לפי הודעה רשמית שפורסמה לכלל העובדים.",0,NON_LEAK,diverse_negative,email,medium,div_neg_59
סיכום פגישה: הצוות דן בהשקת מוצר אופק ביום 27/5/2026,0,NON_LEAK,paired_hard_negative,meeting_note,hard,pair_4_neg
"סיכום פגישה: בנספח מופיעים פרטי החשבון של יעל לוי: מזרחי טפחות, חשבון 4250979491",1,LEAK,diverse_positive,meeting_note,hard,div_pos_53
"שולח: הועבר דוח עם רשימת לקוחות אסטרטגיים, הצעות מחיר ותנאי התקשרות.",1,LEAK,diverse_positive,chat,medium,div_pos_18
"נושא - טיפול
הועבר דוח עם רשימת לקוחות אסטרטגיים, הצעות מחיר ותנאי התקשרות",1,LEAK,diverse_positive,email,medium,div_pos_42
שולח: הצוות דן בהשקת גרסה 4.2 ביום 25/7/2026.,0,NON_LEAK,paired_hard_negative,chat,hard,pair_4_neg
שולח: הועבר סיכום על אילן שבתאי שעובד במכבי שירותי בריאות בחיפה.,0,NON_LEAK,paired_hard_negative,chat,hard,pair_1_neg
"נושא: טיפול
המערכת החדשה תושק ב2/8/2026 לפי הודעה רשמית שפורסמה לכלל העובדים.",0,NON_LEAK,diverse_negative,email,hard,div_neg_38
"תזכורת: הפגישה עם מיכל כהן נקבעה ל21/3/2026 בנתניה, ובמסמך צורף גם הטלפון 0566834469",1,LEAK,paired_hard_positive,chat,hard,pair_2_pos
"לתיעוד פנימי: בדוח מופיע רק שם החברה אינטל ותאריך יעד 3/8/2026, ללא מידע אישי.",0,NON_LEAK,diverse_negative,memo,hard,div_neg_40
שולח: הצוות דן בהשקת פרויקט נוגה ביום 25/8/2026 במסמך מסווג פנימי שלא נועד להפצה.,1,LEAK,paired_hard_positive,chat,hard,pair_4_pos
מתוך הדוח - בדוח שהגיע משיבא מופיעים פרטי טיפול של עמית אלקיים. תודה,1,LEAK,diverse_positive,report,hard,div_pos_30
לתיעוד פנימי - המסמך מזכיר את סורוקה ואת הילה חדד בהקשר אדמיניסטרטיבי.,0,NON_LEAK,paired_hard_negative,memo,hard,pair_6_neg
מתוך הדוח: בדוח הלקוח מופיע איש קשר בשם מיכל כהן יחד עם כתובת המייל michal.cohen@company.co.il.,1,LEAK,paired_hard_positive,report,hard,pair_3_pos
"לתיעוד פנימי: הועבר החזר בגובה 29,272 ש""ח לחשבון 6232670497 של אילן שבתאי.",1,LEAK,diverse_positive,memo,hard,div_pos_15
"נושא: בקשה
הפגישה עם מנהל מוצר תתקיים ביום ראשון בהרצליה.",0,NON_LEAK,diverse_negative,email,hard,div_neg_18
מתוך הדוח: בדוח הלקוח מופיע איש קשר בשם עמית אלקיים יחד עם כתובת המייל amit.elkayim@outlook.com. תודה,1,LEAK,paired_hard_positive,report,hard,pair_3_pos
"FIN-733975 | הקובץ מכיל שם משתמש, סיסמה וגישה לסביבת הייצור. תודה",1,LEAK,diverse_positive,ticket,medium,div_pos_20
לתיעוד פנימי: הצוות דן בהשקת גרסה 4.2 ביום 14/9/2026 במסמך מסווג פנימי שלא נועד להפצה.,1,LEAK,paired_hard_positive,memo,hard,pair_4_pos
סיכום פגישה: בדוח הלקוח מופיע איש קשר בשם שירה אברהם יחד עם כתובת המייל shira.avraham@gmail.com.,1,LEAK,paired_hard_positive,meeting_note,hard,pair_3_pos
"לתיעוד פנימי: הועבר סיכום על ניר ביטון שעובד באלביט בהרצליה, כולל מספר הזהות 589086320.",1,LEAK,paired_hard_positive,memo,hard,pair_1_pos
"מתוך הדוח: הועבר סיכום על קרן אמסלם שעובד בבנק הפועלים באשדוד, כולל מספר הזהות 973423899. תודה",1,LEAK,paired_hard_positive,report,hard,pair_1_pos
"נושא: מעקב
יש לעדכן את טבלת ההזמנות עם חשבון הבנק 2828585254 של ליאור מלכה",1,LEAK,paired_hard_positive,email,hard,pair_5_pos
FIN-261982 | יש לעדכן את טבלת ההזמנות עם חשבון הבנק 0716649227 של רונית פרץ,1,LEAK,paired_hard_positive,ticket,hard,pair_5_pos
סיכום פגישה: יש לעדכן את טבלת ההזמנות עם מזהה פנימי 7343284423. תודה,0,NON_LEAK,paired_hard_negative,meeting_note,hard,pair_5_neg
"נושא - מעקב
המסמך מזכיר את רמב""ם ואת דוד כהן וכולל גם אבחנה של סוכרת.",1,LEAK,paired_hard_positive,email,hard,pair_6_pos
"לתיעוד פנימי: היעד הכספי לרבעון הוא 14,281 ש""ח ולא מדובר במידע על לקוח ספציפי.",0,NON_LEAK,diverse_negative,memo,hard,div_neg_11
סיכום פגישה: הסיסמה הזמנית לחשבון של טל אוחנה היא Welcome2026! ויש להחליף אותה מיד.,1,LEAK,diverse_positive,meeting_note,medium,div_pos_6
"בדיקה: היעד הכספי לרבעון הוא 38,515 ש""ח ולא מדובר במידע על לקוח ספציפי.",0,NON_LEAK,diverse_negative,chat,hard,div_neg_53
סיכום פגישה: הצוות עבר לשלב בדיקות אינטגרציה ונדרש לעדכן סטטוס עד סוף היום,0,NON_LEAK,diverse_negative,meeting_note,medium,div_neg_3
סיכום פגישה: בדוח שהגיע משיבא מופיעים פרטי טיפול של דנה דנינו.,1,LEAK,diverse_positive,meeting_note,hard,div_pos_22
לתיעוד פנימי: במצגת הופיעו שמות העובדים לצד נתוני שכר ובונוסים.,1,LEAK,paired_hard_positive,memo,hard,pair_7_pos
"מתוך הדוח: הפגישה עם יעל לוי נקבעה ל27/2/2026 בנתניה, ובמסמך צורף גם הטלפון 0559277212.",1,LEAK,paired_hard_positive,report,hard,pair_2_pos
"HR-242063 | הועבר סיכום על טל אוחנה שעובד בשטראוס באשדוד, כולל מספר הזהות 056300394.",1,LEAK,paired_hard_positive,ticket,hard,pair_1_pos
"בדיקה: הועבר דוח עם רשימת לקוחות אסטרטגיים, הצעות מחיר ותנאי התקשרות.",1,LEAK,diverse_positive,chat,medium,div_pos_6
"סיכום פגישה: הלקוח ביקש עדכון על הפרויקט, אבל לא נשלחו פרטי קשר או מזהים",0,NON_LEAK,diverse_negative,meeting_note,hard,div_neg_7
סיכום פגישה - הצוות דן בהשקת פרויקט נוגה ביום 15/7/2026,0,NON_LEAK,paired_hard_negative,meeting_note,hard,pair_4_neg
"מתוך הדוח: הלקוח ביקש עדכון על הפרויקט, אבל לא נשלחו פרטי קשר או מזהים.",0,NON_LEAK,diverse_negative,report,medium,div_neg_16
"לתיעוד פנימי: פרטי הקשר של הילה חדד: מייל hilahadad@orgcoil, טלפון 0586697975",1,LEAK,diverse_positive,memo,medium,div_pos_38
FIN-105580 | המסמך מזכיר את אסותא ואת אלון מלכה וכולל גם אבחנה של אלרגיה חריפה.,1,LEAK,paired_hard_positive,ticket,hard,pair_6_pos
REQ-599878 | בדוח הלקוח מופיע איש קשר בשם שרון סעדה יחד עם כתובת המייל sharon.saada@gmail.com.,1,LEAK,paired_hard_positive,ticket,hard,pair_3_pos
"לתיעוד פנימי: הקובץ מכיל שם משתמש, סיסמה וגישה לסביבת הייצור.",1,LEAK,diverse_positive,memo,hard,div_pos_6
"נושא - בקשה
בדשבורד הציבורי מופיע סטטוס כללי של פרויקט מבצע שקמה.",0,NON_LEAK,diverse_negative,email,medium,div_neg_52
"נושא: מעקב
יש לעדכן את טבלת ההזמנות עם חשבון הבנק 9769911892 של ניר ביטון.",1,LEAK,paired_hard_positive,email,hard,pair_5_pos
"HR-024698 | פרטי הקשר של יואב לוי: מייל yoav.levi@outlook.com, טלפון 0511700539.",1,LEAK,diverse_positive,ticket,medium,div_pos_34
לתיעוד פנימי: במצגת הופיעו שמות העובדים לצד נתוני שכר ובונוסים.,1,LEAK,paired_hard_positive,memo,hard,pair_7_pos
תזכורת: הצוות דן בהשקת גרסה 4.2 ביום 14/2/2026 במסמך מסווג פנימי שלא נועד להפצה.,1,LEAK,paired_hard_positive,chat,hard,pair_4_pos
לתיעוד פנימי: הסיסמה הזמנית לחשבון של יעל לוי היא Welcome2026! ויש להחליף אותה מיד,1,LEAK,diverse_positive,memo,medium,div_pos_9
"שולח: הלקוח ביקש עדכון על הפרויקט, אבל לא נשלחו פרטי קשר או מזהים",0,NON_LEAK,diverse_negative,chat,medium,div_neg_19
"נושא: מעקב
בדוח שהגיע מסורוקה מופיעים פרטי טיפול של דוד כהן",1,LEAK,diverse_positive,email,medium,div_pos_26
בדיקה: שם העובד הילה חדד מופיע במצגת הפנימית ללא פרטים נוספים,0,NON_LEAK,diverse_negative,chat,hard,div_neg_40
FIN-415551 | בדוח שהגיע מאסותא מופיעים פרטי טיפול של דוד כהן,1,LEAK,diverse_positive,ticket,hard,div_pos_6
"נושא: בקשה
הפגישה עם נועה מזרחי נקבעה ל18/12/2026 בהרצליה.",0,NON_LEAK,paired_hard_negative,email,hard,pair_2_neg
"לתיעוד פנימי - הועבר דוח עם רשימת לקוחות אסטרטגיים, הצעות מחיר ותנאי התקשרות",1,LEAK,diverse_positive,memo,medium,div_pos_14
עדכון - יש לעדכן את טבלת ההזמנות עם חשבון הבנק 3237130397 של ליאור מלכה.,1,LEAK,paired_hard_positive,chat,hard,pair_5_pos
HR-388366 | יש לעדכן את טבלת ההזמנות עם חשבון הבנק 0322464119 של רון חדד.,1,LEAK,paired_hard_positive,ticket,hard,pair_5_pos
"נושא: בקשה
המסמך מזכיר את אסותא ואת יעל לוי וכולל גם אבחנה של לחץ דם גבוה.",1,LEAK,paired_hard_positive,email,hard,pair_6_pos
"סיכום פגישה: במסמך המצורף אין מידע אישי, רק סיכום משימות והחלטות. תודה",0,NON_LEAK,diverse_negative,meeting_note,medium,div_neg_54
"לתיעוד פנימי - הפגישה עם איתי פרץ נקבעה ל10/9/2026 במודיעין, ובמסמך צורף גם הטלפון 0589184283.",1,LEAK,paired_hard_positive,memo,hard,pair_2_pos
מתוך הדוח: הצוות דן בהשקת שירות אביב ביום 11/7/2026 במסמך מסווג פנימי שלא נועד להפצה.,1,LEAK,paired_hard_positive,report,hard,pair_4_pos
לתיעוד פנימי: במצגת הופיעו שמות העובדים לצורך חלוקת משימות,0,NON_LEAK,paired_hard_negative,memo,hard,pair_7_neg
"FIN-874332 | הועבר דוח עם רשימת לקוחות אסטרטגיים, הצעות מחיר ותנאי התקשרות. תודה",1,LEAK,diverse_positive,ticket,hard,div_pos_20
סיכום פגישה: הצוות דן בהשקת מערכת קשת ביום 14/4/2026,0,NON_LEAK,paired_hard_negative,meeting_note,hard,pair_4_neg
מתוך הדוח - לצורך זיהוי מול הספק הועבר מספר הזהות של שרון סעדה - 155228362.,1,LEAK,diverse_positive,report,hard,div_pos_51
"בדיקה: בנספח מופיעים פרטי החשבון של קרן אמסלם: מזרחי טפחות, חשבון 5032703441",1,LEAK,diverse_positive,chat,medium,div_pos_1
לתיעוד פנימי: מספר הקריאה הוא FIN-988426 ויש לעקוב אחריו מול מכירות תודה,0,NON_LEAK,diverse_negative,memo,medium,div_neg_49
"נושא - טיפול
הקובץ מכיל שם משתמש, סיסמה וגישה לסביבת הייצור.",1,LEAK,diverse_positive,email,hard,div_pos_0
"שולח: פרטי הקשר של מאיה ביטון: מייל maya.biton@example.co.il, טלפון 0543918122.",1,LEAK,diverse_positive,chat,hard,div_pos_8
סיכום פגישה: הסיסמה הזמנית לחשבון של הילה חדד היא Welcome2026! ויש להחליף אותה מיד תודה,1,LEAK,diverse_positive,meeting_note,medium,div_pos_20
מתוך הדוח: הצוות דן בהשקת מערכת קשת ביום 10/10/2026.,0,NON_LEAK,paired_hard_negative,report,hard,pair_4_neg
"עדכון: בנספח מופיעים פרטי החשבון של אורן אברהם: דיסקונט, חשבון 1924055925.",1,LEAK,diverse_positive,chat,hard,div_pos_35
"לתיעוד פנימי: בנספח מופיעים פרטי החשבון של אלון מלכה: בנק הפועלים, חשבון 2928634084.",1,LEAK,diverse_positive,memo,hard,div_pos_28
INC-697514 | הצוות דן בהשקת פרויקט נוגה ביום 10/8/2026,0,NON_LEAK,paired_hard_negative,ticket,hard,pair_4_neg
"נושא: טיפול
בדוח משאבי האנוש מופיעים נתוני השכר של אלון מלכה עבור חודש מרץ.",1,LEAK,diverse_positive,email,hard,div_pos_31
"REQ-321476 | הועבר החזר בגובה 8,355 ש""ח לחשבון 6239496937 של אורן אברהם.",1,LEAK,diverse_positive,ticket,hard,div_pos_7
REQ-078452 | שם העובד עדי שלום מופיע במצגת הפנימית ללא פרטים נוספים.,0,NON_LEAK,diverse_negative,ticket,medium,div_neg_53
בדיקה: לצורך זיהוי מול הספק הועבר מספר הזהות של קרן אמסלם: 967263614.,1,LEAK,diverse_positive,chat,medium,div_pos_41
"מתוך הדוח - המסמך מזכיר את רמב""ם ואת קרן אמסלם וכולל גם אבחנה של דלקת ריאות",1,LEAK,paired_hard_positive,report,hard,pair_6_pos
בדיקה - בדוח הלקוח מופיע איש קשר בשם אילן שבתאי יחד עם כתובת המייל ilan.shabtai@org.co.il. תודה,1,LEAK,paired_hard_positive,chat,hard,pair_3_pos
"נושא: עדכון
המערכת החדשה תושק ב19/10/2026 לפי הודעה רשמית שפורסמה לכלל העובדים.",0,NON_LEAK,diverse_negative,email,hard,div_neg_8
"נושא: מעקב
בדוח הלקוח מופיע איש קשר בשם מאיה ביטון יחד עם כתובת המייל maya.biton@gmail.com.",1,LEAK,paired_hard_positive,email,hard,pair_3_pos
"נושא - טיפול
הועבר סיכום על אלון מלכה שעובד בבנק לאומי בירושלים",0,NON_LEAK,paired_hard_negative,email,hard,pair_1_neg
מתוך הדוח: הפגישה עם דוד כהן נקבעה ל7/11/2026 בתל אביב.,0,NON_LEAK,paired_hard_negative,report,hard,pair_2_neg
"שולח - בדוח שהגיע מרמב""ם מופיעים פרטי טיפול של הילה חדד.",1,LEAK,diverse_positive,chat,hard,div_pos_11
"מתוך הדוח: הועבר החזר בגובה 4,458 ש""ח לחשבון 8200041016 של שירה אברהם.",1,LEAK,diverse_positive,report,hard,div_pos_50
"סיכום פגישה: הועבר דוח עם רשימת לקוחות אסטרטגיים, הצעות מחיר ותנאי התקשרות.",1,LEAK,diverse_positive,meeting_note,medium,div_pos_3
לתיעוד פנימי: לצורך זיהוי מול הספק הועבר מספר הזהות של שרון סעדה: 639668990.,1,LEAK,diverse_positive,memo,hard,div_pos_40
"מתוך הדוח: פרטי הקשר של יואב לוי: מייל yoav.levi@outlook.com, טלפון 0531276605.",1,LEAK,diverse_positive,report,medium,div_pos_34
"נושא: עדכון
בדוח שהגיע מאיכילוב מופיעים פרטי טיפול של אורן אברהם. תודה",1,LEAK,diverse_positive,email,hard,div_pos_0
"HR-086815 | הקובץ מכיל שם משתמש, סיסמה וגישה לסביבת הייצור",1,LEAK,diverse_positive,ticket,hard,div_pos_51
סיכום פגישה: המסמך מזכיר את סורוקה ואת נועה מזרחי בהקשר אדמיניסטרטיבי.,0,NON_LEAK,paired_hard_negative,meeting_note,hard,pair_6_neg
"לתיעוד פנימי: הועבר החזר בגובה 29,950 ש""ח לחשבון 9034101494 של הילה חדד",1,LEAK,diverse_positive,memo,hard,div_pos_17
מתוך הדוח: במצגת הופיעו שמות העובדים לצד נתוני שכר ובונוסים,1,LEAK,paired_hard_positive,report,hard,pair_7_pos
עדכון: המסמך מזכיר את אסותא ואת מאיה ביטון וכולל גם אבחנה של דלקת ריאות.,1,LEAK,paired_hard_positive,chat,hard,pair_6_pos
שולח - שם העובד יואב לוי מופיע במצגת הפנימית ללא פרטים נוספים.,0,NON_LEAK,diverse_negative,chat,medium,div_neg_1
"עדכון: הועבר החזר בגובה 7,705 ש""ח לחשבון 5950425821 של יואב לוי.",1,LEAK,diverse_positive,chat,hard,div_pos_33
לתיעוד פנימי: בדוח משאבי האנוש מופיעים נתוני השכר של נועה מזרחי עבור חודש מרץ.,1,LEAK,diverse_positive,memo,hard,div_pos_53
"נושא - טיפול
פרטי הקשר של רון חדד - מייל ron.hadad@mail.com, טלפון 0529722885.",1,LEAK,diverse_positive,email,hard,div_pos_51
מתוך הדוח: הפגישה עם חשב שכר תתקיים ביום ראשון בירושלים.,0,NON_LEAK,diverse_negative,report,hard,div_neg_0
"סיכום פגישה: בדוח מופיע רק שם החברה צ'ק פוינט ותאריך יעד 8/8/2026, ללא מידע אישי.",0,NON_LEAK,diverse_negative,meeting_note,hard,div_neg_19
"נושא - עדכון
הועבר החזר בגובה 13,636 ש""ח לחשבון 3777411684 של טל אוחנה",1,LEAK,diverse_positive,email,medium,div_pos_7
"נושא: בקשה
הועבר סיכום על ליאור מלכה שעובד בצ'ק פוינט בנתניה.",0,NON_LEAK,paired_hard_negative,email,hard,pair_1_neg
"נושא: עדכון
הקובץ מכיל שם משתמש, סיסמה וגישה לסביבת הייצור.",1,LEAK,diverse_positive,email,medium,div_pos_40
HR-404863 | הצוות דן בהשקת שירות אביב ביום 5/2/2026 במסמך מסווג פנימי שלא נועד להפצה,1,LEAK,paired_hard_positive,ticket,hard,pair_4_pos
"סיכום פגישה - בנספח מופיעים פרטי החשבון של שירה אברהם - דיסקונט, חשבון 4825648330.",1,LEAK,diverse_positive,meeting_note,hard,div_pos_17
"מתוך הדוח: הקובץ מכיל שם משתמש, סיסמה וגישה לסביבת הייצור. תודה",1,LEAK,diverse_positive,report,medium,div_pos_10
תזכורת: הצוות דן בהשקת מודול ברק ביום 10/2/2026 במסמך מסווג פנימי שלא נועד להפצה.,1,LEAK,paired_hard_positive,chat,hard,pair_4_pos
סיכום פגישה: בדוח הלקוח מופיע איש קשר בשם דנה דנינו יחד עם כתובת המייל danadanino@companycoil,1,LEAK,paired_hard_positive,meeting_note,hard,pair_3_pos
"REQ-433423 | המסמך מזכיר את רמב""ם ואת מיכל כהן בהקשר אדמיניסטרטיבי תודה",0,NON_LEAK,paired_hard_negative,ticket,hard,pair_6_neg
"מתוך הדוח: פרטי הקשר של רון חדד: מייל ronhadad@examplecoil, טלפון 0560894260",1,LEAK,diverse_positive,report,hard,div_pos_59
מתוך הדוח: הצוות עבר לשלב בדיקות אינטגרציה ונדרש לעדכן סטטוס עד סוף היום.,0,NON_LEAK,diverse_negative,report,hard,div_neg_42
"סיכום פגישה: הפגישה עם יעל לוי נקבעה ל25/6/2026 בבאר שבע, ובמסמך צורף גם הטלפון 0534764080.",1,LEAK,paired_hard_positive,meeting_note,hard,pair_2_pos
מתוך הדוח: הצוות דן בהשקת פלטפורמת ארז ביום 24/2/2026 במסמך מסווג פנימי שלא נועד להפצה,1,LEAK,paired_hard_positive,report,hard,pair_4_pos
FIN-265101 | בדוח הלקוח מופיע איש קשר בשם אילן שבתאי.,0,NON_LEAK,paired_hard_negative,ticket,hard,pair_3_neg
מתוך הדוח: המסמך מזכיר את איכילוב ואת ליאור מלכה בהקשר אדמיניסטרטיבי תודה,0,NON_LEAK,paired_hard_negative,report,hard,pair_6_neg
INC-908933 | המסמך מזכיר את סורוקה ואת עמית אלקיים וכולל גם אבחנה של פציעת גב,1,LEAK,paired_hard_positive,ticket,hard,pair_6_pos
"FIN-766510 | הועבר סיכום על רונית פרץ שעובד בגוגל ישראל בנתניה, כולל מספר הזהות 789362397.",1,LEAK,paired_hard_positive,ticket,hard,pair_1_pos
"נושא: בקשה
בדשבורד הציבורי מופיע סטטוס כללי של פרויקט פרויקט דרור.",0,NON_LEAK,diverse_negative,email,hard,div_neg_50
"עדכון: במסמך המצורף אין מידע אישי, רק סיכום משימות והחלטות. תודה",0,NON_LEAK,diverse_negative,chat,medium,div_neg_17
"נושא: עדכון
הפגישה עם טל אוחנה נקבעה ל14/5/2026 בנתניה, ובמסמך צורף גם הטלפון 0582006752.",1,LEAK,paired_hard_positive,email,hard,pair_2_pos
מתוך הדוח: הפגישה עם ראש צוות תתקיים ביום ראשון ברעננה.,0,NON_LEAK,diverse_negative,report,hard,div_neg_58
לתיעוד פנימי: בדוח שהגיע משיבא מופיעים פרטי טיפול של שירה אברהם.,1,LEAK,diverse_positive,memo,hard,div_pos_0
FIN-691723 | המסמך מזכיר את שיבא ואת ליאור מלכה וכולל גם אבחנה של סוכרת,1,LEAK,paired_hard_positive,ticket,hard,pair_6_pos
מתוך הדוח: הפגישה עם עדי שלום נקבעה ל8/7/2026 בהרצליה,0,NON_LEAK,paired_hard_negative,report,hard,pair_2_neg
מתוך הדוח: במצגת הופיעו שמות העובדים לצד נתוני שכר ובונוסים,1,LEAK,paired_hard_positive,report,hard,pair_7_pos
מתוך הדוח - הסיסמה הזמנית לחשבון של יעל לוי היא Welcome2026! ויש להחליף אותה מיד.,1,LEAK,diverse_positive,report,medium,div_pos_40
"נושא - בקשה
הועבר דוח עם רשימת לקוחות אסטרטגיים, הצעות מחיר ותנאי התקשרות",1,LEAK,diverse_positive,email,hard,div_pos_21
מתוך הדוח: בדוח שהגיע מאיכילוב מופיעים פרטי טיפול של מיכל כהן,1,LEAK,diverse_positive,report,medium,div_pos_48
לתיעוד פנימי: הפגישה עם מנהל פיתוח תתקיים ביום ראשון במודיעין. תודה,0,NON_LEAK,diverse_negative,memo,medium,div_neg_8
"SR-565142 | הלקוח ביקש עדכון על הפרויקט, אבל לא נשלחו פרטי קשר או מזהים.",0,NON_LEAK,diverse_negative,ticket,hard,div_neg_29
מתוך הדוח: שם העובד אילן שבתאי מופיע במצגת הפנימית ללא פרטים נוספים.,0,NON_LEAK,diverse_negative,report,medium,div_neg_57
לתיעוד פנימי: יש לעדכן את טבלת ההזמנות עם מזהה פנימי 2911779692.,0,NON_LEAK,paired_hard_negative,memo,hard,pair_5_neg
"HR-585639 | הועבר סיכום על יעל לוי שעובד בבזק באשדוד, כולל מספר הזהות 575117104.",1,LEAK,paired_hard_positive,ticket,hard,pair_1_pos
"סיכום פגישה: היעד הכספי לרבעון הוא 3,285 ש""ח ולא מדובר במידע על לקוח ספציפי. תודה",0,NON_LEAK,diverse_negative,meeting_note,hard,div_neg_57
"נושא - בקשה
במצגת הופיעו שמות העובדים לצורך חלוקת משימות.",0,NON_LEAK,paired_hard_negative,email,hard,pair_7_neg
לתיעוד פנימי - המסמך מזכיר את איכילוב ואת עמית אלקיים בהקשר אדמיניסטרטיבי.,0,NON_LEAK,paired_hard_negative,memo,hard,pair_6_neg
בדיקה: מספר הקריאה הוא FIN-338163 ויש לעקוב אחריו מול רכש תודה,0,NON_LEAK,diverse_negative,chat,medium,div_neg_17
לתיעוד פנימי: יש לעדכן את טבלת ההזמנות עם מזהה פנימי 1310322055.,0,NON_LEAK,paired_hard_negative,memo,hard,pair_5_neg
מתוך הדוח: יש לעדכן את טבלת ההזמנות עם מזהה פנימי 2515606928.,0,NON_LEAK,paired_hard_negative,report,hard,pair_5_neg
סיכום פגישה: המסמך מזכיר את שיבא ואת אלון מלכה וכולל גם אבחנה של חרדה תודה,1,LEAK,paired_hard_positive,meeting_note,hard,pair_6_pos
"נושא: מעקב
הפגישה עם שירה אברהם נקבעה ל18/1/2026 בירושלים, ובמסמך צורף גם הטלפון 0521445713.",1,LEAK,paired_hard_positive,email,hard,pair_2_pos
סיכום פגישה: הצוות דן בהשקת פלטפורמת ארז ביום 6/4/2026.,0,NON_LEAK,paired_hard_negative,meeting_note,hard,pair_4_neg
"נושא - טיפול
בדוח שהגיע מרמב""ם מופיעים פרטי טיפול של אילן שבתאי.",1,LEAK,diverse_positive,email,hard,div_pos_4
"SR-512800 | הועבר סיכום על דוד כהן שעובד בקופת חולים כללית במודיעין, כולל מספר הזהות 164452785.",1,LEAK,paired_hard_positive,ticket,hard,pair_1_pos
סיכום פגישה: בדשבורד הציבורי מופיע סטטוס כללי של פרויקט פרויקט ברוש. תודה,0,NON_LEAK,diverse_negative,meeting_note,medium,div_neg_31
"לתיעוד פנימי: הקובץ מכיל שם משתמש, סיסמה וגישה לסביבת הייצור.",1,LEAK,diverse_positive,memo,hard,div_pos_16
לתיעוד פנימי - המסמך מזכיר את איכילוב ואת דוד כהן וכולל גם אבחנה של פציעת גב.,1,LEAK,paired_hard_positive,memo,hard,pair_6_pos
מתוך הדוח: נא לשמור על סודיות: תוכנית ההשקה של גרסה 4.2 וקוד השם פרויקט ברוש מצורפים.,1,LEAK,diverse_positive,report,hard,div_pos_14
"SR-472140 | בדוח מופיע רק שם החברה Amdocs ותאריך יעד 4/5/2026, ללא מידע אישי.",0,NON_LEAK,diverse_negative,ticket,medium,div_neg_55
"נושא: מעקב
בנספח מופיעים פרטי החשבון של משה אוחנה: בנק הפועלים, חשבון 7227222161.",1,LEAK,diverse_positive,email,hard,div_pos_2
"נושא: טיפול
הלקוח ביקש עדכון על הפרויקט, אבל לא נשלחו פרטי קשר או מזהים.",0,NON_LEAK,diverse_negative,email,hard,div_neg_14
לתיעוד פנימי: שם העובד שרון סעדה מופיע במצגת הפנימית ללא פרטים נוספים.,0,NON_LEAK,diverse_negative,memo,medium,div_neg_21
FIN-109644 | המסמך מזכיר את איכילוב ואת איתי פרץ וכולל גם אבחנה של לחץ דם גבוה,1,LEAK,paired_hard_positive,ticket,hard,pair_6_pos
מתוך הדוח - במצגת הופיעו שמות העובדים לצורך חלוקת משימות.,0,NON_LEAK,paired_hard_negative,report,hard,pair_7_neg
"נושא: טיפול
המערכת החדשה תושק ב6/8/2026 לפי הודעה רשמית שפורסמה לכלל העובדים",0,NON_LEAK,diverse_negative,email,hard,div_neg_48
HR-076323 | הצוות עבר לשלב בדיקות אינטגרציה ונדרש לעדכן סטטוס עד סוף היום תודה,0,NON_LEAK,diverse_negative,ticket,hard,div_neg_54
מתוך הדוח - בדוח הלקוח מופיע איש קשר בשם יואב לוי יחד עם כתובת המייל yoav.levi@outlook.com.,1,LEAK,paired_hard_positive,report,hard,pair_3_pos
"נושא: מעקב
הועבר החזר בגובה 8,030 ש""ח לחשבון 4268304246 של יואב לוי",1,LEAK,diverse_positive,email,hard,div_pos_52
לתיעוד פנימי - נא לשמור על סודיות - תוכנית ההשקה של שירות אביב וקוד השם פרויקט דרור מצורפים.,1,LEAK,diverse_positive,memo,medium,div_pos_10
"לתיעוד פנימי: הועבר סיכום על נועה מזרחי שעובד בבזק בפתח תקווה, כולל מספר הזהות 549714145. תודה",1,LEAK,paired_hard_positive,memo,hard,pair_1_pos
סיכום פגישה: במצגת הופיעו שמות העובדים לצורך חלוקת משימות.,0,NON_LEAK,paired_hard_negative,meeting_note,hard,pair_7_neg
סיכום פגישה: בדוח הלקוח מופיע איש קשר בשם ניר ביטון יחד עם כתובת המייל nirbiton@orgcoil,1,LEAK,paired_hard_positive,meeting_note,hard,pair_3_pos
"INC-400022 | הקובץ מכיל שם משתמש, סיסמה וגישה לסביבת הייצור.",1,LEAK,diverse_positive,ticket,hard,div_pos_33
לתיעוד פנימי: הצוות דן בהשקת מוצר הדס ביום 6/3/2026.,0,NON_LEAK,paired_hard_negative,memo,hard,pair_4_neg
"נושא: מעקב
הועבר סיכום על אורן אברהם שעובד בבנק הפועלים בהרצליה. תודה",0,NON_LEAK,paired_hard_negative,email,hard,pair_1_neg
"סיכום פגישה: בדוח מופיע רק שם החברה אינטל ותאריך יעד 17/9/2026, ללא מידע אישי.",0,NON_LEAK,diverse_negative,meeting_note,hard,div_neg_29
"סיכום פגישה: המסמך מזכיר את רמב""ם ואת יואב לוי וכולל גם אבחנה של פציעת גב",1,LEAK,paired_hard_positive,meeting_note,hard,pair_6_pos
HR-824462 | הצוות עבר לשלב בדיקות אינטגרציה ונדרש לעדכן סטטוס עד סוף היום.,0,NON_LEAK,diverse_negative,ticket,hard,div_neg_29
"נושא: טיפול
במסמך המצורף אין מידע אישי, רק סיכום משימות והחלטות.",0,NON_LEAK,diverse_negative,email,medium,div_neg_15
"מתוך הדוח: הועבר החזר בגובה 37,886 ש""ח לחשבון 1304908174 של הילה חדד.",1,LEAK,diverse_positive,report,medium,div_pos_22
לתיעוד פנימי: יש לעדכן את טבלת ההזמנות עם חשבון הבנק 8058819024 של מאיה ביטון.,1,LEAK,paired_hard_positive,memo,hard,pair_5_pos
"שולח: הועבר סיכום על רונית פרץ שעובד בצ'ק פוינט באשדוד, כולל מספר הזהות 828912598 תודה",1,LEAK,paired_hard_positive,chat,hard,pair_1_pos
SR-061988 | המסמך מזכיר את אסותא ואת מיכל כהן בהקשר אדמיניסטרטיבי.,0,NON_LEAK,paired_hard_negative,ticket,hard,pair_6_neg
"סיכום פגישה: הקובץ מכיל שם משתמש, סיסמה וגישה לסביבת הייצור.",1,LEAK,diverse_positive,meeting_note,hard,div_pos_35
"נושא: טיפול
מספר הקריאה הוא FIN-261659 ויש לעקוב אחריו מול שיווק",0,NON_LEAK,diverse_negative,email,hard,div_neg_7
סיכום פגישה: יש לעדכן את טבלת ההזמנות עם מזהה פנימי 2459579558,0,NON_LEAK,paired_hard_negative,meeting_note,hard,pair_5_neg
"עדכון: בנספח מופיעים פרטי החשבון של אילן שבתאי: בנק לאומי, חשבון 4429310568.",1,LEAK,diverse_positive,chat,hard,div_pos_59
"REQ-476620 | הלקוח ביקש עדכון על הפרויקט, אבל לא נשלחו פרטי קשר או מזהים",0,NON_LEAK,diverse_negative,ticket,hard,div_neg_54
לתיעוד פנימי: מספר הקריאה הוא HR-850572 ויש לעקוב אחריו מול כספים,0,NON_LEAK,diverse_negative,memo,medium,div_neg_52
FIN-769123 | לצורך זיהוי מול הספק הועבר מספר הזהות של ליאור מלכה: 990401079.,1,LEAK,diverse_positive,ticket,hard,div_pos_20
SR-645892 | הצוות דן בהשקת גרסה 4.2 ביום 5/4/2026.,0,NON_LEAK,paired_hard_negative,ticket,hard,pair_4_neg
"עדכון - הועבר החזר בגובה 4,567 ש""ח לחשבון 0664249901 של ליאור מלכה.",1,LEAK,diverse_positive,chat,hard,div_pos_53
סיכום פגישה: בדוח הלקוח מופיע איש קשר בשם ליאור מלכה.,0,NON_LEAK,paired_hard_negative,meeting_note,hard,pair_3_neg
"לתיעוד פנימי: בנספח מופיעים פרטי החשבון של עדי שלום: מזרחי טפחות, חשבון 7201965102. תודה",1,LEAK,diverse_positive,memo,medium,div_pos_25
REQ-991584 | הסיסמה הזמנית לחשבון של דנה דנינו היא Welcome2026! ויש להחליף אותה מיד,1,LEAK,diverse_positive,ticket,medium,div_pos_45
סיכום פגישה: הצוות עבר לשלב בדיקות אינטגרציה ונדרש לעדכן סטטוס עד סוף היום. תודה,0,NON_LEAK,diverse_negative,meeting_note,hard,div_neg_59
"נושא: בקשה
נא לשמור על סודיות: תוכנית ההשקה של מערכת קשת וקוד השם מיזם תמר מצורפים.",1,LEAK,diverse_positive,email,hard,div_pos_36
לתיעוד פנימי: בדוח הלקוח מופיע איש קשר בשם ניר ביטון,0,NON_LEAK,paired_hard_negative,memo,hard,pair_3_neg
SR-986505 | יש לעדכן את טבלת ההזמנות עם מזהה פנימי 1417353138.,0,NON_LEAK,paired_hard_negative,ticket,hard,pair_5_neg
"עדכון: הלקוח ביקש עדכון על הפרויקט, אבל לא נשלחו פרטי קשר או מזהים.",0,NON_LEAK,diverse_negative,chat,hard,div_neg_18
מתוך הדוח: בדוח הלקוח מופיע איש קשר בשם עמית אלקיים יחד עם כתובת המייל amitelkayim@orgcoil,1,LEAK,paired_hard_positive,report,hard,pair_3_pos
"סיכום פגישה: הלקוח ביקש עדכון על הפרויקט, אבל לא נשלחו פרטי קשר או מזהים",0,NON_LEAK,diverse_negative,meeting_note,medium,div_neg_17
HR-809840 | נא לשמור על סודיות: תוכנית ההשקה של מודול ברק וקוד השם תוכנית רימון מצורפים.,1,LEAK,diverse_positive,ticket,medium,div_pos_6
מתוך הדוח - במצגת הופיעו שמות העובדים לצורך חלוקת משימות תודה,0,NON_LEAK,paired_hard_negative,report,hard,pair_7_neg
"נושא: בקשה
בדוח שהגיע מרמב""ם מופיעים פרטי טיפול של איתי פרץ.",1,LEAK,diverse_positive,email,hard,div_pos_18
סיכום פגישה: בדוח הלקוח מופיע איש קשר בשם ניר ביטון.,0,NON_LEAK,paired_hard_negative,meeting_note,hard,pair_3_neg
"נושא: טיפול
הלקוח ביקש עדכון על הפרויקט, אבל לא נשלחו פרטי קשר או מזהים.",0,NON_LEAK,diverse_negative,email,medium,div_neg_35
"מתוך הדוח - הועבר סיכום על שירה אברהם שעובד בקופת חולים כללית במודיעין, כולל מספר הזהות 471754402.",1,LEAK,paired_hard_positive,report,hard,pair_1_pos
"עדכון: פרטי הקשר של הילה חדד: מייל hila.hadad@outlook.com, טלפון 0576006738.",1,LEAK,diverse_positive,chat,medium,div_pos_9
"נושא: בקשה
הועבר החזר בגובה 24,361 ש""ח לחשבון 7415651619 של שרון סעדה תודה",1,LEAK,diverse_positive,email,hard,div_pos_5
מתוך הדוח: המערכת החדשה תושק ב23/12/2026 לפי הודעה רשמית שפורסמה לכלל העובדים.,0,NON_LEAK,diverse_negative,report,hard,div_neg_37
סיכום פגישה: הצוות דן בהשקת גרסה 42 ביום 8/9/2026,0,NON_LEAK,paired_hard_negative,meeting_note,hard,pair_4_neg
"נושא: מעקב
הפגישה עם חשב שכר תתקיים ביום ראשון בבאר שבע.",0,NON_LEAK,diverse_negative,email,medium,div_neg_6
SR-055721 | הפגישה עם ליאור מלכה נקבעה ל11/9/2026 בבאר שבע.,0,NON_LEAK,paired_hard_negative,ticket,hard,pair_2_neg
"נושא: טיפול
הועבר החזר בגובה 12,479 ש""ח לחשבון 5173090130 של יעל לוי.",1,LEAK,diverse_positive,email,medium,div_pos_3
"מתוך הדוח: פרטי הקשר של אילן שבתאי: מייל ilan.shabtai@mail.com, טלפון 0558492970.",1,LEAK,diverse_positive,report,hard,div_pos_29
מתוך הדוח - נא לשמור על סודיות - תוכנית ההשקה של מודול ברק וקוד השם מיזם תמר מצורפים. תודה,1,LEAK,diverse_positive,report,hard,div_pos_47
עדכון: במצגת הופיעו שמות העובדים לצד נתוני שכר ובונוסים.,1,LEAK,paired_hard_positive,chat,hard,pair_7_pos
מתוך הדוח - בדוח הלקוח מופיע איש קשר בשם ניר ביטון יחד עם כתובת המייל nir.biton@gmail.com.,1,LEAK,paired_hard_positive,report,hard,pair_3_pos
"נושא: מעקב
הצוות דן בהשקת מודול ברק ביום 20/2/2026 במסמך מסווג פנימי שלא נועד להפצה.",1,LEAK,paired_hard_positive,email,hard,pair_4_pos
סיכום פגישה: הועבר סיכום על שרון סעדה שעובד בבנק הפועלים ברעננה.,0,NON_LEAK,paired_hard_negative,meeting_note,hard,pair_1_neg
סיכום פגישה: המסמך מזכיר את אסותא ואת יעל לוי וכולל גם אבחנה של דלקת ריאות.,1,LEAK,paired_hard_positive,meeting_note,hard,pair_6_pos
סיכום פגישה: המסמך מזכיר את שיבא ואת טל אוחנה וכולל גם אבחנה של אלרגיה חריפה.,1,LEAK,paired_hard_positive,meeting_note,hard,pair_6_pos
מתוך הדוח - נא לשמור על סודיות - תוכנית ההשקה של מודול ברק וקוד השם פרויקט דרור מצורפים.,1,LEAK,diverse_positive,report,medium,div_pos_1
"נושא: עדכון
המסמך מזכיר את שיבא ואת עדי שלום וכולל גם אבחנה של פציעת גב.",1,LEAK,paired_hard_positive,email,hard,pair_6_pos
לתיעוד פנימי: יש לעדכן את טבלת ההזמנות עם חשבון הבנק 9295824356 של מאיה ביטון,1,LEAK,paired_hard_positive,memo,hard,pair_5_pos
"נושא: עדכון
היעד הכספי לרבעון הוא 9,660 ש""ח ולא מדובר במידע על לקוח ספציפי. תודה",0,NON_LEAK,diverse_negative,email,medium,div_neg_15
FIN-854776 | הצוות דן בהשקת פרויקט נוגה ביום 27/3/2026.,0,NON_LEAK,paired_hard_negative,ticket,hard,pair_4_neg
בדיקה: הסיסמה הזמנית לחשבון של שירה אברהם היא Welcome2026! ויש להחליף אותה מיד. תודה,1,LEAK,diverse_positive,chat,medium,div_pos_39
"נושא - מעקב
המסמך מזכיר את איכילוב ואת מאיה ביטון בהקשר אדמיניסטרטיבי",0,NON_LEAK,paired_hard_negative,email,hard,pair_6_neg
לתיעוד פנימי - במצגת הופיעו שמות העובדים לצד נתוני שכר ובונוסים,1,LEAK,paired_hard_positive,memo,hard,pair_7_pos
"מתוך הדוח: בדוח מופיע רק שם החברה בנק הפועלים ותאריך יעד 9/2/2026, ללא מידע אישי",0,NON_LEAK,diverse_negative,report,medium,div_neg_50
סיכום פגישה: המסמך מזכיר את שיבא ואת אלון מלכה בהקשר אדמיניסטרטיבי.,0,NON_LEAK,paired_hard_negative,meeting_note,hard,pair_6_neg
סיכום פגישה: המסמך מזכיר את אסותא ואת דוד כהן בהקשר אדמיניסטרטיבי.,0,NON_LEAK,paired_hard_negative,meeting_note,hard,pair_6_neg
סיכום פגישה - בדוח הלקוח מופיע איש קשר בשם רונית פרץ.,0,NON_LEAK,paired_hard_negative,meeting_note,hard,pair_3_neg
מתוך הדוח: הצוות דן בהשקת מערכת קשת ביום 27/4/2026 במסמך מסווג פנימי שלא נועד להפצה,1,LEAK,paired_hard_positive,report,hard,pair_4_pos
"מתוך הדוח: פרטי הקשר של נועה מזרחי: מייל noa.mizrahi@gmail.com, טלפון 0576750743. תודה",1,LEAK,diverse_positive,report,hard,div_pos_27
לתיעוד פנימי: הצוות דן בהשקת גרסה 4.2 ביום 19/10/2026.,0,NON_LEAK,paired_hard_negative,memo,hard,pair_4_neg
"נושא: בקשה
יש לעדכן את טבלת ההזמנות עם מזהה פנימי 5164843432.",0,NON_LEAK,paired_hard_negative,email,hard,pair_5_neg
"לתיעוד פנימי: בנספח מופיעים פרטי החשבון של אילן שבתאי: בנק הפועלים, חשבון 9366263875",1,LEAK,diverse_positive,memo,hard,div_pos_4
"SR-403783 | המסמך מזכיר את רמב""ם ואת יואב לוי וכולל גם אבחנה של חרדה.",1,LEAK,paired_hard_positive,ticket,hard,pair_6_pos
"מתוך הדוח: הועבר סיכום על דנה דנינו שעובד בAmdocs במודיעין, כולל מספר הזהות 313325640.",1,LEAK,paired_hard_positive,report,hard,pair_1_pos
"נושא: טיפול
בנספח מופיעים פרטי החשבון של ליאור מלכה: בנק לאומי, חשבון 6095372733 תודה",1,LEAK,diverse_positive,email,hard,div_pos_13
"תזכורת: הועבר דוח עם רשימת לקוחות אסטרטגיים, הצעות מחיר ותנאי התקשרות",1,LEAK,diverse_positive,chat,medium,div_pos_44
שולח: שם העובד טל אוחנה מופיע במצגת הפנימית ללא פרטים נוספים.,0,NON_LEAK,diverse_negative,chat,hard,div_neg_22
"סיכום פגישה: הועבר סיכום על אילן שבתאי שעובד בקופת חולים כללית בחיפה, כולל מספר הזהות 452786553.",1,LEAK,paired_hard_positive,meeting_note,hard,pair_1_pos
HR-781462 | המסמך מזכיר את איכילוב ואת שרון סעדה בהקשר אדמיניסטרטיבי.,0,NON_LEAK,paired_hard_negative,ticket,hard,pair_6_neg
בדיקה: המערכת החדשה תושק ב10/8/2026 לפי הודעה רשמית שפורסמה לכלל העובדים.,0,NON_LEAK,diverse_negative,chat,medium,div_neg_19
סיכום פגישה: הועבר סיכום על ניר ביטון שעובד בצ'ק פוינט בנתניה.,0,NON_LEAK,paired_hard_negative,meeting_note,hard,pair_1_neg
SR-166205 | נא לשמור על סודיות: תוכנית ההשקה של פרויקט נוגה וקוד השם מיזם תמר מצורפים. תודה,1,LEAK,diverse_positive,ticket,hard,div_pos_11
"סיכום פגישה - הקובץ מכיל שם משתמש, סיסמה וגישה לסביבת הייצור.",1,LEAK,diverse_positive,meeting_note,hard,div_pos_15
"נושא: בקשה
פרטי הקשר של איתי פרץ: מייל itay.peretz@outlook.com, טלפון 0570460109.",1,LEAK,diverse_positive,email,medium,div_pos_17
HR-389751 | המסמך מזכיר את איכילוב ואת יואב לוי וכולל גם אבחנה של סוכרת. תודה,1,LEAK,paired_hard_positive,ticket,hard,pair_6_pos
עדכון: בדוח הלקוח מופיע איש קשר בשם ניר ביטון יחד עם כתובת המייל nirbiton@mailcom,1,LEAK,paired_hard_positive,chat,hard,pair_3_pos
"נושא - מעקב
בדוח הלקוח מופיע איש קשר בשם איתי פרץ יחד עם כתובת המייל itayperetz@gmailcom תודה",1,LEAK,paired_hard_positive,email,hard,pair_3_pos
FIN-457822 | הפגישה עם מנהל פיתוח תתקיים ביום ראשון בירושלים תודה,0,NON_LEAK,diverse_negative,ticket,hard,div_neg_36
"REQ-414718 | היעד הכספי לרבעון הוא 2,023 ש""ח ולא מדובר במידע על לקוח ספציפי.",0,NON_LEAK,diverse_negative,ticket,hard,div_neg_3
INC-709096 | יש לעדכן את טבלת ההזמנות עם חשבון הבנק 9813718582 של ניר ביטון,1,LEAK,paired_hard_positive,ticket,hard,pair_5_pos
סיכום פגישה: הצוות עבר לשלב בדיקות אינטגרציה ונדרש לעדכן סטטוס עד סוף היום.,0,NON_LEAK,diverse_negative,meeting_note,hard,div_neg_17
מתוך הדוח: יש לעדכן את טבלת ההזמנות עם חשבון הבנק 3242710526 של רון חדד,1,LEAK,paired_hard_positive,report,hard,pair_5_pos
HR-519494 | בדוח הלקוח מופיע איש קשר בשם אלון מלכה.,0,NON_LEAK,paired_hard_negative,ticket,hard,pair_3_neg
תזכורת: הצוות דן בהשקת פלטפורמת ארז ביום 10/1/2026 במסמך מסווג פנימי שלא נועד להפצה.,1,LEAK,paired_hard_positive,chat,hard,pair_4_pos
סיכום פגישה - יש לעדכן את טבלת ההזמנות עם חשבון הבנק 1296139293 של טל אוחנה.,1,LEAK,paired_hard_positive,meeting_note,hard,pair_5_pos
לתיעוד פנימי: יש לעדכן את טבלת ההזמנות עם מזהה פנימי 9599929318.,0,NON_LEAK,paired_hard_negative,memo,hard,pair_5_neg
"נושא: עדכון
בדוח מופיע רק שם החברה קופת חולים כללית ותאריך יעד 27/8/2026, ללא מידע אישי.",0,NON_LEAK,diverse_negative,email,medium,div_neg_46
"נושא - בקשה
הפגישה עם נועה מזרחי נקבעה ל18/10/2026 בבאר שבע.",0,NON_LEAK,paired_hard_negative,email,hard,pair_2_neg
"סיכום פגישה: הועבר החזר בגובה 5,396 ש""ח לחשבון 6727328780 של יואב לוי",1,LEAK,diverse_positive,meeting_note,medium,div_pos_17
"נושא - בקשה
יש לעדכן את טבלת ההזמנות עם חשבון הבנק 9626128684 של ליאור מלכה",1,LEAK,paired_hard_positive,email,hard,pair_5_pos
HR-516420 | יש לעדכן את טבלת ההזמנות עם חשבון הבנק 6586204686 של עדי שלום.,1,LEAK,paired_hard_positive,ticket,hard,pair_5_pos
SR-050115 | במצגת הופיעו שמות העובדים לצורך חלוקת משימות.,0,NON_LEAK,paired_hard_negative,ticket,hard,pair_7_neg
לתיעוד פנימי: בדוח שהגיע משיבא מופיעים פרטי טיפול של איתי פרץ.,1,LEAK,diverse_positive,memo,medium,div_pos_38
"תזכורת - הפגישה עם שרון סעדה נקבעה ל24/1/2026 בבאר שבע, ובמסמך צורף גם הטלפון 0561059913.",1,LEAK,paired_hard_positive,chat,hard,pair_2_pos
מתוך הדוח: במצגת הופיעו שמות העובדים לצד נתוני שכר ובונוסים.,1,LEAK,paired_hard_positive,report,hard,pair_7_pos
"שולח: הפגישה עם מנכ""ל תתקיים ביום ראשון בחיפה.",0,NON_LEAK,diverse_negative,chat,medium,div_neg_31
לתיעוד פנימי: בדוח הלקוח מופיע איש קשר בשם מיכל כהן יחד עם כתובת המייל michalcohen@mailcom,1,LEAK,paired_hard_positive,memo,hard,pair_3_pos
FIN-206119 | במצגת הופיעו שמות העובדים לצורך חלוקת משימות.,0,NON_LEAK,paired_hard_negative,ticket,hard,pair_7_neg
סיכום פגישה: במצגת הופיעו שמות העובדים לצד נתוני שכר ובונוסים. תודה,1,LEAK,paired_hard_positive,meeting_note,hard,pair_7_pos
"סיכום פגישה: הועבר סיכום על רון חדד שעובד בAmdocs בנתניה, כולל מספר הזהות 098198706.",1,LEAK,paired_hard_positive,meeting_note,hard,pair_1_pos
עדכון: בדשבורד הציבורי מופיע סטטוס כללי של פרויקט פרויקט דרור.,0,NON_LEAK,diverse_negative,chat,medium,div_neg_34
"נושא: טיפול
לצורך זיהוי מול הספק הועבר מספר הזהות של טל אוחנה: 004044459. תודה",1,LEAK,diverse_positive,email,hard,div_pos_58
"נושא: בקשה
בדוח הלקוח מופיע איש קשר בשם נועה מזרחי.",0,NON_LEAK,paired_hard_negative,email,hard,pair_3_neg
לתיעוד פנימי: הצוות עבר לשלב בדיקות אינטגרציה ונדרש לעדכן סטטוס עד סוף היום,0,NON_LEAK,diverse_negative,memo,hard,div_neg_56
לתיעוד פנימי: שם העובד משה אוחנה מופיע במצגת הפנימית ללא פרטים נוספים.,0,NON_LEAK,diverse_negative,memo,hard,div_neg_31
עדכון: בדוח הלקוח מופיע איש קשר בשם קרן אמסלם.,0,NON_LEAK,paired_hard_negative,chat,hard,pair_3_neg
"סיכום פגישה: הועבר סיכום על אילן שבתאי שעובד בצ'ק פוינט בתל אביב, כולל מספר הזהות 909756331",1,LEAK,paired_hard_positive,meeting_note,hard,pair_1_pos
שולח: נא לשמור על סודיות: תוכנית ההשקה של מוצר אופק וקוד השם פרויקט ברוש מצורפים.,1,LEAK,diverse_positive,chat,medium,div_pos_19
"שולח: הועבר החזר בגובה 18,624 ש""ח לחשבון 0931755359 של עדי שלום.",1,LEAK,diverse_positive,chat,hard,div_pos_28
לתיעוד פנימי - הצוות דן בהשקת שירות אביב ביום 22/1/2026 במסמך מסווג פנימי שלא נועד להפצה.,1,LEAK,paired_hard_positive,memo,hard,pair_4_pos
סיכום פגישה: הצוות דן בהשקת פרויקט נוגה ביום 13/11/2026.,0,NON_LEAK,paired_hard_negative,meeting_note,hard,pair_4_neg
לתיעוד פנימי - נא לשמור על סודיות - תוכנית ההשקה של שירות אביב וקוד השם פרויקט ברוש מצורפים.,1,LEAK,diverse_positive,memo,medium,div_pos_54
"סיכום פגישה: בדוח מופיע רק שם החברה מכבי שירותי בריאות ותאריך יעד 16/11/2026, ללא מידע אישי.",0,NON_LEAK,diverse_negative,meeting_note,hard,div_neg_19
"REQ-859951 | הלקוח ביקש עדכון על הפרויקט, אבל לא נשלחו פרטי קשר או מזהים.",0,NON_LEAK,diverse_negative,ticket,hard,div_neg_47
מתוך הדוח - במצגת הופיעו שמות העובדים לצד נתוני שכר ובונוסים.,1,LEAK,paired_hard_positive,report,hard,pair_7_pos
FIN-471438 | לצורך זיהוי מול הספק הועבר מספר הזהות של דוד כהן - 814484747.,1,LEAK,diverse_positive,ticket,medium,div_pos_0
"מתוך הדוח: במסמך המצורף אין מידע אישי, רק סיכום משימות והחלטות.",0,NON_LEAK,diverse_negative,report,hard,div_neg_20
מתוך הדוח: הועבר סיכום על ליאור מלכה שעובד ברפאל בהרצליה.,0,NON_LEAK,paired_hard_negative,report,hard,pair_1_neg
"נושא: בקשה
הצוות דן בהשקת מודול ברק ביום 5/5/2026.",0,NON_LEAK,paired_hard_negative,email,hard,pair_4_neg
"נושא: מעקב
בדשבורד הציבורי מופיע סטטוס כללי של פרויקט פרויקט דרור.",0,NON_LEAK,diverse_negative,email,medium,div_neg_6
סיכום פגישה: מספר הקריאה הוא FIN-449289 ויש לעקוב אחריו מול שירות לקוחות,0,NON_LEAK,diverse_negative,meeting_note,hard,div_neg_30
"נושא - בקשה
בדוח הלקוח מופיע איש קשר בשם הילה חדד יחד עם כתובת המייל hila.hadad@example.co.il.",1,LEAK,paired_hard_positive,email,hard,pair_3_pos
תזכורת: שם העובד יואב לוי מופיע במצגת הפנימית ללא פרטים נוספים.,0,NON_LEAK,diverse_negative,chat,hard,div_neg_25
"מתוך הדוח: בנספח מופיעים פרטי החשבון של משה אוחנה: מזרחי טפחות, חשבון 1722912971.",1,LEAK,diverse_positive,report,medium,div_pos_7
"INC-070827 | הקובץ מכיל שם משתמש, סיסמה וגישה לסביבת הייצור.",1,LEAK,diverse_positive,ticket,hard,div_pos_8
"לתיעוד פנימי: הפגישה עם רונית פרץ נקבעה ל4/1/2026 בחיפה, ובמסמך צורף גם הטלפון 0530829404.",1,LEAK,paired_hard_positive,memo,hard,pair_2_pos
סיכום פגישה - במצגת הופיעו שמות העובדים לצד נתוני שכר ובונוסים.,1,LEAK,paired_hard_positive,meeting_note,hard,pair_7_pos
שולח: מספר הקריאה הוא REQ-735492 ויש לעקוב אחריו מול שיווק.,0,NON_LEAK,diverse_negative,chat,medium,div_neg_24
סיכום פגישה - הצוות דן בהשקת גרסה 4.2 ביום 26/8/2026 במסמך מסווג פנימי שלא נועד להפצה.,1,LEAK,paired_hard_positive,meeting_note,hard,pair_4_pos
"נושא - מעקב
הצוות דן בהשקת שירות אביב ביום 12/8/2026 במסמך מסווג פנימי שלא נועד להפצה",1,LEAK,paired_hard_positive,email,hard,pair_4_pos
מתוך הדוח: הצוות דן בהשקת גרסה 4.2 ביום 27/2/2026 במסמך מסווג פנימי שלא נועד להפצה. תודה,1,LEAK,paired_hard_positive,report,hard,pair_4_pos
סיכום פגישה: במצגת הופיעו שמות העובדים לצורך חלוקת משימות.,0,NON_LEAK,paired_hard_negative,meeting_note,hard,pair_7_neg
לתיעוד פנימי: הצוות דן בהשקת מודול ברק ביום 3/4/2026,0,NON_LEAK,paired_hard_negative,memo,hard,pair_4_neg
SR-599781 | הצוות דן בהשקת מוצר אופק ביום 20/3/2026.,0,NON_LEAK,paired_hard_negative,ticket,hard,pair_4_neg
לתיעוד פנימי: הצוות דן בהשקת מערכת קשת ביום 1/2/2026.,0,NON_LEAK,paired_hard_negative,memo,hard,pair_4_neg
"לתיעוד פנימי: הפגישה עם יואב לוי נקבעה ל17/7/2026 באשדוד, ובמסמך צורף גם הטלפון 0521418106.",1,LEAK,paired_hard_positive,memo,hard,pair_2_pos
"שולח: הועבר דוח עם רשימת לקוחות אסטרטגיים, הצעות מחיר ותנאי התקשרות.",1,LEAK,diverse_positive,chat,hard,div_pos_51
"לתיעוד פנימי: במסמך המצורף אין מידע אישי, רק סיכום משימות והחלטות.",0,NON_LEAK,diverse_negative,memo,hard,div_neg_22
"נושא: בקשה
יש לעדכן את טבלת ההזמנות עם מזהה פנימי 1035622797",0,NON_LEAK,paired_hard_negative,email,hard,pair_5_neg
לתיעוד פנימי: המערכת החדשה תושק ב5/11/2026 לפי הודעה רשמית שפורסמה לכלל העובדים,0,NON_LEAK,diverse_negative,memo,medium,div_neg_48
סיכום פגישה: בדוח הלקוח מופיע איש קשר בשם מיכל כהן יחד עם כתובת המייל michalcohen@gmailcom,1,LEAK,paired_hard_positive,meeting_note,hard,pair_3_pos
לתיעוד פנימי: בדשבורד הציבורי מופיע סטטוס כללי של פרויקט תוכנית רימון.,0,NON_LEAK,diverse_negative,memo,hard,div_neg_20
לתיעוד פנימי: הסיסמה הזמנית לחשבון של עדי שלום היא Welcome2026! ויש להחליף אותה מיד.,1,LEAK,diverse_positive,memo,hard,div_pos_27
"לתיעוד פנימי - הפגישה עם אורן אברהם נקבעה ל19/1/2026 בתל אביב, ובמסמך צורף גם הטלפון 0545091811.",1,LEAK,paired_hard_positive,memo,hard,pair_2_pos
"נושא - מעקב
היעד הכספי לרבעון הוא 40,426 ש""ח ולא מדובר במידע על לקוח ספציפי.",0,NON_LEAK,diverse_negative,email,medium,div_neg_49
"נושא: טיפול
הפגישה עם מאיה ביטון נקבעה ל5/3/2026 ברעננה, ובמסמך צורף גם הטלפון 0569564206.",1,LEAK,paired_hard_positive,email,hard,pair_2_pos
מתוך הדוח - בדוח הלקוח מופיע איש קשר בשם יואב לוי יחד עם כתובת המייל yoavlevi@mailcom,1,LEAK,paired_hard_positive,report,hard,pair_3_pos
"נושא: עדכון
הועבר סיכום על משה אוחנה שעובד ברפאל בהרצליה, כולל מספר הזהות 098310234",1,LEAK,paired_hard_positive,email,hard,pair_1_pos
"נושא: מעקב
הפגישה עם ליאור מלכה נקבעה ל23/1/2026 באשדוד, ובמסמך צורף גם הטלפון 0504462468.",1,LEAK,paired_hard_positive,email,hard,pair_2_pos
סיכום פגישה: במצגת הופיעו שמות העובדים לצד נתוני שכר ובונוסים.,1,LEAK,paired_hard_positive,meeting_note,hard,pair_7_pos
לתיעוד פנימי: בדשבורד הציבורי מופיע סטטוס כללי של פרויקט תוכנית רימון.,0,NON_LEAK,diverse_negative,memo,medium,div_neg_30
סיכום פגישה: יש לעדכן את טבלת ההזמנות עם מזהה פנימי 6622125108.,0,NON_LEAK,paired_hard_negative,meeting_note,hard,pair_5_neg
לתיעוד פנימי - במצגת הופיעו שמות העובדים לצד נתוני שכר ובונוסים.,1,LEAK,paired_hard_positive,memo,hard,pair_7_pos
SR-465049 | המסמך מזכיר את איכילוב ואת איתי פרץ בהקשר אדמיניסטרטיבי.,0,NON_LEAK,paired_hard_negative,ticket,hard,pair_6_neg
REQ-292953 | נא לשמור על סודיות: תוכנית ההשקה של שירות אביב וקוד השם מבצע שקמה מצורפים,1,LEAK,diverse_positive,ticket,hard,div_pos_35
תזכורת: הועבר סיכום על אלון מלכה שעובד ברפאל במודיעין. תודה,0,NON_LEAK,paired_hard_negative,chat,hard,pair_1_neg
מתוך הדוח: הצוות עבר לשלב בדיקות אינטגרציה ונדרש לעדכן סטטוס עד סוף היום.,0,NON_LEAK,diverse_negative,report,hard,div_neg_23
סיכום פגישה: יש לעדכן את טבלת ההזמנות עם מזהה פנימי 9891624470.,0,NON_LEAK,paired_hard_negative,meeting_note,hard,pair_5_neg
תזכורת: יש לעדכן את טבלת ההזמנות עם מזהה פנימי 8871152485.,0,NON_LEAK,paired_hard_negative,chat,hard,pair_5_neg
"SR-687390 | הועבר דוח עם רשימת לקוחות אסטרטגיים, הצעות מחיר ותנאי התקשרות.",1,LEAK,diverse_positive,ticket,medium,div_pos_21
"סיכום פגישה: בדוח מופיע רק שם החברה בנק לאומי ותאריך יעד 22/8/2026, ללא מידע אישי.",0,NON_LEAK,diverse_negative,meeting_note,hard,div_neg_42
"סיכום פגישה: הפגישה עם רונית פרץ נקבעה ל21/9/2026 בחיפה, ובמסמך צורף גם הטלפון 0581101898.",1,LEAK,paired_hard_positive,meeting_note,hard,pair_2_pos
INC-134610 | הצוות דן בהשקת מוצר הדס ביום 5/11/2026.,0,NON_LEAK,paired_hard_negative,ticket,hard,pair_4_neg
סיכום פגישה: הועבר סיכום על ליאור מלכה שעובד ברפאל בנתניה,0,NON_LEAK,paired_hard_negative,meeting_note,hard,pair_1_neg
שולח: לצורך זיהוי מול הספק הועבר מספר הזהות של טל אוחנה: 921202343.,1,LEAK,diverse_positive,chat,medium,div_pos_15
שולח: הצוות דן בהשקת גרסה 4.2 ביום 21/4/2026 במסמך מסווג פנימי שלא נועד להפצה.,1,LEAK,paired_hard_positive,chat,hard,pair_4_pos
מתוך הדוח: במצגת הופיעו שמות העובדים לצורך חלוקת משימות.,0,NON_LEAK,paired_hard_negative,report,hard,pair_7_neg
"מתוך הדוח: פרטי הקשר של אילן שבתאי: מייל ilan.shabtai@company.co.il, טלפון 0534239201.",1,LEAK,diverse_positive,report,medium,div_pos_46
סיכום פגישה: בדוח הלקוח מופיע איש קשר בשם שירה אברהם יחד עם כתובת המייל shira.avraham@outlook.com.,1,LEAK,paired_hard_positive,meeting_note,hard,pair_3_pos
לתיעוד פנימי - במצגת הופיעו שמות העובדים לצד נתוני שכר ובונוסים. תודה,1,LEAK,paired_hard_positive,memo,hard,pair_7_pos
"לתיעוד פנימי: בדוח מופיע רק שם החברה אלביט ותאריך יעד 14/12/2026, ללא מידע אישי.",0,NON_LEAK,diverse_negative,memo,hard,div_neg_24
מתוך הדוח: המערכת החדשה תושק ב22/11/2026 לפי הודעה רשמית שפורסמה לכלל העובדים תודה,0,NON_LEAK,diverse_negative,report,medium,div_neg_13
מתוך הדוח: במצגת הופיעו שמות העובדים לצד נתוני שכר ובונוסים.,1,LEAK,paired_hard_positive,report,hard,pair_7_pos
"סיכום פגישה: בנספח מופיעים פרטי החשבון של איתי פרץ: בנק הפועלים, חשבון 3917136967.",1,LEAK,diverse_positive,meeting_note,hard,div_pos_48
תזכורת: הועבר סיכום על רון חדד שעובד ברפאל באשדוד.,0,NON_LEAK,paired_hard_negative,chat,hard,pair_1_neg
"נושא: טיפול
בנספח מופיעים פרטי החשבון של מאיה ביטון: בנק הפועלים, חשבון 2816686566",1,LEAK,diverse_positive,email,hard,div_pos_27
סיכום פגישה - יש לעדכן את טבלת ההזמנות עם חשבון הבנק 9023718343 של ליאור מלכה,1,LEAK,paired_hard_positive,meeting_note,hard,pair_5_pos
מתוך הדוח - בדוח הלקוח מופיע איש קשר בשם ליאור מלכה.,0,NON_LEAK,paired_hard_negative,report,hard,pair_3_neg
"סיכום פגישה - הפגישה עם הילה חדד נקבעה ל10/8/2026 במודיעין, ובמסמך צורף גם הטלפון 0534314533. תודה",1,LEAK,paired_hard_positive,meeting_note,hard,pair_2_pos
לתיעוד פנימי: הצוות דן בהשקת פלטפורמת ארז ביום 19/8/2026. תודה,0,NON_LEAK,paired_hard_negative,memo,hard,pair_4_neg
לתיעוד פנימי: הצוות דן בהשקת מוצר הדס ביום 3/4/2026 במסמך מסווג פנימי שלא נועד להפצה.,1,LEAK,paired_hard_positive,memo,hard,pair_4_pos
"סיכום פגישה: הועבר סיכום על רונית פרץ שעובד במכבי שירותי בריאות בחיפה, כולל מספר הזהות 357026411",1,LEAK,paired_hard_positive,meeting_note,hard,pair_1_pos
שולח: בדוח הלקוח מופיע איש קשר בשם רון חדד. תודה,0,NON_LEAK,paired_hard_negative,chat,hard,pair_3_neg
סיכום פגישה: יש לעדכן את טבלת ההזמנות עם מזהה פנימי 2062285825.,0,NON_LEAK,paired_hard_negative,meeting_note,hard,pair_5_neg
"מתוך הדוח: הועבר סיכום על דוד כהן שעובד בבנק לאומי בחיפה, כולל מספר הזהות 844334324.",1,LEAK,paired_hard_positive,report,hard,pair_1_pos
מתוך הדוח: במצגת הופיעו שמות העובדים לצורך חלוקת משימות.,0,NON_LEAK,paired_hard_negative,report,hard,pair_7_neg
מתוך הדוח: בדוח שהגיע משיבא מופיעים פרטי טיפול של מאיה ביטון.,1,LEAK,diverse_positive,report,hard,div_pos_21
מתוך הדוח - יש לעדכן את טבלת ההזמנות עם מזהה פנימי 4502294575.,0,NON_LEAK,paired_hard_negative,report,hard,pair_5_neg
לתיעוד פנימי: בדוח הלקוח מופיע איש קשר בשם רון חדד.,0,NON_LEAK,paired_hard_negative,memo,hard,pair_3_neg
לתיעוד פנימי: שם העובד אילן שבתאי מופיע במצגת הפנימית ללא פרטים נוספים.,0,NON_LEAK,diverse_negative,memo,medium,div_neg_42
"סיכום פגישה: הלקוח ביקש עדכון על הפרויקט, אבל לא נשלחו פרטי קשר או מזהים.",0,NON_LEAK,diverse_negative,meeting_note,hard,div_neg_34
FIN-488134 | בדוח הלקוח מופיע איש קשר בשם עדי שלום,0,NON_LEAK,paired_hard_negative,ticket,hard,pair_3_neg
לתיעוד פנימי - בדוח הלקוח מופיע איש קשר בשם רון חדד יחד עם כתובת המייל ron.hadad@mail.com.,1,LEAK,paired_hard_positive,memo,hard,pair_3_pos
"סיכום פגישה: הועבר סיכום על אורן אברהם שעובד בשופרסל בבאר שבע, כולל מספר הזהות 851251815",1,LEAK,paired_hard_positive,meeting_note,hard,pair_1_pos
"לתיעוד פנימי: המסמך מזכיר את רמב""ם ואת דוד כהן וכולל גם אבחנה של חרדה. תודה",1,LEAK,paired_hard_positive,memo,hard,pair_6_pos
"נושא: עדכון
הועבר החזר בגובה 6,157 ש""ח לחשבון 7552844136 של עמית אלקיים.",1,LEAK,diverse_positive,email,hard,div_pos_38
"מתוך הדוח: הועבר דוח עם רשימת לקוחות אסטרטגיים, הצעות מחיר ותנאי התקשרות.",1,LEAK,diverse_positive,report,hard,div_pos_52
בדיקה: בדוח שהגיע מסורוקה מופיעים פרטי טיפול של יואב לוי. תודה,1,LEAK,diverse_positive,chat,medium,div_pos_56
מתוך הדוח: המסמך מזכיר את שיבא ואת שירה אברהם בהקשר אדמיניסטרטיבי.,0,NON_LEAK,paired_hard_negative,report,hard,pair_6_neg
"נושא: טיפול
הפגישה עם אלון מלכה נקבעה ל23/11/2026 בירושלים.",0,NON_LEAK,paired_hard_negative,email,hard,pair_2_neg
"לתיעוד פנימי: הפגישה עם אילן שבתאי נקבעה ל23/8/2026 בתל אביב, ובמסמך צורף גם הטלפון 0524276205.",1,LEAK,paired_hard_positive,memo,hard,pair_2_pos
לתיעוד פנימי: בדוח משאבי האנוש מופיעים נתוני השכר של אילן שבתאי עבור חודש מרץ.,1,LEAK,diverse_positive,memo,hard,div_pos_26
"נושא - טיפול
הפגישה עם יעל לוי נקבעה ל7/5/2026 בנתניה, ובמסמך צורף גם הטלפון 0524471525.",1,LEAK,paired_hard_positive,email,hard,pair_2_pos
HR-451097 | בדוח הלקוח מופיע איש קשר בשם שרון סעדה.,0,NON_LEAK,paired_hard_negative,ticket,hard,pair_3_neg
"מתוך הדוח: הועבר סיכום על אורן אברהם שעובד בשטראוס ברעננה, כולל מספר הזהות 115077687",1,LEAK,paired_hard_positive,report,hard,pair_1_pos
"נושא - עדכון
שם העובד שרון סעדה מופיע במצגת הפנימית ללא פרטים נוספים.",0,NON_LEAK,diverse_negative,email,hard,div_neg_26
לתיעוד פנימי: המסמך מזכיר את איכילוב ואת אלון מלכה בהקשר אדמיניסטרטיבי.,0,NON_LEAK,paired_hard_negative,memo,hard,pair_6_neg
"REQ-530095 | הועבר סיכום על מאיה ביטון שעובד בגוגל ישראל ברעננה, כולל מספר הזהות 140250912.",1,LEAK,paired_hard_positive,ticket,hard,pair_1_pos
"מתוך הדוח: הקובץ מכיל שם משתמש, סיסמה וגישה לסביבת הייצור.",1,LEAK,diverse_positive,report,hard,div_pos_46
"לתיעוד פנימי: הקובץ מכיל שם משתמש, סיסמה וגישה לסביבת הייצור.",1,LEAK,diverse_positive,memo,medium,div_pos_57
לתיעוד פנימי: מספר הקריאה הוא HR-757818 ויש לעקוב אחריו מול אבטחת מידע.,0,NON_LEAK,diverse_negative,memo,hard,div_neg_46
סיכום פגישה: המערכת החדשה תושק ב18/3/2026 לפי הודעה רשמית שפורסמה לכלל העובדים.,0,NON_LEAK,diverse_negative,meeting_note,hard,div_neg_31
תזכורת: במצגת הופיעו שמות העובדים לצורך חלוקת משימות.,0,NON_LEAK,paired_hard_negative,chat,hard,pair_7_neg
מתוך הדוח: הפגישה עם רונית פרץ נקבעה ל8/12/2026 במודיעין.,0,NON_LEAK,paired_hard_negative,report,hard,pair_2_neg
לתיעוד פנימי: המסמך מזכיר את אסותא ואת דנה דנינו וכולל גם אבחנה של חרדה,1,LEAK,paired_hard_positive,memo,hard,pair_6_pos
תזכורת: בדוח הלקוח מופיע איש קשר בשם משה אוחנה.,0,NON_LEAK,paired_hard_negative,chat,hard,pair_3_neg
סיכום פגישה: במצגת הופיעו שמות העובדים לצורך חלוקת משימות. תודה,0,NON_LEAK,paired_hard_negative,meeting_note,hard,pair_7_neg
"לתיעוד פנימי: הפגישה עם שירה אברהם נקבעה ל10/11/2026 בירושלים, ובמסמך צורף גם הטלפון 0545664936.",1,LEAK,paired_hard_positive,memo,hard,pair_2_pos
לתיעוד פנימי - יש לעדכן את טבלת ההזמנות עם מזהה פנימי 9975311492.,0,NON_LEAK,paired_hard_negative,memo,hard,pair_5_neg
"נושא - עדכון
יש לעדכן את טבלת ההזמנות עם מזהה פנימי 3467116357.",0,NON_LEAK,paired_hard_negative,email,hard,pair_5_neg
"לתיעוד פנימי: הועבר החזר בגובה 1,983 ש""ח לחשבון 4008829117 של ליאור מלכה.",1,LEAK,diverse_positive,memo,medium,div_pos_7
"מתוך הדוח: המסמך מזכיר את רמב""ם ואת אלון מלכה וכולל גם אבחנה של אלרגיה חריפה. תודה",1,LEAK,paired_hard_positive,report,hard,pair_6_pos
HR-795823 | הועבר סיכום על שירה אברהם שעובד במכבי שירותי בריאות בחיפה.,0,NON_LEAK,paired_hard_negative,ticket,hard,pair_1_neg
"עדכון: פרטי הקשר של עדי שלום: מייל adi.shalom@mail.com, טלפון 0517360393.",1,LEAK,diverse_positive,chat,hard,div_pos_56
HR-329249 | במצגת הופיעו שמות העובדים לצד נתוני שכר ובונוסים.,1,LEAK,paired_hard_positive,ticket,hard,pair_7_pos
"סיכום פגישה: הועבר סיכום על יעל לוי שעובד בנייס בבאר שבע, כולל מספר הזהות 859141567.",1,LEAK,paired_hard_positive,meeting_note,hard,pair_1_pos
"מתוך הדוח: בדוח מופיע רק שם החברה מיקרוסופט ותאריך יעד 2/9/2026, ללא מידע אישי.",0,NON_LEAK,diverse_negative,report,hard,div_neg_14
"נושא: טיפול
בדוח שהגיע מסורוקה מופיעים פרטי טיפול של ניר ביטון.",1,LEAK,diverse_positive,email,hard,div_pos_51
"מתוך הדוח - הפגישה עם אלון מלכה נקבעה ל24/10/2026 בירושלים, ובמסמך צורף גם הטלפון 0511290659.",1,LEAK,paired_hard_positive,report,hard,pair_2_pos
"נושא - מעקב
הצוות דן בהשקת מודול ברק ביום 3/11/2026",0,NON_LEAK,paired_hard_negative,email,hard,pair_4_neg
"סיכום פגישה: הקובץ מכיל שם משתמש, סיסמה וגישה לסביבת הייצור.",1,LEAK,diverse_positive,meeting_note,medium,div_pos_7
"עדכון: הועבר דוח עם רשימת לקוחות אסטרטגיים, הצעות מחיר ותנאי התקשרות",1,LEAK,diverse_positive,chat,hard,div_pos_6
"סיכום פגישה - הועבר דוח עם רשימת לקוחות אסטרטגיים, הצעות מחיר ותנאי התקשרות.",1,LEAK,diverse_positive,meeting_note,hard,div_pos_10
"עדכון: בנספח מופיעים פרטי החשבון של רון חדד: מזרחי טפחות, חשבון 0319522641",1,LEAK,diverse_positive,chat,hard,div_pos_22
"SR-863411 | הקובץ מכיל שם משתמש, סיסמה וגישה לסביבת הייצור.",1,LEAK,diverse_positive,ticket,medium,div_pos_0
עדכון: בדוח הלקוח מופיע איש קשר בשם אלון מלכה יחד עם כתובת המייל alonmalka@companycoil תודה,1,LEAK,paired_hard_positive,chat,hard,pair_3_pos
"שולח: היעד הכספי לרבעון הוא 25,348 ש""ח ולא מדובר במידע על לקוח ספציפי.",0,NON_LEAK,diverse_negative,chat,medium,div_neg_42
"שולח: הלקוח ביקש עדכון על הפרויקט, אבל לא נשלחו פרטי קשר או מזהים.",0,NON_LEAK,diverse_negative,chat,hard,div_neg_30
"מתוך הדוח: הפגישה עם דנה דנינו נקבעה ל8/1/2026 בהרצליה, ובמסמך צורף גם הטלפון 0519653397",1,LEAK,paired_hard_positive,report,hard,pair_2_pos
מתוך הדוח: יש לעדכן את טבלת ההזמנות עם מזהה פנימי 8018164044 תודה,0,NON_LEAK,paired_hard_negative,report,hard,pair_5_neg
"נושא: מעקב
הצוות דן בהשקת מערכת קשת ביום 15/1/2026 במסמך מסווג פנימי שלא נועד להפצה",1,LEAK,paired_hard_positive,email,hard,pair_4_pos
"מתוך הדוח: הלקוח ביקש עדכון על הפרויקט, אבל לא נשלחו פרטי קשר או מזהים.",0,NON_LEAK,diverse_negative,report,hard,div_neg_20
REQ-969695 | לצורך זיהוי מול הספק הועבר מספר הזהות של שרון סעדה: 304107540. תודה,1,LEAK,diverse_positive,ticket,hard,div_pos_33
"נושא: בקשה
הקובץ מכיל שם משתמש, סיסמה וגישה לסביבת הייצור",1,LEAK,diverse_positive,email,medium,div_pos_42
"נושא: טיפול
בדוח הלקוח מופיע איש קשר בשם איתי פרץ יחד עם כתובת המייל itayperetz@gmailcom",1,LEAK,paired_hard_positive,email,hard,pair_3_pos
סיכום פגישה: הצוות דן בהשקת פלטפורמת ארז ביום 8/1/2026.,0,NON_LEAK,paired_hard_negative,meeting_note,hard,pair_4_neg
SR-635925 | בדוח הלקוח מופיע איש קשר בשם ליאור מלכה,0,NON_LEAK,paired_hard_negative,ticket,hard,pair_3_neg
"לתיעוד פנימי: במסמך המצורף אין מידע אישי, רק סיכום משימות והחלטות. תודה",0,NON_LEAK,diverse_negative,memo,medium,div_neg_20
לתיעוד פנימי: בדשבורד הציבורי מופיע סטטוס כללי של פרויקט מיזם תמר.,0,NON_LEAK,diverse_negative,memo,medium,div_neg_29
"מתוך הדוח: במסמך המצורף אין מידע אישי, רק סיכום משימות והחלטות.",0,NON_LEAK,diverse_negative,report,hard,div_neg_14
"REQ-492437 | פרטי הקשר של ניר ביטון: מייל nir.biton@gmail.com, טלפון 0532777026.",1,LEAK,diverse_positive,ticket,hard,div_pos_13
INC-726323 | יש לעדכן את טבלת ההזמנות עם מזהה פנימי 9044234763.,0,NON_LEAK,paired_hard_negative,ticket,hard,pair_5_neg
לתיעוד פנימי: המסמך מזכיר את אסותא ואת קרן אמסלם בהקשר אדמיניסטרטיבי,0,NON_LEAK,paired_hard_negative,memo,hard,pair_6_neg
"נושא: טיפול
הצוות דן בהשקת מודול ברק ביום 6/3/2026.",0,NON_LEAK,paired_hard_negative,email,hard,pair_4_neg
לתיעוד פנימי - במצגת הופיעו שמות העובדים לצד נתוני שכר ובונוסים.,1,LEAK,paired_hard_positive,memo,hard,pair_7_pos
תזכורת: הועבר סיכום על רון חדד שעובד בAmdocs בירושלים.,0,NON_LEAK,paired_hard_negative,chat,hard,pair_1_neg
מתוך הדוח: שם העובד יעל לוי מופיע במצגת הפנימית ללא פרטים נוספים.,0,NON_LEAK,diverse_negative,report,hard,div_neg_15
מתוך הדוח - בדוח שהגיע משיבא מופיעים פרטי טיפול של מיכל כהן.,1,LEAK,diverse_positive,report,medium,div_pos_38
"נושא - עדכון
הועבר החזר בגובה 28,899 ש""ח לחשבון 5599878942 של יעל לוי.",1,LEAK,diverse_positive,email,medium,div_pos_52
"SR-870663 | היעד הכספי לרבעון הוא 22,892 ש""ח ולא מדובר במידע על לקוח ספציפי.",0,NON_LEAK,diverse_negative,ticket,hard,div_neg_26
סיכום פגישה - יש לעדכן את טבלת ההזמנות עם חשבון הבנק 0629622338 של טל אוחנה.,1,LEAK,paired_hard_positive,meeting_note,hard,pair_5_pos
"נושא: מעקב
הצוות דן בהשקת פרויקט נוגה ביום 8/1/2026 במסמך מסווג פנימי שלא נועד להפצה.",1,LEAK,paired_hard_positive,email,hard,pair_4_pos
"מתוך הדוח: הועבר סיכום על ניר ביטון שעובד בקופת חולים כללית בחיפה, כולל מספר הזהות 658622759",1,LEAK,paired_hard_positive,report,hard,pair_1_pos
סיכום פגישה: הועבר סיכום על קרן אמסלם שעובד בגוגל ישראל במודיעין. תודה,0,NON_LEAK,paired_hard_negative,meeting_note,hard,pair_1_neg
סיכום פגישה: בדשבורד הציבורי מופיע סטטוס כללי של פרויקט מבצע שקמה.,0,NON_LEAK,diverse_negative,meeting_note,hard,div_neg_32
"נושא: עדכון
המסמך מזכיר את שיבא ואת נועה מזרחי בהקשר אדמיניסטרטיבי.",0,NON_LEAK,paired_hard_negative,email,hard,pair_6_neg
סיכום פגישה: הצוות דן בהשקת פרויקט נוגה ביום 16/7/2026 במסמך מסווג פנימי שלא נועד להפצה,1,LEAK,paired_hard_positive,meeting_note,hard,pair_4_pos
סיכום פגישה: הפגישה עם מנהל פיתוח תתקיים ביום ראשון בנתניה.,0,NON_LEAK,diverse_negative,meeting_note,hard,div_neg_7
סיכום פגישה - נא לשמור על סודיות - תוכנית ההשקה של שירות אביב וקוד השם מיזם תמר מצורפים.,1,LEAK,diverse_positive,meeting_note,medium,div_pos_58
סיכום פגישה - המסמך מזכיר את איכילוב ואת עמית אלקיים וכולל גם אבחנה של אסתמה.,1,LEAK,paired_hard_positive,meeting_note,hard,pair_6_pos
מתוך הדוח: הפגישה עם יעל לוי נקבעה ל22/10/2026 ברעננה,0,NON_LEAK,paired_hard_negative,report,hard,pair_2_neg
REQ-817716 | המסמך מזכיר את איכילוב ואת אלון מלכה וכולל גם אבחנה של אסתמה.,1,LEAK,paired_hard_positive,ticket,hard,pair_6_pos
"REQ-098519 | הועבר דוח עם רשימת לקוחות אסטרטגיים, הצעות מחיר ותנאי התקשרות.",1,LEAK,diverse_positive,ticket,medium,div_pos_16
"נושא: מעקב
הועבר סיכום על אילן שבתאי שעובד בבזק במודיעין.",0,NON_LEAK,paired_hard_negative,email,hard,pair_1_neg
"נושא: עדכון
יש לעדכן את טבלת ההזמנות עם חשבון הבנק 0796187897 של עמית אלקיים.",1,LEAK,paired_hard_positive,email,hard,pair_5_pos
מתוך הדוח: בדוח משאבי האנוש מופיעים נתוני השכר של דנה דנינו עבור חודש מרץ,1,LEAK,diverse_positive,report,medium,div_pos_0
מתוך הדוח: בדשבורד הציבורי מופיע סטטוס כללי של פרויקט תוכנית רימון.,0,NON_LEAK,diverse_negative,report,hard,div_neg_56
לתיעוד פנימי: המערכת החדשה תושק ב11/1/2026 לפי הודעה רשמית שפורסמה לכלל העובדים.,0,NON_LEAK,diverse_negative,memo,hard,div_neg_49
"נושא: מעקב
הועבר סיכום על אורן אברהם שעובד בשופרסל ברעננה, כולל מספר הזהות 777861324.",1,LEAK,paired_hard_positive,email,hard,pair_1_pos
"מתוך הדוח - הועבר החזר בגובה 18,433 ש""ח לחשבון 4941663136 של קרן אמסלם.",1,LEAK,diverse_positive,report,medium,div_pos_42
מתוך הדוח: בדוח הלקוח מופיע איש קשר בשם נועה מזרחי תודה,0,NON_LEAK,paired_hard_negative,report,hard,pair_3_neg
עדכון: הסיסמה הזמנית לחשבון של רונית פרץ היא Welcome2026! ויש להחליף אותה מיד,1,LEAK,diverse_positive,chat,medium,div_pos_17
"מתוך הדוח: במסמך המצורף אין מידע אישי, רק סיכום משימות והחלטות.",0,NON_LEAK,diverse_negative,report,hard,div_neg_48
עדכון - שם העובד עמית אלקיים מופיע במצגת הפנימית ללא פרטים נוספים.,0,NON_LEAK,diverse_negative,chat,hard,div_neg_14
INC-586426 | במצגת הופיעו שמות העובדים לצד נתוני שכר ובונוסים.,1,LEAK,paired_hard_positive,ticket,hard,pair_7_pos
לתיעוד פנימי: המערכת החדשה תושק ב27/2/2026 לפי הודעה רשמית שפורסמה לכלל העובדים.,0,NON_LEAK,diverse_negative,memo,hard,div_neg_25
סיכום פגישה: הועבר סיכום על אלון מלכה שעובד בשטראוס בפתח תקווה. תודה,0,NON_LEAK,paired_hard_negative,meeting_note,hard,pair_1_neg
מתוך הדוח: בדוח הלקוח מופיע איש קשר בשם עמית אלקיים יחד עם כתובת המייל amitelkayim@gmailcom,1,LEAK,paired_hard_positive,report,hard,pair_3_pos
"לתיעוד פנימי: היעד הכספי לרבעון הוא 31,353 ש""ח ולא מדובר במידע על לקוח ספציפי",0,NON_LEAK,diverse_negative,memo,medium,div_neg_13
עדכון: הצוות דן בהשקת מודול ברק ביום 26/2/2026,0,NON_LEAK,paired_hard_negative,chat,hard,pair_4_neg
"נושא - בקשה
בדשבורד הציבורי מופיע סטטוס כללי של פרויקט תוכנית רימון.",0,NON_LEAK,diverse_negative,email,hard,div_neg_29
סיכום פגישה: לצורך זיהוי מול הספק הועבר מספר הזהות של מאיה ביטון: 620971498,1,LEAK,diverse_positive,meeting_note,hard,div_pos_9
"נושא: עדכון
לצורך זיהוי מול הספק הועבר מספר הזהות של אלון מלכה: 674411360.",1,LEAK,diverse_positive,email,hard,div_pos_25
"נושא: בקשה
יש לעדכן את טבלת ההזמנות עם חשבון הבנק 5534285934 של יעל לוי. תודה",1,LEAK,paired_hard_positive,email,hard,pair_5_pos
עדכון: המסמך מזכיר את אסותא ואת אילן שבתאי בהקשר אדמיניסטרטיבי. תודה,0,NON_LEAK,paired_hard_negative,chat,hard,pair_6_neg
"נושא: מעקב
במצגת הופיעו שמות העובדים לצורך חלוקת משימות",0,NON_LEAK,paired_hard_negative,email,hard,pair_7_neg
HR-392368 | הועבר סיכום על עמית אלקיים שעובד במכבי שירותי בריאות באשדוד. תודה,0,NON_LEAK,paired_hard_negative,ticket,hard,pair_1_neg
"מתוך הדוח: הועבר החזר בגובה 22,216 ש""ח לחשבון 0323817146 של אורן אברהם.",1,LEAK,diverse_positive,report,medium,div_pos_27
סיכום פגישה: הסיסמה הזמנית לחשבון של עדי שלום היא Welcome2026! ויש להחליף אותה מיד.,1,LEAK,diverse_positive,meeting_note,medium,div_pos_17
"שולח: במסמך המצורף אין מידע אישי, רק סיכום משימות והחלטות.",0,NON_LEAK,diverse_negative,chat,medium,div_neg_52
לתיעוד פנימי: המסמך מזכיר את אסותא ואת משה אוחנה וכולל גם אבחנה של אסתמה. תודה,1,LEAK,paired_hard_positive,memo,hard,pair_6_pos
מתוך הדוח: הפגישה עם רונית פרץ נקבעה ל1/7/2026 בפתח תקווה.,0,NON_LEAK,paired_hard_negative,report,hard,pair_2_neg
"סיכום פגישה: פרטי הקשר של יואב לוי: מייל yoav.levi@outlook.com, טלפון 0558931609.",1,LEAK,diverse_positive,meeting_note,medium,div_pos_44
מתוך הדוח: נא לשמור על סודיות: תוכנית ההשקה של שירות אביב וקוד השם מבצע שקמה מצורפים.,1,LEAK,diverse_positive,report,medium,div_pos_35
"נושא - מעקב
הסיסמה הזמנית לחשבון של עדי שלום היא Welcome2026! ויש להחליף אותה מיד.",1,LEAK,diverse_positive,email,hard,div_pos_3
סיכום פגישה: הצוות דן בהשקת פלטפורמת ארז ביום 11/7/2026 במסמך מסווג פנימי שלא נועד להפצה.,1,LEAK,paired_hard_positive,meeting_note,hard,pair_4_pos
"נושא: טיפול
הועבר סיכום על אלון מלכה שעובד באינטל בנתניה.",0,NON_LEAK,paired_hard_negative,email,hard,pair_1_neg
סיכום פגישה: בדוח הלקוח מופיע איש קשר בשם שירה אברהם.,0,NON_LEAK,paired_hard_negative,meeting_note,hard,pair_3_neg
HR-341828 | הפגישה עם עמית אלקיים נקבעה ל13/5/2026 בבאר שבע.,0,NON_LEAK,paired_hard_negative,ticket,hard,pair_2_neg
לתיעוד פנימי - המסמך מזכיר את סורוקה ואת קרן אמסלם בהקשר אדמיניסטרטיבי.,0,NON_LEAK,paired_hard_negative,memo,hard,pair_6_neg
לתיעוד פנימי: יש לעדכן את טבלת ההזמנות עם מזהה פנימי 1780780280.,0,NON_LEAK,paired_hard_negative,memo,hard,pair_5_neg
לתיעוד פנימי: בדשבורד הציבורי מופיע סטטוס כללי של פרויקט מבצע שקמה.,0,NON_LEAK,diverse_negative,memo,hard,div_neg_20
תזכורת: המערכת החדשה תושק ב19/2/2026 לפי הודעה רשמית שפורסמה לכלל העובדים.,0,NON_LEAK,diverse_negative,chat,hard,div_neg_10
עדכון: הסיסמה הזמנית לחשבון של נועה מזרחי היא Welcome2026! ויש להחליף אותה מיד.,1,LEAK,diverse_positive,chat,medium,div_pos_5
מתוך הדוח: המערכת החדשה תושק ב1/1/2026 לפי הודעה רשמית שפורסמה לכלל העובדים. תודה,0,NON_LEAK,diverse_negative,report,hard,div_neg_1
"לתיעוד פנימי: הועבר דוח עם רשימת לקוחות אסטרטגיים, הצעות מחיר ותנאי התקשרות.",1,LEAK,diverse_positive,memo,medium,div_pos_9
סיכום פגישה: בדוח משאבי האנוש מופיעים נתוני השכר של קרן אמסלם עבור חודש מרץ,1,LEAK,diverse_positive,meeting_note,medium,div_pos_22
עדכון: במצגת הופיעו שמות העובדים לצורך חלוקת משימות.,0,NON_LEAK,paired_hard_negative,chat,hard,pair_7_neg
"סיכום פגישה: הפגישה עם איתי פרץ נקבעה ל1/6/2026 בראשון לציון, ובמסמך צורף גם הטלפון 0565027850",1,LEAK,paired_hard_positive,meeting_note,hard,pair_2_pos
תזכורת: במצגת הופיעו שמות העובדים לצורך חלוקת משימות.,0,NON_LEAK,paired_hard_negative,chat,hard,pair_7_neg
סיכום פגישה: בדוח שהגיע מאיכילוב מופיעים פרטי טיפול של איתי פרץ.,1,LEAK,diverse_positive,meeting_note,medium,div_pos_54
"נושא: בקשה
בדוח מופיע רק שם החברה אלביט ותאריך יעד 16/7/2026, ללא מידע אישי.",0,NON_LEAK,diverse_negative,email,hard,div_neg_13
REQ-800326 | במצגת הופיעו שמות העובדים לצורך חלוקת משימות תודה,0,NON_LEAK,paired_hard_negative,ticket,hard,pair_7_neg
REQ-977900 | הפגישה עם נועה מזרחי נקבעה ל23/11/2026 באשדוד. תודה,0,NON_LEAK,paired_hard_negative,ticket,hard,pair_2_neg
"תזכורת: הקובץ מכיל שם משתמש, סיסמה וגישה לסביבת הייצור.",1,LEAK,diverse_positive,chat,medium,div_pos_18
סיכום פגישה: לצורך זיהוי מול הספק הועבר מספר הזהות של יואב לוי: 865610743. תודה,1,LEAK,diverse_positive,meeting_note,hard,div_pos_51
לתיעוד פנימי: נא לשמור על סודיות: תוכנית ההשקה של מוצר אופק וקוד השם פרויקט דרור מצורפים,1,LEAK,diverse_positive,memo,medium,div_pos_30
לתיעוד פנימי: הצוות דן בהשקת מערכת קשת ביום 9/8/2026 במסמך מסווג פנימי שלא נועד להפצה.,1,LEAK,paired_hard_positive,memo,hard,pair_4_pos
"סיכום פגישה: הפגישה עם איתי פרץ נקבעה ל20/1/2026 בפתח תקווה, ובמסמך צורף גם הטלפון 0587191149",1,LEAK,paired_hard_positive,meeting_note,hard,pair_2_pos
"נושא: עדכון
הצוות דן בהשקת פרויקט נוגה ביום 27/12/2026.",0,NON_LEAK,paired_hard_negative,email,hard,pair_4_neg
SR-646469 | הצוות דן בהשקת גרסה 4.2 ביום 10/1/2026.,0,NON_LEAK,paired_hard_negative,ticket,hard,pair_4_neg
סיכום פגישה: הסיסמה הזמנית לחשבון של הילה חדד היא Welcome2026! ויש להחליף אותה מיד.,1,LEAK,diverse_positive,meeting_note,hard,div_pos_47
REQ-566334 | נא לשמור על סודיות: תוכנית ההשקה של שירות אביב וקוד השם מבצע שקמה מצורפים.,1,LEAK,diverse_positive,ticket,hard,div_pos_40
לתיעוד פנימי - הפגישה עם יואב לוי נקבעה ל2/8/2026 באשדוד,0,NON_LEAK,paired_hard_negative,memo,hard,pair_2_neg
עדכון: במצגת הופיעו שמות העובדים לצד נתוני שכר ובונוסים.,1,LEAK,paired_hard_positive,chat,hard,pair_7_pos
"עדכון: פרטי הקשר של עדי שלום: מייל adi.shalom@mail.com, טלפון 0556214438.",1,LEAK,diverse_positive,chat,medium,div_pos_41
"נושא: מעקב
יש לעדכן את טבלת ההזמנות עם מזהה פנימי 2347067892.",0,NON_LEAK,paired_hard_negative,email,hard,pair_5_neg
לתיעוד פנימי: שם העובד רונית פרץ מופיע במצגת הפנימית ללא פרטים נוספים.,0,NON_LEAK,diverse_negative,memo,medium,div_neg_55
לתיעוד פנימי: המסמך מזכיר את אסותא ואת יעל לוי וכולל גם אבחנה של חרדה.,1,LEAK,paired_hard_positive,memo,hard,pair_6_pos
"נושא: עדכון
יש לעדכן את טבלת ההזמנות עם מזהה פנימי 6357858240.",0,NON_LEAK,paired_hard_negative,email,hard,pair_5_neg
"מתוך הדוח - הועבר סיכום על שירה אברהם שעובד באלביט בראשון לציון, כולל מספר הזהות 301562980 תודה",1,LEAK,paired_hard_positive,report,hard,pair_1_pos
לתיעוד פנימי: בדוח משאבי האנוש מופיעים נתוני השכר של טל אוחנה עבור חודש מרץ,1,LEAK,diverse_positive,memo,medium,div_pos_51
מתוך הדוח: יש לעדכן את טבלת ההזמנות עם חשבון הבנק 3011951600 של יואב לוי.,1,LEAK,paired_hard_positive,report,hard,pair_5_pos
"לתיעוד פנימי: בדוח שהגיע מרמב""ם מופיעים פרטי טיפול של הילה חדד.",1,LEAK,diverse_positive,memo,hard,div_pos_9
"מתוך הדוח: הועבר דוח עם רשימת לקוחות אסטרטגיים, הצעות מחיר ותנאי התקשרות.",1,LEAK,diverse_positive,report,hard,div_pos_30
"מתוך הדוח: הועבר דוח עם רשימת לקוחות אסטרטגיים, הצעות מחיר ותנאי התקשרות",1,LEAK,diverse_positive,report,hard,div_pos_26
לתיעוד פנימי: הפגישה עם עמית אלקיים נקבעה ל24/5/2026 בירושלים.,0,NON_LEAK,paired_hard_negative,memo,hard,pair_2_neg
"נושא: עדכון
המסמך מזכיר את שיבא ואת נועה מזרחי בהקשר אדמיניסטרטיבי.",0,NON_LEAK,paired_hard_negative,email,hard,pair_6_neg
"נושא: טיפול
בדשבורד הציבורי מופיע סטטוס כללי של פרויקט פרויקט דרור.",0,NON_LEAK,diverse_negative,email,medium,div_neg_56
סיכום פגישה - נא לשמור על סודיות - תוכנית ההשקה של מערכת קשת וקוד השם מבצע שקמה מצורפים,1,LEAK,diverse_positive,meeting_note,hard,div_pos_1
מתוך הדוח: בדוח הלקוח מופיע איש קשר בשם עדי שלום.,0,NON_LEAK,paired_hard_negative,report,hard,pair_3_neg
"סיכום פגישה: המסמך מזכיר את רמב""ם ואת עמית אלקיים וכולל גם אבחנה של חרדה",1,LEAK,paired_hard_positive,meeting_note,hard,pair_6_pos
שולח - הצוות עבר לשלב בדיקות אינטגרציה ונדרש לעדכן סטטוס עד סוף היום.,0,NON_LEAK,diverse_negative,chat,hard,div_neg_26
סיכום פגישה: הפגישה עם שרון סעדה נקבעה ל22/12/2026 בראשון לציון.,0,NON_LEAK,paired_hard_negative,meeting_note,hard,pair_2_neg
"סיכום פגישה - הועבר דוח עם רשימת לקוחות אסטרטגיים, הצעות מחיר ותנאי התקשרות.",1,LEAK,diverse_positive,meeting_note,medium,div_pos_2
בדיקה: הסיסמה הזמנית לחשבון של איתי פרץ היא Welcome2026! ויש להחליף אותה מיד.,1,LEAK,diverse_positive,chat,medium,div_pos_52
"נושא: בקשה
הועבר דוח עם רשימת לקוחות אסטרטגיים, הצעות מחיר ותנאי התקשרות.",1,LEAK,diverse_positive,email,medium,div_pos_37
שולח - יש לעדכן את טבלת ההזמנות עם חשבון הבנק 9798612249 של עמית אלקיים.,1,LEAK,paired_hard_positive,chat,hard,pair_5_pos
"נושא - מעקב
הפגישה עם ראש צוות תתקיים ביום ראשון בבאר שבע.",0,NON_LEAK,diverse_negative,email,hard,div_neg_53
"נושא: מעקב
יש לעדכן את טבלת ההזמנות עם מזהה פנימי 9316268315.",0,NON_LEAK,paired_hard_negative,email,hard,pair_5_neg
סיכום פגישה - המסמך מזכיר את איכילוב ואת איתי פרץ וכולל גם אבחנה של פציעת גב. תודה,1,LEAK,paired_hard_positive,meeting_note,hard,pair_6_pos
מתוך הדוח: במצגת הופיעו שמות העובדים לצורך חלוקת משימות.,0,NON_LEAK,paired_hard_negative,report,hard,pair_7_neg
שולח: בדשבורד הציבורי מופיע סטטוס כללי של פרויקט פרויקט ברוש. תודה,0,NON_LEAK,diverse_negative,chat,hard,div_neg_21
לתיעוד פנימי: במצגת הופיעו שמות העובדים לצורך חלוקת משימות,0,NON_LEAK,paired_hard_negative,memo,hard,pair_7_neg
"נושא - עדכון
הפגישה עם אילן שבתאי נקבעה ל26/9/2026 בירושלים, ובמסמך צורף גם הטלפון 0597752428.",1,LEAK,paired_hard_positive,email,hard,pair_2_pos
"בדיקה: המסמך מזכיר את רמב""ם ואת ליאור מלכה וכולל גם אבחנה של סוכרת.",1,LEAK,paired_hard_positive,chat,hard,pair_6_pos
"נושא: טיפול
במצגת הופיעו שמות העובדים לצורך חלוקת משימות.",0,NON_LEAK,paired_hard_negative,email,hard,pair_7_neg
סיכום פגישה: הצוות דן בהשקת פרויקט נוגה ביום 6/5/2026 במסמך מסווג פנימי שלא נועד להפצה. תודה,1,LEAK,paired_hard_positive,meeting_note,hard,pair_4_pos
שולח: הצוות דן בהשקת מוצר הדס ביום 15/9/2026.,0,NON_LEAK,paired_hard_negative,chat,hard,pair_4_neg
סיכום פגישה: יש לעדכן את טבלת ההזמנות עם חשבון הבנק 6737743689 של מיכל כהן.,1,LEAK,paired_hard_positive,meeting_note,hard,pair_5_pos
סיכום פגישה - הפגישה עם מיכל כהן נקבעה ל24/1/2026 באשדוד. תודה,0,NON_LEAK,paired_hard_negative,meeting_note,hard,pair_2_neg
SR-321562 | הצוות עבר לשלב בדיקות אינטגרציה ונדרש לעדכן סטטוס עד סוף היום,0,NON_LEAK,diverse_negative,ticket,hard,div_neg_19
לתיעוד פנימי: הפגישה עם יועץ משפטי תתקיים ביום ראשון במודיעין.,0,NON_LEAK,diverse_negative,memo,hard,div_neg_7
"INC-509929 | הקובץ מכיל שם משתמש, סיסמה וגישה לסביבת הייצור.",1,LEAK,diverse_positive,ticket,hard,div_pos_46
REQ-270014 | הצוות דן בהשקת פלטפורמת ארז ביום 19/11/2026.,0,NON_LEAK,paired_hard_negative,ticket,hard,pair_4_neg
מתוך הדוח: בדוח הלקוח מופיע איש קשר בשם אלון מלכה יחד עם כתובת המייל alon.malka@outlook.com. תודה,1,LEAK,paired_hard_positive,report,hard,pair_3_pos
סיכום פגישה: יש לעדכן את טבלת ההזמנות עם חשבון הבנק 1476381265 של דנה דנינו.,1,LEAK,paired_hard_positive,meeting_note,hard,pair_5_pos
מתוך הדוח: במצגת הופיעו שמות העובדים לצד נתוני שכר ובונוסים.,1,LEAK,paired_hard_positive,report,hard,pair_7_pos
תזכורת: הצוות דן בהשקת פרויקט נוגה ביום 26/10/2026.,0,NON_LEAK,paired_hard_negative,chat,hard,pair_4_neg
"נושא: עדכון
הועבר החזר בגובה 3,531 ש""ח לחשבון 0054546884 של עמית אלקיים.",1,LEAK,diverse_positive,email,hard,div_pos_35
מתוך הדוח: הפגישה עם מנהל אבטחת מידע תתקיים ביום ראשון באשדוד.,0,NON_LEAK,diverse_negative,report,medium,div_neg_33
"סיכום פגישה: הועבר דוח עם רשימת לקוחות אסטרטגיים, הצעות מחיר ותנאי התקשרות",1,LEAK,diverse_positive,meeting_note,medium,div_pos_9
"עדכון: הקובץ מכיל שם משתמש, סיסמה וגישה לסביבת הייצור.",1,LEAK,diverse_positive,chat,hard,div_pos_4
"עדכון: הקובץ מכיל שם משתמש, סיסמה וגישה לסביבת הייצור תודה",1,LEAK,diverse_positive,chat,medium,div_pos_30
"נושא: עדכון
הקובץ מכיל שם משתמש, סיסמה וגישה לסביבת הייצור.",1,LEAK,diverse_positive,email,medium,div_pos_36
INC-195364 | בדשבורד הציבורי מופיע סטטוס כללי של פרויקט פרויקט ברוש,0,NON_LEAK,diverse_negative,ticket,hard,div_neg_1
שולח: לצורך זיהוי מול הספק הועבר מספר הזהות של טל אוחנה: 740265687.,1,LEAK,diverse_positive,chat,hard,div_pos_59
תזכורת: הצוות עבר לשלב בדיקות אינטגרציה ונדרש לעדכן סטטוס עד סוף היום. תודה,0,NON_LEAK,diverse_negative,chat,hard,div_neg_27
סיכום פגישה - המערכת החדשה תושק ב12/1/2026 לפי הודעה רשמית שפורסמה לכלל העובדים. תודה,0,NON_LEAK,diverse_negative,meeting_note,medium,div_neg_53
מתוך הדוח - בדוח הלקוח מופיע איש קשר בשם יואב לוי יחד עם כתובת המייל yoav.levi@company.co.il. תודה,1,LEAK,paired_hard_positive,report,hard,pair_3_pos
לתיעוד פנימי - הצוות דן בהשקת מוצר אופק ביום 16/2/2026.,0,NON_LEAK,paired_hard_negative,memo,hard,pair_4_neg
"לתיעוד פנימי - פרטי הקשר של הילה חדד - מייל hila.hadad@org.co.il, טלפון 0552467040. תודה",1,LEAK,diverse_positive,memo,hard,div_pos_53
"תזכורת: הועבר סיכום על שרון סעדה שעובד באינטל בחיפה, כולל מספר הזהות 158235754.",1,LEAK,paired_hard_positive,chat,hard,pair_1_pos
HR-726599 | בדוח שהגיע משיבא מופיעים פרטי טיפול של אלון מלכה,1,LEAK,diverse_positive,ticket,hard,div_pos_56
מתוך הדוח - הצוות דן בהשקת פרויקט נוגה ביום 6/1/2026 תודה,0,NON_LEAK,paired_hard_negative,report,hard,pair_4_neg
"INC-122152 | הועבר סיכום על יעל לוי שעובד בקופת חולים כללית באשדוד, כולל מספר הזהות 044996157",1,LEAK,paired_hard_positive,ticket,hard,pair_1_pos
HR-380427 | המסמך מזכיר את סורוקה ואת טל אוחנה בהקשר אדמיניסטרטיבי,0,NON_LEAK,paired_hard_negative,ticket,hard,pair_6_neg
מתוך הדוח: בדוח משאבי האנוש מופיעים נתוני השכר של יעל לוי עבור חודש מרץ.,1,LEAK,diverse_positive,report,hard,div_pos_28
תזכורת: מספר הקריאה הוא REQ-410036 ויש לעקוב אחריו מול כספים.,0,NON_LEAK,diverse_negative,chat,medium,div_neg_28
לתיעוד פנימי: שם העובד ליאור מלכה מופיע במצגת הפנימית ללא פרטים נוספים.,0,NON_LEAK,diverse_negative,memo,medium,div_neg_8
"שולח: במסמך המצורף אין מידע אישי, רק סיכום משימות והחלטות.",0,NON_LEAK,diverse_negative,chat,medium,div_neg_4
מתוך הדוח: הצוות עבר לשלב בדיקות אינטגרציה ונדרש לעדכן סטטוס עד סוף היום.,0,NON_LEAK,diverse_negative,report,medium,div_neg_21
"נושא: עדכון
הועבר החזר בגובה 21,938 ש""ח לחשבון 7185541848 של נועה מזרחי.",1,LEAK,diverse_positive,email,medium,div_pos_29
"סיכום פגישה: היעד הכספי לרבעון הוא 36,685 ש""ח ולא מדובר במידע על לקוח ספציפי.",0,NON_LEAK,diverse_negative,meeting_note,medium,div_neg_2
"נושא: בקשה
הועבר סיכום על אורן אברהם שעובד בשופרסל במודיעין.",0,NON_LEAK,paired_hard_negative,email,hard,pair_1_neg
"נושא: עדכון
היעד הכספי לרבעון הוא 15,521 ש""ח ולא מדובר במידע על לקוח ספציפי",0,NON_LEAK,diverse_negative,email,hard,div_neg_24
לתיעוד פנימי: בדוח הלקוח מופיע איש קשר בשם אורן אברהם יחד עם כתובת המייל oren.avraham@gmail.com. תודה,1,LEAK,paired_hard_positive,memo,hard,pair_3_pos
לתיעוד פנימי - הצוות עבר לשלב בדיקות אינטגרציה ונדרש לעדכן סטטוס עד סוף היום.,0,NON_LEAK,diverse_negative,memo,medium,div_neg_56
מתוך הדוח: הצוות דן בהשקת מערכת קשת ביום 13/5/2026 במסמך מסווג פנימי שלא נועד להפצה. תודה,1,LEAK,paired_hard_positive,report,hard,pair_4_pos
"נושא: עדכון
במצגת הופיעו שמות העובדים לצד נתוני שכר ובונוסים.",1,LEAK,paired_hard_positive,email,hard,pair_7_pos
"סיכום פגישה - הלקוח ביקש עדכון על הפרויקט, אבל לא נשלחו פרטי קשר או מזהים. תודה",0,NON_LEAK,diverse_negative,meeting_note,hard,div_neg_33
"נושא: עדכון
נא לשמור על סודיות: תוכנית ההשקה של פרויקט נוגה וקוד השם מבצע שקמה מצורפים.",1,LEAK,diverse_positive,email,hard,div_pos_30
"מתוך הדוח: הועבר החזר בגובה 14,665 ש""ח לחשבון 6588587315 של משה אוחנה תודה",1,LEAK,diverse_positive,report,medium,div_pos_31
"לתיעוד פנימי: בדוח שהגיע מרמב""ם מופיעים פרטי טיפול של עדי שלום.",1,LEAK,diverse_positive,memo,medium,div_pos_12
לתיעוד פנימי: המערכת החדשה תושק ב21/7/2026 לפי הודעה רשמית שפורסמה לכלל העובדים.,0,NON_LEAK,diverse_negative,memo,hard,div_neg_32
סיכום פגישה: הצוות דן בהשקת מערכת קשת ביום 16/12/2026 במסמך מסווג פנימי שלא נועד להפצה.,1,LEAK,paired_hard_positive,meeting_note,hard,pair_4_pos
"מתוך הדוח: הפגישה עם מאיה ביטון נקבעה ל25/9/2026 בראשון לציון, ובמסמך צורף גם הטלפון 0594468326.",1,LEAK,paired_hard_positive,report,hard,pair_2_pos
סיכום פגישה: המערכת החדשה תושק ב22/12/2026 לפי הודעה רשמית שפורסמה לכלל העובדים.,0,NON_LEAK,diverse_negative,meeting_note,hard,div_neg_40
סיכום פגישה: בדוח משאבי האנוש מופיעים נתוני השכר של מאיה ביטון עבור חודש מרץ.,1,LEAK,diverse_positive,meeting_note,medium,div_pos_12
"בדיקה: במסמך המצורף אין מידע אישי, רק סיכום משימות והחלטות.",0,NON_LEAK,diverse_negative,chat,hard,div_neg_52
"נושא: מעקב
יש לעדכן את טבלת ההזמנות עם חשבון הבנק 2330143595 של דוד כהן. תודה",1,LEAK,paired_hard_positive,email,hard,pair_5_pos
סיכום פגישה - המערכת החדשה תושק ב26/11/2026 לפי הודעה רשמית שפורסמה לכלל העובדים. תודה,0,NON_LEAK,diverse_negative,meeting_note,medium,div_neg_46
שולח - שם העובד אורן אברהם מופיע במצגת הפנימית ללא פרטים נוספים.,0,NON_LEAK,diverse_negative,chat,hard,div_neg_45
"נושא: בקשה
היעד הכספי לרבעון הוא 28,280 ש""ח ולא מדובר במידע על לקוח ספציפי.",0,NON_LEAK,diverse_negative,email,medium,div_neg_59
"FIN-740735 | הועבר סיכום על עדי שלום שעובד בשופרסל בנתניה, כולל מספר הזהות 311533051.",1,LEAK,paired_hard_positive,ticket,hard,pair_1_pos
שולח - הצוות דן בהשקת מערכת קשת ביום 26/12/2026 במסמך מסווג פנימי שלא נועד להפצה.,1,LEAK,paired_hard_positive,chat,hard,pair_4_pos
HR-846994 | בדוח הלקוח מופיע איש קשר בשם דנה דנינו יחד עם כתובת המייל danadanino@outlookcom,1,LEAK,paired_hard_positive,ticket,hard,pair_3_pos
"סיכום פגישה: פרטי הקשר של ליאור מלכה: מייל lior.malka@mail.com, טלפון 0516869420.",1,LEAK,diverse_positive,meeting_note,medium,div_pos_55
שולח - המסמך מזכיר את איכילוב ואת הילה חדד בהקשר אדמיניסטרטיבי.,0,NON_LEAK,paired_hard_negative,chat,hard,pair_6_neg
"נושא: בקשה
המסמך מזכיר את רמב""ם ואת ליאור מלכה וכולל גם אבחנה של סוכרת.",1,LEAK,paired_hard_positive,email,hard,pair_6_pos
לתיעוד פנימי: הצוות דן בהשקת מוצר הדס ביום 17/7/2026. תודה,0,NON_LEAK,paired_hard_negative,memo,hard,pair_4_neg
סיכום פגישה: הצוות עבר לשלב בדיקות אינטגרציה ונדרש לעדכן סטטוס עד סוף היום.,0,NON_LEAK,diverse_negative,meeting_note,medium,div_neg_14
מתוך הדוח: יש לעדכן את טבלת ההזמנות עם מזהה פנימי 1603871247,0,NON_LEAK,paired_hard_negative,report,hard,pair_5_neg
בדיקה: בדוח הלקוח מופיע איש קשר בשם ניר ביטון.,0,NON_LEAK,paired_hard_negative,chat,hard,pair_3_neg
"לתיעוד פנימי: הועבר דוח עם רשימת לקוחות אסטרטגיים, הצעות מחיר ותנאי התקשרות.",1,LEAK,diverse_positive,memo,medium,div_pos_27
"INC-246522 | הלקוח ביקש עדכון על הפרויקט, אבל לא נשלחו פרטי קשר או מזהים.",0,NON_LEAK,diverse_negative,ticket,medium,div_neg_26
"נושא - עדכון
הסיסמה הזמנית לחשבון של טל אוחנה היא Welcome2026! ויש להחליף אותה מיד.",1,LEAK,diverse_positive,email,hard,div_pos_0
"נושא: בקשה
הסיסמה הזמנית לחשבון של אלון מלכה היא Welcome2026! ויש להחליף אותה מיד",1,LEAK,diverse_positive,email,hard,div_pos_44
SR-540839 | שם העובד איתי פרץ מופיע במצגת הפנימית ללא פרטים נוספים.,0,NON_LEAK,diverse_negative,ticket,hard,div_neg_34
תזכורת: הצוות דן בהשקת פרויקט נוגה ביום 14/11/2026 במסמך מסווג פנימי שלא נועד להפצה. תודה,1,LEAK,paired_hard_positive,chat,hard,pair_4_pos
עדכון: המערכת החדשה תושק ב21/3/2026 לפי הודעה רשמית שפורסמה לכלל העובדים,0,NON_LEAK,diverse_negative,chat,hard,div_neg_55
FIN-642943 | הפגישה עם רונית פרץ נקבעה ל1/6/2026 בפתח תקווה. תודה,0,NON_LEAK,paired_hard_negative,ticket,hard,pair_2_neg
לתיעוד פנימי: המסמך מזכיר את אסותא ואת אילן שבתאי בהקשר אדמיניסטרטיבי.,0,NON_LEAK,paired_hard_negative,memo,hard,pair_6_neg
שולח: הסיסמה הזמנית לחשבון של עמית אלקיים היא Welcome2026! ויש להחליף אותה מיד.,1,LEAK,diverse_positive,chat,medium,div_pos_45
"מתוך הדוח: פרטי הקשר של יעל לוי: מייל yael.levi@outlook.com, טלפון 0523166162.",1,LEAK,diverse_positive,report,hard,div_pos_40
REQ-001117 | מספר הקריאה הוא INC-626140 ויש לעקוב אחריו מול אבטחת מידע. תודה,0,NON_LEAK,diverse_negative,ticket,medium,div_neg_51
"סיכום פגישה - היעד הכספי לרבעון הוא 40,666 ש""ח ולא מדובר במידע על לקוח ספציפי.",0,NON_LEAK,diverse_negative,meeting_note,medium,div_neg_39
סיכום פגישה: הפגישה עם יואב לוי נקבעה ל17/8/2026 בנתניה,0,NON_LEAK,paired_hard_negative,meeting_note,hard,pair_2_neg
HR-958342 | הועבר סיכום על אילן שבתאי שעובד בAmdocs בתל אביב.,0,NON_LEAK,paired_hard_negative,ticket,hard,pair_1_neg
"מתוך הדוח: הפגישה עם משה אוחנה נקבעה ל15/8/2026 בחיפה, ובמסמך צורף גם הטלפון 0558554486",1,LEAK,paired_hard_positive,report,hard,pair_2_pos
REQ-232069 | הפגישה עם מנהל אבטחת מידע תתקיים ביום ראשון באשדוד.,0,NON_LEAK,diverse_negative,ticket,medium,div_neg_32
לתיעוד פנימי: המסמך מזכיר את אסותא ואת שרון סעדה וכולל גם אבחנה של אסתמה,1,LEAK,paired_hard_positive,memo,hard,pair_6_pos
לתיעוד פנימי: יש לעדכן את טבלת ההזמנות עם מזהה פנימי 2037177075.,0,NON_LEAK,paired_hard_negative,memo,hard,pair_5_neg
עדכון: שם העובד מיכל כהן מופיע במצגת הפנימית ללא פרטים נוספים,0,NON_LEAK,diverse_negative,chat,hard,div_neg_33
"נושא - בקשה
הועבר סיכום על רונית פרץ שעובד בAmdocs במודיעין, כולל מספר הזהות 166150980 תודה",1,LEAK,paired_hard_positive,email,hard,pair_1_pos
INC-578171 | הועבר סיכום על משה אוחנה שעובד בסלקום בהרצליה,0,NON_LEAK,paired_hard_negative,ticket,hard,pair_1_neg
"מתוך הדוח - במסמך המצורף אין מידע אישי, רק סיכום משימות והחלטות.",0,NON_LEAK,diverse_negative,report,hard,div_neg_38
"נושא - בקשה
בדוח הלקוח מופיע איש קשר בשם עמית אלקיים",0,NON_LEAK,paired_hard_negative,email,hard,pair_3_neg
"סיכום פגישה: המסמך מזכיר את רמב""ם ואת יואב לוי בהקשר אדמיניסטרטיבי. תודה",0,NON_LEAK,paired_hard_negative,meeting_note,hard,pair_6_neg
"נושא: טיפול
בנספח מופיעים פרטי החשבון של קרן אמסלם: דיסקונט, חשבון 6948693955.",1,LEAK,diverse_positive,email,hard,div_pos_7
"נושא - טיפול
מספר הקריאה הוא FIN-672216 ויש לעקוב אחריו מול שירות לקוחות",0,NON_LEAK,diverse_negative,email,medium,div_neg_50
"נושא - מעקב
בדוח הלקוח מופיע איש קשר בשם איתי פרץ",0,NON_LEAK,paired_hard_negative,email,hard,pair_3_neg
"עדכון: הלקוח ביקש עדכון על הפרויקט, אבל לא נשלחו פרטי קשר או מזהים",0,NON_LEAK,diverse_negative,chat,medium,div_neg_58
"נושא - בקשה
בדוח הלקוח מופיע איש קשר בשם קרן אמסלם.",0,NON_LEAK,paired_hard_negative,email,hard,pair_3_neg
"מתוך הדוח: הועבר סיכום על שרון סעדה שעובד ברפאל בהרצליה, כולל מספר הזהות 981196704. תודה",1,LEAK,paired_hard_positive,report,hard,pair_1_pos
"לתיעוד פנימי: המסמך מזכיר את רמב""ם ואת קרן אמסלם בהקשר אדמיניסטרטיבי",0,NON_LEAK,paired_hard_negative,memo,hard,pair_6_neg
סיכום פגישה: בדוח הלקוח מופיע איש קשר בשם טל אוחנה יחד עם כתובת המייל tal.ohana@company.co.il.,1,LEAK,paired_hard_positive,meeting_note,hard,pair_3_pos
"נושא - עדכון
בדוח משאבי האנוש מופיעים נתוני השכר של ליאור מלכה עבור חודש מרץ",1,LEAK,diverse_positive,email,medium,div_pos_56
HR-576205 | בדוח הלקוח מופיע איש קשר בשם איתי פרץ. תודה,0,NON_LEAK,paired_hard_negative,ticket,hard,pair_3_neg
"תזכורת - הקובץ מכיל שם משתמש, סיסמה וגישה לסביבת הייצור.",1,LEAK,diverse_positive,chat,hard,div_pos_40
"נושא: עדכון
לצורך זיהוי מול הספק הועבר מספר הזהות של רון חדד: 166322170. תודה",1,LEAK,diverse_positive,email,hard,div_pos_57
"נושא: טיפול
בדוח הלקוח מופיע איש קשר בשם דנה דנינו יחד עם כתובת המייל danadanino@gmailcom",1,LEAK,paired_hard_positive,email,hard,pair_3_pos
סיכום פגישה: הועבר סיכום על אילן שבתאי שעובד בבנק הפועלים בבאר שבע,0,NON_LEAK,paired_hard_negative,meeting_note,hard,pair_1_neg
"לתיעוד פנימי - בדוח שהגיע מרמב""ם מופיעים פרטי טיפול של שירה אברהם",1,LEAK,diverse_positive,memo,hard,div_pos_22
"סיכום פגישה: הקובץ מכיל שם משתמש, סיסמה וגישה לסביבת הייצור.",1,LEAK,diverse_positive,meeting_note,hard,div_pos_29
INC-971853 | בדוח שהגיע מאסותא מופיעים פרטי טיפול של יואב לוי.,1,LEAK,diverse_positive,ticket,hard,div_pos_35
"עדכון: הקובץ מכיל שם משתמש, סיסמה וגישה לסביבת הייצור",1,LEAK,diverse_positive,chat,medium,div_pos_12
"עדכון: היעד הכספי לרבעון הוא 2,824 ש""ח ולא מדובר במידע על לקוח ספציפי.",0,NON_LEAK,diverse_negative,chat,hard,div_neg_46
"סיכום פגישה: הועבר סיכום על רונית פרץ שעובד בAmdocs בהרצליה, כולל מספר הזהות 339622058.",1,LEAK,paired_hard_positive,meeting_note,hard,pair_1_pos
"נושא: עדכון
יש לעדכן את טבלת ההזמנות עם חשבון הבנק 3025217771 של אורן אברהם",1,LEAK,paired_hard_positive,email,hard,pair_5_pos
"SR-837815 | פרטי הקשר של יעל לוי - מייל yael.levi@company.co.il, טלפון 0583468338.",1,LEAK,diverse_positive,ticket,hard,div_pos_31
לתיעוד פנימי: יש לעדכן את טבלת ההזמנות עם חשבון הבנק 0011382717 של הילה חדד. תודה,1,LEAK,paired_hard_positive,memo,hard,pair_5_pos
INC-769402 | הצוות דן בהשקת גרסה 4.2 ביום 11/6/2026 במסמך מסווג פנימי שלא נועד להפצה. תודה,1,LEAK,paired_hard_positive,ticket,hard,pair_4_pos
מתוך הדוח: בדוח שהגיע מסורוקה מופיעים פרטי טיפול של אילן שבתאי.,1,LEAK,diverse_positive,report,medium,div_pos_8
לתיעוד פנימי: במצגת הופיעו שמות העובדים לצד נתוני שכר ובונוסים.,1,LEAK,paired_hard_positive,memo,hard,pair_7_pos
INC-890587 | במצגת הופיעו שמות העובדים לצד נתוני שכר ובונוסים.,1,LEAK,paired_hard_positive,ticket,hard,pair_7_pos
סיכום פגישה: הצוות עבר לשלב בדיקות אינטגרציה ונדרש לעדכן סטטוס עד סוף היום.,0,NON_LEAK,diverse_negative,meeting_note,medium,div_neg_4
"לתיעוד פנימי: בנספח מופיעים פרטי החשבון של שירה אברהם: בנק לאומי, חשבון 3340686158. תודה",1,LEAK,diverse_positive,memo,medium,div_pos_24
"REQ-401381 | הועבר סיכום על דוד כהן שעובד בבנק הפועלים בהרצליה, כולל מספר הזהות 106512348.",1,LEAK,paired_hard_positive,ticket,hard,pair_1_pos
סיכום פגישה - נא לשמור על סודיות - תוכנית ההשקה של פרויקט נוגה וקוד השם פרויקט ברוש מצורפים.,1,LEAK,diverse_positive,meeting_note,hard,div_pos_39
מתוך הדוח: הצוות עבר לשלב בדיקות אינטגרציה ונדרש לעדכן סטטוס עד סוף היום.,0,NON_LEAK,diverse_negative,report,hard,div_neg_49
מתוך הדוח: במצגת הופיעו שמות העובדים לצד נתוני שכר ובונוסים תודה,1,LEAK,paired_hard_positive,report,hard,pair_7_pos
מתוך הדוח: בדוח הלקוח מופיע איש קשר בשם אלון מלכה.,0,NON_LEAK,paired_hard_negative,report,hard,pair_3_neg
SR-837139 | במצגת הופיעו שמות העובדים לצד נתוני שכר ובונוסים.,1,LEAK,paired_hard_positive,ticket,hard,pair_7_pos
"נושא - בקשה
במסמך המצורף אין מידע אישי, רק סיכום משימות והחלטות.",0,NON_LEAK,diverse_negative,email,hard,div_neg_54
INC-748634 | הפגישה עם רונית פרץ נקבעה ל27/2/2026 בחיפה.,0,NON_LEAK,paired_hard_negative,ticket,hard,pair_2_neg
סיכום פגישה: הועבר סיכום על איתי פרץ שעובד ברפאל בחיפה.,0,NON_LEAK,paired_hard_negative,meeting_note,hard,pair_1_neg
"נושא: בקשה
לצורך זיהוי מול הספק הועבר מספר הזהות של דוד כהן: 409002428.",1,LEAK,diverse_positive,email,medium,div_pos_9
FIN-861078 | הועבר סיכום על קרן אמסלם שעובד במיקרוסופט בירושלים.,0,NON_LEAK,paired_hard_negative,ticket,hard,pair_1_neg
HR-149732 | יש לעדכן את טבלת ההזמנות עם מזהה פנימי 1189847330.,0,NON_LEAK,paired_hard_negative,ticket,hard,pair_5_neg
סיכום פגישה: הצוות דן בהשקת פרויקט נוגה ביום 25/2/2026.,0,NON_LEAK,paired_hard_negative,meeting_note,hard,pair_4_neg
"מתוך הדוח: במסמך המצורף אין מידע אישי, רק סיכום משימות והחלטות.",0,NON_LEAK,diverse_negative,report,medium,div_neg_22
"בדיקה: הועבר סיכום על יואב לוי שעובד במיקרוסופט בירושלים, כולל מספר הזהות 882108041.",1,LEAK,paired_hard_positive,chat,hard,pair_1_pos
לתיעוד פנימי: המסמך מזכיר את אסותא ואת הילה חדד בהקשר אדמיניסטרטיבי.,0,NON_LEAK,paired_hard_negative,memo,hard,pair_6_neg
"מתוך הדוח: הועבר סיכום על רונית פרץ שעובד בשטראוס בנתניה, כולל מספר הזהות 540328059.",1,LEAK,paired_hard_positive,report,hard,pair_1_pos
מתוך הדוח - בדוח משאבי האנוש מופיעים נתוני השכר של איתי פרץ עבור חודש מרץ.,1,LEAK,diverse_positive,report,hard,div_pos_4
תזכורת: שם העובד דוד כהן מופיע במצגת הפנימית ללא פרטים נוספים,0,NON_LEAK,diverse_negative,chat,medium,div_neg_54
"INC-983472 | במסמך המצורף אין מידע אישי, רק סיכום משימות והחלטות. תודה",0,NON_LEAK,diverse_negative,ticket,medium,div_neg_43
לתיעוד פנימי - בדוח הלקוח מופיע איש קשר בשם דוד כהן יחד עם כתובת המייל david.cohen@example.co.il.,1,LEAK,paired_hard_positive,memo,hard,pair_3_pos
מתוך הדוח: במצגת הופיעו שמות העובדים לצד נתוני שכר ובונוסים.,1,LEAK,paired_hard_positive,report,hard,pair_7_pos
"לתיעוד פנימי: פרטי הקשר של משה אוחנה: מייל moshe.ohana@org.co.il, טלפון 0586445010.",1,LEAK,diverse_positive,memo,hard,div_pos_23
לתיעוד פנימי - בדוח הלקוח מופיע איש קשר בשם טל אוחנה.,0,NON_LEAK,paired_hard_negative,memo,hard,pair_3_neg
לתיעוד פנימי: במצגת הופיעו שמות העובדים לצורך חלוקת משימות.,0,NON_LEAK,paired_hard_negative,memo,hard,pair_7_neg
"תזכורת - בדוח מופיע רק שם החברה צ'ק פוינט ותאריך יעד 17/10/2026, ללא מידע אישי.",0,NON_LEAK,diverse_negative,chat,medium,div_neg_21
לתיעוד פנימי: הפגישה עם מנהל מוצר תתקיים ביום ראשון בנתניה תודה,0,NON_LEAK,diverse_negative,memo,hard,div_neg_34
סיכום פגישה: מספר הקריאה הוא REQ-707197 ויש לעקוב אחריו מול משאבי אנוש.,0,NON_LEAK,diverse_negative,meeting_note,medium,div_neg_42
"REQ-485605 | במסמך המצורף אין מידע אישי, רק סיכום משימות והחלטות.",0,NON_LEAK,diverse_negative,ticket,hard,div_neg_12
"שולח: הלקוח ביקש עדכון על הפרויקט, אבל לא נשלחו פרטי קשר או מזהים.",0,NON_LEAK,diverse_negative,chat,hard,div_neg_20
"מתוך הדוח: המסמך מזכיר את רמב""ם ואת נועה מזרחי בהקשר אדמיניסטרטיבי. תודה",0,NON_LEAK,paired_hard_negative,report,hard,pair_6_neg
סיכום פגישה: הפגישה עם מנהל מוצר תתקיים ביום ראשון בחיפה.,0,NON_LEAK,diverse_negative,meeting_note,hard,div_neg_34
שולח: הצוות דן בהשקת מוצר אופק ביום 5/8/2026 במסמך מסווג פנימי שלא נועד להפצה,1,LEAK,paired_hard_positive,chat,hard,pair_4_pos
מתוך הדוח: המסמך מזכיר את סורוקה ואת שירה אברהם וכולל גם אבחנה של אלרגיה חריפה.,1,LEAK,paired_hard_positive,report,hard,pair_6_pos
"לתיעוד פנימי - הקובץ מכיל שם משתמש, סיסמה וגישה לסביבת הייצור.",1,LEAK,diverse_positive,memo,hard,div_pos_39
INC-433599 | מספר הקריאה הוא INC-005977 ויש לעקוב אחריו מול פיתוח,0,NON_LEAK,diverse_negative,ticket,hard,div_neg_57
"שולח: הועבר החזר בגובה 17,606 ש""ח לחשבון 3410466839 של אורן אברהם.",1,LEAK,diverse_positive,chat,medium,div_pos_20
תזכורת - בדוח משאבי האנוש מופיעים נתוני השכר של דוד כהן עבור חודש מרץ.,1,LEAK,diverse_positive,chat,medium,div_pos_40
"לתיעוד פנימי: הקובץ מכיל שם משתמש, סיסמה וגישה לסביבת הייצור.",1,LEAK,diverse_positive,memo,medium,div_pos_31
סיכום פגישה: הסיסמה הזמנית לחשבון של אורן אברהם היא Welcome2026! ויש להחליף אותה מיד.,1,LEAK,diverse_positive,meeting_note,hard,div_pos_11
"נושא - בקשה
בדוח שהגיע מסורוקה מופיעים פרטי טיפול של ניר ביטון",1,LEAK,diverse_positive,email,hard,div_pos_53
FIN-305944 | הפגישה עם מנהל פיתוח תתקיים ביום ראשון בחיפה.,0,NON_LEAK,diverse_negative,ticket,hard,div_neg_4
סיכום פגישה: יש לעדכן את טבלת ההזמנות עם מזהה פנימי 2137392813.,0,NON_LEAK,paired_hard_negative,meeting_note,hard,pair_5_neg
REQ-223362 | מספר הקריאה הוא REQ-633452 ויש לעקוב אחריו מול שיווק.,0,NON_LEAK,diverse_negative,ticket,hard,div_neg_55
"תזכורת - הועבר דוח עם רשימת לקוחות אסטרטגיים, הצעות מחיר ותנאי התקשרות",1,LEAK,diverse_positive,chat,medium,div_pos_27
INC-149399 | לצורך זיהוי מול הספק הועבר מספר הזהות של מיכל כהן: 989248741 תודה,1,LEAK,diverse_positive,ticket,hard,div_pos_5
מתוך הדוח: במצגת הופיעו שמות העובדים לצורך חלוקת משימות. תודה,0,NON_LEAK,paired_hard_negative,report,hard,pair_7_neg
"שולח: היעד הכספי לרבעון הוא 27,055 ש""ח ולא מדובר במידע על לקוח ספציפי.",0,NON_LEAK,diverse_negative,chat,medium,div_neg_46
"FIN-255967 | בנספח מופיעים פרטי החשבון של נועה מזרחי: מזרחי טפחות, חשבון 2670811302",1,LEAK,diverse_positive,ticket,medium,div_pos_48
"סיכום פגישה: הלקוח ביקש עדכון על הפרויקט, אבל לא נשלחו פרטי קשר או מזהים.",0,NON_LEAK,diverse_negative,meeting_note,hard,div_neg_44
מתוך הדוח: בדוח שהגיע מאסותא מופיעים פרטי טיפול של עמית אלקיים.,1,LEAK,diverse_positive,report,medium,div_pos_57
"נושא: בקשה
הועבר דוח עם רשימת לקוחות אסטרטגיים, הצעות מחיר ותנאי התקשרות תודה",1,LEAK,diverse_positive,email,hard,div_pos_26
תזכורת: הפגישה עם מנהלת משאבי אנוש תתקיים ביום ראשון בראשון לציון,0,NON_LEAK,diverse_negative,chat,medium,div_neg_48
לתיעוד פנימי: בדוח הלקוח מופיע איש קשר בשם נועה מזרחי.,0,NON_LEAK,paired_hard_negative,memo,hard,pair_3_neg
FIN-428267 | הפגישה עם מנהל אבטחת מידע תתקיים ביום ראשון בפתח תקווה,0,NON_LEAK,diverse_negative,ticket,hard,div_neg_42
סיכום פגישה: הסיסמה הזמנית לחשבון של מיכל כהן היא Welcome2026! ויש להחליף אותה מיד.,1,LEAK,diverse_positive,meeting_note,hard,div_pos_47
"נושא: טיפול
לצורך זיהוי מול הספק הועבר מספר הזהות של יואב לוי: 555137505.",1,LEAK,diverse_positive,email,hard,div_pos_4
לתיעוד פנימי: שם העובד שרון סעדה מופיע במצגת הפנימית ללא פרטים נוספים,0,NON_LEAK,diverse_negative,memo,medium,div_neg_0
"נושא: עדכון
הצוות עבר לשלב בדיקות אינטגרציה ונדרש לעדכן סטטוס עד סוף היום.",0,NON_LEAK,diverse_negative,email,hard,div_neg_1
"מתוך הדוח: הלקוח ביקש עדכון על הפרויקט, אבל לא נשלחו פרטי קשר או מזהים",0,NON_LEAK,diverse_negative,report,hard,div_neg_57
"HR-635979 | הפגישה עם קרן אמסלם נקבעה ל13/11/2026 בפתח תקווה, ובמסמך צורף גם הטלפון 0595812972.",1,LEAK,paired_hard_positive,ticket,hard,pair_2_pos
"מתוך הדוח: הועבר החזר בגובה 14,742 ש""ח לחשבון 5327113071 של אלון מלכה",1,LEAK,diverse_positive,report,medium,div_pos_56
"נושא - עדכון
במצגת הופיעו שמות העובדים לצד נתוני שכר ובונוסים.",1,LEAK,paired_hard_positive,email,hard,pair_7_pos
"נושא: מעקב
פרטי הקשר של אורן אברהם: מייל oren.avraham@example.co.il, טלפון 0556547978.",1,LEAK,diverse_positive,email,hard,div_pos_0
"נושא: מעקב
הועבר החזר בגובה 40,598 ש""ח לחשבון 8978537131 של יואב לוי.",1,LEAK,diverse_positive,email,medium,div_pos_19
REQ-527007 | יש לעדכן את טבלת ההזמנות עם מזהה פנימי 0435279666. תודה,0,NON_LEAK,paired_hard_negative,ticket,hard,pair_5_neg
בדיקה - יש לעדכן את טבלת ההזמנות עם חשבון הבנק 7627270900 של דנה דנינו.,1,LEAK,paired_hard_positive,chat,hard,pair_5_pos
סיכום פגישה: המסמך מזכיר את איכילוב ואת אורן אברהם וכולל גם אבחנה של אסתמה,1,LEAK,paired_hard_positive,meeting_note,hard,pair_6_pos
סיכום פגישה: שם העובד אלון מלכה מופיע במצגת הפנימית ללא פרטים נוספים.,0,NON_LEAK,diverse_negative,meeting_note,hard,div_neg_19
INC-066971 | הצוות עבר לשלב בדיקות אינטגרציה ונדרש לעדכן סטטוס עד סוף היום.,0,NON_LEAK,diverse_negative,ticket,medium,div_neg_13
"סיכום פגישה - הועבר החזר בגובה 16,015 ש""ח לחשבון 1793054668 של עדי שלום.",1,LEAK,diverse_positive,meeting_note,medium,div_pos_52
"נושא: טיפול
הועבר דוח עם רשימת לקוחות אסטרטגיים, הצעות מחיר ותנאי התקשרות. תודה",1,LEAK,diverse_positive,email,medium,div_pos_55
HR-223991 | במצגת הופיעו שמות העובדים לצד נתוני שכר ובונוסים.,1,LEAK,paired_hard_positive,ticket,hard,pair_7_pos
לתיעוד פנימי: יש לעדכן את טבלת ההזמנות עם מזהה פנימי 4015642156.,0,NON_LEAK,paired_hard_negative,memo,hard,pair_5_neg
סיכום פגישה: שם העובד עדי שלום מופיע במצגת הפנימית ללא פרטים נוספים.,0,NON_LEAK,diverse_negative,meeting_note,hard,div_neg_59
שולח - יש לעדכן את טבלת ההזמנות עם מזהה פנימי 8289447948.,0,NON_LEAK,paired_hard_negative,chat,hard,pair_5_neg
עדכון - יש לעדכן את טבלת ההזמנות עם חשבון הבנק 5429362994 של הילה חדד,1,LEAK,paired_hard_positive,chat,hard,pair_5_pos
"SR-674211 | בנספח מופיעים פרטי החשבון של עדי שלום: דיסקונט, חשבון 9737822517. תודה",1,LEAK,diverse_positive,ticket,hard,div_pos_46
"נושא - מעקב
שם העובד הילה חדד מופיע במצגת הפנימית ללא פרטים נוספים.",0,NON_LEAK,diverse_negative,email,hard,div_neg_55
סיכום פגישה - הועבר סיכום על רונית פרץ שעובד במיקרוסופט באשדוד.,0,NON_LEAK,paired_hard_negative,meeting_note,hard,pair_1_neg
סיכום פגישה: בדוח שהגיע מאסותא מופיעים פרטי טיפול של יעל לוי.,1,LEAK,diverse_positive,meeting_note,medium,div_pos_30
מתוך הדוח: המערכת החדשה תושק ב25/6/2026 לפי הודעה רשמית שפורסמה לכלל העובדים. תודה,0,NON_LEAK,diverse_negative,report,medium,div_neg_48
SR-319552 | הפגישה עם מנהל אבטחת מידע תתקיים ביום ראשון ברעננה תודה,0,NON_LEAK,diverse_negative,ticket,hard,div_neg_20
לתיעוד פנימי: במצגת הופיעו שמות העובדים לצד נתוני שכר ובונוסים.,1,LEAK,paired_hard_positive,memo,hard,pair_7_pos
"לתיעוד פנימי: המסמך מזכיר את רמב""ם ואת רון חדד וכולל גם אבחנה של דלקת ריאות.",1,LEAK,paired_hard_positive,memo,hard,pair_6_pos
"לתיעוד פנימי - היעד הכספי לרבעון הוא 35,780 ש""ח ולא מדובר במידע על לקוח ספציפי.",0,NON_LEAK,diverse_negative,memo,medium,div_neg_43
סיכום פגישה: מספר הקריאה הוא SR-753178 ויש לעקוב אחריו מול שירות לקוחות.,0,NON_LEAK,diverse_negative,meeting_note,medium,div_neg_32
"מתוך הדוח - הועבר סיכום על משה אוחנה שעובד ברפאל ברעננה, כולל מספר הזהות 694316194.",1,LEAK,paired_hard_positive,report,hard,pair_1_pos
"לתיעוד פנימי - פרטי הקשר של עמית אלקיים - מייל amit.elkayim@gmail.com, טלפון 0539997034.",1,LEAK,diverse_positive,memo,medium,div_pos_28
"נושא: טיפול
הקובץ מכיל שם משתמש, סיסמה וגישה לסביבת הייצור. תודה",1,LEAK,diverse_positive,email,medium,div_pos_32
"נושא: מעקב
המסמך מזכיר את איכילוב ואת מאיה ביטון וכולל גם אבחנה של סוכרת",1,LEAK,paired_hard_positive,email,hard,pair_6_pos
"לתיעוד פנימי: בדוח מופיע רק שם החברה Amdocs ותאריך יעד 16/10/2026, ללא מידע אישי",0,NON_LEAK,diverse_negative,memo,hard,div_neg_48
עדכון: המערכת החדשה תושק ב14/1/2026 לפי הודעה רשמית שפורסמה לכלל העובדים,0,NON_LEAK,diverse_negative,chat,hard,div_neg_9
"סיכום פגישה - בנספח מופיעים פרטי החשבון של הילה חדד - בנק הפועלים, חשבון 4948522935.",1,LEAK,diverse_positive,meeting_note,hard,div_pos_32
לתיעוד פנימי: הפגישה עם אילן שבתאי נקבעה ל8/8/2026 בבאר שבע.,0,NON_LEAK,paired_hard_negative,memo,hard,pair_2_neg
REQ-808192 | לצורך זיהוי מול הספק הועבר מספר הזהות של נועה מזרחי: 683794988.,1,LEAK,diverse_positive,ticket,medium,div_pos_37
SR-624061 | הפגישה עם אילן שבתאי נקבעה ל13/3/2026 בחיפה.,0,NON_LEAK,paired_hard_negative,ticket,hard,pair_2_neg
"מתוך הדוח - הועבר סיכום על שירה אברהם שעובד בנייס בהרצליה, כולל מספר הזהות 665428765.",1,LEAK,paired_hard_positive,report,hard,pair_1_pos
"עדכון: היעד הכספי לרבעון הוא 26,508 ש""ח ולא מדובר במידע על לקוח ספציפי.",0,NON_LEAK,diverse_negative,chat,medium,div_neg_56
"לתיעוד פנימי: הועבר סיכום על דוד כהן שעובד באלביט בבאר שבע, כולל מספר הזהות 419174851",1,LEAK,paired_hard_positive,memo,hard,pair_1_pos
"REQ-956623 | המסמך מזכיר את רמב""ם ואת הילה חדד וכולל גם אבחנה של חרדה",1,LEAK,paired_hard_positive,ticket,hard,pair_6_pos
לתיעוד פנימי: בדוח משאבי האנוש מופיעים נתוני השכר של יואב לוי עבור חודש מרץ.,1,LEAK,diverse_positive,memo,medium,div_pos_46
"נושא: בקשה
הועבר סיכום על שרון סעדה שעובד בצ'ק פוינט בפתח תקווה, כולל מספר הזהות 175980325",1,LEAK,paired_hard_positive,email,hard,pair_1_pos
REQ-660660 | הצוות דן בהשקת מודול ברק ביום 27/7/2026 במסמך מסווג פנימי שלא נועד להפצה,1,LEAK,paired_hard_positive,ticket,hard,pair_4_pos
לתיעוד פנימי: הפגישה עם אלון מלכה נקבעה ל14/3/2026 בנתניה.,0,NON_LEAK,paired_hard_negative,memo,hard,pair_2_neg
מתוך הדוח - המסמך מזכיר את איכילוב ואת מאיה ביטון וכולל גם אבחנה של סוכרת.,1,LEAK,paired_hard_positive,report,hard,pair_6_pos
מתוך הדוח: במצגת הופיעו שמות העובדים לצד נתוני שכר ובונוסים,1,LEAK,paired_hard_positive,report,hard,pair_7_pos
מתוך הדוח: בדוח משאבי האנוש מופיעים נתוני השכר של קרן אמסלם עבור חודש מרץ,1,LEAK,diverse_positive,report,medium,div_pos_41
שולח - המסמך מזכיר את שיבא ואת דוד כהן בהקשר אדמיניסטרטיבי.,0,NON_LEAK,paired_hard_negative,chat,hard,pair_6_neg
לתיעוד פנימי: הסיסמה הזמנית לחשבון של ליאור מלכה היא Welcome2026! ויש להחליף אותה מיד.,1,LEAK,diverse_positive,memo,medium,div_pos_5
"נושא: עדכון
המערכת החדשה תושק ב14/9/2026 לפי הודעה רשמית שפורסמה לכלל העובדים.",0,NON_LEAK,diverse_negative,email,medium,div_neg_59
עדכון: הפגישה עם מנהל פיתוח תתקיים ביום ראשון ברעננה.,0,NON_LEAK,diverse_negative,chat,hard,div_neg_0
בדיקה: הסיסמה הזמנית לחשבון של אלון מלכה היא Welcome2026! ויש להחליף אותה מיד,1,LEAK,diverse_positive,chat,medium,div_pos_28
"נושא: מעקב
הפגישה עם טל אוחנה נקבעה ל9/7/2026 בפתח תקווה. תודה",0,NON_LEAK,paired_hard_negative,email,hard,pair_2_neg
"תזכורת: בדוח מופיע רק שם החברה גוגל ישראל ותאריך יעד 1/3/2026, ללא מידע אישי. תודה",0,NON_LEAK,diverse_negative,chat,medium,div_neg_14
"לתיעוד פנימי: בנספח מופיעים פרטי החשבון של אורן אברהם: מזרחי טפחות, חשבון 3159156397.",1,LEAK,diverse_positive,memo,medium,div_pos_18
INC-546628 | יש לעדכן את טבלת ההזמנות עם מזהה פנימי 2051530829,0,NON_LEAK,paired_hard_negative,ticket,hard,pair_5_neg
"נושא: טיפול
בדוח שהגיע משיבא מופיעים פרטי טיפול של טל אוחנה תודה",1,LEAK,diverse_positive,email,medium,div_pos_39
"לתיעוד פנימי: בדוח מופיע רק שם החברה אלביט ותאריך יעד 10/5/2026, ללא מידע אישי",0,NON_LEAK,diverse_negative,memo,medium,div_neg_8
מתוך הדוח: המסמך מזכיר את אסותא ואת ניר ביטון וכולל גם אבחנה של אסתמה. תודה,1,LEAK,paired_hard_positive,report,hard,pair_6_pos
סיכום פגישה: בדשבורד הציבורי מופיע סטטוס כללי של פרויקט תוכנית רימון.,0,NON_LEAK,diverse_negative,meeting_note,medium,div_neg_45
"מתוך הדוח: בנספח מופיעים פרטי החשבון של שירה אברהם: מזרחי טפחות, חשבון 8937860735.",1,LEAK,diverse_positive,report,medium,div_pos_17
עדכון: מספר הקריאה הוא INC-499128 ויש לעקוב אחריו מול אבטחת מידע,0,NON_LEAK,diverse_negative,chat,medium,div_neg_59
"נושא - טיפול
היעד הכספי לרבעון הוא 4,142 ש""ח ולא מדובר במידע על לקוח ספציפי.",0,NON_LEAK,diverse_negative,email,hard,div_neg_22
"נושא - עדכון
בדוח מופיע רק שם החברה אינטל ותאריך יעד 3/3/2026, ללא מידע אישי",0,NON_LEAK,diverse_negative,email,hard,div_neg_7
"לתיעוד פנימי: הפגישה עם סמנכ""לית כספים תתקיים ביום ראשון בראשון לציון.",0,NON_LEAK,diverse_negative,memo,medium,div_neg_51
מתוך הדוח: המערכת החדשה תושק ב9/10/2026 לפי הודעה רשמית שפורסמה לכלל העובדים.,0,NON_LEAK,diverse_negative,report,hard,div_neg_38
סיכום פגישה: המערכת החדשה תושק ב19/11/2026 לפי הודעה רשמית שפורסמה לכלל העובדים. תודה,0,NON_LEAK,diverse_negative,meeting_note,hard,div_neg_38
"נושא - בקשה
במצגת הופיעו שמות העובדים לצד נתוני שכר ובונוסים",1,LEAK,paired_hard_positive,email,hard,pair_7_pos
"נושא: מעקב
הפגישה עם יואב לוי נקבעה ל26/7/2026 בראשון לציון.",0,NON_LEAK,paired_hard_negative,email,hard,pair_2_neg
לתיעוד פנימי: נא לשמור על סודיות: תוכנית ההשקה של פלטפורמת ארז וקוד השם פרויקט ברוש מצורפים תודה,1,LEAK,diverse_positive,memo,hard,div_pos_49
"FIN-838349 | היעד הכספי לרבעון הוא 17,543 ש""ח ולא מדובר במידע על לקוח ספציפי.",0,NON_LEAK,diverse_negative,ticket,hard,div_neg_28
מתוך הדוח: במצגת הופיעו שמות העובדים לצורך חלוקת משימות.,0,NON_LEAK,paired_hard_negative,report,hard,pair_7_neg
"נושא - בקשה
הצוות דן בהשקת גרסה 4.2 ביום 19/4/2026 במסמך מסווג פנימי שלא נועד להפצה.",1,LEAK,paired_hard_positive,email,hard,pair_4_pos
בדיקה: יש לעדכן את טבלת ההזמנות עם חשבון הבנק 5255714352 של ליאור מלכה.,1,LEAK,paired_hard_positive,chat,hard,pair_5_pos
סיכום פגישה: הועבר סיכום על עמית אלקיים שעובד בAmdocs בחיפה.,0,NON_LEAK,paired_hard_negative,meeting_note,hard,pair_1_neg
סיכום פגישה: מספר הקריאה הוא FIN-197553 ויש לעקוב אחריו מול שירות לקוחות.,0,NON_LEAK,diverse_negative,meeting_note,medium,div_neg_52
"נושא: עדכון
הפגישה עם מאיה ביטון נקבעה ל18/5/2026 בראשון לציון. תודה",0,NON_LEAK,paired_hard_negative,email,hard,pair_2_neg
"לתיעוד פנימי: בנספח מופיעים פרטי החשבון של קרן אמסלם: מזרחי טפחות, חשבון 0002864387.",1,LEAK,diverse_positive,memo,medium,div_pos_8
מתוך הדוח: לצורך זיהוי מול הספק הועבר מספר הזהות של נועה מזרחי: 579742124,1,LEAK,diverse_positive,report,hard,div_pos_13
"INC-454708 | הועבר דוח עם רשימת לקוחות אסטרטגיים, הצעות מחיר ותנאי התקשרות. תודה",1,LEAK,diverse_positive,ticket,hard,div_pos_24
REQ-504532 | שם העובד משה אוחנה מופיע במצגת הפנימית ללא פרטים נוספים.,0,NON_LEAK,diverse_negative,ticket,medium,div_neg_19
שולח: הצוות עבר לשלב בדיקות אינטגרציה ונדרש לעדכן סטטוס עד סוף היום.,0,NON_LEAK,diverse_negative,chat,medium,div_neg_34
לתיעוד פנימי - במצגת הופיעו שמות העובדים לצד נתוני שכר ובונוסים.,1,LEAK,paired_hard_positive,memo,hard,pair_7_pos
SR-204040 | יש לעדכן את טבלת ההזמנות עם מזהה פנימי 3163023130.,0,NON_LEAK,paired_hard_negative,ticket,hard,pair_5_neg
"INC-091611 | הועבר דוח עם רשימת לקוחות אסטרטגיים, הצעות מחיר ותנאי התקשרות.",1,LEAK,diverse_positive,ticket,hard,div_pos_49
מתוך הדוח: בדוח הלקוח מופיע איש קשר בשם שרון סעדה.,0,NON_LEAK,paired_hard_negative,report,hard,pair_3_neg
"INC-387881 | הפגישה עם הילה חדד נקבעה ל16/6/2026 בהרצליה, ובמסמך צורף גם הטלפון 0535457643.",1,LEAK,paired_hard_positive,ticket,hard,pair_2_pos
"סיכום פגישה: היעד הכספי לרבעון הוא 21,411 ש""ח ולא מדובר במידע על לקוח ספציפי.",0,NON_LEAK,diverse_negative,meeting_note,hard,div_neg_42
"נושא: בקשה
הפגישה עם מנכ""ל תתקיים ביום ראשון בנתניה.",0,NON_LEAK,diverse_negative,email,medium,div_neg_44
מתוך הדוח: המסמך מזכיר את אסותא ואת קרן אמסלם וכולל גם אבחנה של פציעת גב תודה,1,LEAK,paired_hard_positive,report,hard,pair_6_pos
"סיכום פגישה: היעד הכספי לרבעון הוא 24,520 ש""ח ולא מדובר במידע על לקוח ספציפי",0,NON_LEAK,diverse_negative,meeting_note,medium,div_neg_43
"סיכום פגישה: הועבר סיכום על טל אוחנה שעובד בשטראוס בפתח תקווה, כולל מספר הזהות 510826074.",1,LEAK,paired_hard_positive,meeting_note,hard,pair_1_pos
סיכום פגישה: הצוות דן בהשקת שירות אביב ביום 19/8/2026 במסמך מסווג פנימי שלא נועד להפצה.,1,LEAK,paired_hard_positive,meeting_note,hard,pair_4_pos
FIN-918728 | בדוח הלקוח מופיע איש קשר בשם רון חדד יחד עם כתובת המייל ronhadad@outlookcom,1,LEAK,paired_hard_positive,ticket,hard,pair_3_pos
סיכום פגישה: הצוות דן בהשקת מוצר הדס ביום 5/4/2026.,0,NON_LEAK,paired_hard_negative,meeting_note,hard,pair_4_neg
"נושא - טיפול
המערכת החדשה תושק ב8/2/2026 לפי הודעה רשמית שפורסמה לכלל העובדים.",0,NON_LEAK,diverse_negative,email,hard,div_neg_38
"נושא: עדכון
הפגישה עם איתי פרץ נקבעה ל10/1/2026 בירושלים, ובמסמך צורף גם הטלפון 0529918327",1,LEAK,paired_hard_positive,email,hard,pair_2_pos
לתיעוד פנימי - בדשבורד הציבורי מופיע סטטוס כללי של פרויקט פרויקט דרור.,0,NON_LEAK,diverse_negative,memo,medium,div_neg_45
מתוך הדוח - הפגישה עם מנהל מוצר תתקיים ביום ראשון בראשון לציון. תודה,0,NON_LEAK,diverse_negative,report,hard,div_neg_18
מתוך הדוח: יש לעדכן את טבלת ההזמנות עם מזהה פנימי 7610145106,0,NON_LEAK,paired_hard_negative,report,hard,pair_5_neg
"נושא - בקשה
יש לעדכן את טבלת ההזמנות עם מזהה פנימי 7450430220.",0,NON_LEAK,paired_hard_negative,email,hard,pair_5_neg
לתיעוד פנימי: לצורך זיהוי מול הספק הועבר מספר הזהות של עדי שלום: 162013777.,1,LEAK,diverse_positive,memo,hard,div_pos_3
"מתוך הדוח - פרטי הקשר של מיכל כהן - מייל michal.cohen@org.co.il, טלפון 0510148920.",1,LEAK,diverse_positive,report,medium,div_pos_41
לתיעוד פנימי - הפגישה עם מאיה ביטון נקבעה ל5/7/2026 ברעננה,0,NON_LEAK,paired_hard_negative,memo,hard,pair_2_neg
לתיעוד פנימי: הצוות עבר לשלב בדיקות אינטגרציה ונדרש לעדכן סטטוס עד סוף היום,0,NON_LEAK,diverse_negative,memo,medium,div_neg_42
שולח: הצוות דן בהשקת מודול ברק ביום 7/3/2026 במסמך מסווג פנימי שלא נועד להפצה.,1,LEAK,paired_hard_positive,chat,hard,pair_4_pos
בדיקה: לצורך זיהוי מול הספק הועבר מספר הזהות של רונית פרץ: 943067807. תודה,1,LEAK,diverse_positive,chat,hard,div_pos_23
שולח - בדשבורד הציבורי מופיע סטטוס כללי של פרויקט תוכנית רימון.,0,NON_LEAK,diverse_negative,chat,medium,div_neg_32
לתיעוד פנימי - המסמך מזכיר את איכילוב ואת משה אוחנה בהקשר אדמיניסטרטיבי,0,NON_LEAK,paired_hard_negative,memo,hard,pair_6_neg
"עדכון: הועבר סיכום על איתי פרץ שעובד באלביט בנתניה, כולל מספר הזהות 924011322. תודה",1,LEAK,paired_hard_positive,chat,hard,pair_1_pos
"נושא: מעקב
המערכת החדשה תושק ב18/8/2026 לפי הודעה רשמית שפורסמה לכלל העובדים.",0,NON_LEAK,diverse_negative,email,medium,div_neg_39
"נושא: עדכון
שם העובד אילן שבתאי מופיע במצגת הפנימית ללא פרטים נוספים",0,NON_LEAK,diverse_negative,email,hard,div_neg_20
"נושא: טיפול
בנספח מופיעים פרטי החשבון של אלון מלכה: מזרחי טפחות, חשבון 6145759814",1,LEAK,diverse_positive,email,medium,div_pos_12
מתוך הדוח: בדשבורד הציבורי מופיע סטטוס כללי של פרויקט תוכנית רימון.,0,NON_LEAK,diverse_negative,report,medium,div_neg_45
לתיעוד פנימי - במצגת הופיעו שמות העובדים לצד נתוני שכר ובונוסים.,1,LEAK,paired_hard_positive,memo,hard,pair_7_pos
לתיעוד פנימי: הצוות דן בהשקת מודול ברק ביום 15/10/2026 במסמך מסווג פנימי שלא נועד להפצה. תודה,1,LEAK,paired_hard_positive,memo,hard,pair_4_pos
HR-743797 | הועבר סיכום על עדי שלום שעובד באלביט במודיעין,0,NON_LEAK,paired_hard_negative,ticket,hard,pair_1_neg
REQ-733126 | בדוח הלקוח מופיע איש קשר בשם דנה דנינו.,0,NON_LEAK,paired_hard_negative,ticket,hard,pair_3_neg
"נושא: טיפול
הפגישה עם שרון סעדה נקבעה ל4/8/2026 בראשון לציון, ובמסמך צורף גם הטלפון 0551837151.",1,LEAK,paired_hard_positive,email,hard,pair_2_pos
לתיעוד פנימי: יש לעדכן את טבלת ההזמנות עם מזהה פנימי 8361038891.,0,NON_LEAK,paired_hard_negative,memo,hard,pair_5_neg
"בדיקה - היעד הכספי לרבעון הוא 19,156 ש""ח ולא מדובר במידע על לקוח ספציפי.",0,NON_LEAK,diverse_negative,chat,medium,div_neg_2
"REQ-745569 | הפגישה עם יעל לוי נקבעה ל24/12/2026 באשדוד, ובמסמך צורף גם הטלפון 0593385980.",1,LEAK,paired_hard_positive,ticket,hard,pair_2_pos
מתוך הדוח: במצגת הופיעו שמות העובדים לצד נתוני שכר ובונוסים. תודה,1,LEAK,paired_hard_positive,report,hard,pair_7_pos
"תזכורת - הועבר סיכום על איתי פרץ שעובד בבנק הפועלים בבאר שבע, כולל מספר הזהות 180371443.",1,LEAK,paired_hard_positive,chat,hard,pair_1_pos
REQ-000684 | המערכת החדשה תושק ב1/4/2026 לפי הודעה רשמית שפורסמה לכלל העובדים.,0,NON_LEAK,diverse_negative,ticket,hard,div_neg_38
מתוך הדוח: בדוח הלקוח מופיע איש קשר בשם אלון מלכה יחד עם כתובת המייל alon.malka@org.co.il.,1,LEAK,paired_hard_positive,report,hard,pair_3_pos
"סיכום פגישה: בנספח מופיעים פרטי החשבון של נועה מזרחי: דיסקונט, חשבון 2589958919",1,LEAK,diverse_positive,meeting_note,hard,div_pos_21
מתוך הדוח: המסמך מזכיר את איכילוב ואת אלון מלכה בהקשר אדמיניסטרטיבי.,0,NON_LEAK,paired_hard_negative,report,hard,pair_6_neg
סיכום פגישה - לצורך זיהוי מול הספק הועבר מספר הזהות של מיכל כהן - 942347221.,1,LEAK,diverse_positive,meeting_note,hard,div_pos_18
מתוך הדוח - המסמך מזכיר את איכילוב ואת אורן אברהם בהקשר אדמיניסטרטיבי.,0,NON_LEAK,paired_hard_negative,report,hard,pair_6_neg
מתוך הדוח: הפגישה עם משה אוחנה נקבעה ל8/9/2026 בבאר שבע,0,NON_LEAK,paired_hard_negative,report,hard,pair_2_neg
סיכום פגישה - בדוח משאבי האנוש מופיעים נתוני השכר של אלון מלכה עבור חודש מרץ.,1,LEAK,diverse_positive,meeting_note,hard,div_pos_12
"מתוך הדוח: הועבר החזר בגובה 32,502 ש""ח לחשבון 4677130261 של דנה דנינו",1,LEAK,diverse_positive,report,medium,div_pos_13
"לתיעוד פנימי - הפגישה עם מאיה ביטון נקבעה ל1/11/2026 ברעננה, ובמסמך צורף גם הטלפון 0559047016",1,LEAK,paired_hard_positive,memo,hard,pair_2_pos
בדיקה: יש לעדכן את טבלת ההזמנות עם חשבון הבנק 4041440749 של רון חדד,1,LEAK,paired_hard_positive,chat,hard,pair_5_pos
"נושא: מעקב
מספר הקריאה הוא FIN-219908 ויש לעקוב אחריו מול פיתוח",0,NON_LEAK,diverse_negative,email,hard,div_neg_2
"עדכון: היעד הכספי לרבעון הוא 33,730 ש""ח ולא מדובר במידע על לקוח ספציפי.",0,NON_LEAK,diverse_negative,chat,hard,div_neg_38
"נושא: מעקב
בדשבורד הציבורי מופיע סטטוס כללי של פרויקט פרויקט דרור.",0,NON_LEAK,diverse_negative,email,medium,div_neg_49
"מתוך הדוח: הועבר סיכום על יואב לוי שעובד בבנק לאומי בפתח תקווה, כולל מספר הזהות 580143581",1,LEAK,paired_hard_positive,report,hard,pair_1_pos
"מתוך הדוח: הלקוח ביקש עדכון על הפרויקט, אבל לא נשלחו פרטי קשר או מזהים.",0,NON_LEAK,diverse_negative,report,medium,div_neg_54
מתוך הדוח: לצורך זיהוי מול הספק הועבר מספר הזהות של רון חדד: 958950543.,1,LEAK,diverse_positive,report,hard,div_pos_24
עדכון - בדוח הלקוח מופיע איש קשר בשם דנה דנינו,0,NON_LEAK,paired_hard_negative,chat,hard,pair_3_neg
"לתיעוד פנימי: הועבר החזר בגובה 38,414 ש""ח לחשבון 3726781180 של משה אוחנה.",1,LEAK,diverse_positive,memo,hard,div_pos_19
עדכון: הועבר סיכום על טל אוחנה שעובד בAmdocs בתל אביב.,0,NON_LEAK,paired_hard_negative,chat,hard,pair_1_neg
"לתיעוד פנימי: בנספח מופיעים פרטי החשבון של נועה מזרחי: בנק הפועלים, חשבון 1249330268",1,LEAK,diverse_positive,memo,hard,div_pos_19
עדכון: לצורך זיהוי מול הספק הועבר מספר הזהות של יואב לוי: 643487191. תודה,1,LEAK,diverse_positive,chat,medium,div_pos_3
סיכום פגישה: בדוח הלקוח מופיע איש קשר בשם ליאור מלכה יחד עם כתובת המייל liormalka@examplecoil,1,LEAK,paired_hard_positive,meeting_note,hard,pair_3_pos
"נושא: בקשה
הועבר דוח עם רשימת לקוחות אסטרטגיים, הצעות מחיר ותנאי התקשרות",1,LEAK,diverse_positive,email,medium,div_pos_32
מתוך הדוח: הועבר סיכום על שרון סעדה שעובד בצ'ק פוינט בחיפה.,0,NON_LEAK,paired_hard_negative,report,hard,pair_1_neg
לתיעוד פנימי: בדוח משאבי האנוש מופיעים נתוני השכר של טל אוחנה עבור חודש מרץ.,1,LEAK,diverse_positive,memo,medium,div_pos_50
"לתיעוד פנימי: בדוח מופיע רק שם החברה סלקום ותאריך יעד 2/4/2026, ללא מידע אישי.",0,NON_LEAK,diverse_negative,memo,hard,div_neg_5
"REQ-704401 | בנספח מופיעים פרטי החשבון של מיכל כהן: דיסקונט, חשבון 7671503348. תודה",1,LEAK,diverse_positive,ticket,hard,div_pos_8
"נושא - טיפול
הצוות דן בהשקת מוצר הדס ביום 19/10/2026 במסמך מסווג פנימי שלא נועד להפצה.",1,LEAK,paired_hard_positive,email,hard,pair_4_pos
"סיכום פגישה: הלקוח ביקש עדכון על הפרויקט, אבל לא נשלחו פרטי קשר או מזהים",0,NON_LEAK,diverse_negative,meeting_note,hard,div_neg_30
מתוך הדוח: לצורך זיהוי מול הספק הועבר מספר הזהות של ניר ביטון: 721304990,1,LEAK,diverse_positive,report,medium,div_pos_19
"מתוך הדוח: בדוח מופיע רק שם החברה שטראוס ותאריך יעד 27/12/2026, ללא מידע אישי.",0,NON_LEAK,diverse_negative,report,medium,div_neg_10
"INC-053742 | המסמך מזכיר את רמב""ם ואת איתי פרץ וכולל גם אבחנה של לחץ דם גבוה",1,LEAK,paired_hard_positive,ticket,hard,pair_6_pos
"נושא: בקשה
בנספח מופיעים פרטי החשבון של אורן אברהם: בנק לאומי, חשבון 2270464856.",1,LEAK,diverse_positive,email,hard,div_pos_48
מתוך הדוח - במצגת הופיעו שמות העובדים לצורך חלוקת משימות,0,NON_LEAK,paired_hard_negative,report,hard,pair_7_neg
סיכום פגישה: הועבר סיכום על יעל לוי שעובד בשטראוס בבאר שבע.,0,NON_LEAK,paired_hard_negative,meeting_note,hard,pair_1_neg
"נושא: בקשה
המסמך מזכיר את שיבא ואת הילה חדד בהקשר אדמיניסטרטיבי.",0,NON_LEAK,paired_hard_negative,email,hard,pair_6_neg
"נושא: בקשה
המסמך מזכיר את סורוקה ואת הילה חדד וכולל גם אבחנה של לחץ דם גבוה.",1,LEAK,paired_hard_positive,email,hard,pair_6_pos
REQ-540977 | הועבר סיכום על שירה אברהם שעובד בשופרסל באשדוד.,0,NON_LEAK,paired_hard_negative,ticket,hard,pair_1_neg
סיכום פגישה - בדוח הלקוח מופיע איש קשר בשם אורן אברהם יחד עם כתובת המייל orenavraham@examplecoil,1,LEAK,paired_hard_positive,meeting_note,hard,pair_3_pos
INC-419406 | במצגת הופיעו שמות העובדים לצד נתוני שכר ובונוסים. תודה,1,LEAK,paired_hard_positive,ticket,hard,pair_7_pos
SR-557009 | בדוח משאבי האנוש מופיעים נתוני השכר של רונית פרץ עבור חודש מרץ.,1,LEAK,diverse_positive,ticket,hard,div_pos_44
FIN-739462 | בדוח משאבי האנוש מופיעים נתוני השכר של אלון מלכה עבור חודש מרץ.,1,LEAK,diverse_positive,ticket,medium,div_pos_6
"מתוך הדוח: הקובץ מכיל שם משתמש, סיסמה וגישה לסביבת הייצור.",1,LEAK,diverse_positive,report,medium,div_pos_56
מתוך הדוח - במצגת הופיעו שמות העובדים לצורך חלוקת משימות,0,NON_LEAK,paired_hard_negative,report,hard,pair_7_neg
מתוך הדוח: בדוח שהגיע מסורוקה מופיעים פרטי טיפול של יואב לוי,1,LEAK,diverse_positive,report,hard,div_pos_38
שולח: בדשבורד הציבורי מופיע סטטוס כללי של פרויקט מבצע שקמה,0,NON_LEAK,diverse_negative,chat,hard,div_neg_4
מתוך הדוח: הועבר סיכום על אלון מלכה שעובד במכבי שירותי בריאות בירושלים.,0,NON_LEAK,paired_hard_negative,report,hard,pair_1_neg
מתוך הדוח: הצוות דן בהשקת מוצר הדס ביום 19/6/2026 במסמך מסווג פנימי שלא נועד להפצה,1,LEAK,paired_hard_positive,report,hard,pair_4_pos
"לתיעוד פנימי: הקובץ מכיל שם משתמש, סיסמה וגישה לסביבת הייצור.",1,LEAK,diverse_positive,memo,medium,div_pos_17
עדכון: שם העובד אלון מלכה מופיע במצגת הפנימית ללא פרטים נוספים.,0,NON_LEAK,diverse_negative,chat,hard,div_neg_43
שולח - הפגישה עם אורן אברהם נקבעה ל9/9/2026 בירושלים,0,NON_LEAK,paired_hard_negative,chat,hard,pair_2_neg
לתיעוד פנימי - בדוח שהגיע משיבא מופיעים פרטי טיפול של עדי שלום.,1,LEAK,diverse_positive,memo,hard,div_pos_52
מתוך הדוח - הפגישה עם מאיה ביטון נקבעה ל16/2/2026 באשדוד,0,NON_LEAK,paired_hard_negative,report,hard,pair_2_neg
"לתיעוד פנימי: המסמך מזכיר את רמב""ם ואת רונית פרץ בהקשר אדמיניסטרטיבי.",0,NON_LEAK,paired_hard_negative,memo,hard,pair_6_neg
מתוך הדוח: במצגת הופיעו שמות העובדים לצד נתוני שכר ובונוסים.,1,LEAK,paired_hard_positive,report,hard,pair_7_pos
"סיכום פגישה: המסמך מזכיר את רמב""ם ואת רון חדד וכולל גם אבחנה של לחץ דם גבוה",1,LEAK,paired_hard_positive,meeting_note,hard,pair_6_pos
"בדיקה: היעד הכספי לרבעון הוא 3,068 ש""ח ולא מדובר במידע על לקוח ספציפי.",0,NON_LEAK,diverse_negative,chat,medium,div_neg_55
HR-656342 | הסיסמה הזמנית לחשבון של אילן שבתאי היא Welcome2026! ויש להחליף אותה מיד.,1,LEAK,diverse_positive,ticket,medium,div_pos_53
"מתוך הדוח: בדוח מופיע רק שם החברה שטראוס ותאריך יעד 23/3/2026, ללא מידע אישי.",0,NON_LEAK,diverse_negative,report,medium,div_neg_30
לתיעוד פנימי: הצוות דן בהשקת שירות אביב ביום 6/4/2026.,0,NON_LEAK,paired_hard_negative,memo,hard,pair_4_neg
תזכורת: בדוח הלקוח מופיע איש קשר בשם מיכל כהן.,0,NON_LEAK,paired_hard_negative,chat,hard,pair_3_neg
"לתיעוד פנימי: הועבר סיכום על מיכל כהן שעובד בשופרסל ברעננה, כולל מספר הזהות 201055749.",1,LEAK,paired_hard_positive,memo,hard,pair_1_pos
SR-154412 | מספר הקריאה הוא HR-253372 ויש לעקוב אחריו מול כספים.,0,NON_LEAK,diverse_negative,ticket,hard,div_neg_12
INC-268480 | יש לעדכן את טבלת ההזמנות עם חשבון הבנק 1140310444 של קרן אמסלם,1,LEAK,paired_hard_positive,ticket,hard,pair_5_pos
SR-772641 | מספר הקריאה הוא HR-740985 ויש לעקוב אחריו מול רכש.,0,NON_LEAK,diverse_negative,ticket,medium,div_neg_57
לתיעוד פנימי: בדוח הלקוח מופיע איש קשר בשם ליאור מלכה.,0,NON_LEAK,paired_hard_negative,memo,hard,pair_3_neg
"נושא: עדכון
בדוח הלקוח מופיע איש קשר בשם מיכל כהן יחד עם כתובת המייל michal.cohen@gmail.com.",1,LEAK,paired_hard_positive,email,hard,pair_3_pos
בדיקה - הצוות עבר לשלב בדיקות אינטגרציה ונדרש לעדכן סטטוס עד סוף היום.,0,NON_LEAK,diverse_negative,chat,hard,div_neg_4
"נושא: טיפול
הסיסמה הזמנית לחשבון של מיכל כהן היא Welcome2026! ויש להחליף אותה מיד.",1,LEAK,diverse_positive,email,medium,div_pos_36
"סיכום פגישה: בנספח מופיעים פרטי החשבון של עדי שלום: מזרחי טפחות, חשבון 5210527276",1,LEAK,diverse_positive,meeting_note,medium,div_pos_59
שולח: במצגת הופיעו שמות העובדים לצורך חלוקת משימות.,0,NON_LEAK,paired_hard_negative,chat,hard,pair_7_neg
"נושא - עדכון
בנספח מופיעים פרטי החשבון של שרון סעדה - דיסקונט, חשבון 9387016472.",1,LEAK,diverse_positive,email,medium,div_pos_11
"נושא - עדכון
המערכת החדשה תושק ב27/4/2026 לפי הודעה רשמית שפורסמה לכלל העובדים.",0,NON_LEAK,diverse_negative,email,hard,div_neg_1
INC-394849 | הועבר סיכום על דוד כהן שעובד בבזק בנתניה,0,NON_LEAK,paired_hard_negative,ticket,hard,pair_1_neg
לתיעוד פנימי: הועבר סיכום על שרון סעדה שעובד בקופת חולים כללית בחיפה.,0,NON_LEAK,paired_hard_negative,memo,hard,pair_1_neg
"נושא: טיפול
הצוות דן בהשקת מודול ברק ביום 5/4/2026",0,NON_LEAK,paired_hard_negative,email,hard,pair_4_neg
לתיעוד פנימי - הצוות עבר לשלב בדיקות אינטגרציה ונדרש לעדכן סטטוס עד סוף היום תודה,0,NON_LEAK,diverse_negative,memo,hard,div_neg_46
סיכום פגישה: בדוח הלקוח מופיע איש קשר בשם איתי פרץ.,0,NON_LEAK,paired_hard_negative,meeting_note,hard,pair_3_neg
סיכום פגישה: במצגת הופיעו שמות העובדים לצד נתוני שכר ובונוסים.,1,LEAK,paired_hard_positive,meeting_note,hard,pair_7_pos
סיכום פגישה: לצורך זיהוי מול הספק הועבר מספר הזהות של ניר ביטון: 629706911,1,LEAK,diverse_positive,meeting_note,medium,div_pos_3
שולח: לצורך זיהוי מול הספק הועבר מספר הזהות של משה אוחנה: 741218489.,1,LEAK,diverse_positive,chat,medium,div_pos_34
לתיעוד פנימי - יש לעדכן את טבלת ההזמנות עם חשבון הבנק 7840285845 של אלון מלכה.,1,LEAK,paired_hard_positive,memo,hard,pair_5_pos
לתיעוד פנימי: במצגת הופיעו שמות העובדים לצורך חלוקת משימות.,0,NON_LEAK,paired_hard_negative,memo,hard,pair_7_neg
סיכום פגישה: יש לעדכן את טבלת ההזמנות עם חשבון הבנק 2803260901 של הילה חדד.,1,LEAK,paired_hard_positive,meeting_note,hard,pair_5_pos
"לתיעוד פנימי: הפגישה עם רונית פרץ נקבעה ל14/4/2026 בבאר שבע, ובמסמך צורף גם הטלפון 0578898965. תודה",1,LEAK,paired_hard_positive,memo,hard,pair_2_pos
מתוך הדוח: הצוות דן בהשקת גרסה 4.2 ביום 6/8/2026.,0,NON_LEAK,paired_hard_negative,report,hard,pair_4_neg
"נושא: טיפול
במצגת הופיעו שמות העובדים לצורך חלוקת משימות. תודה",0,NON_LEAK,paired_hard_negative,email,hard,pair_7_neg
"לתיעוד פנימי: היעד הכספי לרבעון הוא 11,837 ש""ח ולא מדובר במידע על לקוח ספציפי.",0,NON_LEAK,diverse_negative,memo,hard,div_neg_47
סיכום פגישה: המסמך מזכיר את סורוקה ואת שרון סעדה וכולל גם אבחנה של אלרגיה חריפה,1,LEAK,paired_hard_positive,meeting_note,hard,pair_6_pos
"נושא: בקשה
יש לעדכן את טבלת ההזמנות עם מזהה פנימי 7555940225",0,NON_LEAK,paired_hard_negative,email,hard,pair_5_neg
SR-556662 | נא לשמור על סודיות: תוכנית ההשקה של מוצר אופק וקוד השם מיזם תמר מצורפים.,1,LEAK,diverse_positive,ticket,hard,div_pos_32
"סיכום פגישה: במסמך המצורף אין מידע אישי, רק סיכום משימות והחלטות",0,NON_LEAK,diverse_negative,meeting_note,hard,div_neg_52
"נושא: בקשה
המסמך מזכיר את אסותא ואת שירה אברהם וכולל גם אבחנה של פציעת גב תודה",1,LEAK,paired_hard_positive,email,hard,pair_6_pos
מתוך הדוח: הצוות דן בהשקת פלטפורמת ארז ביום 8/4/2026. תודה,0,NON_LEAK,paired_hard_negative,report,hard,pair_4_neg
סיכום פגישה: הועבר סיכום על נועה מזרחי שעובד בבנק הפועלים בירושלים.,0,NON_LEAK,paired_hard_negative,meeting_note,hard,pair_1_neg
REQ-575057 | בדשבורד הציבורי מופיע סטטוס כללי של פרויקט פרויקט ברוש.,0,NON_LEAK,diverse_negative,ticket,hard,div_neg_23
לתיעוד פנימי - שם העובד מיכל כהן מופיע במצגת הפנימית ללא פרטים נוספים. תודה,0,NON_LEAK,diverse_negative,memo,medium,div_neg_15
"סיכום פגישה: הלקוח ביקש עדכון על הפרויקט, אבל לא נשלחו פרטי קשר או מזהים.",0,NON_LEAK,diverse_negative,meeting_note,medium,div_neg_7
לתיעוד פנימי: הועבר סיכום על קרן אמסלם שעובד באינטל בחיפה,0,NON_LEAK,paired_hard_negative,memo,hard,pair_1_neg
לתיעוד פנימי - יש לעדכן את טבלת ההזמנות עם מזהה פנימי 2815496555 תודה,0,NON_LEAK,paired_hard_negative,memo,hard,pair_5_neg
עדכון: הצוות דן בהשקת גרסה 4.2 ביום 28/2/2026. תודה,0,NON_LEAK,paired_hard_negative,chat,hard,pair_4_neg
"מתוך הדוח: הועבר דוח עם רשימת לקוחות אסטרטגיים, הצעות מחיר ותנאי התקשרות",1,LEAK,diverse_positive,report,hard,div_pos_30
לתיעוד פנימי - במצגת הופיעו שמות העובדים לצורך חלוקת משימות.,0,NON_LEAK,paired_hard_negative,memo,hard,pair_7_neg
REQ-454862 | הצוות דן בהשקת מוצר הדס ביום 4/8/2026.,0,NON_LEAK,paired_hard_negative,ticket,hard,pair_4_neg
"סיכום פגישה - הפגישה עם שירה אברהם נקבעה ל1/11/2026 בראשון לציון, ובמסמך צורף גם הטלפון 0596833201.",1,LEAK,paired_hard_positive,meeting_note,hard,pair_2_pos
"נושא: מעקב
בדוח מופיע רק שם החברה רפאל ותאריך יעד 11/7/2026, ללא מידע אישי.",0,NON_LEAK,diverse_negative,email,medium,div_neg_23
"לתיעוד פנימי: הקובץ מכיל שם משתמש, סיסמה וגישה לסביבת הייצור.",1,LEAK,diverse_positive,memo,hard,div_pos_23
REQ-845744 | הסיסמה הזמנית לחשבון של אלון מלכה היא Welcome2026! ויש להחליף אותה מיד.,1,LEAK,diverse_positive,ticket,medium,div_pos_0
לתיעוד פנימי: שם העובד שירה אברהם מופיע במצגת הפנימית ללא פרטים נוספים. תודה,0,NON_LEAK,diverse_negative,memo,hard,div_neg_7
תזכורת: הצוות דן בהשקת מוצר אופק ביום 21/7/2026 במסמך מסווג פנימי שלא נועד להפצה.,1,LEAK,paired_hard_positive,chat,hard,pair_4_pos
"נושא - בקשה
המערכת החדשה תושק ב23/6/2026 לפי הודעה רשמית שפורסמה לכלל העובדים. תודה",0,NON_LEAK,diverse_negative,email,medium,div_neg_38
סיכום פגישה: המערכת החדשה תושק ב17/1/2026 לפי הודעה רשמית שפורסמה לכלל העובדים. תודה,0,NON_LEAK,diverse_negative,meeting_note,medium,div_neg_49
לתיעוד פנימי: הצוות דן בהשקת מוצר הדס ביום 21/1/2026 במסמך מסווג פנימי שלא נועד להפצה תודה,1,LEAK,paired_hard_positive,memo,hard,pair_4_pos
סיכום פגישה: בדוח הלקוח מופיע איש קשר בשם עדי שלום יחד עם כתובת המייל adi.shalom@outlook.com.,1,LEAK,paired_hard_positive,meeting_note,hard,pair_3_pos
REQ-799232 | המסמך מזכיר את איכילוב ואת ליאור מלכה בהקשר אדמיניסטרטיבי.,0,NON_LEAK,paired_hard_negative,ticket,hard,pair_6_neg
"נושא: בקשה
בדוח משאבי האנוש מופיעים נתוני השכר של טל אוחנה עבור חודש מרץ.",1,LEAK,diverse_positive,email,hard,div_pos_8
בדיקה: בדשבורד הציבורי מופיע סטטוס כללי של פרויקט מבצע שקמה.,0,NON_LEAK,diverse_negative,chat,medium,div_neg_14
מתוך הדוח: המערכת החדשה תושק ב28/11/2026 לפי הודעה רשמית שפורסמה לכלל העובדים,0,NON_LEAK,diverse_negative,report,medium,div_neg_9
"נושא: טיפול
במצגת הופיעו שמות העובדים לצד נתוני שכר ובונוסים.",1,LEAK,paired_hard_positive,email,hard,pair_7_pos
INC-150405 | בדוח משאבי האנוש מופיעים נתוני השכר של דנה דנינו עבור חודש מרץ,1,LEAK,diverse_positive,ticket,hard,div_pos_35
"בדיקה: פרטי הקשר של שירה אברהם: מייל shira.avraham@outlook.com, טלפון 0597387195.",1,LEAK,diverse_positive,chat,hard,div_pos_58
"REQ-881740 | הפגישה עם ליאור מלכה נקבעה ל22/9/2026 בנתניה, ובמסמך צורף גם הטלפון 0519962102.",1,LEAK,paired_hard_positive,ticket,hard,pair_2_pos
סיכום פגישה: יש לעדכן את טבלת ההזמנות עם מזהה פנימי 2295943997.,0,NON_LEAK,paired_hard_negative,meeting_note,hard,pair_5_neg
בדיקה: לצורך זיהוי מול הספק הועבר מספר הזהות של אילן שבתאי: 912008417.,1,LEAK,diverse_positive,chat,hard,div_pos_26
מתוך הדוח: הועבר סיכום על טל אוחנה שעובד באינטל ברעננה.,0,NON_LEAK,paired_hard_negative,report,hard,pair_1_neg
סיכום פגישה: הסיסמה הזמנית לחשבון של יעל לוי היא Welcome2026! ויש להחליף אותה מיד.,1,LEAK,diverse_positive,meeting_note,medium,div_pos_36
מתוך הדוח: הצוות דן בהשקת מוצר הדס ביום 6/7/2026 במסמך מסווג פנימי שלא נועד להפצה,1,LEAK,paired_hard_positive,report,hard,pair_4_pos
תזכורת - מספר הקריאה הוא SR-609712 ויש לעקוב אחריו מול משאבי אנוש,0,NON_LEAK,diverse_negative,chat,medium,div_neg_44
סיכום פגישה: לצורך זיהוי מול הספק הועבר מספר הזהות של מאיה ביטון: 780538273.,1,LEAK,diverse_positive,meeting_note,medium,div_pos_4
עדכון: הצוות עבר לשלב בדיקות אינטגרציה ונדרש לעדכן סטטוס עד סוף היום.,0,NON_LEAK,diverse_negative,chat,hard,div_neg_11
תזכורת: הועבר סיכום על יואב לוי שעובד בבנק לאומי ברעננה,0,NON_LEAK,paired_hard_negative,chat,hard,pair_1_neg
"HR-729379 | הקובץ מכיל שם משתמש, סיסמה וגישה לסביבת הייצור.",1,LEAK,diverse_positive,ticket,medium,div_pos_52
לתיעוד פנימי: הפגישה עם מאיה ביטון נקבעה ל8/2/2026 ברעננה.,0,NON_LEAK,paired_hard_negative,memo,hard,pair_2_neg
"לתיעוד פנימי - בנספח מופיעים פרטי החשבון של נועה מזרחי - בנק לאומי, חשבון 7019459158.",1,LEAK,diverse_positive,memo,hard,div_pos_29
"FIN-042683 | הפגישה עם מאיה ביטון נקבעה ל24/12/2026 בנתניה, ובמסמך צורף גם הטלפון 0509799007",1,LEAK,paired_hard_positive,ticket,hard,pair_2_pos
לתיעוד פנימי - הסיסמה הזמנית לחשבון של הילה חדד היא Welcome2026! ויש להחליף אותה מיד.,1,LEAK,diverse_positive,memo,hard,div_pos_16
"נושא: בקשה
במצגת הופיעו שמות העובדים לצד נתוני שכר ובונוסים.",1,LEAK,paired_hard_positive,email,hard,pair_7_pos
"לתיעוד פנימי: בדוח מופיע רק שם החברה בזק ותאריך יעד 16/3/2026, ללא מידע אישי.",0,NON_LEAK,diverse_negative,memo,medium,div_neg_48
מתוך הדוח: הפגישה עם ליאור מלכה נקבעה ל27/9/2026 באשדוד.,0,NON_LEAK,paired_hard_negative,report,hard,pair_2_neg
"לתיעוד פנימי - היעד הכספי לרבעון הוא 12,996 ש""ח ולא מדובר במידע על לקוח ספציפי.",0,NON_LEAK,diverse_negative,memo,hard,div_neg_52
HR-178178 | בדוח הלקוח מופיע איש קשר בשם איתי פרץ. תודה,0,NON_LEAK,paired_hard_negative,ticket,hard,pair_3_neg
מתוך הדוח - בדוח הלקוח מופיע איש קשר בשם איתי פרץ.,0,NON_LEAK,paired_hard_negative,report,hard,pair_3_neg
"לתיעוד פנימי: המסמך מזכיר את רמב""ם ואת שירה אברהם בהקשר אדמיניסטרטיבי.",0,NON_LEAK,paired_hard_negative,memo,hard,pair_6_neg
"לתיעוד פנימי: הלקוח ביקש עדכון על הפרויקט, אבל לא נשלחו פרטי קשר או מזהים.",0,NON_LEAK,diverse_negative,memo,medium,div_neg_42
עדכון - בדוח הלקוח מופיע איש קשר בשם רונית פרץ.,0,NON_LEAK,paired_hard_negative,chat,hard,pair_3_neg
שולח: בדוח הלקוח מופיע איש קשר בשם ליאור מלכה תודה,0,NON_LEAK,paired_hard_negative,chat,hard,pair_3_neg
סיכום פגישה - הצוות דן בהשקת מוצר אופק ביום 26/9/2026.,0,NON_LEAK,paired_hard_negative,meeting_note,hard,pair_4_neg
"מתוך הדוח: הועבר דוח עם רשימת לקוחות אסטרטגיים, הצעות מחיר ותנאי התקשרות.",1,LEAK,diverse_positive,report,medium,div_pos_51
מתוך הדוח - יש לעדכן את טבלת ההזמנות עם מזהה פנימי 3999162096 תודה,0,NON_LEAK,paired_hard_negative,report,hard,pair_5_neg
"בדיקה: הקובץ מכיל שם משתמש, סיסמה וגישה לסביבת הייצור.",1,LEAK,diverse_positive,chat,hard,div_pos_14
בדיקה - בדוח הלקוח מופיע איש קשר בשם טל אוחנה,0,NON_LEAK,paired_hard_negative,chat,hard,pair_3_neg
"נושא: מעקב
בדוח הלקוח מופיע איש קשר בשם נועה מזרחי.",0,NON_LEAK,paired_hard_negative,email,hard,pair_3_neg
"REQ-361097 | בנספח מופיעים פרטי החשבון של איתי פרץ - בנק לאומי, חשבון 9492781810.",1,LEAK,diverse_positive,ticket,hard,div_pos_49
סיכום פגישה - במצגת הופיעו שמות העובדים לצורך חלוקת משימות תודה,0,NON_LEAK,paired_hard_negative,meeting_note,hard,pair_7_neg
"נושא: טיפול
היעד הכספי לרבעון הוא 29,728 ש""ח ולא מדובר במידע על לקוח ספציפי. תודה",0,NON_LEAK,diverse_negative,email,hard,div_neg_12
"נושא: עדכון
הצוות עבר לשלב בדיקות אינטגרציה ונדרש לעדכן סטטוס עד סוף היום",0,NON_LEAK,diverse_negative,email,hard,div_neg_47
סיכום פגישה: בדוח הלקוח מופיע איש קשר בשם מאיה ביטון,0,NON_LEAK,paired_hard_negative,meeting_note,hard,pair_3_neg
HR-809090 | הפגישה עם מנהל מוצר תתקיים ביום ראשון באשדוד.,0,NON_LEAK,diverse_negative,ticket,hard,div_neg_21
"סיכום פגישה: בדוח מופיע רק שם החברה סלקום ותאריך יעד 6/9/2026, ללא מידע אישי",0,NON_LEAK,diverse_negative,meeting_note,medium,div_neg_22
"FIN-866216 | הלקוח ביקש עדכון על הפרויקט, אבל לא נשלחו פרטי קשר או מזהים.",0,NON_LEAK,diverse_negative,ticket,hard,div_neg_36
SR-778857 | הועבר סיכום על נועה מזרחי שעובד בנייס ברעננה. תודה,0,NON_LEAK,paired_hard_negative,ticket,hard,pair_1_neg
לתיעוד פנימי: בדוח הלקוח מופיע איש קשר בשם אילן שבתאי יחד עם כתובת המייל ilan.shabtai@outlook.com.,1,LEAK,paired_hard_positive,memo,hard,pair_3_pos
HR-925965 | יש לעדכן את טבלת ההזמנות עם חשבון הבנק 1482357714 של אורן אברהם.,1,LEAK,paired_hard_positive,ticket,hard,pair_5_pos
לתיעוד פנימי: בדוח הלקוח מופיע איש קשר בשם ליאור מלכה. תודה,0,NON_LEAK,paired_hard_negative,memo,hard,pair_3_neg
HR-335881 | מספר הקריאה הוא REQ-074646 ויש לעקוב אחריו מול אבטחת מידע.,0,NON_LEAK,diverse_negative,ticket,medium,div_neg_12
INC-282647 | הועבר סיכום על דנה דנינו שעובד בסלקום ברעננה.,0,NON_LEAK,paired_hard_negative,ticket,hard,pair_1_neg
"נושא: טיפול
מספר הקריאה הוא FIN-913070 ויש לעקוב אחריו מול פיתוח.",0,NON_LEAK,diverse_negative,email,medium,div_neg_0
מתוך הדוח: הפגישה עם מנהלת משאבי אנוש תתקיים ביום ראשון בראשון לציון.,0,NON_LEAK,diverse_negative,report,medium,div_neg_25
"INC-071584 | היעד הכספי לרבעון הוא 28,965 ש""ח ולא מדובר במידע על לקוח ספציפי.",0,NON_LEAK,diverse_negative,ticket,hard,div_neg_21
"מתוך הדוח: פרטי הקשר של מאיה ביטון: מייל maya.biton@company.co.il, טלפון 0534894854.",1,LEAK,diverse_positive,report,medium,div_pos_14
סיכום פגישה: המערכת החדשה תושק ב16/12/2026 לפי הודעה רשמית שפורסמה לכלל העובדים,0,NON_LEAK,diverse_negative,meeting_note,hard,div_neg_0
בדיקה: במצגת הופיעו שמות העובדים לצד נתוני שכר ובונוסים. תודה,1,LEAK,paired_hard_positive,chat,hard,pair_7_pos
"נושא: בקשה
בדוח הלקוח מופיע איש קשר בשם ליאור מלכה יחד עם כתובת המייל lior.malka@company.co.il.",1,LEAK,paired_hard_positive,email,hard,pair_3_pos
שולח: במצגת הופיעו שמות העובדים לצד נתוני שכר ובונוסים,1,LEAK,paired_hard_positive,chat,hard,pair_7_pos
"נושא: בקשה
בנספח מופיעים פרטי החשבון של ליאור מלכה: מזרחי טפחות, חשבון 5605177114.",1,LEAK,diverse_positive,email,medium,div_pos_13
"נושא: בקשה
המסמך מזכיר את רמב""ם ואת אילן שבתאי בהקשר אדמיניסטרטיבי.",0,NON_LEAK,paired_hard_negative,email,hard,pair_6_neg
"סיכום פגישה: בדוח מופיע רק שם החברה מיקרוסופט ותאריך יעד 4/1/2026, ללא מידע אישי",0,NON_LEAK,diverse_negative,meeting_note,hard,div_neg_14
מתוך הדוח: הפגישה עם מנהל אבטחת מידע תתקיים ביום ראשון בירושלים,0,NON_LEAK,diverse_negative,report,medium,div_neg_8
בדיקה: הצוות דן בהשקת מודול ברק ביום 9/8/2026 במסמך מסווג פנימי שלא נועד להפצה.,1,LEAK,paired_hard_positive,chat,hard,pair_4_pos
מתוך הדוח: בדוח משאבי האנוש מופיעים נתוני השכר של הילה חדד עבור חודש מרץ.,1,LEAK,diverse_positive,report,medium,div_pos_36
"נושא: עדכון
במצגת הופיעו שמות העובדים לצד נתוני שכר ובונוסים. תודה",1,LEAK,paired_hard_positive,email,hard,pair_7_pos
לתיעוד פנימי - יש לעדכן את טבלת ההזמנות עם חשבון הבנק 6199528766 של ניר ביטון.,1,LEAK,paired_hard_positive,memo,hard,pair_5_pos
"לתיעוד פנימי: בדוח מופיע רק שם החברה אינטל ותאריך יעד 15/12/2026, ללא מידע אישי.",0,NON_LEAK,diverse_negative,memo,hard,div_neg_11
INC-697942 | יש לעדכן את טבלת ההזמנות עם מזהה פנימי 3748913370. תודה,0,NON_LEAK,paired_hard_negative,ticket,hard,pair_5_neg
לתיעוד פנימי: במצגת הופיעו שמות העובדים לצורך חלוקת משימות.,0,NON_LEAK,paired_hard_negative,memo,hard,pair_7_neg
עדכון: המערכת החדשה תושק ב28/7/2026 לפי הודעה רשמית שפורסמה לכלל העובדים.,0,NON_LEAK,diverse_negative,chat,medium,div_neg_53
"נושא: טיפול
הפגישה עם ראש צוות תתקיים ביום ראשון בירושלים. תודה",0,NON_LEAK,diverse_negative,email,hard,div_neg_2
לתיעוד פנימי - בדוח הלקוח מופיע איש קשר בשם יעל לוי.,0,NON_LEAK,paired_hard_negative,memo,hard,pair_3_neg
סיכום פגישה: יש לעדכן את טבלת ההזמנות עם מזהה פנימי 3173068513. תודה,0,NON_LEAK,paired_hard_negative,meeting_note,hard,pair_5_neg
SR-395384 | בדוח הלקוח מופיע איש קשר בשם יואב לוי.,0,NON_LEAK,paired_hard_negative,ticket,hard,pair_3_neg
סיכום פגישה: במצגת הופיעו שמות העובדים לצורך חלוקת משימות. תודה,0,NON_LEAK,paired_hard_negative,meeting_note,hard,pair_7_neg
SR-243022 | הסיסמה הזמנית לחשבון של רון חדד היא Welcome2026! ויש להחליף אותה מיד.,1,LEAK,diverse_positive,ticket,medium,div_pos_7
"שולח: הועבר החזר בגובה 24,191 ש""ח לחשבון 2216327262 של הילה חדד.",1,LEAK,diverse_positive,chat,medium,div_pos_28
סיכום פגישה: המסמך מזכיר את איכילוב ואת ניר ביטון וכולל גם אבחנה של סוכרת.,1,LEAK,paired_hard_positive,meeting_note,hard,pair_6_pos
"לתיעוד פנימי: בדוח מופיע רק שם החברה בנק לאומי ותאריך יעד 21/4/2026, ללא מידע אישי.",0,NON_LEAK,diverse_negative,memo,medium,div_neg_15
"לתיעוד פנימי: הקובץ מכיל שם משתמש, סיסמה וגישה לסביבת הייצור.",1,LEAK,diverse_positive,memo,medium,div_pos_26
סיכום פגישה: במצגת הופיעו שמות העובדים לצד נתוני שכר ובונוסים.,1,LEAK,paired_hard_positive,meeting_note,hard,pair_7_pos
"עדכון: הועבר דוח עם רשימת לקוחות אסטרטגיים, הצעות מחיר ותנאי התקשרות",1,LEAK,diverse_positive,chat,hard,div_pos_16
"נושא: טיפול
פרטי הקשר של רון חדד: מייל ron.hadad@org.co.il, טלפון 0533060462.",1,LEAK,diverse_positive,email,medium,div_pos_44
מתוך הדוח: במצגת הופיעו שמות העובדים לצד נתוני שכר ובונוסים. תודה,1,LEAK,paired_hard_positive,report,hard,pair_7_pos
"לתיעוד פנימי - הועבר דוח עם רשימת לקוחות אסטרטגיים, הצעות מחיר ותנאי התקשרות.",1,LEAK,diverse_positive,memo,medium,div_pos_11
"מתוך הדוח: הועבר דוח עם רשימת לקוחות אסטרטגיים, הצעות מחיר ותנאי התקשרות.",1,LEAK,diverse_positive,report,hard,div_pos_19
לתיעוד פנימי: בדוח שהגיע משיבא מופיעים פרטי טיפול של עדי שלום. תודה,1,LEAK,diverse_positive,memo,medium,div_pos_8
מתוך הדוח - הצוות דן בהשקת מוצר הדס ביום 2/12/2026 במסמך מסווג פנימי שלא נועד להפצה.,1,LEAK,paired_hard_positive,report,hard,pair_4_pos
לתיעוד פנימי: המסמך מזכיר את אסותא ואת משה אוחנה וכולל גם אבחנה של אסתמה,1,LEAK,paired_hard_positive,memo,hard,pair_6_pos
"מתוך הדוח - הועבר סיכום על איתי פרץ שעובד באינטל בראשון לציון, כולל מספר הזהות 914428078. תודה",1,LEAK,paired_hard_positive,report,hard,pair_1_pos
מתוך הדוח: יש לעדכן את טבלת ההזמנות עם מזהה פנימי 6716088633,0,NON_LEAK,paired_hard_negative,report,hard,pair_5_neg
"נושא: עדכון
הועבר סיכום על אילן שבתאי שעובד בשטראוס בפתח תקווה, כולל מספר הזהות 590946210.",1,LEAK,paired_hard_positive,email,hard,pair_1_pos
"לתיעוד פנימי: במסמך המצורף אין מידע אישי, רק סיכום משימות והחלטות.",0,NON_LEAK,diverse_negative,memo,medium,div_neg_50
"עדכון: פרטי הקשר של הילה חדד: מייל hila.hadad@outlook.com, טלפון 0554402357.",1,LEAK,diverse_positive,chat,hard,div_pos_19
HR-427799 | הצוות דן בהשקת גרסה 4.2 ביום 11/4/2026.,0,NON_LEAK,paired_hard_negative,ticket,hard,pair_4_neg
"מתוך הדוח: הועבר החזר בגובה 37,628 ש""ח לחשבון 4725409337 של יעל לוי. תודה",1,LEAK,diverse_positive,report,hard,div_pos_17
סיכום פגישה - לצורך זיהוי מול הספק הועבר מספר הזהות של יואב לוי - 045852509,1,LEAK,diverse_positive,meeting_note,hard,div_pos_21
סיכום פגישה: המסמך מזכיר את סורוקה ואת קרן אמסלם וכולל גם אבחנה של אסתמה.,1,LEAK,paired_hard_positive,meeting_note,hard,pair_6_pos
סיכום פגישה - בדוח הלקוח מופיע איש קשר בשם ניר ביטון יחד עם כתובת המייל nir.biton@org.co.il.,1,LEAK,paired_hard_positive,meeting_note,hard,pair_3_pos
מתוך הדוח: במצגת הופיעו שמות העובדים לצורך חלוקת משימות.,0,NON_LEAK,paired_hard_negative,report,hard,pair_7_neg
HR-538691 | הפגישה עם עמית אלקיים נקבעה ל18/6/2026 בתל אביב. תודה,0,NON_LEAK,paired_hard_negative,ticket,hard,pair_2_neg
"סיכום פגישה: הועבר החזר בגובה 25,261 ש""ח לחשבון 1282193247 של מיכל כהן. תודה",1,LEAK,diverse_positive,meeting_note,medium,div_pos_54
סיכום פגישה: במצגת הופיעו שמות העובדים לצורך חלוקת משימות.,0,NON_LEAK,paired_hard_negative,meeting_note,hard,pair_7_neg
לתיעוד פנימי - המסמך מזכיר את אסותא ואת יואב לוי בהקשר אדמיניסטרטיבי. תודה,0,NON_LEAK,paired_hard_negative,memo,hard,pair_6_neg
"INC-891724 | הועבר סיכום על נועה מזרחי שעובד בבנק הפועלים בירושלים, כולל מספר הזהות 972344035.",1,LEAK,paired_hard_positive,ticket,hard,pair_1_pos
סיכום פגישה - נא לשמור על סודיות - תוכנית ההשקה של מוצר אופק וקוד השם מיזם תמר מצורפים.,1,LEAK,diverse_positive,meeting_note,medium,div_pos_36
REQ-728453 | הצוות עבר לשלב בדיקות אינטגרציה ונדרש לעדכן סטטוס עד סוף היום,0,NON_LEAK,diverse_negative,ticket,medium,div_neg_58
"לתיעוד פנימי: הלקוח ביקש עדכון על הפרויקט, אבל לא נשלחו פרטי קשר או מזהים",0,NON_LEAK,diverse_negative,memo,medium,div_neg_44
לתיעוד פנימי: בדוח משאבי האנוש מופיעים נתוני השכר של אלון מלכה עבור חודש מרץ. תודה,1,LEAK,diverse_positive,memo,medium,div_pos_1
תזכורת: המסמך מזכיר את איכילוב ואת שרון סעדה וכולל גם אבחנה של סוכרת.,1,LEAK,paired_hard_positive,chat,hard,pair_6_pos
"לתיעוד פנימי: בדוח מופיע רק שם החברה מיקרוסופט ותאריך יעד 10/12/2026, ללא מידע אישי.",0,NON_LEAK,diverse_negative,memo,hard,div_neg_23
INC-594026 | בדוח שהגיע משיבא מופיעים פרטי טיפול של שרון סעדה. תודה,1,LEAK,diverse_positive,ticket,medium,div_pos_58
HR-856290 | במצגת הופיעו שמות העובדים לצד נתוני שכר ובונוסים,1,LEAK,paired_hard_positive,ticket,hard,pair_7_pos
מתוך הדוח: הפגישה עם דוד כהן נקבעה ל28/3/2026 בבאר שבע,0,NON_LEAK,paired_hard_negative,report,hard,pair_2_neg
"בדיקה: הלקוח ביקש עדכון על הפרויקט, אבל לא נשלחו פרטי קשר או מזהים.",0,NON_LEAK,diverse_negative,chat,medium,div_neg_54
"סיכום פגישה - פרטי הקשר של שירה אברהם - מייל shira.avraham@mail.com, טלפון 0523605598.",1,LEAK,diverse_positive,meeting_note,medium,div_pos_44
סיכום פגישה: בדוח הלקוח מופיע איש קשר בשם נועה מזרחי.,0,NON_LEAK,paired_hard_negative,meeting_note,hard,pair_3_neg
REQ-096292 | נא לשמור על סודיות: תוכנית ההשקה של מוצר אופק וקוד השם פרויקט ברוש מצורפים.,1,LEAK,diverse_positive,ticket,medium,div_pos_1
"לתיעוד פנימי: פרטי הקשר של מיכל כהן: מייל michal.cohen@org.co.il, טלפון 0534118214.",1,LEAK,diverse_positive,memo,medium,div_pos_37
סיכום פגישה: במצגת הופיעו שמות העובדים לצורך חלוקת משימות,0,NON_LEAK,paired_hard_negative,meeting_note,hard,pair_7_neg
מתוך הדוח: הפגישה עם מנהלת משאבי אנוש תתקיים ביום ראשון בראשון לציון.,0,NON_LEAK,diverse_negative,report,hard,div_neg_58
INC-113434 | לצורך זיהוי מול הספק הועבר מספר הזהות של טל אוחנה: 625817070.,1,LEAK,diverse_positive,ticket,hard,div_pos_50
"נושא: מעקב
הפגישה עם מנהל מוצר תתקיים ביום ראשון בראשון לציון. תודה",0,NON_LEAK,diverse_negative,email,medium,div_neg_4
"נושא - טיפול
הועבר סיכום על אלון מלכה שעובד בבנק לאומי בראשון לציון.",0,NON_LEAK,paired_hard_negative,email,hard,pair_1_neg
"נושא: טיפול
בדוח מופיע רק שם החברה בנק הפועלים ותאריך יעד 11/10/2026, ללא מידע אישי",0,NON_LEAK,diverse_negative,email,hard,div_neg_57
סיכום פגישה: הפגישה עם מנהל פיתוח תתקיים ביום ראשון בתל אביב,0,NON_LEAK,diverse_negative,meeting_note,medium,div_neg_14
לתיעוד פנימי: בדוח הלקוח מופיע איש קשר בשם רונית פרץ. תודה,0,NON_LEAK,paired_hard_negative,memo,hard,pair_3_neg
"סיכום פגישה: במסמך המצורף אין מידע אישי, רק סיכום משימות והחלטות. תודה",0,NON_LEAK,diverse_negative,meeting_note,hard,div_neg_13
"נושא - בקשה
הועבר החזר בגובה 2,415 ש""ח לחשבון 8948183386 של יואב לוי.",1,LEAK,diverse_positive,email,hard,div_pos_51
SR-779268 | יש לעדכן את טבלת ההזמנות עם מזהה פנימי 4408972880.,0,NON_LEAK,paired_hard_negative,ticket,hard,pair_5_neg
סיכום פגישה: המסמך מזכיר את סורוקה ואת שרון סעדה בהקשר אדמיניסטרטיבי.,0,NON_LEAK,paired_hard_negative,meeting_note,hard,pair_6_neg
"מתוך הדוח: הפגישה עם יעל לוי נקבעה ל12/12/2026 בירושלים, ובמסמך צורף גם הטלפון 0574657907.",1,LEAK,paired_hard_positive,report,hard,pair_2_pos
INC-155208 | מספר הקריאה הוא REQ-878443 ויש לעקוב אחריו מול מכירות,0,NON_LEAK,diverse_negative,ticket,hard,div_neg_48
לתיעוד פנימי: הצוות דן בהשקת פרויקט נוגה ביום 27/2/2026 במסמך מסווג פנימי שלא נועד להפצה.,1,LEAK,paired_hard_positive,memo,hard,pair_4_pos
"נושא: בקשה
בנספח מופיעים פרטי החשבון של שירה אברהם: דיסקונט, חשבון 9815130741.",1,LEAK,diverse_positive,email,hard,div_pos_32
"נושא: טיפול
לצורך זיהוי מול הספק הועבר מספר הזהות של עמית אלקיים: 104774083.",1,LEAK,diverse_positive,email,hard,div_pos_30
סיכום פגישה: הועבר סיכום על שירה אברהם שעובד בקופת חולים כללית בהרצליה,0,NON_LEAK,paired_hard_negative,meeting_note,hard,pair_1_neg
"נושא: עדכון
שם העובד קרן אמסלם מופיע במצגת הפנימית ללא פרטים נוספים תודה",0,NON_LEAK,diverse_negative,email,hard,div_neg_25
סיכום פגישה: נא לשמור על סודיות: תוכנית ההשקה של מערכת קשת וקוד השם תוכנית רימון מצורפים.,1,LEAK,diverse_positive,meeting_note,medium,div_pos_8
"FIN-237855 | הועבר דוח עם רשימת לקוחות אסטרטגיים, הצעות מחיר ותנאי התקשרות",1,LEAK,diverse_positive,ticket,medium,div_pos_15
לתיעוד פנימי - הצוות דן בהשקת פרויקט נוגה ביום 5/2/2026 במסמך מסווג פנימי שלא נועד להפצה,1,LEAK,paired_hard_positive,memo,hard,pair_4_pos
מתוך הדוח - לצורך זיהוי מול הספק הועבר מספר הזהות של יואב לוי - 966211098.,1,LEAK,diverse_positive,report,medium,div_pos_35
"SR-624657 | בנספח מופיעים פרטי החשבון של אלון מלכה: מזרחי טפחות, חשבון 6444181226.",1,LEAK,diverse_positive,ticket,medium,div_pos_3
סיכום פגישה - הצוות דן בהשקת שירות אביב ביום 7/2/2026,0,NON_LEAK,paired_hard_negative,meeting_note,hard,pair_4_neg
לתיעוד פנימי: הפגישה עם יעל לוי נקבעה ל22/9/2026 באשדוד,0,NON_LEAK,paired_hard_negative,memo,hard,pair_2_neg
סיכום פגישה: המסמך מזכיר את סורוקה ואת מיכל כהן וכולל גם אבחנה של חרדה,1,LEAK,paired_hard_positive,meeting_note,hard,pair_6_pos
מתוך הדוח - בדוח הלקוח מופיע איש קשר בשם יואב לוי.,0,NON_LEAK,paired_hard_negative,report,hard,pair_3_neg
מתוך הדוח: בדוח שהגיע מאסותא מופיעים פרטי טיפול של ניר ביטון,1,LEAK,diverse_positive,report,hard,div_pos_59
HR-998711 | יש לעדכן את טבלת ההזמנות עם חשבון הבנק 8105809876 של ניר ביטון.,1,LEAK,paired_hard_positive,ticket,hard,pair_5_pos
"נושא - מעקב
הצוות דן בהשקת מערכת קשת ביום 19/9/2026 במסמך מסווג פנימי שלא נועד להפצה.",1,LEAK,paired_hard_positive,email,hard,pair_4_pos
"נושא: מעקב
במצגת הופיעו שמות העובדים לצד נתוני שכר ובונוסים.",1,LEAK,paired_hard_positive,email,hard,pair_7_pos
סיכום פגישה - בדוח משאבי האנוש מופיעים נתוני השכר של ליאור מלכה עבור חודש מרץ.,1,LEAK,diverse_positive,meeting_note,hard,div_pos_41
לתיעוד פנימי: המסמך מזכיר את איכילוב ואת דנה דנינו בהקשר אדמיניסטרטיבי.,0,NON_LEAK,paired_hard_negative,memo,hard,pair_6_neg
"נושא: בקשה
מספר הקריאה הוא FIN-485139 ויש לעקוב אחריו מול רכש.",0,NON_LEAK,diverse_negative,email,hard,div_neg_14
סיכום פגישה - הפגישה עם עדי שלום נקבעה ל1/3/2026 בפתח תקווה.,0,NON_LEAK,paired_hard_negative,meeting_note,hard,pair_2_neg
"נושא: בקשה
הצוות עבר לשלב בדיקות אינטגרציה ונדרש לעדכן סטטוס עד סוף היום.",0,NON_LEAK,diverse_negative,email,hard,div_neg_54
"נושא: עדכון
במצגת הופיעו שמות העובדים לצד נתוני שכר ובונוסים.",1,LEAK,paired_hard_positive,email,hard,pair_7_pos
"נושא: טיפול
בדוח הלקוח מופיע איש קשר בשם אילן שבתאי",0,NON_LEAK,paired_hard_negative,email,hard,pair_3_neg
"REQ-255045 | הועבר החזר בגובה 35,260 ש""ח לחשבון 7125459052 של רונית פרץ.",1,LEAK,diverse_positive,ticket,hard,div_pos_25
סיכום פגישה: במצגת הופיעו שמות העובדים לצורך חלוקת משימות.,0,NON_LEAK,paired_hard_negative,meeting_note,hard,pair_7_neg
מתוך הדוח: הצוות עבר לשלב בדיקות אינטגרציה ונדרש לעדכן סטטוס עד סוף היום.,0,NON_LEAK,diverse_negative,report,medium,div_neg_20
"נושא - טיפול
הפגישה עם שרון סעדה נקבעה ל18/10/2026 בנתניה, ובמסמך צורף גם הטלפון 0501998679.",1,LEAK,paired_hard_positive,email,hard,pair_2_pos
מתוך הדוח: בדוח הלקוח מופיע איש קשר בשם אורן אברהם יחד עם כתובת המייל oren.avraham@org.co.il.,1,LEAK,paired_hard_positive,report,hard,pair_3_pos
שולח: הסיסמה הזמנית לחשבון של ליאור מלכה היא Welcome2026! ויש להחליף אותה מיד,1,LEAK,diverse_positive,chat,hard,div_pos_36
"נושא: טיפול
במצגת הופיעו שמות העובדים לצד נתוני שכר ובונוסים.",1,LEAK,paired_hard_positive,email,hard,pair_7_pos
"סיכום פגישה: בנספח מופיעים פרטי החשבון של רון חדד: מזרחי טפחות, חשבון 9385654795",1,LEAK,diverse_positive,meeting_note,medium,div_pos_38
"נושא: עדכון
הועבר סיכום על ליאור מלכה שעובד במכבי שירותי בריאות בתל אביב",0,NON_LEAK,paired_hard_negative,email,hard,pair_1_neg
"לתיעוד פנימי: בדוח שהגיע מרמב""ם מופיעים פרטי טיפול של יעל לוי.",1,LEAK,diverse_positive,memo,hard,div_pos_55
"סיכום פגישה: בנספח מופיעים פרטי החשבון של רונית פרץ: בנק לאומי, חשבון 8834868165",1,LEAK,diverse_positive,meeting_note,medium,div_pos_44
"מתוך הדוח - בנספח מופיעים פרטי החשבון של אלון מלכה - בנק הפועלים, חשבון 9571850525.",1,LEAK,diverse_positive,report,hard,div_pos_5
"נושא: עדכון
הסיסמה הזמנית לחשבון של יעל לוי היא Welcome2026! ויש להחליף אותה מיד.",1,LEAK,diverse_positive,email,hard,div_pos_18
REQ-676079 | בדוח הלקוח מופיע איש קשר בשם יואב לוי יחד עם כתובת המייל yoav.levi@gmail.com.,1,LEAK,paired_hard_positive,ticket,hard,pair_3_pos
"נושא: טיפול
הועבר סיכום על אורן אברהם שעובד בבנק הפועלים בחיפה. תודה",0,NON_LEAK,paired_hard_negative,email,hard,pair_1_neg
"נושא: עדכון
בדוח מופיע רק שם החברה Amdocs ותאריך יעד 5/10/2026, ללא מידע אישי.",0,NON_LEAK,diverse_negative,email,medium,div_neg_7
"נושא: מעקב
הפגישה עם דנה דנינו נקבעה ל3/1/2026 במודיעין, ובמסמך צורף גם הטלפון 0501379909.",1,LEAK,paired_hard_positive,email,hard,pair_2_pos
שולח: לצורך זיהוי מול הספק הועבר מספר הזהות של טל אוחנה: 659170881.,1,LEAK,diverse_positive,chat,hard,div_pos_22
"INC-929016 | הפגישה עם רונית פרץ נקבעה ל20/12/2026 במודיעין, ובמסמך צורף גם הטלפון 0571649973. תודה",1,LEAK,paired_hard_positive,ticket,hard,pair_2_pos
FIN-225428 | במצגת הופיעו שמות העובדים לצורך חלוקת משימות.,0,NON_LEAK,paired_hard_negative,ticket,hard,pair_7_neg
"תזכורת: הועבר סיכום על משה אוחנה שעובד בשטראוס בנתניה, כולל מספר הזהות 076539404.",1,LEAK,paired_hard_positive,chat,hard,pair_1_pos
לתיעוד פנימי: הצוות דן בהשקת מערכת קשת ביום 18/7/2026 במסמך מסווג פנימי שלא נועד להפצה.,1,LEAK,paired_hard_positive,memo,hard,pair_4_pos
בדיקה: יש לעדכן את טבלת ההזמנות עם מזהה פנימי 0452624063.,0,NON_LEAK,paired_hard_negative,chat,hard,pair_5_neg
"סיכום פגישה: הפגישה עם דנה דנינו נקבעה ל20/12/2026 בנתניה, ובמסמך צורף גם הטלפון 0567688533",1,LEAK,paired_hard_positive,meeting_note,hard,pair_2_pos
"סיכום פגישה: הקובץ מכיל שם משתמש, סיסמה וגישה לסביבת הייצור תודה",1,LEAK,diverse_positive,meeting_note,medium,div_pos_15
"נושא - עדכון
הועבר דוח עם רשימת לקוחות אסטרטגיים, הצעות מחיר ותנאי התקשרות.",1,LEAK,diverse_positive,email,medium,div_pos_50
"REQ-013011 | בנספח מופיעים פרטי החשבון של דוד כהן: בנק הפועלים, חשבון 1659805739.",1,LEAK,diverse_positive,ticket,medium,div_pos_3
מתוך הדוח - נא לשמור על סודיות - תוכנית ההשקה של גרסה 4.2 וקוד השם פרויקט דרור מצורפים.,1,LEAK,diverse_positive,report,medium,div_pos_25
"HR-473027 | בנספח מופיעים פרטי החשבון של יואב לוי: בנק לאומי, חשבון 7247264378.",1,LEAK,diverse_positive,ticket,hard,div_pos_4
"נושא: מעקב
המערכת החדשה תושק ב12/4/2026 לפי הודעה רשמית שפורסמה לכלל העובדים. תודה",0,NON_LEAK,diverse_negative,email,medium,div_neg_40
"נושא: טיפול
הצוות דן בהשקת פלטפורמת ארז ביום 10/5/2026 במסמך מסווג פנימי שלא נועד להפצה.",1,LEAK,paired_hard_positive,email,hard,pair_4_pos
סיכום פגישה: הועבר סיכום על הילה חדד שעובד במיקרוסופט בפתח תקווה.,0,NON_LEAK,paired_hard_negative,meeting_note,hard,pair_1_neg
"בדיקה: פרטי הקשר של ניר ביטון: מייל nir.biton@org.co.il, טלפון 0528752495. תודה",1,LEAK,diverse_positive,chat,hard,div_pos_26
לתיעוד פנימי: יש לעדכן את טבלת ההזמנות עם מזהה פנימי 2878400171 תודה,0,NON_LEAK,paired_hard_negative,memo,hard,pair_5_neg
סיכום פגישה - המסמך מזכיר את סורוקה ואת הילה חדד בהקשר אדמיניסטרטיבי,0,NON_LEAK,paired_hard_negative,meeting_note,hard,pair_6_neg
מתוך הדוח: המסמך מזכיר את סורוקה ואת נועה מזרחי וכולל גם אבחנה של חרדה,1,LEAK,paired_hard_positive,report,hard,pair_6_pos
"לתיעוד פנימי: הועבר סיכום על איתי פרץ שעובד באלביט ברעננה, כולל מספר הזהות 333158298.",1,LEAK,paired_hard_positive,memo,hard,pair_1_pos
"נושא - עדכון
בדוח הלקוח מופיע איש קשר בשם שרון סעדה.",0,NON_LEAK,paired_hard_negative,email,hard,pair_3_neg
מתוך הדוח: במצגת הופיעו שמות העובדים לצורך חלוקת משימות.,0,NON_LEAK,paired_hard_negative,report,hard,pair_7_neg
לתיעוד פנימי: יש לעדכן את טבלת ההזמנות עם מזהה פנימי 0003262594.,0,NON_LEAK,paired_hard_negative,memo,hard,pair_5_neg
בדיקה: הצוות דן בהשקת מוצר אופק ביום 11/1/2026,0,NON_LEAK,paired_hard_negative,chat,hard,pair_4_neg
מתוך הדוח: נא לשמור על סודיות: תוכנית ההשקה של גרסה 4.2 וקוד השם פרויקט ברוש מצורפים.,1,LEAK,diverse_positive,report,medium,div_pos_7
REQ-933136 | בדוח שהגיע מסורוקה מופיעים פרטי טיפול של קרן אמסלם.,1,LEAK,diverse_positive,ticket,hard,div_pos_39
"לתיעוד פנימי: הלקוח ביקש עדכון על הפרויקט, אבל לא נשלחו פרטי קשר או מזהים. תודה",0,NON_LEAK,diverse_negative,memo,hard,div_neg_49
"נושא: טיפול
הצוות דן בהשקת גרסה 4.2 ביום 24/4/2026.",0,NON_LEAK,paired_hard_negative,email,hard,pair_4_neg
HR-675364 | הסיסמה הזמנית לחשבון של נועה מזרחי היא Welcome2026! ויש להחליף אותה מיד.,1,LEAK,diverse_positive,ticket,medium,div_pos_36
INC-878412 | לצורך זיהוי מול הספק הועבר מספר הזהות של דנה דנינו: 850279461.,1,LEAK,diverse_positive,ticket,hard,div_pos_43
"לתיעוד פנימי: הלקוח ביקש עדכון על הפרויקט, אבל לא נשלחו פרטי קשר או מזהים.",0,NON_LEAK,diverse_negative,memo,hard,div_neg_18
"סיכום פגישה - המסמך מזכיר את רמב""ם ואת שירה אברהם וכולל גם אבחנה של אלרגיה חריפה.",1,LEAK,paired_hard_positive,meeting_note,hard,pair_6_pos
FIN-200895 | בדוח הלקוח מופיע איש קשר בשם משה אוחנה יחד עם כתובת המייל mosheohana@gmailcom,1,LEAK,paired_hard_positive,ticket,hard,pair_3_pos
"נושא - עדכון
הועבר סיכום על דנה דנינו שעובד בגוגל ישראל בתל אביב. תודה",0,NON_LEAK,paired_hard_negative,email,hard,pair_1_neg
"נושא: עדכון
יש לעדכן את טבלת ההזמנות עם מזהה פנימי 0043770571.",0,NON_LEAK,paired_hard_negative,email,hard,pair_5_neg
"נושא: מעקב
יש לעדכן את טבלת ההזמנות עם חשבון הבנק 0515590975 של הילה חדד.",1,LEAK,paired_hard_positive,email,hard,pair_5_pos
"מתוך הדוח: במסמך המצורף אין מידע אישי, רק סיכום משימות והחלטות. תודה",0,NON_LEAK,diverse_negative,report,hard,div_neg_29
"מתוך הדוח: היעד הכספי לרבעון הוא 21,023 ש""ח ולא מדובר במידע על לקוח ספציפי. תודה",0,NON_LEAK,diverse_negative,report,hard,div_neg_18
לתיעוד פנימי: הסיסמה הזמנית לחשבון של רונית פרץ היא Welcome2026! ויש להחליף אותה מיד.,1,LEAK,diverse_positive,memo,medium,div_pos_37
בדיקה: בדוח שהגיע מאסותא מופיעים פרטי טיפול של אילן שבתאי.,1,LEAK,diverse_positive,chat,hard,div_pos_9
FIN-218318 | הצוות דן בהשקת מערכת קשת ביום 4/5/2026 במסמך מסווג פנימי שלא נועד להפצה.,1,LEAK,paired_hard_positive,ticket,hard,pair_4_pos
סיכום פגישה: בדוח הלקוח מופיע איש קשר בשם יואב לוי.,0,NON_LEAK,paired_hard_negative,meeting_note,hard,pair_3_neg
"REQ-288658 | הועבר דוח עם רשימת לקוחות אסטרטגיים, הצעות מחיר ותנאי התקשרות.",1,LEAK,diverse_positive,ticket,hard,div_pos_6
"INC-197099 | היעד הכספי לרבעון הוא 6,145 ש""ח ולא מדובר במידע על לקוח ספציפי",0,NON_LEAK,diverse_negative,ticket,medium,div_neg_13
מתוך הדוח: בדוח משאבי האנוש מופיעים נתוני השכר של מיכל כהן עבור חודש מרץ,1,LEAK,diverse_positive,report,medium,div_pos_47
"מתוך הדוח: הועבר החזר בגובה 40,249 ש""ח לחשבון 2340336587 של הילה חדד.",1,LEAK,diverse_positive,report,medium,div_pos_41
שולח - המערכת החדשה תושק ב23/9/2026 לפי הודעה רשמית שפורסמה לכלל העובדים.,0,NON_LEAK,diverse_negative,chat,hard,div_neg_32
"נושא: עדכון
הצוות דן בהשקת פרויקט נוגה ביום 19/3/2026 במסמך מסווג פנימי שלא נועד להפצה תודה",1,LEAK,paired_hard_positive,email,hard,pair_4_pos
"נושא: בקשה
הפגישה עם ראש צוות תתקיים ביום ראשון בהרצליה. תודה",0,NON_LEAK,diverse_negative,email,hard,div_neg_45
"סיכום פגישה: במסמך המצורף אין מידע אישי, רק סיכום משימות והחלטות",0,NON_LEAK,diverse_negative,meeting_note,hard,div_neg_22
HR-685651 | הועבר סיכום על טל אוחנה שעובד בבזק בהרצליה.,0,NON_LEAK,paired_hard_negative,ticket,hard,pair_1_neg
"נושא: בקשה
לצורך זיהוי מול הספק הועבר מספר הזהות של טל אוחנה: 281155948.",1,LEAK,diverse_positive,email,medium,div_pos_40
בדיקה: בדוח הלקוח מופיע איש קשר בשם מאיה ביטון.,0,NON_LEAK,paired_hard_negative,chat,hard,pair_3_neg
"SR-010686 | הלקוח ביקש עדכון על הפרויקט, אבל לא נשלחו פרטי קשר או מזהים. תודה",0,NON_LEAK,diverse_negative,ticket,medium,div_neg_38
תזכורת: הצוות עבר לשלב בדיקות אינטגרציה ונדרש לעדכן סטטוס עד סוף היום,0,NON_LEAK,diverse_negative,chat,medium,div_neg_24
סיכום פגישה - הפגישה עם איתי פרץ נקבעה ל14/8/2026 בנתניה.,0,NON_LEAK,paired_hard_negative,meeting_note,hard,pair_2_neg
לתיעוד פנימי - הועבר סיכום על שרון סעדה שעובד בבנק הפועלים ברעננה,0,NON_LEAK,paired_hard_negative,memo,hard,pair_1_neg
לתיעוד פנימי: בדשבורד הציבורי מופיע סטטוס כללי של פרויקט מבצע שקמה.,0,NON_LEAK,diverse_negative,memo,medium,div_neg_11
"REQ-330534 | הועבר סיכום על אלון מלכה שעובד בשופרסל באשדוד, כולל מספר הזהות 659464947",1,LEAK,paired_hard_positive,ticket,hard,pair_1_pos
REQ-839451 | יש לעדכן את טבלת ההזמנות עם חשבון הבנק 9963108209 של שרון סעדה.,1,LEAK,paired_hard_positive,ticket,hard,pair_5_pos
מתוך הדוח: הצוות דן בהשקת מוצר אופק ביום 18/5/2026,0,NON_LEAK,paired_hard_negative,report,hard,pair_4_neg
"מתוך הדוח: פרטי הקשר של דוד כהן: מייל david.cohen@company.co.il, טלפון 0502044210.",1,LEAK,diverse_positive,report,medium,div_pos_2
"לתיעוד פנימי: הועבר סיכום על יעל לוי שעובד ברפאל בתל אביב, כולל מספר הזהות 961419820 תודה",1,LEAK,paired_hard_positive,memo,hard,pair_1_pos
"נושא - עדכון
בדוח משאבי האנוש מופיעים נתוני השכר של שירה אברהם עבור חודש מרץ",1,LEAK,diverse_positive,email,hard,div_pos_7
לתיעוד פנימי - במצגת הופיעו שמות העובדים לצורך חלוקת משימות.,0,NON_LEAK,paired_hard_negative,memo,hard,pair_7_neg
"SR-239390 | הפגישה עם יעל לוי נקבעה ל5/10/2026 בבאר שבע, ובמסמך צורף גם הטלפון 0505453361.",1,LEAK,paired_hard_positive,ticket,hard,pair_2_pos
"סיכום פגישה: הקובץ מכיל שם משתמש, סיסמה וגישה לסביבת הייצור.",1,LEAK,diverse_positive,meeting_note,hard,div_pos_57
עדכון: מספר הקריאה הוא FIN-642552 ויש לעקוב אחריו מול שירות לקוחות,0,NON_LEAK,diverse_negative,chat,hard,div_neg_27
סיכום פגישה: בדשבורד הציבורי מופיע סטטוס כללי של פרויקט מיזם תמר.,0,NON_LEAK,diverse_negative,meeting_note,hard,div_neg_32
"מתוך הדוח: הועבר החזר בגובה 18,179 ש""ח לחשבון 5890062853 של שירה אברהם.",1,LEAK,diverse_positive,report,medium,div_pos_23
מתוך הדוח - בדשבורד הציבורי מופיע סטטוס כללי של פרויקט מבצע שקמה.,0,NON_LEAK,diverse_negative,report,hard,div_neg_29
מתוך הדוח: במצגת הופיעו שמות העובדים לצד נתוני שכר ובונוסים,1,LEAK,paired_hard_positive,report,hard,pair_7_pos
"נושא - טיפול
המסמך מזכיר את איכילוב ואת שירה אברהם בהקשר אדמיניסטרטיבי.",0,NON_LEAK,paired_hard_negative,email,hard,pair_6_neg
בדיקה: הצוות דן בהשקת מודול ברק ביום 15/2/2026.,0,NON_LEAK,paired_hard_negative,chat,hard,pair_4_neg
עדכון: המסמך מזכיר את שיבא ואת מיכל כהן וכולל גם אבחנה של דלקת ריאות. תודה,1,LEAK,paired_hard_positive,chat,hard,pair_6_pos
לתיעוד פנימי - במצגת הופיעו שמות העובדים לצורך חלוקת משימות,0,NON_LEAK,paired_hard_negative,memo,hard,pair_7_neg
מתוך הדוח: הועבר סיכום על משה אוחנה שעובד באינטל בתל אביב.,0,NON_LEAK,paired_hard_negative,report,hard,pair_1_neg
מתוך הדוח: הצוות דן בהשקת פלטפורמת ארז ביום 28/8/2026.,0,NON_LEAK,paired_hard_negative,report,hard,pair_4_neg
סיכום פגישה: הועבר סיכום על אילן שבתאי שעובד בשטראוס בירושלים.,0,NON_LEAK,paired_hard_negative,meeting_note,hard,pair_1_neg
"לתיעוד פנימי: הלקוח ביקש עדכון על הפרויקט, אבל לא נשלחו פרטי קשר או מזהים.",0,NON_LEAK,diverse_negative,memo,hard,div_neg_19
REQ-679259 | הצוות דן בהשקת מודול ברק ביום 12/5/2026 במסמך מסווג פנימי שלא נועד להפצה.,1,LEAK,paired_hard_positive,ticket,hard,pair_4_pos
"נושא: טיפול
פרטי הקשר של מיכל כהן: מייל michal.cohen@org.co.il, טלפון 0595595683.",1,LEAK,diverse_positive,email,hard,div_pos_51
FIN-959427 | יש לעדכן את טבלת ההזמנות עם חשבון הבנק 4954341426 של מאיה ביטון.,1,LEAK,paired_hard_positive,ticket,hard,pair_5_pos
"לתיעוד פנימי: הלקוח ביקש עדכון על הפרויקט, אבל לא נשלחו פרטי קשר או מזהים",0,NON_LEAK,diverse_negative,memo,hard,div_neg_0
"סיכום פגישה - היעד הכספי לרבעון הוא 38,428 ש""ח ולא מדובר במידע על לקוח ספציפי.",0,NON_LEAK,diverse_negative,meeting_note,medium,div_neg_57
מתוך הדוח - יש לעדכן את טבלת ההזמנות עם מזהה פנימי 6536574341. תודה,0,NON_LEAK,paired_hard_negative,report,hard,pair_5_neg
"לתיעוד פנימי: במסמך המצורף אין מידע אישי, רק סיכום משימות והחלטות",0,NON_LEAK,diverse_negative,memo,medium,div_neg_5
מתוך הדוח: הועבר סיכום על עמית אלקיים שעובד בנייס בהרצליה.,0,NON_LEAK,paired_hard_negative,report,hard,pair_1_neg
"לתיעוד פנימי: המסמך מזכיר את רמב""ם ואת אורן אברהם וכולל גם אבחנה של אלרגיה חריפה.",1,LEAK,paired_hard_positive,memo,hard,pair_6_pos
מתוך הדוח: הפגישה עם עמית אלקיים נקבעה ל22/2/2026 במודיעין. תודה,0,NON_LEAK,paired_hard_negative,report,hard,pair_2_neg
"FIN-081506 | בדוח מופיע רק שם החברה גוגל ישראל ותאריך יעד 16/2/2026, ללא מידע אישי תודה",0,NON_LEAK,diverse_negative,ticket,medium,div_neg_0
"מתוך הדוח: בדוח מופיע רק שם החברה צ'ק פוינט ותאריך יעד 27/9/2026, ללא מידע אישי",0,NON_LEAK,diverse_negative,report,medium,div_neg_8
"לתיעוד פנימי: המסמך מזכיר את רמב""ם ואת רונית פרץ וכולל גם אבחנה של פציעת גב.",1,LEAK,paired_hard_positive,memo,hard,pair_6_pos
בדיקה: יש לעדכן את טבלת ההזמנות עם מזהה פנימי 2433738778.,0,NON_LEAK,paired_hard_negative,chat,hard,pair_5_neg
סיכום פגישה - יש לעדכן את טבלת ההזמנות עם מזהה פנימי 9844162239.,0,NON_LEAK,paired_hard_negative,meeting_note,hard,pair_5_neg
"עדכון: בנספח מופיעים פרטי החשבון של אורן אברהם: בנק לאומי, חשבון 0511671312.",1,LEAK,diverse_positive,chat,hard,div_pos_11
לתיעוד פנימי: המסמך מזכיר את אסותא ואת יואב לוי בהקשר אדמיניסטרטיבי.,0,NON_LEAK,paired_hard_negative,memo,hard,pair_6_neg
מתוך הדוח - המסמך מזכיר את איכילוב ואת טל אוחנה וכולל גם אבחנה של חרדה.,1,LEAK,paired_hard_positive,report,hard,pair_6_pos
שולח: במצגת הופיעו שמות העובדים לצורך חלוקת משימות,0,NON_LEAK,paired_hard_negative,chat,hard,pair_7_neg
"סיכום פגישה: הועבר החזר בגובה 8,590 ש""ח לחשבון 9129678093 של אלון מלכה.",1,LEAK,diverse_positive,meeting_note,hard,div_pos_50
"סיכום פגישה: הפגישה עם טל אוחנה נקבעה ל10/7/2026 בראשון לציון, ובמסמך צורף גם הטלפון 0584000715.",1,LEAK,paired_hard_positive,meeting_note,hard,pair_2_pos
"מתוך הדוח - היעד הכספי לרבעון הוא 17,504 ש""ח ולא מדובר במידע על לקוח ספציפי.",0,NON_LEAK,diverse_negative,report,hard,div_neg_31
"סיכום פגישה: בדוח שהגיע מרמב""ם מופיעים פרטי טיפול של קרן אמסלם.",1,LEAK,diverse_positive,meeting_note,hard,div_pos_8
בדיקה: בדוח שהגיע מאיכילוב מופיעים פרטי טיפול של איתי פרץ.,1,LEAK,diverse_positive,chat,medium,div_pos_56
"לתיעוד פנימי: הועבר סיכום על אורן אברהם שעובד בשופרסל במודיעין, כולל מספר הזהות 619018730. תודה",1,LEAK,paired_hard_positive,memo,hard,pair_1_pos
"תזכורת: הלקוח ביקש עדכון על הפרויקט, אבל לא נשלחו פרטי קשר או מזהים. תודה",0,NON_LEAK,diverse_negative,chat,hard,div_neg_5
"סיכום פגישה: הפגישה עם אילן שבתאי נקבעה ל12/9/2026 בפתח תקווה, ובמסמך צורף גם הטלפון 0591588474",1,LEAK,paired_hard_positive,meeting_note,hard,pair_2_pos
מתוך הדוח: המסמך מזכיר את אסותא ואת יואב לוי וכולל גם אבחנה של סוכרת.,1,LEAK,paired_hard_positive,report,hard,pair_6_pos
"סיכום פגישה: הועבר החזר בגובה 14,239 ש""ח לחשבון 1398542425 של הילה חדד. תודה",1,LEAK,diverse_positive,meeting_note,hard,div_pos_16
"REQ-526768 | במסמך המצורף אין מידע אישי, רק סיכום משימות והחלטות.",0,NON_LEAK,diverse_negative,ticket,hard,div_neg_37
סיכום פגישה: לצורך זיהוי מול הספק הועבר מספר הזהות של רונית פרץ: 234738895.,1,LEAK,diverse_positive,meeting_note,hard,div_pos_13
"נושא: טיפול
המסמך מזכיר את רמב""ם ואת אלון מלכה וכולל גם אבחנה של חרדה. תודה",1,LEAK,paired_hard_positive,email,hard,pair_6_pos
REQ-923282 | שם העובד יעל לוי מופיע במצגת הפנימית ללא פרטים נוספים,0,NON_LEAK,diverse_negative,ticket,medium,div_neg_30
INC-438194 | במצגת הופיעו שמות העובדים לצורך חלוקת משימות. תודה,0,NON_LEAK,paired_hard_negative,ticket,hard,pair_7_neg
סיכום פגישה - הפגישה עם רון חדד נקבעה ל27/1/2026 בהרצליה,0,NON_LEAK,paired_hard_negative,meeting_note,hard,pair_2_neg
"נושא: טיפול
בדוח הלקוח מופיע איש קשר בשם עמית אלקיים.",0,NON_LEAK,paired_hard_negative,email,hard,pair_3_neg
"מתוך הדוח: הועבר החזר בגובה 18,550 ש""ח לחשבון 1477908659 של משה אוחנה.",1,LEAK,diverse_positive,report,medium,div_pos_26
סיכום פגישה: המסמך מזכיר את סורוקה ואת ליאור מלכה בהקשר אדמיניסטרטיבי.,0,NON_LEAK,paired_hard_negative,meeting_note,hard,pair_6_neg
שולח: המערכת החדשה תושק ב25/5/2026 לפי הודעה רשמית שפורסמה לכלל העובדים.,0,NON_LEAK,diverse_negative,chat,medium,div_neg_17
מתוך הדוח: הצוות דן בהשקת מוצר הדס ביום 22/12/2026. תודה,0,NON_LEAK,paired_hard_negative,report,hard,pair_4_neg
"נושא: עדכון
הפגישה עם רון חדד נקבעה ל1/11/2026 במודיעין, ובמסמך צורף גם הטלפון 0575743959. תודה",1,LEAK,paired_hard_positive,email,hard,pair_2_pos
"נושא - מעקב
הצוות דן בהשקת פרויקט נוגה ביום 15/6/2026.",0,NON_LEAK,paired_hard_negative,email,hard,pair_4_neg
"נושא: בקשה
המערכת החדשה תושק ב7/6/2026 לפי הודעה רשמית שפורסמה לכלל העובדים. תודה",0,NON_LEAK,diverse_negative,email,hard,div_neg_48
"נושא: מעקב
הועבר דוח עם רשימת לקוחות אסטרטגיים, הצעות מחיר ותנאי התקשרות.",1,LEAK,diverse_positive,email,hard,div_pos_9
שולח: בדוח משאבי האנוש מופיעים נתוני השכר של יעל לוי עבור חודש מרץ.,1,LEAK,diverse_positive,chat,medium,div_pos_47
"נושא - עדכון
במצגת הופיעו שמות העובדים לצורך חלוקת משימות.",0,NON_LEAK,paired_hard_negative,email,hard,pair_7_neg
"סיכום פגישה: בדוח שהגיע מרמב""ם מופיעים פרטי טיפול של טל אוחנה",1,LEAK,diverse_positive,meeting_note,hard,div_pos_55
מתוך הדוח: הצוות דן בהשקת מודול ברק ביום 27/3/2026 במסמך מסווג פנימי שלא נועד להפצה.,1,LEAK,paired_hard_positive,report,hard,pair_4_pos
"שולח: הועבר סיכום על מיכל כהן שעובד באינטל בירושלים, כולל מספר הזהות 620405682",1,LEAK,paired_hard_positive,chat,hard,pair_1_pos
"נושא - בקשה
הלקוח ביקש עדכון על הפרויקט, אבל לא נשלחו פרטי קשר או מזהים",0,NON_LEAK,diverse_negative,email,medium,div_neg_0
עדכון - המסמך מזכיר את שיבא ואת דוד כהן בהקשר אדמיניסטרטיבי.,0,NON_LEAK,paired_hard_negative,chat,hard,pair_6_neg
בדיקה - בדוח שהגיע מאיכילוב מופיעים פרטי טיפול של עדי שלום.,1,LEAK,diverse_positive,chat,hard,div_pos_59
"INC-131611 | הועבר סיכום על שרון סעדה שעובד בסלקום בפתח תקווה, כולל מספר הזהות 511124692. תודה",1,LEAK,paired_hard_positive,ticket,hard,pair_1_pos
בדיקה: בדוח הלקוח מופיע איש קשר בשם קרן אמסלם יחד עם כתובת המייל kerenamsalem@gmailcom,1,LEAK,paired_hard_positive,chat,hard,pair_3_pos
"שולח: הועבר סיכום על יעל לוי שעובד בשופרסל במודיעין, כולל מספר הזהות 624626366.",1,LEAK,paired_hard_positive,chat,hard,pair_1_pos
"INC-109932 | בנספח מופיעים פרטי החשבון של טל אוחנה: מזרחי טפחות, חשבון 4389668243.",1,LEAK,diverse_positive,ticket,medium,div_pos_55
לתיעוד פנימי: הסיסמה הזמנית לחשבון של שירה אברהם היא Welcome2026! ויש להחליף אותה מיד.,1,LEAK,diverse_positive,memo,medium,div_pos_59
"מתוך הדוח: הועבר דוח עם רשימת לקוחות אסטרטגיים, הצעות מחיר ותנאי התקשרות.",1,LEAK,diverse_positive,report,hard,div_pos_24
"מתוך הדוח: היעד הכספי לרבעון הוא 14,848 ש""ח ולא מדובר במידע על לקוח ספציפי.",0,NON_LEAK,diverse_negative,report,hard,div_neg_7
INC-208965 | לצורך זיהוי מול הספק הועבר מספר הזהות של יואב לוי: 946092824.,1,LEAK,diverse_positive,ticket,hard,div_pos_38
בדיקה: בדוח משאבי האנוש מופיעים נתוני השכר של דוד כהן עבור חודש מרץ.,1,LEAK,diverse_positive,chat,medium,div_pos_49
SR-788565 | הצוות דן בהשקת גרסה 4.2 ביום 13/5/2026.,0,NON_LEAK,paired_hard_negative,ticket,hard,pair_4_neg
"סיכום פגישה - הועבר דוח עם רשימת לקוחות אסטרטגיים, הצעות מחיר ותנאי התקשרות.",1,LEAK,diverse_positive,meeting_note,hard,div_pos_7
לתיעוד פנימי: הצוות דן בהשקת שירות אביב ביום 19/5/2026.,0,NON_LEAK,paired_hard_negative,memo,hard,pair_4_neg
"HR-547751 | בדוח מופיע רק שם החברה שופרסל ותאריך יעד 2/7/2026, ללא מידע אישי.",0,NON_LEAK,diverse_negative,ticket,medium,div_neg_54
"סיכום פגישה - הפגישה עם יואב לוי נקבעה ל24/3/2026 באשדוד, ובמסמך צורף גם הטלפון 0592490782",1,LEAK,paired_hard_positive,meeting_note,hard,pair_2_pos
"FIN-470773 | הועבר דוח עם רשימת לקוחות אסטרטגיים, הצעות מחיר ותנאי התקשרות",1,LEAK,diverse_positive,ticket,hard,div_pos_47
לתיעוד פנימי: בדוח הלקוח מופיע איש קשר בשם שירה אברהם יחד עם כתובת המייל shira.avraham@mail.com. תודה,1,LEAK,paired_hard_positive,memo,hard,pair_3_pos
"נושא: עדכון
במסמך המצורף אין מידע אישי, רק סיכום משימות והחלטות. תודה",0,NON_LEAK,diverse_negative,email,medium,div_neg_16
"עדכון: היעד הכספי לרבעון הוא 3,780 ש""ח ולא מדובר במידע על לקוח ספציפי.",0,NON_LEAK,diverse_negative,chat,hard,div_neg_47
מתוך הדוח: במצגת הופיעו שמות העובדים לצד נתוני שכר ובונוסים.,1,LEAK,paired_hard_positive,report,hard,pair_7_pos
סיכום פגישה: הפגישה עם דנה דנינו נקבעה ל9/2/2026 בפתח תקווה.,0,NON_LEAK,paired_hard_negative,meeting_note,hard,pair_2_neg
"REQ-325256 | הועבר החזר בגובה 32,901 ש""ח לחשבון 9684509117 של נועה מזרחי.",1,LEAK,diverse_positive,ticket,hard,div_pos_32
"נושא: טיפול
לצורך זיהוי מול הספק הועבר מספר הזהות של משה אוחנה: 324081995.",1,LEAK,diverse_positive,email,hard,div_pos_42
"לתיעוד פנימי - במסמך המצורף אין מידע אישי, רק סיכום משימות והחלטות.",0,NON_LEAK,diverse_negative,memo,hard,div_neg_37
לתיעוד פנימי: הפגישה עם אילן שבתאי נקבעה ל19/1/2026 בירושלים,0,NON_LEAK,paired_hard_negative,memo,hard,pair_2_neg
לתיעוד פנימי - יש לעדכן את טבלת ההזמנות עם מזהה פנימי 2398915756.,0,NON_LEAK,paired_hard_negative,memo,hard,pair_5_neg
"סיכום פגישה: היעד הכספי לרבעון הוא 3,985 ש""ח ולא מדובר במידע על לקוח ספציפי",0,NON_LEAK,diverse_negative,meeting_note,medium,div_neg_48
מתוך הדוח: מספר הקריאה הוא REQ-451503 ויש לעקוב אחריו מול שירות לקוחות.,0,NON_LEAK,diverse_negative,report,medium,div_neg_57
"נושא: מעקב
שם העובד טל אוחנה מופיע במצגת הפנימית ללא פרטים נוספים.",0,NON_LEAK,diverse_negative,email,hard,div_neg_28
"נושא: טיפול
הסיסמה הזמנית לחשבון של טל אוחנה היא Welcome2026! ויש להחליף אותה מיד",1,LEAK,diverse_positive,email,hard,div_pos_10
בדיקה: הועבר סיכום על ליאור מלכה שעובד במיקרוסופט בחיפה תודה,0,NON_LEAK,paired_hard_negative,chat,hard,pair_1_neg
סיכום פגישה: המערכת החדשה תושק ב24/11/2026 לפי הודעה רשמית שפורסמה לכלל העובדים.,0,NON_LEAK,diverse_negative,meeting_note,medium,div_neg_23
לתיעוד פנימי: בדוח הלקוח מופיע איש קשר בשם שרון סעדה יחד עם כתובת המייל sharon.saada@example.co.il.,1,LEAK,paired_hard_positive,memo,hard,pair_3_pos
שולח: בדוח הלקוח מופיע איש קשר בשם טל אוחנה. תודה,0,NON_LEAK,paired_hard_negative,chat,hard,pair_3_neg
"נושא: עדכון
בדוח משאבי האנוש מופיעים נתוני השכר של דנה דנינו עבור חודש מרץ.",1,LEAK,diverse_positive,email,medium,div_pos_0
"נושא - מעקב
הפגישה עם איתי פרץ נקבעה ל4/2/2026 בירושלים, ובמסמך צורף גם הטלפון 0582917296.",1,LEAK,paired_hard_positive,email,hard,pair_2_pos
"HR-271066 | פרטי הקשר של מיכל כהן: מייל michal.cohen@gmail.com, טלפון 0569052493.",1,LEAK,diverse_positive,ticket,hard,div_pos_43
לתיעוד פנימי: במצגת הופיעו שמות העובדים לצד נתוני שכר ובונוסים.,1,LEAK,paired_hard_positive,memo,hard,pair_7_pos
"נושא: עדכון
בדוח הלקוח מופיע איש קשר בשם דנה דנינו יחד עם כתובת המייל dana.danino@gmail.com.",1,LEAK,paired_hard_positive,email,hard,pair_3_pos
בדיקה - הפגישה עם ליאור מלכה נקבעה ל7/6/2026 בפתח תקווה. תודה,0,NON_LEAK,paired_hard_negative,chat,hard,pair_2_neg
סיכום פגישה - בדוח שהגיע משיבא מופיעים פרטי טיפול של יעל לוי.,1,LEAK,diverse_positive,meeting_note,hard,div_pos_53
"מתוך הדוח - בדוח מופיע רק שם החברה בנק לאומי ותאריך יעד 26/4/2026, ללא מידע אישי. תודה",0,NON_LEAK,diverse_negative,report,hard,div_neg_50
מתוך הדוח - במצגת הופיעו שמות העובדים לצד נתוני שכר ובונוסים.,1,LEAK,paired_hard_positive,report,hard,pair_7_pos
INC-954859 | בדוח הלקוח מופיע איש קשר בשם הילה חדד.,0,NON_LEAK,paired_hard_negative,ticket,hard,pair_3_neg
"תזכורת - במסמך המצורף אין מידע אישי, רק סיכום משימות והחלטות. תודה",0,NON_LEAK,diverse_negative,chat,hard,div_neg_52
שולח: הועבר סיכום על אילן שבתאי שעובד בבנק הפועלים במודיעין.,0,NON_LEAK,paired_hard_negative,chat,hard,pair_1_neg
לתיעוד פנימי - לצורך זיהוי מול הספק הועבר מספר הזהות של נועה מזרחי - 757916099.,1,LEAK,diverse_positive,memo,medium,div_pos_1
לתיעוד פנימי: הפגישה עם יעל לוי נקבעה ל5/6/2026 בירושלים.,0,NON_LEAK,paired_hard_negative,memo,hard,pair_2_neg
עדכון - המערכת החדשה תושק ב19/12/2026 לפי הודעה רשמית שפורסמה לכלל העובדים.,0,NON_LEAK,diverse_negative,chat,hard,div_neg_32
סיכום פגישה: במצגת הופיעו שמות העובדים לצד נתוני שכר ובונוסים. תודה,1,LEAK,paired_hard_positive,meeting_note,hard,pair_7_pos
"בדיקה: הועבר סיכום על רון חדד שעובד באלביט במודיעין, כולל מספר הזהות 119381969.",1,LEAK,paired_hard_positive,chat,hard,pair_1_pos
SR-155414 | במצגת הופיעו שמות העובדים לצורך חלוקת משימות.,0,NON_LEAK,paired_hard_negative,ticket,hard,pair_7_neg
"נושא - עדכון
המסמך מזכיר את סורוקה ואת איתי פרץ בהקשר אדמיניסטרטיבי",0,NON_LEAK,paired_hard_negative,email,hard,pair_6_neg
SR-810349 | יש לעדכן את טבלת ההזמנות עם חשבון הבנק 0837359168 של ניר ביטון.,1,LEAK,paired_hard_positive,ticket,hard,pair_5_pos
סיכום פגישה: הצוות דן בהשקת פרויקט נוגה ביום 2/9/2026.,0,NON_LEAK,paired_hard_negative,meeting_note,hard,pair_4_neg
מתוך הדוח: הפגישה עם אילן שבתאי נקבעה ל23/7/2026 בתל אביב,0,NON_LEAK,paired_hard_negative,report,hard,pair_2_neg
מתוך הדוח - הצוות דן בהשקת גרסה 4.2 ביום 3/12/2026 במסמך מסווג פנימי שלא נועד להפצה.,1,LEAK,paired_hard_positive,report,hard,pair_4_pos
לתיעוד פנימי: יש לעדכן את טבלת ההזמנות עם חשבון הבנק 2806841948 של דנה דנינו.,1,LEAK,paired_hard_positive,memo,hard,pair_5_pos
סיכום פגישה: בדוח הלקוח מופיע איש קשר בשם ליאור מלכה.,0,NON_LEAK,paired_hard_negative,meeting_note,hard,pair_3_neg
לתיעוד פנימי: הצוות דן בהשקת פרויקט נוגה ביום 20/1/2026 במסמך מסווג פנימי שלא נועד להפצה. תודה,1,LEAK,paired_hard_positive,memo,hard,pair_4_pos
"לתיעוד פנימי: היעד הכספי לרבעון הוא 27,714 ש""ח ולא מדובר במידע על לקוח ספציפי.",0,NON_LEAK,diverse_negative,memo,medium,div_neg_10
לתיעוד פנימי - הסיסמה הזמנית לחשבון של רונית פרץ היא Welcome2026! ויש להחליף אותה מיד.,1,LEAK,diverse_positive,memo,medium,div_pos_33
לתיעוד פנימי: הועבר סיכום על יואב לוי שעובד בסלקום במודיעין.,0,NON_LEAK,paired_hard_negative,memo,hard,pair_1_neg
"עדכון: הועבר סיכום על מיכל כהן שעובד בקופת חולים כללית ברעננה, כולל מספר הזהות 834070725.",1,LEAK,paired_hard_positive,chat,hard,pair_1_pos
"נושא - עדכון
במצגת הופיעו שמות העובדים לצד נתוני שכר ובונוסים",1,LEAK,paired_hard_positive,email,hard,pair_7_pos
"לתיעוד פנימי: פרטי הקשר של דוד כהן: מייל david.cohen@company.co.il, טלפון 0529679702.",1,LEAK,diverse_positive,memo,hard,div_pos_18
SR-383700 | המסמך מזכיר את אסותא ואת טל אוחנה וכולל גם אבחנה של פציעת גב.,1,LEAK,paired_hard_positive,ticket,hard,pair_6_pos
בדיקה: יש לעדכן את טבלת ההזמנות עם חשבון הבנק 0593383535 של אילן שבתאי. תודה,1,LEAK,paired_hard_positive,chat,hard,pair_5_pos
"נושא - טיפול
במסמך המצורף אין מידע אישי, רק סיכום משימות והחלטות.",0,NON_LEAK,diverse_negative,email,hard,div_neg_22
"מתוך הדוח: בנספח מופיעים פרטי החשבון של רונית פרץ: מזרחי טפחות, חשבון 0783005611.",1,LEAK,diverse_positive,report,hard,div_pos_45
לתיעוד פנימי: בדוח הלקוח מופיע איש קשר בשם דנה דנינו.,0,NON_LEAK,paired_hard_negative,memo,hard,pair_3_neg
"נושא: עדכון
בנספח מופיעים פרטי החשבון של יעל לוי: מזרחי טפחות, חשבון 7489596620. תודה",1,LEAK,diverse_positive,email,medium,div_pos_57
סיכום פגישה - הצוות דן בהשקת פלטפורמת ארז ביום 13/12/2026. תודה,0,NON_LEAK,paired_hard_negative,meeting_note,hard,pair_4_neg
סיכום פגישה: בדוח הלקוח מופיע איש קשר בשם אלון מלכה,0,NON_LEAK,paired_hard_negative,meeting_note,hard,pair_3_neg
לתיעוד פנימי - הפגישה עם עמית אלקיים נקבעה ל5/4/2026 בתל אביב.,0,NON_LEAK,paired_hard_negative,memo,hard,pair_2_neg
"סיכום פגישה: הלקוח ביקש עדכון על הפרויקט, אבל לא נשלחו פרטי קשר או מזהים.",0,NON_LEAK,diverse_negative,meeting_note,hard,div_neg_47
מתוך הדוח: במצגת הופיעו שמות העובדים לצורך חלוקת משימות,0,NON_LEAK,paired_hard_negative,report,hard,pair_7_neg
שולח: נא לשמור על סודיות: תוכנית ההשקה של מערכת קשת וקוד השם תוכנית רימון מצורפים. תודה,1,LEAK,diverse_positive,chat,medium,div_pos_54
"נושא: מעקב
בדוח הלקוח מופיע איש קשר בשם קרן אמסלם.",0,NON_LEAK,paired_hard_negative,email,hard,pair_3_neg
מתוך הדוח: הצוות דן בהשקת מודול ברק ביום 17/11/2026.,0,NON_LEAK,paired_hard_negative,report,hard,pair_4_neg
FIN-932832 | בדוח הלקוח מופיע איש קשר בשם עדי שלום.,0,NON_LEAK,paired_hard_negative,ticket,hard,pair_3_neg
HR-099694 | בדשבורד הציבורי מופיע סטטוס כללי של פרויקט תוכנית רימון,0,NON_LEAK,diverse_negative,ticket,hard,div_neg_22
"נושא: עדכון
במצגת הופיעו שמות העובדים לצורך חלוקת משימות",0,NON_LEAK,paired_hard_negative,email,hard,pair_7_neg
INC-253252 | הפגישה עם יואב לוי נקבעה ל18/5/2026 ברעננה.,0,NON_LEAK,paired_hard_negative,ticket,hard,pair_2_neg
"נושא: מעקב
בדוח הלקוח מופיע איש קשר בשם הילה חדד יחד עם כתובת המייל hila.hadad@outlook.com. תודה",1,LEAK,paired_hard_positive,email,hard,pair_3_pos
מתוך הדוח: המסמך מזכיר את איכילוב ואת אלון מלכה בהקשר אדמיניסטרטיבי.,0,NON_LEAK,paired_hard_negative,report,hard,pair_6_neg
FIN-276403 | מספר הקריאה הוא REQ-488905 ויש לעקוב אחריו מול מכירות,0,NON_LEAK,diverse_negative,ticket,hard,div_neg_30
"עדכון - הפגישה עם שירה אברהם נקבעה ל23/6/2026 בראשון לציון, ובמסמך צורף גם הטלפון 0586617642.",1,LEAK,paired_hard_positive,chat,hard,pair_2_pos
בדיקה: הפגישה עם איתי פרץ נקבעה ל3/8/2026 ברעננה.,0,NON_LEAK,paired_hard_negative,chat,hard,pair_2_neg
סיכום פגישה: המסמך מזכיר את איכילוב ואת עמית אלקיים וכולל גם אבחנה של סוכרת,1,LEAK,paired_hard_positive,meeting_note,hard,pair_6_pos
"HR-879183 | המסמך מזכיר את רמב""ם ואת עדי שלום וכולל גם אבחנה של לחץ דם גבוה.",1,LEAK,paired_hard_positive,ticket,hard,pair_6_pos
INC-840061 | בדוח הלקוח מופיע איש קשר בשם ניר ביטון תודה,0,NON_LEAK,paired_hard_negative,ticket,hard,pair_3_neg
עדכון: בדוח הלקוח מופיע איש קשר בשם משה אוחנה יחד עם כתובת המייל moshe.ohana@mail.com.,1,LEAK,paired_hard_positive,chat,hard,pair_3_pos
SR-340946 | בדוח שהגיע משיבא מופיעים פרטי טיפול של שירה אברהם.,1,LEAK,diverse_positive,ticket,hard,div_pos_12
"INC-529373 | פרטי הקשר של טל אוחנה - מייל tal.ohana@gmail.com, טלפון 0555314848. תודה",1,LEAK,diverse_positive,ticket,medium,div_pos_49
סיכום פגישה: הצוות דן בהשקת גרסה 4.2 ביום 4/6/2026 במסמך מסווג פנימי שלא נועד להפצה.,1,LEAK,paired_hard_positive,meeting_note,hard,pair_4_pos
מתוך הדוח - בדוח שהגיע מאסותא מופיעים פרטי טיפול של טל אוחנה.,1,LEAK,diverse_positive,report,medium,div_pos_31
"FIN-548859 | הלקוח ביקש עדכון על הפרויקט, אבל לא נשלחו פרטי קשר או מזהים.",0,NON_LEAK,diverse_negative,ticket,medium,div_neg_12
עדכון: במצגת הופיעו שמות העובדים לצורך חלוקת משימות.,0,NON_LEAK,paired_hard_negative,chat,hard,pair_7_neg
"בדיקה: הלקוח ביקש עדכון על הפרויקט, אבל לא נשלחו פרטי קשר או מזהים.",0,NON_LEAK,diverse_negative,chat,medium,div_neg_10
תזכורת: המסמך מזכיר את איכילוב ואת שירה אברהם וכולל גם אבחנה של לחץ דם גבוה.,1,LEAK,paired_hard_positive,chat,hard,pair_6_pos
לתיעוד פנימי: המסמך מזכיר את שיבא ואת מיכל כהן וכולל גם אבחנה של סוכרת.,1,LEAK,paired_hard_positive,memo,hard,pair_6_pos
סיכום פגישה: המסמך מזכיר את שיבא ואת טל אוחנה וכולל גם אבחנה של לחץ דם גבוה.,1,LEAK,paired_hard_positive,meeting_note,hard,pair_6_pos
REQ-338055 | הפגישה עם יואב לוי נקבעה ל5/11/2026 בהרצליה.,0,NON_LEAK,paired_hard_negative,ticket,hard,pair_2_neg
"מתוך הדוח: בדוח מופיע רק שם החברה בזק ותאריך יעד 5/1/2026, ללא מידע אישי.",0,NON_LEAK,diverse_negative,report,hard,div_neg_17
"נושא: מעקב
הלקוח ביקש עדכון על הפרויקט, אבל לא נשלחו פרטי קשר או מזהים. תודה",0,NON_LEAK,diverse_negative,email,hard,div_neg_31
סיכום פגישה - לצורך זיהוי מול הספק הועבר מספר הזהות של דנה דנינו - 102666522. תודה,1,LEAK,diverse_positive,meeting_note,medium,div_pos_3
שולח: בדוח משאבי האנוש מופיעים נתוני השכר של שרון סעדה עבור חודש מרץ. תודה,1,LEAK,diverse_positive,chat,hard,div_pos_5
בדיקה: הועבר סיכום על מיכל כהן שעובד בשטראוס במודיעין.,0,NON_LEAK,paired_hard_negative,chat,hard,pair_1_neg
בדיקה: בדוח שהגיע משיבא מופיעים פרטי טיפול של הילה חדד.,1,LEAK,diverse_positive,chat,medium,div_pos_21
תזכורת - הועבר סיכום על ליאור מלכה שעובד בAmdocs במודיעין.,0,NON_LEAK,paired_hard_negative,chat,hard,pair_1_neg
"נושא: עדכון
בדוח שהגיע מאסותא מופיעים פרטי טיפול של מיכל כהן.",1,LEAK,diverse_positive,email,hard,div_pos_7
"נושא: בקשה
במצגת הופיעו שמות העובדים לצורך חלוקת משימות",0,NON_LEAK,paired_hard_negative,email,hard,pair_7_neg
"תזכורת: הלקוח ביקש עדכון על הפרויקט, אבל לא נשלחו פרטי קשר או מזהים.",0,NON_LEAK,diverse_negative,chat,hard,div_neg_16
"מתוך הדוח - הועבר דוח עם רשימת לקוחות אסטרטגיים, הצעות מחיר ותנאי התקשרות",1,LEAK,diverse_positive,report,medium,div_pos_7
"נושא: טיפול
בדוח הלקוח מופיע איש קשר בשם עדי שלום",0,NON_LEAK,paired_hard_negative,email,hard,pair_3_neg
INC-231934 | לצורך זיהוי מול הספק הועבר מספר הזהות של איתי פרץ - 845781061,1,LEAK,diverse_positive,ticket,hard,div_pos_16
"תזכורת - המסמך מזכיר את רמב""ם ואת איתי פרץ וכולל גם אבחנה של פציעת גב.",1,LEAK,paired_hard_positive,chat,hard,pair_6_pos
"FIN-110117 | הועבר סיכום על ניר ביטון שעובד במכבי שירותי בריאות ברעננה, כולל מספר הזהות 222000288.",1,LEAK,paired_hard_positive,ticket,hard,pair_1_pos
סיכום פגישה: בדוח משאבי האנוש מופיעים נתוני השכר של שרון סעדה עבור חודש מרץ,1,LEAK,diverse_positive,meeting_note,hard,div_pos_24
לתיעוד פנימי: במצגת הופיעו שמות העובדים לצד נתוני שכר ובונוסים.,1,LEAK,paired_hard_positive,memo,hard,pair_7_pos
"REQ-092884 | הלקוח ביקש עדכון על הפרויקט, אבל לא נשלחו פרטי קשר או מזהים",0,NON_LEAK,diverse_negative,ticket,hard,div_neg_37
"תזכורת: הפגישה עם רון חדד נקבעה ל8/6/2026 בתל אביב, ובמסמך צורף גם הטלפון 0592679529.",1,LEAK,paired_hard_positive,chat,hard,pair_2_pos
INC-493459 | בדוח הלקוח מופיע איש קשר בשם רון חדד יחד עם כתובת המייל ronhadad@examplecoil,1,LEAK,paired_hard_positive,ticket,hard,pair_3_pos
שולח: המערכת החדשה תושק ב6/9/2026 לפי הודעה רשמית שפורסמה לכלל העובדים תודה,0,NON_LEAK,diverse_negative,chat,hard,div_neg_13
"מתוך הדוח: הפגישה עם סמנכ""לית כספים תתקיים ביום ראשון ברעננה. תודה",0,NON_LEAK,diverse_negative,report,medium,div_neg_30
"נושא: מעקב
הסיסמה הזמנית לחשבון של טל אוחנה היא Welcome2026! ויש להחליף אותה מיד.",1,LEAK,diverse_positive,email,medium,div_pos_26
"לתיעוד פנימי: בנספח מופיעים פרטי החשבון של דנה דנינו: מזרחי טפחות, חשבון 6173318168",1,LEAK,diverse_positive,memo,hard,div_pos_32
INC-867252 | הפגישה עם יעל לוי נקבעה ל8/12/2026 בבאר שבע,0,NON_LEAK,paired_hard_negative,ticket,hard,pair_2_neg
"REQ-543007 | בנספח מופיעים פרטי החשבון של עדי שלום: בנק הפועלים, חשבון 3476433238.",1,LEAK,diverse_positive,ticket,hard,div_pos_43
"סיכום פגישה: הועבר סיכום על דנה דנינו שעובד בשופרסל ברעננה, כולל מספר הזהות 538772456",1,LEAK,paired_hard_positive,meeting_note,hard,pair_1_pos
HR-377031 | לצורך זיהוי מול הספק הועבר מספר הזהות של אלון מלכה: 783236012.,1,LEAK,diverse_positive,ticket,hard,div_pos_32
עדכון: בדשבורד הציבורי מופיע סטטוס כללי של פרויקט מיזם תמר.,0,NON_LEAK,diverse_negative,chat,hard,div_neg_56
סיכום פגישה: מספר הקריאה הוא SR-294636 ויש לעקוב אחריו מול רכש.,0,NON_LEAK,diverse_negative,meeting_note,hard,div_neg_16
"סיכום פגישה: פרטי הקשר של דוד כהן: מייל davidcohen@examplecoil, טלפון 0582889780",1,LEAK,diverse_positive,meeting_note,hard,div_pos_16
לתיעוד פנימי: המסמך מזכיר את איכילוב ואת מיכל כהן בהקשר אדמיניסטרטיבי.,0,NON_LEAK,paired_hard_negative,memo,hard,pair_6_neg
מתוך הדוח: בדוח הלקוח מופיע איש קשר בשם יעל לוי יחד עם כתובת המייל yaellevi@examplecoil,1,LEAK,paired_hard_positive,report,hard,pair_3_pos
סיכום פגישה: המסמך מזכיר את איכילוב ואת אילן שבתאי בהקשר אדמיניסטרטיבי.,0,NON_LEAK,paired_hard_negative,meeting_note,hard,pair_6_neg
"לתיעוד פנימי: הלקוח ביקש עדכון על הפרויקט, אבל לא נשלחו פרטי קשר או מזהים.",0,NON_LEAK,diverse_negative,memo,medium,div_neg_54
סיכום פגישה: הפגישה עם מנהל מוצר תתקיים ביום ראשון בבאר שבע.,0,NON_LEAK,diverse_negative,meeting_note,hard,div_neg_35
לתיעוד פנימי: מספר הקריאה הוא INC-428720 ויש לעקוב אחריו מול פיתוח. תודה,0,NON_LEAK,diverse_negative,memo,hard,div_neg_7
לתיעוד פנימי: בדוח שהגיע מאיכילוב מופיעים פרטי טיפול של אלון מלכה.,1,LEAK,diverse_positive,memo,medium,div_pos_45
לתיעוד פנימי: המערכת החדשה תושק ב13/3/2026 לפי הודעה רשמית שפורסמה לכלל העובדים. תודה,0,NON_LEAK,diverse_negative,memo,medium,div_neg_34
תזכורת: בדוח שהגיע משיבא מופיעים פרטי טיפול של עדי שלום,1,LEAK,diverse_positive,chat,medium,div_pos_31
לתיעוד פנימי: הועבר סיכום על איתי פרץ שעובד בנייס בפתח תקווה,0,NON_LEAK,paired_hard_negative,memo,hard,pair_1_neg
"סיכום פגישה: הועבר סיכום על עמית אלקיים שעובד בשטראוס בהרצליה, כולל מספר הזהות 926584238",1,LEAK,paired_hard_positive,meeting_note,hard,pair_1_pos
תזכורת: במצגת הופיעו שמות העובדים לצד נתוני שכר ובונוסים.,1,LEAK,paired_hard_positive,chat,hard,pair_7_pos
"נושא: מעקב
בדוח הלקוח מופיע איש קשר בשם עדי שלום יחד עם כתובת המייל adi.shalom@example.co.il. תודה",1,LEAK,paired_hard_positive,email,hard,pair_3_pos
לתיעוד פנימי: נא לשמור על סודיות: תוכנית ההשקה של פרויקט נוגה וקוד השם מבצע שקמה מצורפים.,1,LEAK,diverse_positive,memo,hard,div_pos_27
לתיעוד פנימי: בדוח שהגיע מאסותא מופיעים פרטי טיפול של אילן שבתאי.,1,LEAK,diverse_positive,memo,hard,div_pos_21
סיכום פגישה: בדשבורד הציבורי מופיע סטטוס כללי של פרויקט מבצע שקמה,0,NON_LEAK,diverse_negative,meeting_note,medium,div_neg_12
תזכורת: יש לעדכן את טבלת ההזמנות עם מזהה פנימי 1147879072,0,NON_LEAK,paired_hard_negative,chat,hard,pair_5_neg
סיכום פגישה: הועבר סיכום על מיכל כהן שעובד בבזק בירושלים. תודה,0,NON_LEAK,paired_hard_negative,meeting_note,hard,pair_1_neg
"לתיעוד פנימי: הלקוח ביקש עדכון על הפרויקט, אבל לא נשלחו פרטי קשר או מזהים. תודה",0,NON_LEAK,diverse_negative,memo,hard,div_neg_57
"INC-249677 | פרטי הקשר של הילה חדד: מייל hila.hadad@org.co.il, טלפון 0552311579. תודה",1,LEAK,diverse_positive,ticket,hard,div_pos_4
"HR-590602 | פרטי הקשר של טל אוחנה: מייל tal.ohana@org.co.il, טלפון 0540542430.",1,LEAK,diverse_positive,ticket,medium,div_pos_2
לתיעוד פנימי: בדוח שהגיע מסורוקה מופיעים פרטי טיפול של אילן שבתאי.,1,LEAK,diverse_positive,memo,medium,div_pos_10
סיכום פגישה: הצוות דן בהשקת גרסה 42 ביום 2/9/2026 במסמך מסווג פנימי שלא נועד להפצה,1,LEAK,paired_hard_positive,meeting_note,hard,pair_4_pos
"סיכום פגישה: הועבר דוח עם רשימת לקוחות אסטרטגיים, הצעות מחיר ותנאי התקשרות",1,LEAK,diverse_positive,meeting_note,medium,div_pos_36
בדיקה: המסמך מזכיר את אסותא ואת איתי פרץ בהקשר אדמיניסטרטיבי,0,NON_LEAK,paired_hard_negative,chat,hard,pair_6_neg
לתיעוד פנימי - יש לעדכן את טבלת ההזמנות עם מזהה פנימי 7845753985. תודה,0,NON_LEAK,paired_hard_negative,memo,hard,pair_5_neg
"בדיקה: הלקוח ביקש עדכון על הפרויקט, אבל לא נשלחו פרטי קשר או מזהים",0,NON_LEAK,diverse_negative,chat,hard,div_neg_7
"תזכורת: הקובץ מכיל שם משתמש, סיסמה וגישה לסביבת הייצור.",1,LEAK,diverse_positive,chat,hard,div_pos_56
"מתוך הדוח: פרטי הקשר של עדי שלום: מייל adi.shalom@example.co.il, טלפון 0503620114.",1,LEAK,diverse_positive,report,medium,div_pos_54
"HR-709863 | בדוח מופיע רק שם החברה צ'ק פוינט ותאריך יעד 4/7/2026, ללא מידע אישי",0,NON_LEAK,diverse_negative,ticket,hard,div_neg_47
לתיעוד פנימי: הפגישה עם הילה חדד נקבעה ל2/7/2026 ברעננה.,0,NON_LEAK,paired_hard_negative,memo,hard,pair_2_neg
"נושא: מעקב
הצוות דן בהשקת פרויקט נוגה ביום 21/1/2026",0,NON_LEAK,paired_hard_negative,email,hard,pair_4_neg
"נושא: בקשה
לצורך זיהוי מול הספק הועבר מספר הזהות של עמית אלקיים: 101606175.",1,LEAK,diverse_positive,email,hard,div_pos_16
מתוך הדוח: הפגישה עם דוד כהן נקבעה ל16/9/2026 ברעננה,0,NON_LEAK,paired_hard_negative,report,hard,pair_2_neg
"סיכום פגישה: הועבר סיכום על ניר ביטון שעובד בבזק בתל אביב, כולל מספר הזהות 900808904",1,LEAK,paired_hard_positive,meeting_note,hard,pair_1_pos
"נושא: טיפול
הלקוח ביקש עדכון על הפרויקט, אבל לא נשלחו פרטי קשר או מזהים",0,NON_LEAK,diverse_negative,email,hard,div_neg_33
"SR-740670 | הקובץ מכיל שם משתמש, סיסמה וגישה לסביבת הייצור.",1,LEAK,diverse_positive,ticket,hard,div_pos_38
"עדכון: הועבר החזר בגובה 32,211 ש""ח לחשבון 6684960812 של הילה חדד.",1,LEAK,diverse_positive,chat,medium,div_pos_24
"SR-157016 | הפגישה עם מיכל כהן נקבעה ל17/5/2026 באשדוד, ובמסמך צורף גם הטלפון 0595792094.",1,LEAK,paired_hard_positive,ticket,hard,pair_2_pos
SR-880599 | המערכת החדשה תושק ב8/4/2026 לפי הודעה רשמית שפורסמה לכלל העובדים. תודה,0,NON_LEAK,diverse_negative,ticket,hard,div_neg_25
"נושא - בקשה
הפגישה עם מנכ""ל תתקיים ביום ראשון במודיעין.",0,NON_LEAK,diverse_negative,email,medium,div_neg_19
שולח: הצוות דן בהשקת גרסה 4.2 ביום 15/5/2026.,0,NON_LEAK,paired_hard_negative,chat,hard,pair_4_neg
סיכום פגישה: הפגישה עם יעל לוי נקבעה ל16/6/2026 בבאר שבע.,0,NON_LEAK,paired_hard_negative,meeting_note,hard,pair_2_neg
שולח: הצוות עבר לשלב בדיקות אינטגרציה ונדרש לעדכן סטטוס עד סוף היום. תודה,0,NON_LEAK,diverse_negative,chat,medium,div_neg_26
סיכום פגישה: הצוות עבר לשלב בדיקות אינטגרציה ונדרש לעדכן סטטוס עד סוף היום. תודה,0,NON_LEAK,diverse_negative,meeting_note,hard,div_neg_26
סיכום פגישה: בדוח הלקוח מופיע איש קשר בשם אלון מלכה. תודה,0,NON_LEAK,paired_hard_negative,meeting_note,hard,pair_3_neg
"REQ-206777 | הועבר החזר בגובה 14,944 ש""ח לחשבון 6481827765 של ליאור מלכה.",1,LEAK,diverse_positive,ticket,hard,div_pos_53
סיכום פגישה: המסמך מזכיר את אסותא ואת טל אוחנה בהקשר אדמיניסטרטיבי.,0,NON_LEAK,paired_hard_negative,meeting_note,hard,pair_6_neg
מתוך הדוח: הפגישה עם דנה דנינו נקבעה ל6/5/2026 בראשון לציון,0,NON_LEAK,paired_hard_negative,report,hard,pair_2_neg
"נושא - טיפול
בדוח הלקוח מופיע איש קשר בשם רון חדד",0,NON_LEAK,paired_hard_negative,email,hard,pair_3_neg
"לתיעוד פנימי: הלקוח ביקש עדכון על הפרויקט, אבל לא נשלחו פרטי קשר או מזהים.",0,NON_LEAK,diverse_negative,memo,medium,div_neg_45
"נושא: טיפול
הועבר דוח עם רשימת לקוחות אסטרטגיים, הצעות מחיר ותנאי התקשרות. תודה",1,LEAK,diverse_positive,email,hard,div_pos_6
"INC-956472 | הלקוח ביקש עדכון על הפרויקט, אבל לא נשלחו פרטי קשר או מזהים.",0,NON_LEAK,diverse_negative,ticket,hard,div_neg_55
סיכום פגישה: הצוות דן בהשקת מוצר אופק ביום 23/10/2026.,0,NON_LEAK,paired_hard_negative,meeting_note,hard,pair_4_neg
"תזכורת: הלקוח ביקש עדכון על הפרויקט, אבל לא נשלחו פרטי קשר או מזהים",0,NON_LEAK,diverse_negative,chat,hard,div_neg_50
"נושא: עדכון
המסמך מזכיר את שיבא ואת נועה מזרחי בהקשר אדמיניסטרטיבי",0,NON_LEAK,paired_hard_negative,email,hard,pair_6_neg
תזכורת: המערכת החדשה תושק ב12/1/2026 לפי הודעה רשמית שפורסמה לכלל העובדים.,0,NON_LEAK,diverse_negative,chat,hard,div_neg_59
מתוך הדוח: המערכת החדשה תושק ב12/1/2026 לפי הודעה רשמית שפורסמה לכלל העובדים.,0,NON_LEAK,diverse_negative,report,hard,div_neg_20
"בדיקה: פרטי הקשר של מיכל כהן: מייל michalcohen@orgcoil, טלפון 0532564777",1,LEAK,diverse_positive,chat,medium,div_pos_28
סיכום פגישה: בדוח הלקוח מופיע איש קשר בשם טל אוחנה.,0,NON_LEAK,paired_hard_negative,meeting_note,hard,pair_3_neg
סיכום פגישה: במצגת הופיעו שמות העובדים לצורך חלוקת משימות,0,NON_LEAK,paired_hard_negative,meeting_note,hard,pair_7_neg
לתיעוד פנימי: הצוות עבר לשלב בדיקות אינטגרציה ונדרש לעדכן סטטוס עד סוף היום. תודה,0,NON_LEAK,diverse_negative,memo,medium,div_neg_1
תזכורת: הצוות דן בהשקת מוצר אופק ביום 21/9/2026 במסמך מסווג פנימי שלא נועד להפצה. תודה,1,LEAK,paired_hard_positive,chat,hard,pair_4_pos
HR-217013 | בדוח הלקוח מופיע איש קשר בשם שרון סעדה יחד עם כתובת המייל sharon.saada@mail.com. תודה,1,LEAK,paired_hard_positive,ticket,hard,pair_3_pos
סיכום פגישה: בדוח הלקוח מופיע איש קשר בשם דנה דנינו יחד עם כתובת המייל danadanino@orgcoil,1,LEAK,paired_hard_positive,meeting_note,hard,pair_3_pos
מתוך הדוח: הסיסמה הזמנית לחשבון של הילה חדד היא Welcome2026! ויש להחליף אותה מיד. תודה,1,LEAK,diverse_positive,report,medium,div_pos_22
"INC-657730 | בנספח מופיעים פרטי החשבון של קרן אמסלם: מזרחי טפחות, חשבון 6956363195",1,LEAK,diverse_positive,ticket,hard,div_pos_11
"נושא: טיפול
הצוות עבר לשלב בדיקות אינטגרציה ונדרש לעדכן סטטוס עד סוף היום.",0,NON_LEAK,diverse_negative,email,hard,div_neg_4
INC-280502 | הועבר סיכום על אורן אברהם שעובד באלביט בנתניה,0,NON_LEAK,paired_hard_negative,ticket,hard,pair_1_neg
לתיעוד פנימי: בדוח הלקוח מופיע איש קשר בשם משה אוחנה תודה,0,NON_LEAK,paired_hard_negative,memo,hard,pair_3_neg
מתוך הדוח: הפגישה עם ליאור מלכה נקבעה ל12/8/2026 בירושלים.,0,NON_LEAK,paired_hard_negative,report,hard,pair_2_neg
"נושא: טיפול
בדוח מופיע רק שם החברה נייס ותאריך יעד 1/9/2026, ללא מידע אישי.",0,NON_LEAK,diverse_negative,email,hard,div_neg_16
מתוך הדוח: בדשבורד הציבורי מופיע סטטוס כללי של פרויקט מיזם תמר,0,NON_LEAK,diverse_negative,report,medium,div_neg_29
מתוך הדוח: הצוות דן בהשקת גרסה 4.2 ביום 4/7/2026 במסמך מסווג פנימי שלא נועד להפצה.,1,LEAK,paired_hard_positive,report,hard,pair_4_pos
"FIN-262556 | הועבר סיכום על עדי שלום שעובד במיקרוסופט בבאר שבע, כולל מספר הזהות 625145904.",1,LEAK,paired_hard_positive,ticket,hard,pair_1_pos
עדכון - מספר הקריאה הוא REQ-887453 ויש לעקוב אחריו מול רכש. תודה,0,NON_LEAK,diverse_negative,chat,hard,div_neg_9
עדכון: בדוח שהגיע משיבא מופיעים פרטי טיפול של ניר ביטון.,1,LEAK,diverse_positive,chat,hard,div_pos_1
"מתוך הדוח: הפגישה עם משה אוחנה נקבעה ל1/1/2026 בפתח תקווה, ובמסמך צורף גם הטלפון 0567602943.",1,LEAK,paired_hard_positive,report,hard,pair_2_pos
"עדכון: הפגישה עם יעל לוי נקבעה ל19/10/2026 בפתח תקווה, ובמסמך צורף גם הטלפון 0561033349.",1,LEAK,paired_hard_positive,chat,hard,pair_2_pos
REQ-614283 | יש לעדכן את טבלת ההזמנות עם חשבון הבנק 3450871158 של יעל לוי,1,LEAK,paired_hard_positive,ticket,hard,pair_5_pos
לתיעוד פנימי: בדוח הלקוח מופיע איש קשר בשם דוד כהן יחד עם כתובת המייל david.cohen@gmail.com.,1,LEAK,paired_hard_positive,memo,hard,pair_3_pos
סיכום פגישה: הסיסמה הזמנית לחשבון של קרן אמסלם היא Welcome2026! ויש להחליף אותה מיד.,1,LEAK,diverse_positive,meeting_note,medium,div_pos_34
"נושא - עדכון
שם העובד ניר ביטון מופיע במצגת הפנימית ללא פרטים נוספים",0,NON_LEAK,diverse_negative,email,medium,div_neg_5
"נושא: בקשה
הלקוח ביקש עדכון על הפרויקט, אבל לא נשלחו פרטי קשר או מזהים",0,NON_LEAK,diverse_negative,email,hard,div_neg_40
שולח: המערכת החדשה תושק ב14/7/2026 לפי הודעה רשמית שפורסמה לכלל העובדים.,0,NON_LEAK,diverse_negative,chat,hard,div_neg_48
"נושא: בקשה
במצגת הופיעו שמות העובדים לצד נתוני שכר ובונוסים. תודה",1,LEAK,paired_hard_positive,email,hard,pair_7_pos
"סיכום פגישה - הועבר סיכום על דנה דנינו שעובד בשופרסל במודיעין, כולל מספר הזהות 167526545. תודה",1,LEAK,paired_hard_positive,meeting_note,hard,pair_1_pos
"נושא: בקשה
במסמך המצורף אין מידע אישי, רק סיכום משימות והחלטות.",0,NON_LEAK,diverse_negative,email,hard,div_neg_54
סיכום פגישה: המסמך מזכיר את סורוקה ואת עמית אלקיים בהקשר אדמיניסטרטיבי.,0,NON_LEAK,paired_hard_negative,meeting_note,hard,pair_6_neg
SR-680649 | יש לעדכן את טבלת ההזמנות עם מזהה פנימי 2180501110.,0,NON_LEAK,paired_hard_negative,ticket,hard,pair_5_neg
HR-890097 | במצגת הופיעו שמות העובדים לצורך חלוקת משימות,0,NON_LEAK,paired_hard_negative,ticket,hard,pair_7_neg
"INC-871681 | הפגישה עם נועה מזרחי נקבעה ל23/1/2026 בירושלים, ובמסמך צורף גם הטלפון 0580659309",1,LEAK,paired_hard_positive,ticket,hard,pair_2_pos
"נושא: מעקב
בדשבורד הציבורי מופיע סטטוס כללי של פרויקט פרויקט דרור.",0,NON_LEAK,diverse_negative,email,medium,div_neg_16
סיכום פגישה: הפגישה עם יועץ משפטי תתקיים ביום ראשון בחיפה,0,NON_LEAK,diverse_negative,meeting_note,hard,div_neg_39
לתיעוד פנימי: בדוח הלקוח מופיע איש קשר בשם מיכל כהן יחד עם כתובת המייל michalcohen@examplecoil,1,LEAK,paired_hard_positive,memo,hard,pair_3_pos
FIN-564913 | בדשבורד הציבורי מופיע סטטוס כללי של פרויקט מיזם תמר,0,NON_LEAK,diverse_negative,ticket,medium,div_neg_3
סיכום פגישה: המסמך מזכיר את סורוקה ואת קרן אמסלם וכולל גם אבחנה של סוכרת,1,LEAK,paired_hard_positive,meeting_note,hard,pair_6_pos
REQ-786778 | בדשבורד הציבורי מופיע סטטוס כללי של פרויקט פרויקט דרור.,0,NON_LEAK,diverse_negative,ticket,medium,div_neg_23
"סיכום פגישה: היעד הכספי לרבעון הוא 5,000 ש""ח ולא מדובר במידע על לקוח ספציפי. תודה",0,NON_LEAK,diverse_negative,meeting_note,medium,div_neg_48
מתוך הדוח: לצורך זיהוי מול הספק הועבר מספר הזהות של שרון סעדה: 547725051,1,LEAK,diverse_positive,report,medium,div_pos_5
FIN-850676 | נא לשמור על סודיות: תוכנית ההשקה של שירות אביב וקוד השם פרויקט ברוש מצורפים.,1,LEAK,diverse_positive,ticket,hard,div_pos_10
"סיכום פגישה: במסמך המצורף אין מידע אישי, רק סיכום משימות והחלטות.",0,NON_LEAK,diverse_negative,meeting_note,medium,div_neg_21
"נושא: בקשה
במצגת הופיעו שמות העובדים לצד נתוני שכר ובונוסים.",1,LEAK,paired_hard_positive,email,hard,pair_7_pos
מתוך הדוח - הועבר סיכום על יעל לוי שעובד בצ'ק פוינט בנתניה.,0,NON_LEAK,paired_hard_negative,report,hard,pair_1_neg
"סיכום פגישה: פרטי הקשר של ליאור מלכה: מייל lior.malka@mail.com, טלפון 0524311437.",1,LEAK,diverse_positive,meeting_note,medium,div_pos_30
עדכון: המערכת החדשה תושק ב23/8/2026 לפי הודעה רשמית שפורסמה לכלל העובדים.,0,NON_LEAK,diverse_negative,chat,medium,div_neg_17
"לתיעוד פנימי: הועבר החזר בגובה 41,555 ש""ח לחשבון 5241660583 של קרן אמסלם",1,LEAK,diverse_positive,memo,hard,div_pos_33
לתיעוד פנימי: הצוות דן בהשקת גרסה 42 ביום 6/4/2026,0,NON_LEAK,paired_hard_negative,memo,hard,pair_4_neg
סיכום פגישה: הפגישה עם חשב שכר תתקיים ביום ראשון בהרצליה.,0,NON_LEAK,diverse_negative,meeting_note,hard,div_neg_10
"נושא: טיפול
הצוות דן בהשקת מודול ברק ביום 28/6/2026 במסמך מסווג פנימי שלא נועד להפצה",1,LEAK,paired_hard_positive,email,hard,pair_4_pos
לתיעוד פנימי - בדוח שהגיע מאסותא מופיעים פרטי טיפול של משה אוחנה.,1,LEAK,diverse_positive,memo,medium,div_pos_36
לתיעוד פנימי: הצוות דן בהשקת גרסה 4.2 ביום 28/4/2026 במסמך מסווג פנימי שלא נועד להפצה.,1,LEAK,paired_hard_positive,memo,hard,pair_4_pos
"HR-395852 | במסמך המצורף אין מידע אישי, רק סיכום משימות והחלטות.",0,NON_LEAK,diverse_negative,ticket,medium,div_neg_26
REQ-576660 | בדוח הלקוח מופיע איש קשר בשם אלון מלכה יחד עם כתובת המייל alonmalka@orgcoil,1,LEAK,paired_hard_positive,ticket,hard,pair_3_pos
לתיעוד פנימי: יש לעדכן את טבלת ההזמנות עם חשבון הבנק 0493234156 של משה אוחנה.,1,LEAK,paired_hard_positive,memo,hard,pair_5_pos
סיכום פגישה: בדוח הלקוח מופיע איש קשר בשם דנה דנינו יחד עם כתובת המייל dana.danino@mail.com.,1,LEAK,paired_hard_positive,meeting_note,hard,pair_3_pos
עדכון: בדוח שהגיע מסורוקה מופיעים פרטי טיפול של ליאור מלכה,1,LEAK,diverse_positive,chat,medium,div_pos_28
"לתיעוד פנימי: המסמך מזכיר את רמב""ם ואת עדי שלום בהקשר אדמיניסטרטיבי.",0,NON_LEAK,paired_hard_negative,memo,hard,pair_6_neg
מתוך הדוח: בדוח הלקוח מופיע איש קשר בשם דוד כהן.,0,NON_LEAK,paired_hard_negative,report,hard,pair_3_neg
לתיעוד פנימי: יש לעדכן את טבלת ההזמנות עם חשבון הבנק 1604447038 של אלון מלכה.,1,LEAK,paired_hard_positive,memo,hard,pair_5_pos
"נושא: בקשה
הצוות דן בהשקת גרסה 4.2 ביום 22/4/2026. תודה",0,NON_LEAK,paired_hard_negative,email,hard,pair_4_neg
"סיכום פגישה: פרטי הקשר של קרן אמסלם: מייל keren.amsalem@mail.com, טלפון 0572608255.",1,LEAK,diverse_positive,meeting_note,medium,div_pos_29
מתוך הדוח: יש לעדכן את טבלת ההזמנות עם חשבון הבנק 6717545832 של יואב לוי.,1,LEAK,paired_hard_positive,report,hard,pair_5_pos
לתיעוד פנימי: לצורך זיהוי מול הספק הועבר מספר הזהות של שרון סעדה: 397042317,1,LEAK,diverse_positive,memo,hard,div_pos_39
"מתוך הדוח: במסמך המצורף אין מידע אישי, רק סיכום משימות והחלטות. תודה",0,NON_LEAK,diverse_negative,report,hard,div_neg_59
SR-475883 | בדוח שהגיע משיבא מופיעים פרטי טיפול של ליאור מלכה.,1,LEAK,diverse_positive,ticket,medium,div_pos_23
עדכון: יש לעדכן את טבלת ההזמנות עם חשבון הבנק 2887225997 של אילן שבתאי.,1,LEAK,paired_hard_positive,chat,hard,pair_5_pos
"מתוך הדוח - בנספח מופיעים פרטי החשבון של אלון מלכה - בנק לאומי, חשבון 9757761226",1,LEAK,diverse_positive,report,medium,div_pos_58
"נושא: טיפול
יש לעדכן את טבלת ההזמנות עם חשבון הבנק 3464125675 של מאיה ביטון.",1,LEAK,paired_hard_positive,email,hard,pair_5_pos
"נושא: בקשה
לצורך זיהוי מול הספק הועבר מספר הזהות של נועה מזרחי: 576488492. תודה",1,LEAK,diverse_positive,email,medium,div_pos_18
SR-093228 | שם העובד ליאור מלכה מופיע במצגת הפנימית ללא פרטים נוספים.,0,NON_LEAK,diverse_negative,ticket,medium,div_neg_9
"HR-256884 | הקובץ מכיל שם משתמש, סיסמה וגישה לסביבת הייצור.",1,LEAK,diverse_positive,ticket,medium,div_pos_28
סיכום פגישה: במצגת הופיעו שמות העובדים לצד נתוני שכר ובונוסים,1,LEAK,paired_hard_positive,meeting_note,hard,pair_7_pos
לתיעוד פנימי: בדוח הלקוח מופיע איש קשר בשם הילה חדד. תודה,0,NON_LEAK,paired_hard_negative,memo,hard,pair_3_neg
סיכום פגישה: יש לעדכן את טבלת ההזמנות עם חשבון הבנק 4180624374 של יואב לוי תודה,1,LEAK,paired_hard_positive,meeting_note,hard,pair_5_pos
מתוך הדוח: שם העובד שירה אברהם מופיע במצגת הפנימית ללא פרטים נוספים.,0,NON_LEAK,diverse_negative,report,hard,div_neg_23
"סיכום פגישה: הועבר החזר בגובה 7,446 ש""ח לחשבון 3634937188 של רונית פרץ.",1,LEAK,diverse_positive,meeting_note,medium,div_pos_6
INC-438919 | שם העובד רון חדד מופיע במצגת הפנימית ללא פרטים נוספים.,0,NON_LEAK,diverse_negative,ticket,medium,div_neg_46
בדיקה: לצורך זיהוי מול הספק הועבר מספר הזהות של ליאור מלכה: 941214162.,1,LEAK,diverse_positive,chat,hard,div_pos_13
סיכום פגישה: הצוות עבר לשלב בדיקות אינטגרציה ונדרש לעדכן סטטוס עד סוף היום.,0,NON_LEAK,diverse_negative,meeting_note,medium,div_neg_34
"לתיעוד פנימי: הקובץ מכיל שם משתמש, סיסמה וגישה לסביבת הייצור תודה",1,LEAK,diverse_positive,memo,medium,div_pos_7
לתיעוד פנימי: בדוח הלקוח מופיע איש קשר בשם יואב לוי,0,NON_LEAK,paired_hard_negative,memo,hard,pair_3_neg
סיכום פגישה: בדוח משאבי האנוש מופיעים נתוני השכר של קרן אמסלם עבור חודש מרץ,1,LEAK,diverse_positive,meeting_note,medium,div_pos_46
"עדכון: בדוח מופיע רק שם החברה שופרסל ותאריך יעד 17/3/2026, ללא מידע אישי.",0,NON_LEAK,diverse_negative,chat,medium,div_neg_19
"נושא: עדכון
יש לעדכן את טבלת ההזמנות עם מזהה פנימי 1984289466",0,NON_LEAK,paired_hard_negative,email,hard,pair_5_neg
"מתוך הדוח: המסמך מזכיר את רמב""ם ואת אורן אברהם וכולל גם אבחנה של דלקת ריאות",1,LEAK,paired_hard_positive,report,hard,pair_6_pos
HR-973649 | הועבר סיכום על ניר ביטון שעובד בסלקום במודיעין,0,NON_LEAK,paired_hard_negative,ticket,hard,pair_1_neg
לתיעוד פנימי - בדוח שהגיע משיבא מופיעים פרטי טיפול של הילה חדד.,1,LEAK,diverse_positive,memo,hard,div_pos_12
"סיכום פגישה: הקובץ מכיל שם משתמש, סיסמה וגישה לסביבת הייצור.",1,LEAK,diverse_positive,meeting_note,hard,div_pos_5
תזכורת: במצגת הופיעו שמות העובדים לצורך חלוקת משימות.,0,NON_LEAK,paired_hard_negative,chat,hard,pair_7_neg
SR-986813 | הועבר סיכום על דנה דנינו שעובד בשטראוס בראשון לציון,0,NON_LEAK,paired_hard_negative,ticket,hard,pair_1_neg
"מתוך הדוח: הועבר דוח עם רשימת לקוחות אסטרטגיים, הצעות מחיר ותנאי התקשרות. תודה",1,LEAK,diverse_positive,report,medium,div_pos_28
סיכום פגישה: במצגת הופיעו שמות העובדים לצורך חלוקת משימות.,0,NON_LEAK,paired_hard_negative,meeting_note,hard,pair_7_neg
"מתוך הדוח: הועבר סיכום על דוד כהן שעובד בסלקום בתל אביב, כולל מספר הזהות 873270777.",1,LEAK,paired_hard_positive,report,hard,pair_1_pos
סיכום פגישה: בדוח שהגיע מאסותא מופיעים פרטי טיפול של אלון מלכה,1,LEAK,diverse_positive,meeting_note,medium,div_pos_28
"נושא: מעקב
בדוח הלקוח מופיע איש קשר בשם אלון מלכה",0,NON_LEAK,paired_hard_negative,email,hard,pair_3_neg
מתוך הדוח: בדשבורד הציבורי מופיע סטטוס כללי של פרויקט מיזם תמר. תודה,0,NON_LEAK,diverse_negative,report,hard,div_neg_54
"תזכורת: היעד הכספי לרבעון הוא 4,050 ש""ח ולא מדובר במידע על לקוח ספציפי.",0,NON_LEAK,diverse_negative,chat,medium,div_neg_12
סיכום פגישה: במצגת הופיעו שמות העובדים לצורך חלוקת משימות.,0,NON_LEAK,paired_hard_negative,meeting_note,hard,pair_7_neg
"נושא - בקשה
הצוות דן בהשקת שירות אביב ביום 26/8/2026.",0,NON_LEAK,paired_hard_negative,email,hard,pair_4_neg
SR-171105 | בדוח הלקוח מופיע איש קשר בשם יואב לוי יחד עם כתובת המייל yoavlevi@companycoil,1,LEAK,paired_hard_positive,ticket,hard,pair_3_pos
"מתוך הדוח: היעד הכספי לרבעון הוא 29,115 ש""ח ולא מדובר במידע על לקוח ספציפי.",0,NON_LEAK,diverse_negative,report,medium,div_neg_33
"לתיעוד פנימי: בנספח מופיעים פרטי החשבון של אילן שבתאי: בנק הפועלים, חשבון 5882884624.",1,LEAK,diverse_positive,memo,medium,div_pos_43
"סיכום פגישה: הועבר סיכום על יעל לוי שעובד באלביט בפתח תקווה, כולל מספר הזהות 966932842",1,LEAK,paired_hard_positive,meeting_note,hard,pair_1_pos
סיכום פגישה: שם העובד דוד כהן מופיע במצגת הפנימית ללא פרטים נוספים,0,NON_LEAK,diverse_negative,meeting_note,hard,div_neg_35
"FIN-471597 | המסמך מזכיר את רמב""ם ואת אורן אברהם בהקשר אדמיניסטרטיבי.",0,NON_LEAK,paired_hard_negative,ticket,hard,pair_6_neg
תזכורת: בדוח הלקוח מופיע איש קשר בשם יואב לוי יחד עם כתובת המייל yoav.levi@mail.com. תודה,1,LEAK,paired_hard_positive,chat,hard,pair_3_pos
תזכורת: מספר הקריאה הוא FIN-515199 ויש לעקוב אחריו מול מכירות.,0,NON_LEAK,diverse_negative,chat,hard,div_neg_1
"סיכום פגישה: הועבר סיכום על יעל לוי שעובד בקופת חולים כללית בבאר שבע, כולל מספר הזהות 646703938.",1,LEAK,paired_hard_positive,meeting_note,hard,pair_1_pos
"נושא: בקשה
בדוח הלקוח מופיע איש קשר בשם עדי שלום. תודה",0,NON_LEAK,paired_hard_negative,email,hard,pair_3_neg
סיכום פגישה: מספר הקריאה הוא HR-685976 ויש לעקוב אחריו מול אבטחת מידע,0,NON_LEAK,diverse_negative,meeting_note,medium,div_neg_15
HR-196697 | יש לעדכן את טבלת ההזמנות עם חשבון הבנק 7768684670 של עדי שלום.,1,LEAK,paired_hard_positive,ticket,hard,pair_5_pos
"נושא: מעקב
הצוות דן בהשקת מודול ברק ביום 20/3/2026 במסמך מסווג פנימי שלא נועד להפצה",1,LEAK,paired_hard_positive,email,hard,pair_4_pos
סיכום פגישה: בדוח הלקוח מופיע איש קשר בשם אלון מלכה. תודה,0,NON_LEAK,paired_hard_negative,meeting_note,hard,pair_3_neg
"נושא: טיפול
הפגישה עם יועץ משפטי תתקיים ביום ראשון בנתניה.",0,NON_LEAK,diverse_negative,email,hard,div_neg_44
מתוך הדוח: הצוות דן בהשקת שירות אביב ביום 16/10/2026.,0,NON_LEAK,paired_hard_negative,report,hard,pair_4_neg
"תזכורת: הפגישה עם רונית פרץ נקבעה ל18/8/2026 בהרצליה, ובמסמך צורף גם הטלפון 0532477693.",1,LEAK,paired_hard_positive,chat,hard,pair_2_pos
תזכורת: במצגת הופיעו שמות העובדים לצד נתוני שכר ובונוסים.,1,LEAK,paired_hard_positive,chat,hard,pair_7_pos
"מתוך הדוח: הקובץ מכיל שם משתמש, סיסמה וגישה לסביבת הייצור",1,LEAK,diverse_positive,report,medium,div_pos_21
"נושא: בקשה
הפגישה עם אלון מלכה נקבעה ל2/6/2026 בראשון לציון",0,NON_LEAK,paired_hard_negative,email,hard,pair_2_neg
REQ-313276 | בדוח משאבי האנוש מופיעים נתוני השכר של ליאור מלכה עבור חודש מרץ.,1,LEAK,diverse_positive,ticket,hard,div_pos_26
"לתיעוד פנימי: במסמך המצורף אין מידע אישי, רק סיכום משימות והחלטות.",0,NON_LEAK,diverse_negative,memo,hard,div_neg_16
"נושא: מעקב
בדוח הלקוח מופיע איש קשר בשם שירה אברהם",0,NON_LEAK,paired_hard_negative,email,hard,pair_3_neg
FIN-211366 | במצגת הופיעו שמות העובדים לצורך חלוקת משימות.,0,NON_LEAK,paired_hard_negative,ticket,hard,pair_7_neg
סיכום פגישה - הצוות דן בהשקת גרסה 42 ביום 11/12/2026,0,NON_LEAK,paired_hard_negative,meeting_note,hard,pair_4_neg
"נושא: עדכון
במצגת הופיעו שמות העובדים לצד נתוני שכר ובונוסים.",1,LEAK,paired_hard_positive,email,hard,pair_7_pos
לתיעוד פנימי: בדשבורד הציבורי מופיע סטטוס כללי של פרויקט מיזם תמר,0,NON_LEAK,diverse_negative,memo,hard,div_neg_31
INC-054556 | הועבר סיכום על יעל לוי שעובד בבנק לאומי ברעננה.,0,NON_LEAK,paired_hard_negative,ticket,hard,pair_1_neg
"לתיעוד פנימי: הקובץ מכיל שם משתמש, סיסמה וגישה לסביבת הייצור.",1,LEAK,diverse_positive,memo,medium,div_pos_26
"נושא: מעקב
בדוח משאבי האנוש מופיעים נתוני השכר של דנה דנינו עבור חודש מרץ תודה",1,LEAK,diverse_positive,email,hard,div_pos_37
עדכון: הפגישה עם מנהל אבטחת מידע תתקיים ביום ראשון בהרצליה.,0,NON_LEAK,diverse_negative,chat,hard,div_neg_8
לתיעוד פנימי: יש לעדכן את טבלת ההזמנות עם מזהה פנימי 6202891024.,0,NON_LEAK,paired_hard_negative,memo,hard,pair_5_neg
"תזכורת - הקובץ מכיל שם משתמש, סיסמה וגישה לסביבת הייצור.",1,LEAK,diverse_positive,chat,medium,div_pos_34
"שולח: פרטי הקשר של דוד כהן: מייל david.cohen@org.co.il, טלפון 0528892242.",1,LEAK,diverse_positive,chat,medium,div_pos_10
מתוך הדוח: בדשבורד הציבורי מופיע סטטוס כללי של פרויקט מיזם תמר.,0,NON_LEAK,diverse_negative,report,hard,div_neg_8
סיכום פגישה: הצוות דן בהשקת שירות אביב ביום 8/3/2026 במסמך מסווג פנימי שלא נועד להפצה,1,LEAK,paired_hard_positive,meeting_note,hard,pair_4_pos
"לתיעוד פנימי: במסמך המצורף אין מידע אישי, רק סיכום משימות והחלטות",0,NON_LEAK,diverse_negative,memo,medium,div_neg_44
לתיעוד פנימי - שם העובד יואב לוי מופיע במצגת הפנימית ללא פרטים נוספים.,0,NON_LEAK,diverse_negative,memo,medium,div_neg_27
מתוך הדוח - בדשבורד הציבורי מופיע סטטוס כללי של פרויקט פרויקט דרור.,0,NON_LEAK,diverse_negative,report,medium,div_neg_2
"נושא: טיפול
פרטי הקשר של משה אוחנה: מייל moshe.ohana@company.co.il, טלפון 0595648245.",1,LEAK,diverse_positive,email,medium,div_pos_30
"לתיעוד פנימי: הפגישה עם סמנכ""לית כספים תתקיים ביום ראשון בנתניה.",0,NON_LEAK,diverse_negative,memo,hard,div_neg_31
SR-675618 | בדוח הלקוח מופיע איש קשר בשם רונית פרץ יחד עם כתובת המייל ronit.peretz@mail.com.,1,LEAK,paired_hard_positive,ticket,hard,pair_3_pos
מתוך הדוח - בדוח הלקוח מופיע איש קשר בשם הילה חדד.,0,NON_LEAK,paired_hard_negative,report,hard,pair_3_neg
מתוך הדוח: המסמך מזכיר את אסותא ואת אילן שבתאי וכולל גם אבחנה של חרדה,1,LEAK,paired_hard_positive,report,hard,pair_6_pos
"עדכון - בדוח מופיע רק שם החברה סלקום ותאריך יעד 28/6/2026, ללא מידע אישי. תודה",0,NON_LEAK,diverse_negative,chat,hard,div_neg_43
לתיעוד פנימי: הועבר סיכום על הילה חדד שעובד בשטראוס בתל אביב.,0,NON_LEAK,paired_hard_negative,memo,hard,pair_1_neg
FIN-568318 | המערכת החדשה תושק ב1/5/2026 לפי הודעה רשמית שפורסמה לכלל העובדים,0,NON_LEAK,diverse_negative,ticket,hard,div_neg_43
"FIN-434662 | הקובץ מכיל שם משתמש, סיסמה וגישה לסביבת הייצור.",1,LEAK,diverse_positive,ticket,hard,div_pos_36
"מתוך הדוח - הפגישה עם עדי שלום נקבעה ל4/3/2026 בנתניה, ובמסמך צורף גם הטלפון 0592477604.",1,LEAK,paired_hard_positive,report,hard,pair_2_pos
סיכום פגישה: הצוות דן בהשקת שירות אביב ביום 9/3/2026 במסמך מסווג פנימי שלא נועד להפצה.,1,LEAK,paired_hard_positive,meeting_note,hard,pair_4_pos
מתוך הדוח: הפגישה עם אלון מלכה נקבעה ל5/3/2026 במודיעין,0,NON_LEAK,paired_hard_negative,report,hard,pair_2_neg
"HR-818455 | בדוח שהגיע מרמב""ם מופיעים פרטי טיפול של הילה חדד.",1,LEAK,diverse_positive,ticket,medium,div_pos_10
"REQ-969064 | הועבר דוח עם רשימת לקוחות אסטרטגיים, הצעות מחיר ותנאי התקשרות",1,LEAK,diverse_positive,ticket,hard,div_pos_30
סיכום פגישה: הצוות דן בהשקת מוצר אופק ביום 2/11/2026 במסמך מסווג פנימי שלא נועד להפצה.,1,LEAK,paired_hard_positive,meeting_note,hard,pair_4_pos
מתוך הדוח: מספר הקריאה הוא FIN-896768 ויש לעקוב אחריו מול רכש.,0,NON_LEAK,diverse_negative,report,medium,div_neg_5
סיכום פגישה: בדוח שהגיע מסורוקה מופיעים פרטי טיפול של אלון מלכה תודה,1,LEAK,diverse_positive,meeting_note,hard,div_pos_10
"נושא: מעקב
הועבר סיכום על דנה דנינו שעובד באינטל ברעננה.",0,NON_LEAK,paired_hard_negative,email,hard,pair_1_neg
"נושא: טיפול
נא לשמור על סודיות: תוכנית ההשקה של מוצר הדס וקוד השם מבצע שקמה מצורפים",1,LEAK,diverse_positive,email,medium,div_pos_17
"מתוך הדוח: בדוח שהגיע מרמב""ם מופיעים פרטי טיפול של שירה אברהם.",1,LEAK,diverse_positive,report,hard,div_pos_13
"נושא: עדכון
הועבר החזר בגובה 30,421 ש""ח לחשבון 5801391639 של נועה מזרחי.",1,LEAK,diverse_positive,email,hard,div_pos_56
"עדכון - הועבר החזר בגובה 6,074 ש""ח לחשבון 0294130058 של משה אוחנה.",1,LEAK,diverse_positive,chat,hard,div_pos_1
סיכום פגישה: לצורך זיהוי מול הספק הועבר מספר הזהות של משה אוחנה: 843212493.,1,LEAK,diverse_positive,meeting_note,hard,div_pos_7
מתוך הדוח - המסמך מזכיר את סורוקה ואת איתי פרץ בהקשר אדמיניסטרטיבי.,0,NON_LEAK,paired_hard_negative,report,hard,pair_6_neg
"מתוך הדוח: הפגישה עם מיכל כהן נקבעה ל9/2/2026 בתל אביב, ובמסמך צורף גם הטלפון 0574230851",1,LEAK,paired_hard_positive,report,hard,pair_2_pos
סיכום פגישה: המסמך מזכיר את איכילוב ואת אלון מלכה וכולל גם אבחנה של חרדה.,1,LEAK,paired_hard_positive,meeting_note,hard,pair_6_pos
"נושא: בקשה
הצוות דן בהשקת פלטפורמת ארז ביום 24/8/2026 במסמך מסווג פנימי שלא נועד להפצה.",1,LEAK,paired_hard_positive,email,hard,pair_4_pos
"SR-576007 | המסמך מזכיר את רמב""ם ואת איתי פרץ בהקשר אדמיניסטרטיבי תודה",0,NON_LEAK,paired_hard_negative,ticket,hard,pair_6_neg
מתוך הדוח: הפגישה עם ניר ביטון נקבעה ל13/9/2026 בחיפה. תודה,0,NON_LEAK,paired_hard_negative,report,hard,pair_2_neg
FIN-487992 | במצגת הופיעו שמות העובדים לצד נתוני שכר ובונוסים.,1,LEAK,paired_hard_positive,ticket,hard,pair_7_pos
תזכורת: בדוח הלקוח מופיע איש קשר בשם שירה אברהם יחד עם כתובת המייל shira.avraham@org.co.il.,1,LEAK,paired_hard_positive,chat,hard,pair_3_pos
"לתיעוד פנימי: הלקוח ביקש עדכון על הפרויקט, אבל לא נשלחו פרטי קשר או מזהים.",0,NON_LEAK,diverse_negative,memo,medium,div_neg_14
"נושא: בקשה
הפגישה עם קרן אמסלם נקבעה ל27/9/2026 בנתניה.",0,NON_LEAK,paired_hard_negative,email,hard,pair_2_neg
INC-332016 | בדשבורד הציבורי מופיע סטטוס כללי של פרויקט פרויקט דרור,0,NON_LEAK,diverse_negative,ticket,hard,div_neg_38
"תזכורת: היעד הכספי לרבעון הוא 20,905 ש""ח ולא מדובר במידע על לקוח ספציפי.",0,NON_LEAK,diverse_negative,chat,medium,div_neg_2
INC-055772 | בדוח שהגיע מאיכילוב מופיעים פרטי טיפול של דנה דנינו.,1,LEAK,diverse_positive,ticket,medium,div_pos_1
מתוך הדוח - בדוח הלקוח מופיע איש קשר בשם קרן אמסלם יחד עם כתובת המייל keren.amsalem@outlook.com.,1,LEAK,paired_hard_positive,report,hard,pair_3_pos
סיכום פגישה - הצוות דן בהשקת מוצר הדס ביום 16/12/2026 במסמך מסווג פנימי שלא נועד להפצה.,1,LEAK,paired_hard_positive,meeting_note,hard,pair_4_pos
סיכום פגישה: הפגישה עם משה אוחנה נקבעה ל1/7/2026 במודיעין.,0,NON_LEAK,paired_hard_negative,meeting_note,hard,pair_2_neg
REQ-461970 | יש לעדכן את טבלת ההזמנות עם מזהה פנימי 5561367729. תודה,0,NON_LEAK,paired_hard_negative,ticket,hard,pair_5_neg
סיכום פגישה: הצוות דן בהשקת פרויקט נוגה ביום 10/6/2026 במסמך מסווג פנימי שלא נועד להפצה.,1,LEAK,paired_hard_positive,meeting_note,hard,pair_4_pos
"מתוך הדוח: הפגישה עם איתי פרץ נקבעה ל23/12/2026 בירושלים, ובמסמך צורף גם הטלפון 0573224090.",1,LEAK,paired_hard_positive,report,hard,pair_2_pos
"FIN-853332 | הלקוח ביקש עדכון על הפרויקט, אבל לא נשלחו פרטי קשר או מזהים.",0,NON_LEAK,diverse_negative,ticket,hard,div_neg_6
"סיכום פגישה: היעד הכספי לרבעון הוא 29,454 ש""ח ולא מדובר במידע על לקוח ספציפי.",0,NON_LEAK,diverse_negative,meeting_note,hard,div_neg_35
HR-099576 | הצוות דן בהשקת מוצר הדס ביום 23/5/2026 במסמך מסווג פנימי שלא נועד להפצה.,1,LEAK,paired_hard_positive,ticket,hard,pair_4_pos
"נושא: בקשה
הועבר סיכום על אילן שבתאי שעובד בקופת חולים כללית בירושלים תודה",0,NON_LEAK,paired_hard_negative,email,hard,pair_1_neg
"נושא - בקשה
מספר הקריאה הוא REQ-802464 ויש לעקוב אחריו מול כספים.",0,NON_LEAK,diverse_negative,email,hard,div_neg_5
לתיעוד פנימי - בדוח משאבי האנוש מופיעים נתוני השכר של איתי פרץ עבור חודש מרץ,1,LEAK,diverse_positive,memo,hard,div_pos_7
שולח: לצורך זיהוי מול הספק הועבר מספר הזהות של מיכל כהן: 102914651.,1,LEAK,diverse_positive,chat,medium,div_pos_56
"סיכום פגישה: הועבר החזר בגובה 25,857 ש""ח לחשבון 1341238384 של אורן אברהם. תודה",1,LEAK,diverse_positive,meeting_note,medium,div_pos_35
מתוך הדוח: יש לעדכן את טבלת ההזמנות עם מזהה פנימי 3957766283,0,NON_LEAK,paired_hard_negative,report,hard,pair_5_neg
סיכום פגישה: במצגת הופיעו שמות העובדים לצד נתוני שכר ובונוסים.,1,LEAK,paired_hard_positive,meeting_note,hard,pair_7_pos
REQ-069754 | הועבר סיכום על עדי שלום שעובד במכבי שירותי בריאות באשדוד,0,NON_LEAK,paired_hard_negative,ticket,hard,pair_1_neg
"נושא - טיפול
הלקוח ביקש עדכון על הפרויקט, אבל לא נשלחו פרטי קשר או מזהים.",0,NON_LEAK,diverse_negative,email,medium,div_neg_24
תזכורת: במצגת הופיעו שמות העובדים לצורך חלוקת משימות. תודה,0,NON_LEAK,paired_hard_negative,chat,hard,pair_7_neg
לתיעוד פנימי: יש לעדכן את טבלת ההזמנות עם מזהה פנימי 2870983766.,0,NON_LEAK,paired_hard_negative,memo,hard,pair_5_neg
"בדיקה: הועבר סיכום על משה אוחנה שעובד בבנק הפועלים בפתח תקווה, כולל מספר הזהות 648348949.",1,LEAK,paired_hard_positive,chat,hard,pair_1_pos
"סיכום פגישה: הועבר סיכום על אורן אברהם שעובד בAmdocs בנתניה, כולל מספר הזהות 287711234",1,LEAK,paired_hard_positive,meeting_note,hard,pair_1_pos
סיכום פגישה: המסמך מזכיר את אסותא ואת טל אוחנה וכולל גם אבחנה של אלרגיה חריפה,1,LEAK,paired_hard_positive,meeting_note,hard,pair_6_pos
לתיעוד פנימי: המסמך מזכיר את אסותא ואת שרון סעדה בהקשר אדמיניסטרטיבי.,0,NON_LEAK,paired_hard_negative,memo,hard,pair_6_neg
"נושא: טיפול
הצוות דן בהשקת מוצר הדס ביום 20/5/2026.",0,NON_LEAK,paired_hard_negative,email,hard,pair_4_neg
מתוך הדוח: במצגת הופיעו שמות העובדים לצד נתוני שכר ובונוסים.,1,LEAK,paired_hard_positive,report,hard,pair_7_pos
"סיכום פגישה: היעד הכספי לרבעון הוא 28,797 ש""ח ולא מדובר במידע על לקוח ספציפי",0,NON_LEAK,diverse_negative,meeting_note,medium,div_neg_30
"לתיעוד פנימי: הפגישה עם קרן אמסלם נקבעה ל17/11/2026 בחיפה, ובמסמך צורף גם הטלפון 0529002597.",1,LEAK,paired_hard_positive,memo,hard,pair_2_pos
"INC-573631 | בדוח מופיע רק שם החברה אלביט ותאריך יעד 1/11/2026, ללא מידע אישי תודה",0,NON_LEAK,diverse_negative,ticket,hard,div_neg_29
"נושא: טיפול
פרטי הקשר של אילן שבתאי: מייל ilanshabtai@examplecoil, טלפון 0535484171",1,LEAK,diverse_positive,email,medium,div_pos_57
"נושא: טיפול
בדוח שהגיע מסורוקה מופיעים פרטי טיפול של אילן שבתאי.",1,LEAK,diverse_positive,email,hard,div_pos_18
"נושא - בקשה
המסמך מזכיר את סורוקה ואת אילן שבתאי בהקשר אדמיניסטרטיבי.",0,NON_LEAK,paired_hard_negative,email,hard,pair_6_neg
"לתיעוד פנימי - הפגישה עם דנה דנינו נקבעה ל11/6/2026 ברעננה, ובמסמך צורף גם הטלפון 0571482992.",1,LEAK,paired_hard_positive,memo,hard,pair_2_pos
"נושא: בקשה
במצגת הופיעו שמות העובדים לצד נתוני שכר ובונוסים.",1,LEAK,paired_hard_positive,email,hard,pair_7_pos
FIN-651839 | המסמך מזכיר את סורוקה ואת רון חדד וכולל גם אבחנה של אסתמה. תודה,1,LEAK,paired_hard_positive,ticket,hard,pair_6_pos
"FIN-538440 | הקובץ מכיל שם משתמש, סיסמה וגישה לסביבת הייצור.",1,LEAK,diverse_positive,ticket,hard,div_pos_48
"HR-772406 | היעד הכספי לרבעון הוא 32,050 ש""ח ולא מדובר במידע על לקוח ספציפי.",0,NON_LEAK,diverse_negative,ticket,hard,div_neg_50
מתוך הדוח: יש לעדכן את טבלת ההזמנות עם חשבון הבנק 5552918816 של אילן שבתאי.,1,LEAK,paired_hard_positive,report,hard,pair_5_pos
סיכום פגישה - הסיסמה הזמנית לחשבון של רון חדד היא Welcome2026! ויש להחליף אותה מיד,1,LEAK,diverse_positive,meeting_note,hard,div_pos_32
"נושא - טיפול
נא לשמור על סודיות - תוכנית ההשקה של גרסה 4.2 וקוד השם מבצע שקמה מצורפים.",1,LEAK,diverse_positive,email,medium,div_pos_11
"נושא - בקשה
הסיסמה הזמנית לחשבון של דוד כהן היא Welcome2026! ויש להחליף אותה מיד. תודה",1,LEAK,diverse_positive,email,medium,div_pos_24
"נושא: בקשה
הפגישה עם מאיה ביטון נקבעה ל20/12/2026 בפתח תקווה",0,NON_LEAK,paired_hard_negative,email,hard,pair_2_neg
לתיעוד פנימי: יש לעדכן את טבלת ההזמנות עם מזהה פנימי 3746714735,0,NON_LEAK,paired_hard_negative,memo,hard,pair_5_neg
לתיעוד פנימי: המערכת החדשה תושק ב24/9/2026 לפי הודעה רשמית שפורסמה לכלל העובדים.,0,NON_LEAK,diverse_negative,memo,hard,div_neg_55
"נושא - מעקב
הצוות דן בהשקת גרסה 42 ביום 16/7/2026 תודה",0,NON_LEAK,paired_hard_negative,email,hard,pair_4_neg
תזכורת: במצגת הופיעו שמות העובדים לצורך חלוקת משימות תודה,0,NON_LEAK,paired_hard_negative,chat,hard,pair_7_neg
"סיכום פגישה: היעד הכספי לרבעון הוא 7,843 ש""ח ולא מדובר במידע על לקוח ספציפי תודה",0,NON_LEAK,diverse_negative,meeting_note,hard,div_neg_34
לתיעוד פנימי - שם העובד טל אוחנה מופיע במצגת הפנימית ללא פרטים נוספים.,0,NON_LEAK,diverse_negative,memo,hard,div_neg_50
תזכורת - הצוות דן בהשקת מוצר אופק ביום 7/3/2026 במסמך מסווג פנימי שלא נועד להפצה,1,LEAK,paired_hard_positive,chat,hard,pair_4_pos
סיכום פגישה: בדוח משאבי האנוש מופיעים נתוני השכר של עדי שלום עבור חודש מרץ.,1,LEAK,diverse_positive,meeting_note,medium,div_pos_12
עדכון: שם העובד עדי שלום מופיע במצגת הפנימית ללא פרטים נוספים. תודה,0,NON_LEAK,diverse_negative,chat,medium,div_neg_10
תזכורת: יש לעדכן את טבלת ההזמנות עם מזהה פנימי 1617190892,0,NON_LEAK,paired_hard_negative,chat,hard,pair_5_neg
לתיעוד פנימי - יש לעדכן את טבלת ההזמנות עם מזהה פנימי 6684784594.,0,NON_LEAK,paired_hard_negative,memo,hard,pair_5_neg
"סיכום פגישה: הועבר החזר בגובה 29,352 ש""ח לחשבון 7569465630 של יעל לוי.",1,LEAK,diverse_positive,meeting_note,medium,div_pos_47
"מתוך הדוח: הפגישה עם שרון סעדה נקבעה ל11/1/2026 בבאר שבע, ובמסמך צורף גם הטלפון 0550550940.",1,LEAK,paired_hard_positive,report,hard,pair_2_pos
HR-319586 | בדוח הלקוח מופיע איש קשר בשם אלון מלכה.,0,NON_LEAK,paired_hard_negative,ticket,hard,pair_3_neg
עדכון: הצוות דן בהשקת פרויקט נוגה ביום 6/4/2026,0,NON_LEAK,paired_hard_negative,chat,hard,pair_4_neg
"REQ-086659 | הפגישה עם איתי פרץ נקבעה ל19/2/2026 בירושלים, ובמסמך צורף גם הטלפון 0570340035.",1,LEAK,paired_hard_positive,ticket,hard,pair_2_pos
לתיעוד פנימי: המערכת החדשה תושק ב7/2/2026 לפי הודעה רשמית שפורסמה לכלל העובדים.,0,NON_LEAK,diverse_negative,memo,medium,div_neg_29
מתוך הדוח: הצוות עבר לשלב בדיקות אינטגרציה ונדרש לעדכן סטטוס עד סוף היום תודה,0,NON_LEAK,diverse_negative,report,medium,div_neg_16
מתוך הדוח: נא לשמור על סודיות: תוכנית ההשקה של שירות אביב וקוד השם פרויקט דרור מצורפים.,1,LEAK,diverse_positive,report,hard,div_pos_31
"FIN-156753 | פרטי הקשר של הילה חדד - מייל hilahadad@orgcoil, טלפון 0561751080 תודה",1,LEAK,diverse_positive,ticket,hard,div_pos_3
לתיעוד פנימי: במצגת הופיעו שמות העובדים לצד נתוני שכר ובונוסים,1,LEAK,paired_hard_positive,memo,hard,pair_7_pos
FIN-042010 | יש לעדכן את טבלת ההזמנות עם חשבון הבנק 8663444501 של שירה אברהם.,1,LEAK,paired_hard_positive,ticket,hard,pair_5_pos
מתוך הדוח: הועבר סיכום על דוד כהן שעובד בסלקום בנתניה,0,NON_LEAK,paired_hard_negative,report,hard,pair_1_neg
בדיקה: בדשבורד הציבורי מופיע סטטוס כללי של פרויקט תוכנית רימון,0,NON_LEAK,diverse_negative,chat,medium,div_neg_11
"נושא: בקשה
הועבר סיכום על איתי פרץ שעובד בAmdocs ברעננה, כולל מספר הזהות 391670712.",1,LEAK,paired_hard_positive,email,hard,pair_1_pos
SR-098230 | המסמך מזכיר את איכילוב ואת ניר ביטון בהקשר אדמיניסטרטיבי.,0,NON_LEAK,paired_hard_negative,ticket,hard,pair_6_neg
לתיעוד פנימי: יש לעדכן את טבלת ההזמנות עם חשבון הבנק 6733786829 של רון חדד.,1,LEAK,paired_hard_positive,memo,hard,pair_5_pos
סיכום פגישה: בדוח הלקוח מופיע איש קשר בשם רונית פרץ יחד עם כתובת המייל ronit.peretz@org.co.il.,1,LEAK,paired_hard_positive,meeting_note,hard,pair_3_pos
בדיקה: בדוח משאבי האנוש מופיעים נתוני השכר של יעל לוי עבור חודש מרץ.,1,LEAK,diverse_positive,chat,medium,div_pos_6
"בדיקה: הלקוח ביקש עדכון על הפרויקט, אבל לא נשלחו פרטי קשר או מזהים.",0,NON_LEAK,diverse_negative,chat,hard,div_neg_50
REQ-698929 | בדוח שהגיע מאסותא מופיעים פרטי טיפול של אילן שבתאי.,1,LEAK,diverse_positive,ticket,medium,div_pos_15
לתיעוד פנימי: יש לעדכן את טבלת ההזמנות עם חשבון הבנק 5555078864 של דנה דנינו.,1,LEAK,paired_hard_positive,memo,hard,pair_5_pos
"נושא: מעקב
הועבר סיכום על משה אוחנה שעובד בגוגל ישראל בתל אביב.",0,NON_LEAK,paired_hard_negative,email,hard,pair_1_neg
INC-155864 | הצוות עבר לשלב בדיקות אינטגרציה ונדרש לעדכן סטטוס עד סוף היום.,0,NON_LEAK,diverse_negative,ticket,medium,div_neg_10
מתוך הדוח: במצגת הופיעו שמות העובדים לצורך חלוקת משימות.,0,NON_LEAK,paired_hard_negative,report,hard,pair_7_neg
"מתוך הדוח: הועבר סיכום על ניר ביטון שעובד בשופרסל ברעננה, כולל מספר הזהות 339903877.",1,LEAK,paired_hard_positive,report,hard,pair_1_pos
"לתיעוד פנימי: בדוח מופיע רק שם החברה בנק לאומי ותאריך יעד 13/2/2026, ללא מידע אישי.",0,NON_LEAK,diverse_negative,memo,hard,div_neg_20
"סיכום פגישה: הועבר סיכום על מאיה ביטון שעובד בשופרסל בחיפה, כולל מספר הזהות 996004105. תודה",1,LEAK,paired_hard_positive,meeting_note,hard,pair_1_pos
מתוך הדוח - הסיסמה הזמנית לחשבון של הילה חדד היא Welcome2026! ויש להחליף אותה מיד.,1,LEAK,diverse_positive,report,hard,div_pos_51
מתוך הדוח: הועבר סיכום על נועה מזרחי שעובד בבנק הפועלים בנתניה.,0,NON_LEAK,paired_hard_negative,report,hard,pair_1_neg
"סיכום פגישה: פרטי הקשר של הילה חדד: מייל hila.hadad@example.co.il, טלפון 0502778033.",1,LEAK,diverse_positive,meeting_note,medium,div_pos_24
תזכורת - יש לעדכן את טבלת ההזמנות עם חשבון הבנק 4835478703 של יואב לוי.,1,LEAK,paired_hard_positive,chat,hard,pair_5_pos
"נושא - בקשה
הפגישה עם שרון סעדה נקבעה ל24/4/2026 בנתניה.",0,NON_LEAK,paired_hard_negative,email,hard,pair_2_neg
מתוך הדוח - בדוח משאבי האנוש מופיעים נתוני השכר של רון חדד עבור חודש מרץ.,1,LEAK,diverse_positive,report,medium,div_pos_40
לתיעוד פנימי: בדוח הלקוח מופיע איש קשר בשם אורן אברהם.,0,NON_LEAK,paired_hard_negative,memo,hard,pair_3_neg
"סיכום פגישה: הקובץ מכיל שם משתמש, סיסמה וגישה לסביבת הייצור.",1,LEAK,diverse_positive,meeting_note,medium,div_pos_51
"נושא: בקשה
במסמך המצורף אין מידע אישי, רק סיכום משימות והחלטות.",0,NON_LEAK,diverse_negative,email,hard,div_neg_47
"בדיקה: הועבר החזר בגובה 10,592 ש""ח לחשבון 2688294228 של הילה חדד.",1,LEAK,diverse_positive,chat,medium,div_pos_27
"נושא: עדכון
הצוות דן בהשקת פלטפורמת ארז ביום 24/5/2026 במסמך מסווג פנימי שלא נועד להפצה. תודה",1,LEAK,paired_hard_positive,email,hard,pair_4_pos
"מתוך הדוח: הפגישה עם אלון מלכה נקבעה ל3/3/2026 בבאר שבע, ובמסמך צורף גם הטלפון 0507249410.",1,LEAK,paired_hard_positive,report,hard,pair_2_pos
לתיעוד פנימי: הסיסמה הזמנית לחשבון של יעל לוי היא Welcome2026! ויש להחליף אותה מיד,1,LEAK,diverse_positive,memo,medium,div_pos_44
"נושא: בקשה
הפגישה עם ראש צוות תתקיים ביום ראשון בתל אביב. תודה",0,NON_LEAK,diverse_negative,email,medium,div_neg_3
בדיקה: יש לעדכן את טבלת ההזמנות עם מזהה פנימי 7300566996.,0,NON_LEAK,paired_hard_negative,chat,hard,pair_5_neg
לתיעוד פנימי - בדשבורד הציבורי מופיע סטטוס כללי של פרויקט פרויקט ברוש,0,NON_LEAK,diverse_negative,memo,medium,div_neg_53
מתוך הדוח - המסמך מזכיר את אסותא ואת אלון מלכה וכולל גם אבחנה של פציעת גב תודה,1,LEAK,paired_hard_positive,report,hard,pair_6_pos
SR-779240 | המערכת החדשה תושק ב12/7/2026 לפי הודעה רשמית שפורסמה לכלל העובדים.,0,NON_LEAK,diverse_negative,ticket,medium,div_neg_36
"נושא: מעקב
המסמך מזכיר את איכילוב ואת קרן אמסלם וכולל גם אבחנה של חרדה.",1,LEAK,paired_hard_positive,email,hard,pair_6_pos
מתוך הדוח: הפגישה עם מנהל פיתוח תתקיים ביום ראשון בתל אביב. תודה,0,NON_LEAK,diverse_negative,report,medium,div_neg_44
סיכום פגישה: מספר הקריאה הוא INC-802046 ויש לעקוב אחריו מול שיווק.,0,NON_LEAK,diverse_negative,meeting_note,medium,div_neg_51
"שולח: בדוח מופיע רק שם החברה שופרסל ותאריך יעד 23/6/2026, ללא מידע אישי.",0,NON_LEAK,diverse_negative,chat,medium,div_neg_8
לתיעוד פנימי - המסמך מזכיר את איכילוב ואת ניר ביטון בהקשר אדמיניסטרטיבי,0,NON_LEAK,paired_hard_negative,memo,hard,pair_6_neg
סיכום פגישה: המסמך מזכיר את סורוקה ואת קרן אמסלם וכולל גם אבחנה של אסתמה,1,LEAK,paired_hard_positive,meeting_note,hard,pair_6_pos
עדכון: לצורך זיהוי מול הספק הועבר מספר הזהות של דוד כהן: 229071799.,1,LEAK,diverse_positive,chat,hard,div_pos_49
"שולח: הועבר סיכום על נועה מזרחי שעובד בAmdocs במודיעין, כולל מספר הזהות 661871849",1,LEAK,paired_hard_positive,chat,hard,pair_1_pos
"נושא: בקשה
בדוח שהגיע מאסותא מופיעים פרטי טיפול של איתי פרץ",1,LEAK,diverse_positive,email,hard,div_pos_57
סיכום פגישה: בדשבורד הציבורי מופיע סטטוס כללי של פרויקט תוכנית רימון,0,NON_LEAK,diverse_negative,meeting_note,medium,div_neg_13
"תזכורת: המסמך מזכיר את רמב""ם ואת שירה אברהם בהקשר אדמיניסטרטיבי. תודה",0,NON_LEAK,paired_hard_negative,chat,hard,pair_6_neg
"סיכום פגישה - הועבר החזר בגובה 30,055 ש""ח לחשבון 8819130948 של דנה דנינו.",1,LEAK,diverse_positive,meeting_note,medium,div_pos_54
"נושא - עדכון
הקובץ מכיל שם משתמש, סיסמה וגישה לסביבת הייצור.",1,LEAK,diverse_positive,email,medium,div_pos_38
"נושא - מעקב
הפגישה עם אילן שבתאי נקבעה ל8/5/2026 באשדוד",0,NON_LEAK,paired_hard_negative,email,hard,pair_2_neg
"נושא - עדכון
המסמך מזכיר את סורוקה ואת יעל לוי וכולל גם אבחנה של אסתמה.",1,LEAK,paired_hard_positive,email,hard,pair_6_pos
סיכום פגישה: במצגת הופיעו שמות העובדים לצורך חלוקת משימות.,0,NON_LEAK,paired_hard_negative,meeting_note,hard,pair_7_neg
לתיעוד פנימי: המסמך מזכיר את שיבא ואת יעל לוי בהקשר אדמיניסטרטיבי.,0,NON_LEAK,paired_hard_negative,memo,hard,pair_6_neg
בדיקה - הועבר סיכום על רון חדד שעובד בקופת חולים כללית בפתח תקווה.,0,NON_LEAK,paired_hard_negative,chat,hard,pair_1_neg
"HR-403355 | הועבר החזר בגובה 41,624 ש""ח לחשבון 8928371249 של שירה אברהם.",1,LEAK,diverse_positive,ticket,medium,div_pos_55
"נושא: עדכון
הפגישה עם נועה מזרחי נקבעה ל27/6/2026 בפתח תקווה, ובמסמך צורף גם הטלפון 0579542715",1,LEAK,paired_hard_positive,email,hard,pair_2_pos
סיכום פגישה: בדוח הלקוח מופיע איש קשר בשם משה אוחנה יחד עם כתובת המייל moshe.ohana@org.co.il.,1,LEAK,paired_hard_positive,meeting_note,hard,pair_3_pos
SR-100074 | יש לעדכן את טבלת ההזמנות עם מזהה פנימי 5386085565,0,NON_LEAK,paired_hard_negative,ticket,hard,pair_5_neg
HR-333796 | המסמך מזכיר את איכילוב ואת רונית פרץ וכולל גם אבחנה של דלקת ריאות,1,LEAK,paired_hard_positive,ticket,hard,pair_6_pos
REQ-523847 | יש לעדכן את טבלת ההזמנות עם מזהה פנימי 1656797141.,0,NON_LEAK,paired_hard_negative,ticket,hard,pair_5_neg
מתוך הדוח: במצגת הופיעו שמות העובדים לצד נתוני שכר ובונוסים.,1,LEAK,paired_hard_positive,report,hard,pair_7_pos
מתוך הדוח: הפגישה עם מנהל אבטחת מידע תתקיים ביום ראשון בראשון לציון.,0,NON_LEAK,diverse_negative,report,medium,div_neg_8
REQ-027097 | בדוח הלקוח מופיע איש קשר בשם משה אוחנה יחד עם כתובת המייל moshe.ohana@outlook.com.,1,LEAK,paired_hard_positive,ticket,hard,pair_3_pos
לתיעוד פנימי: במצגת הופיעו שמות העובדים לצד נתוני שכר ובונוסים. תודה,1,LEAK,paired_hard_positive,memo,hard,pair_7_pos
מתוך הדוח: הצוות דן בהשקת גרסה 4.2 ביום 17/2/2026 במסמך מסווג פנימי שלא נועד להפצה.,1,LEAK,paired_hard_positive,report,hard,pair_4_pos
לתיעוד פנימי - הצוות דן בהשקת מערכת קשת ביום 23/8/2026,0,NON_LEAK,paired_hard_negative,memo,hard,pair_4_neg
סיכום פגישה: המסמך מזכיר את שיבא ואת שרון סעדה וכולל גם אבחנה של לחץ דם גבוה.,1,LEAK,paired_hard_positive,meeting_note,hard,pair_6_pos
"מתוך הדוח: הועבר סיכום על יעל לוי שעובד בבזק בבאר שבע, כולל מספר הזהות 318443846.",1,LEAK,paired_hard_positive,report,hard,pair_1_pos
סיכום פגישה: בדוח שהגיע מסורוקה מופיעים פרטי טיפול של רון חדד.,1,LEAK,diverse_positive,meeting_note,medium,div_pos_30
"סיכום פגישה: הועבר סיכום על רון חדד שעובד בסלקום באשדוד, כולל מספר הזהות 142173656.",1,LEAK,paired_hard_positive,meeting_note,hard,pair_1_pos
סיכום פגישה: במצגת הופיעו שמות העובדים לצורך חלוקת משימות.,0,NON_LEAK,paired_hard_negative,meeting_note,hard,pair_7_neg
תזכורת: בדוח הלקוח מופיע איש קשר בשם עדי שלום.,0,NON_LEAK,paired_hard_negative,chat,hard,pair_3_neg
"לתיעוד פנימי: הלקוח ביקש עדכון על הפרויקט, אבל לא נשלחו פרטי קשר או מזהים.",0,NON_LEAK,diverse_negative,memo,hard,div_neg_8
"נושא: בקשה
במצגת הופיעו שמות העובדים לצורך חלוקת משימות.",0,NON_LEAK,paired_hard_negative,email,hard,pair_7_neg
לתיעוד פנימי - בדוח הלקוח מופיע איש קשר בשם ניר ביטון יחד עם כתובת המייל nir.biton@gmail.com.,1,LEAK,paired_hard_positive,memo,hard,pair_3_pos
"נושא: מעקב
הועבר סיכום על נועה מזרחי שעובד ברפאל בפתח תקווה, כולל מספר הזהות 994501633. תודה",1,LEAK,paired_hard_positive,email,hard,pair_1_pos
בדיקה: הצוות דן בהשקת שירות אביב ביום 10/12/2026 במסמך מסווג פנימי שלא נועד להפצה.,1,LEAK,paired_hard_positive,chat,hard,pair_4_pos
"לתיעוד פנימי: הלקוח ביקש עדכון על הפרויקט, אבל לא נשלחו פרטי קשר או מזהים.",0,NON_LEAK,diverse_negative,memo,hard,div_neg_36
"נושא: טיפול
הועבר החזר בגובה 23,851 ש""ח לחשבון 6204245248 של מאיה ביטון. תודה",1,LEAK,diverse_positive,email,medium,div_pos_33
לתיעוד פנימי: מספר הקריאה הוא HR-265172 ויש לעקוב אחריו מול משאבי אנוש,0,NON_LEAK,diverse_negative,memo,medium,div_neg_22
"נושא: מעקב
בנספח מופיעים פרטי החשבון של שירה אברהם: בנק הפועלים, חשבון 2307251413.",1,LEAK,diverse_positive,email,hard,div_pos_21
מתוך הדוח: בדוח הלקוח מופיע איש קשר בשם הילה חדד תודה,0,NON_LEAK,paired_hard_negative,report,hard,pair_3_neg
"נושא: בקשה
הלקוח ביקש עדכון על הפרויקט, אבל לא נשלחו פרטי קשר או מזהים.",0,NON_LEAK,diverse_negative,email,medium,div_neg_37
"נושא: עדכון
מספר הקריאה הוא SR-687115 ויש לעקוב אחריו מול כספים.",0,NON_LEAK,diverse_negative,email,hard,div_neg_55
שולח: בדוח הלקוח מופיע איש קשר בשם עמית אלקיים.,0,NON_LEAK,paired_hard_negative,chat,hard,pair_3_neg
"נושא: בקשה
הצוות דן בהשקת גרסה 4.2 ביום 7/12/2026 במסמך מסווג פנימי שלא נועד להפצה.",1,LEAK,paired_hard_positive,email,hard,pair_4_pos
SR-829528 | במצגת הופיעו שמות העובדים לצורך חלוקת משימות. תודה,0,NON_LEAK,paired_hard_negative,ticket,hard,pair_7_neg
"סיכום פגישה: הפגישה עם מאיה ביטון נקבעה ל10/4/2026 בירושלים, ובמסמך צורף גם הטלפון 0519501445.",1,LEAK,paired_hard_positive,meeting_note,hard,pair_2_pos
תזכורת: הצוות דן בהשקת פלטפורמת ארז ביום 17/9/2026 במסמך מסווג פנימי שלא נועד להפצה,1,LEAK,paired_hard_positive,chat,hard,pair_4_pos
"נושא: בקשה
המסמך מזכיר את סורוקה ואת דנה דנינו וכולל גם אבחנה של סוכרת.",1,LEAK,paired_hard_positive,email,hard,pair_6_pos
HR-459531 | הצוות דן בהשקת פרויקט נוגה ביום 9/5/2026 במסמך מסווג פנימי שלא נועד להפצה.,1,LEAK,paired_hard_positive,ticket,hard,pair_4_pos
מתוך הדוח: בדוח הלקוח מופיע איש קשר בשם אלון מלכה יחד עם כתובת המייל alonmalka@gmailcom,1,LEAK,paired_hard_positive,report,hard,pair_3_pos
"סיכום פגישה - פרטי הקשר של יואב לוי - מייל yoavlevi@mailcom, טלפון 0534484156",1,LEAK,diverse_positive,meeting_note,medium,div_pos_37
FIN-632007 | יש לעדכן את טבלת ההזמנות עם מזהה פנימי 7264452588.,0,NON_LEAK,paired_hard_negative,ticket,hard,pair_5_neg
"לתיעוד פנימי: במסמך המצורף אין מידע אישי, רק סיכום משימות והחלטות.",0,NON_LEAK,diverse_negative,memo,hard,div_neg_47
"מתוך הדוח: הפגישה עם קרן אמסלם נקבעה ל28/4/2026 במודיעין, ובמסמך צורף גם הטלפון 0582370216.",1,LEAK,paired_hard_positive,report,hard,pair_2_pos
סיכום פגישה: יש לעדכן את טבלת ההזמנות עם חשבון הבנק 6273706651 של אילן שבתאי.,1,LEAK,paired_hard_positive,meeting_note,hard,pair_5_pos
"נושא: טיפול
פרטי הקשר של שירה אברהם: מייל shira.avraham@company.co.il, טלפון 0563208031.",1,LEAK,diverse_positive,email,hard,div_pos_41
מתוך הדוח - הצוות דן בהשקת מוצר הדס ביום 11/9/2026,0,NON_LEAK,paired_hard_negative,report,hard,pair_4_neg
לתיעוד פנימי: הצוות דן בהשקת גרסה 42 ביום 1/12/2026 במסמך מסווג פנימי שלא נועד להפצה,1,LEAK,paired_hard_positive,memo,hard,pair_4_pos
לתיעוד פנימי - בדוח שהגיע מאסותא מופיעים פרטי טיפול של עדי שלום.,1,LEAK,diverse_positive,memo,medium,div_pos_32
"נושא: עדכון
בנספח מופיעים פרטי החשבון של יואב לוי: בנק הפועלים, חשבון 3988431712.",1,LEAK,diverse_positive,email,medium,div_pos_21
HR-028438 | המסמך מזכיר את שיבא ואת אלון מלכה בהקשר אדמיניסטרטיבי.,0,NON_LEAK,paired_hard_negative,ticket,hard,pair_6_neg
"נושא - טיפול
במצגת הופיעו שמות העובדים לצד נתוני שכר ובונוסים",1,LEAK,paired_hard_positive,email,hard,pair_7_pos
עדכון - יש לעדכן את טבלת ההזמנות עם חשבון הבנק 0603963416 של אורן אברהם.,1,LEAK,paired_hard_positive,chat,hard,pair_5_pos
תזכורת: הצוות דן בהשקת מוצר אופק ביום 28/1/2026.,0,NON_LEAK,paired_hard_negative,chat,hard,pair_4_neg
"FIN-653980 | הועבר דוח עם רשימת לקוחות אסטרטגיים, הצעות מחיר ותנאי התקשרות",1,LEAK,diverse_positive,ticket,hard,div_pos_8
"לתיעוד פנימי: הועבר החזר בגובה 14,008 ש""ח לחשבון 8628878056 של ניר ביטון תודה",1,LEAK,diverse_positive,memo,medium,div_pos_30
לתיעוד פנימי: במצגת הופיעו שמות העובדים לצד נתוני שכר ובונוסים.,1,LEAK,paired_hard_positive,memo,hard,pair_7_pos
"נושא: מעקב
במצגת הופיעו שמות העובדים לצד נתוני שכר ובונוסים",1,LEAK,paired_hard_positive,email,hard,pair_7_pos
"נושא: טיפול
הועבר סיכום על יואב לוי שעובד בגוגל ישראל בנתניה, כולל מספר הזהות 388839486 תודה",1,LEAK,paired_hard_positive,email,hard,pair_1_pos
לתיעוד פנימי - הועבר סיכום על משה אוחנה שעובד בצ'ק פוינט בירושלים. תודה,0,NON_LEAK,paired_hard_negative,memo,hard,pair_1_neg
מתוך הדוח: המערכת החדשה תושק ב3/9/2026 לפי הודעה רשמית שפורסמה לכלל העובדים,0,NON_LEAK,diverse_negative,report,medium,div_neg_37
מתוך הדוח: נא לשמור על סודיות: תוכנית ההשקה של פרויקט נוגה וקוד השם מיזם תמר מצורפים.,1,LEAK,diverse_positive,report,hard,div_pos_15
לתיעוד פנימי: במצגת הופיעו שמות העובדים לצד נתוני שכר ובונוסים.,1,LEAK,paired_hard_positive,memo,hard,pair_7_pos
"לתיעוד פנימי: הועבר סיכום על טל אוחנה שעובד בקופת חולים כללית בירושלים, כולל מספר הזהות 217240099.",1,LEAK,paired_hard_positive,memo,hard,pair_1_pos
"סיכום פגישה - פרטי הקשר של קרן אמסלם - מייל keren.amsalem@example.co.il, טלפון 0568255048.",1,LEAK,diverse_positive,meeting_note,medium,div_pos_45
לתיעוד פנימי: הצוות דן בהשקת גרסה 4.2 ביום 27/5/2026 במסמך מסווג פנימי שלא נועד להפצה.,1,LEAK,paired_hard_positive,memo,hard,pair_4_pos
"נושא: מעקב
הקובץ מכיל שם משתמש, סיסמה וגישה לסביבת הייצור.",1,LEAK,diverse_positive,email,hard,div_pos_27
לתיעוד פנימי: הצוות דן בהשקת פלטפורמת ארז ביום 17/1/2026 במסמך מסווג פנימי שלא נועד להפצה,1,LEAK,paired_hard_positive,memo,hard,pair_4_pos
"נושא: מעקב
הועבר סיכום על מאיה ביטון שעובד בבנק לאומי בבאר שבע, כולל מספר הזהות 528212732.",1,LEAK,paired_hard_positive,email,hard,pair_1_pos
"לתיעוד פנימי: הלקוח ביקש עדכון על הפרויקט, אבל לא נשלחו פרטי קשר או מזהים. תודה",0,NON_LEAK,diverse_negative,memo,hard,div_neg_34
"נושא - טיפול
הצוות דן בהשקת שירות אביב ביום 2/5/2026.",0,NON_LEAK,paired_hard_negative,email,hard,pair_4_neg
"נושא - טיפול
בדוח הלקוח מופיע איש קשר בשם טל אוחנה.",0,NON_LEAK,paired_hard_negative,email,hard,pair_3_neg
מתוך הדוח: בדוח הלקוח מופיע איש קשר בשם אילן שבתאי יחד עם כתובת המייל ilan.shabtai@example.co.il.,1,LEAK,paired_hard_positive,report,hard,pair_3_pos
"HR-423659 | הקובץ מכיל שם משתמש, סיסמה וגישה לסביבת הייצור",1,LEAK,diverse_positive,ticket,medium,div_pos_53
לתיעוד פנימי: לצורך זיהוי מול הספק הועבר מספר הזהות של מיכל כהן: 212310922,1,LEAK,diverse_positive,memo,hard,div_pos_8
מתוך הדוח: שם העובד רונית פרץ מופיע במצגת הפנימית ללא פרטים נוספים.,0,NON_LEAK,diverse_negative,report,hard,div_neg_7
מתוך הדוח: שם העובד נועה מזרחי מופיע במצגת הפנימית ללא פרטים נוספים.,0,NON_LEAK,diverse_negative,report,hard,div_neg_14
לתיעוד פנימי: מספר הקריאה הוא SR-571063 ויש לעקוב אחריו מול מכירות. תודה,0,NON_LEAK,diverse_negative,memo,hard,div_neg_5
מתוך הדוח: הצוות עבר לשלב בדיקות אינטגרציה ונדרש לעדכן סטטוס עד סוף היום.,0,NON_LEAK,diverse_negative,report,medium,div_neg_21
"נושא - בקשה
הסיסמה הזמנית לחשבון של דוד כהן היא Welcome2026! ויש להחליף אותה מיד.",1,LEAK,diverse_positive,email,medium,div_pos_30
REQ-110574 | יש לעדכן את טבלת ההזמנות עם חשבון הבנק 7646488593 של רון חדד. תודה,1,LEAK,paired_hard_positive,ticket,hard,pair_5_pos
לתיעוד פנימי: מספר הקריאה הוא HR-609711 ויש לעקוב אחריו מול משאבי אנוש,0,NON_LEAK,diverse_negative,memo,medium,div_neg_42
FIN-771619 | במצגת הופיעו שמות העובדים לצד נתוני שכר ובונוסים. תודה,1,LEAK,paired_hard_positive,ticket,hard,pair_7_pos
תזכורת: יש לעדכן את טבלת ההזמנות עם חשבון הבנק 6599590636 של ליאור מלכה.,1,LEAK,paired_hard_positive,chat,hard,pair_5_pos
מתוך הדוח: הפגישה עם קרן אמסלם נקבעה ל11/5/2026 באשדוד.,0,NON_LEAK,paired_hard_negative,report,hard,pair_2_neg
"לתיעוד פנימי: בנספח מופיעים פרטי החשבון של טל אוחנה: בנק לאומי, חשבון 4360574007.",1,LEAK,diverse_positive,memo,medium,div_pos_58
"לתיעוד פנימי: פרטי הקשר של רונית פרץ: מייל ronit.peretz@gmail.com, טלפון 0578127917.",1,LEAK,diverse_positive,memo,medium,div_pos_9
סיכום פגישה: הצוות עבר לשלב בדיקות אינטגרציה ונדרש לעדכן סטטוס עד סוף היום.,0,NON_LEAK,diverse_negative,meeting_note,hard,div_neg_49
"נושא - עדכון
בדוח הלקוח מופיע איש קשר בשם אלון מלכה יחד עם כתובת המייל alonmalka@mailcom",1,LEAK,paired_hard_positive,email,hard,pair_3_pos
"מתוך הדוח: היעד הכספי לרבעון הוא 32,492 ש""ח ולא מדובר במידע על לקוח ספציפי.",0,NON_LEAK,diverse_negative,report,medium,div_neg_29
"נושא: מעקב
הפגישה עם מנהלת משאבי אנוש תתקיים ביום ראשון בפתח תקווה.",0,NON_LEAK,diverse_negative,email,hard,div_neg_8
סיכום פגישה: המסמך מזכיר את איכילוב ואת קרן אמסלם וכולל גם אבחנה של חרדה.,1,LEAK,paired_hard_positive,meeting_note,hard,pair_6_pos
סיכום פגישה: נא לשמור על סודיות: תוכנית ההשקה של מוצר הדס וקוד השם פרויקט ברוש מצורפים.,1,LEAK,diverse_positive,meeting_note,medium,div_pos_43
"בדיקה: בנספח מופיעים פרטי החשבון של ניר ביטון: דיסקונט, חשבון 8055986066",1,LEAK,diverse_positive,chat,hard,div_pos_12
FIN-378629 | בדשבורד הציבורי מופיע סטטוס כללי של פרויקט פרויקט ברוש.,0,NON_LEAK,diverse_negative,ticket,hard,div_neg_52
מתוך הדוח: הפגישה עם עמית אלקיים נקבעה ל11/10/2026 בבאר שבע. תודה,0,NON_LEAK,paired_hard_negative,report,hard,pair_2_neg
"נושא: בקשה
הועבר סיכום על אורן אברהם שעובד בנייס בתל אביב, כולל מספר הזהות 590405798.",1,LEAK,paired_hard_positive,email,hard,pair_1_pos
"נושא: מעקב
הפגישה עם משה אוחנה נקבעה ל26/1/2026 בהרצליה",0,NON_LEAK,paired_hard_negative,email,hard,pair_2_neg
עדכון: הפגישה עם נועה מזרחי נקבעה ל12/10/2026 בבאר שבע,0,NON_LEAK,paired_hard_negative,chat,hard,pair_2_neg
"לתיעוד פנימי: הפגישה עם אורן אברהם נקבעה ל14/10/2026 בתל אביב, ובמסמך צורף גם הטלפון 0599689870.",1,LEAK,paired_hard_positive,memo,hard,pair_2_pos
"בדיקה: הועבר סיכום על נועה מזרחי שעובד באינטל בירושלים, כולל מספר הזהות 715495208.",1,LEAK,paired_hard_positive,chat,hard,pair_1_pos
עדכון - הצוות דן בהשקת מוצר הדס ביום 11/10/2026.,0,NON_LEAK,paired_hard_negative,chat,hard,pair_4_neg
סיכום פגישה: שם העובד יואב לוי מופיע במצגת הפנימית ללא פרטים נוספים,0,NON_LEAK,diverse_negative,meeting_note,medium,div_neg_58
סיכום פגישה: הפגישה עם אורן אברהם נקבעה ל8/12/2026 במודיעין.,0,NON_LEAK,paired_hard_negative,meeting_note,hard,pair_2_neg
"סיכום פגישה: הועבר החזר בגובה 7,789 ש""ח לחשבון 6895047213 של נועה מזרחי",1,LEAK,diverse_positive,meeting_note,hard,div_pos_12
"FIN-090468 | הפגישה עם סמנכ""לית כספים תתקיים ביום ראשון בירושלים. תודה",0,NON_LEAK,diverse_negative,ticket,hard,div_neg_32
מתוך הדוח: הסיסמה הזמנית לחשבון של ניר ביטון היא Welcome2026! ויש להחליף אותה מיד.,1,LEAK,diverse_positive,report,hard,div_pos_48
תזכורת - נא לשמור על סודיות - תוכנית ההשקה של פלטפורמת ארז וקוד השם תוכנית רימון מצורפים.,1,LEAK,diverse_positive,chat,hard,div_pos_17
סיכום פגישה: הועבר סיכום על נועה מזרחי שעובד במיקרוסופט בראשון לציון,0,NON_LEAK,paired_hard_negative,meeting_note,hard,pair_1_neg
לתיעוד פנימי: הפגישה עם הילה חדד נקבעה ל2/7/2026 בבאר שבע,0,NON_LEAK,paired_hard_negative,memo,hard,pair_2_neg
"לתיעוד פנימי: היעד הכספי לרבעון הוא 12,754 ש""ח ולא מדובר במידע על לקוח ספציפי.",0,NON_LEAK,diverse_negative,memo,hard,div_neg_20
עדכון: הפגישה עם עמית אלקיים נקבעה ל15/6/2026 בנתניה.,0,NON_LEAK,paired_hard_negative,chat,hard,pair_2_neg
תזכורת - בדוח הלקוח מופיע איש קשר בשם עדי שלום,0,NON_LEAK,paired_hard_negative,chat,hard,pair_3_neg
INC-871687 | בדוח שהגיע משיבא מופיעים פרטי טיפול של הילה חדד תודה,1,LEAK,diverse_positive,ticket,medium,div_pos_5
שולח: נא לשמור על סודיות: תוכנית ההשקה של מודול ברק וקוד השם מיזם תמר מצורפים.,1,LEAK,diverse_positive,chat,hard,div_pos_5
מתוך הדוח: בדוח שהגיע מאסותא מופיעים פרטי טיפול של יעל לוי.,1,LEAK,diverse_positive,report,medium,div_pos_3
"נושא: עדכון
הועבר סיכום על שירה אברהם שעובד בשטראוס בהרצליה",0,NON_LEAK,paired_hard_negative,email,hard,pair_1_neg
סיכום פגישה: בדוח הלקוח מופיע איש קשר בשם רונית פרץ יחד עם כתובת המייל ronitperetz@gmailcom,1,LEAK,paired_hard_positive,meeting_note,hard,pair_3_pos
מתוך הדוח: לצורך זיהוי מול הספק הועבר מספר הזהות של קרן אמסלם: 688708474,1,LEAK,diverse_positive,report,medium,div_pos_15
בדיקה: הסיסמה הזמנית לחשבון של משה אוחנה היא Welcome2026! ויש להחליף אותה מיד.,1,LEAK,diverse_positive,chat,medium,div_pos_15
סיכום פגישה: הפגישה עם יואב לוי נקבעה ל25/8/2026 בראשון לציון. תודה,0,NON_LEAK,paired_hard_negative,meeting_note,hard,pair_2_neg
"תזכורת: בדוח מופיע רק שם החברה גוגל ישראל ותאריך יעד 20/12/2026, ללא מידע אישי. תודה",0,NON_LEAK,diverse_negative,chat,medium,div_neg_17
לתיעוד פנימי: במצגת הופיעו שמות העובדים לצד נתוני שכר ובונוסים.,1,LEAK,paired_hard_positive,memo,hard,pair_7_pos
REQ-963953 | הצוות עבר לשלב בדיקות אינטגרציה ונדרש לעדכן סטטוס עד סוף היום,0,NON_LEAK,diverse_negative,ticket,medium,div_neg_19
"מתוך הדוח: הפגישה עם יעל לוי נקבעה ל21/3/2026 בראשון לציון, ובמסמך צורף גם הטלפון 0555214315.",1,LEAK,paired_hard_positive,report,hard,pair_2_pos
עדכון: בדוח משאבי האנוש מופיעים נתוני השכר של יואב לוי עבור חודש מרץ,1,LEAK,diverse_positive,chat,medium,div_pos_23
FIN-811156 | הצוות עבר לשלב בדיקות אינטגרציה ונדרש לעדכן סטטוס עד סוף היום תודה,0,NON_LEAK,diverse_negative,ticket,medium,div_neg_4
"נושא: בקשה
המסמך מזכיר את רמב""ם ואת עדי שלום בהקשר אדמיניסטרטיבי",0,NON_LEAK,paired_hard_negative,email,hard,pair_6_neg
"עדכון: הקובץ מכיל שם משתמש, סיסמה וגישה לסביבת הייצור.",1,LEAK,diverse_positive,chat,medium,div_pos_7
"נושא: עדכון
הפגישה עם ליאור מלכה נקבעה ל26/5/2026 במודיעין, ובמסמך צורף גם הטלפון 0550951940. תודה",1,LEAK,paired_hard_positive,email,hard,pair_2_pos
מתוך הדוח: במצגת הופיעו שמות העובדים לצורך חלוקת משימות.,0,NON_LEAK,paired_hard_negative,report,hard,pair_7_neg
"REQ-258691 | במסמך המצורף אין מידע אישי, רק סיכום משימות והחלטות. תודה",0,NON_LEAK,diverse_negative,ticket,medium,div_neg_23
מתוך הדוח: שם העובד משה אוחנה מופיע במצגת הפנימית ללא פרטים נוספים. תודה,0,NON_LEAK,diverse_negative,report,hard,div_neg_26
"סיכום פגישה: הלקוח ביקש עדכון על הפרויקט, אבל לא נשלחו פרטי קשר או מזהים.",0,NON_LEAK,diverse_negative,meeting_note,hard,div_neg_50
תזכורת: בדוח משאבי האנוש מופיעים נתוני השכר של דוד כהן עבור חודש מרץ.,1,LEAK,diverse_positive,chat,hard,div_pos_28
בדיקה: בדוח משאבי האנוש מופיעים נתוני השכר של משה אוחנה עבור חודש מרץ.,1,LEAK,diverse_positive,chat,medium,div_pos_1
עדכון: המסמך מזכיר את שיבא ואת משה אוחנה וכולל גם אבחנה של אסתמה.,1,LEAK,paired_hard_positive,chat,hard,pair_6_pos
סיכום פגישה: מספר הקריאה הוא INC-598529 ויש לעקוב אחריו מול משאבי אנוש.,0,NON_LEAK,diverse_negative,meeting_note,medium,div_neg_46
סיכום פגישה: בדוח משאבי האנוש מופיעים נתוני השכר של רון חדד עבור חודש מרץ.,1,LEAK,diverse_positive,meeting_note,medium,div_pos_31
סיכום פגישה: המערכת החדשה תושק ב26/7/2026 לפי הודעה רשמית שפורסמה לכלל העובדים.,0,NON_LEAK,diverse_negative,meeting_note,medium,div_neg_56
"נושא: מעקב
הצוות דן בהשקת פלטפורמת ארז ביום 11/8/2026 במסמך מסווג פנימי שלא נועד להפצה. תודה",1,LEAK,paired_hard_positive,email,hard,pair_4_pos
"מתוך הדוח: בדוח מופיע רק שם החברה בזק ותאריך יעד 1/2/2026, ללא מידע אישי תודה",0,NON_LEAK,diverse_negative,report,medium,div_neg_55
HR-190006 | הצוות דן בהשקת מערכת קשת ביום 11/4/2026.,0,NON_LEAK,paired_hard_negative,ticket,hard,pair_4_neg
"לתיעוד פנימי: הועבר דוח עם רשימת לקוחות אסטרטגיים, הצעות מחיר ותנאי התקשרות.",1,LEAK,diverse_positive,memo,hard,div_pos_42
סיכום פגישה: במצגת הופיעו שמות העובדים לצורך חלוקת משימות,0,NON_LEAK,paired_hard_negative,meeting_note,hard,pair_7_neg
לתיעוד פנימי: הצוות דן בהשקת שירות אביב ביום 8/9/2026 תודה,0,NON_LEAK,paired_hard_negative,memo,hard,pair_4_neg
"SR-909308 | המסמך מזכיר את רמב""ם ואת מיכל כהן וכולל גם אבחנה של אלרגיה חריפה.",1,LEAK,paired_hard_positive,ticket,hard,pair_6_pos
לתיעוד פנימי: הועבר סיכום על משה אוחנה שעובד בבנק הפועלים בנתניה.,0,NON_LEAK,paired_hard_negative,memo,hard,pair_1_neg
בדיקה: במצגת הופיעו שמות העובדים לצד נתוני שכר ובונוסים,1,LEAK,paired_hard_positive,chat,hard,pair_7_pos
"נושא: עדכון
במצגת הופיעו שמות העובדים לצד נתוני שכר ובונוסים",1,LEAK,paired_hard_positive,email,hard,pair_7_pos
לתיעוד פנימי: יש לעדכן את טבלת ההזמנות עם חשבון הבנק 7157039679 של הילה חדד.,1,LEAK,paired_hard_positive,memo,hard,pair_5_pos
לתיעוד פנימי: בדשבורד הציבורי מופיע סטטוס כללי של פרויקט מיזם תמר.,0,NON_LEAK,diverse_negative,memo,medium,div_neg_25
לתיעוד פנימי: יש לעדכן את טבלת ההזמנות עם מזהה פנימי 7109156444.,0,NON_LEAK,paired_hard_negative,memo,hard,pair_5_neg
מתוך הדוח: בדוח הלקוח מופיע איש קשר בשם הילה חדד יחד עם כתובת המייל hila.hadad@org.co.il.,1,LEAK,paired_hard_positive,report,hard,pair_3_pos
תזכורת: בדוח הלקוח מופיע איש קשר בשם דוד כהן יחד עם כתובת המייל david.cohen@outlook.com.,1,LEAK,paired_hard_positive,chat,hard,pair_3_pos
"נושא: עדכון
בדוח הלקוח מופיע איש קשר בשם שירה אברהם יחד עם כתובת המייל shira.avraham@outlook.com.",1,LEAK,paired_hard_positive,email,hard,pair_3_pos
"נושא - מעקב
יש לעדכן את טבלת ההזמנות עם מזהה פנימי 6975453870.",0,NON_LEAK,paired_hard_negative,email,hard,pair_5_neg
סיכום פגישה - הצוות דן בהשקת שירות אביב ביום 22/1/2026 במסמך מסווג פנימי שלא נועד להפצה,1,LEAK,paired_hard_positive,meeting_note,hard,pair_4_pos
"נושא: עדכון
הועבר סיכום על עדי שלום שעובד במיקרוסופט בנתניה",0,NON_LEAK,paired_hard_negative,email,hard,pair_1_neg
"לתיעוד פנימי: היעד הכספי לרבעון הוא 34,255 ש""ח ולא מדובר במידע על לקוח ספציפי.",0,NON_LEAK,diverse_negative,memo,hard,div_neg_27
מתוך הדוח: לצורך זיהוי מול הספק הועבר מספר הזהות של יואב לוי: 634216965.,1,LEAK,diverse_positive,report,hard,div_pos_26
"לתיעוד פנימי: הועבר סיכום על משה אוחנה שעובד בקופת חולים כללית בירושלים, כולל מספר הזהות 635916002",1,LEAK,paired_hard_positive,memo,hard,pair_1_pos
לתיעוד פנימי: המסמך מזכיר את סורוקה ואת נועה מזרחי וכולל גם אבחנה של סוכרת.,1,LEAK,paired_hard_positive,memo,hard,pair_6_pos
"תזכורת: המסמך מזכיר את רמב""ם ואת רונית פרץ בהקשר אדמיניסטרטיבי.",0,NON_LEAK,paired_hard_negative,chat,hard,pair_6_neg
"נושא - בקשה
הקובץ מכיל שם משתמש, סיסמה וגישה לסביבת הייצור",1,LEAK,diverse_positive,email,hard,div_pos_1
"נושא: עדכון
הפגישה עם מיכל כהן נקבעה ל26/11/2026 בהרצליה, ובמסמך צורף גם הטלפון 0531794587 תודה",1,LEAK,paired_hard_positive,email,hard,pair_2_pos
מתוך הדוח - הצוות דן בהשקת שירות אביב ביום 19/6/2026 במסמך מסווג פנימי שלא נועד להפצה. תודה,1,LEAK,paired_hard_positive,report,hard,pair_4_pos
מתוך הדוח: הפגישה עם אילן שבתאי נקבעה ל18/2/2026 בפתח תקווה.,0,NON_LEAK,paired_hard_negative,report,hard,pair_2_neg
סיכום פגישה: המסמך מזכיר את שיבא ואת יואב לוי וכולל גם אבחנה של דלקת ריאות. תודה,1,LEAK,paired_hard_positive,meeting_note,hard,pair_6_pos
"נושא: עדכון
פרטי הקשר של ליאור מלכה: מייל lior.malka@mail.com, טלפון 0591194580.",1,LEAK,diverse_positive,email,hard,div_pos_49
לתיעוד פנימי: מספר הקריאה הוא INC-251337 ויש לעקוב אחריו מול מכירות. תודה,0,NON_LEAK,diverse_negative,memo,medium,div_neg_15
לתיעוד פנימי: הסיסמה הזמנית לחשבון של מיכל כהן היא Welcome2026! ויש להחליף אותה מיד.,1,LEAK,diverse_positive,memo,medium,div_pos_6
"נושא: בקשה
בדוח משאבי האנוש מופיעים נתוני השכר של ליאור מלכה עבור חודש מרץ.",1,LEAK,diverse_positive,email,medium,div_pos_25
מתוך הדוח: יש לעדכן את טבלת ההזמנות עם מזהה פנימי 1325522562.,0,NON_LEAK,paired_hard_negative,report,hard,pair_5_neg
"HR-804009 | פרטי הקשר של דנה דנינו - מייל danadanino@companycoil, טלפון 0569148999",1,LEAK,diverse_positive,ticket,medium,div_pos_18
מתוך הדוח: יש לעדכן את טבלת ההזמנות עם מזהה פנימי 6843532045.,0,NON_LEAK,paired_hard_negative,report,hard,pair_5_neg
"FIN-141030 | בנספח מופיעים פרטי החשבון של ליאור מלכה: בנק הפועלים, חשבון 5632858038",1,LEAK,diverse_positive,ticket,medium,div_pos_39
מתוך הדוח: הועבר סיכום על דנה דנינו שעובד במיקרוסופט בתל אביב תודה,0,NON_LEAK,paired_hard_negative,report,hard,pair_1_neg
"מתוך הדוח: בנספח מופיעים פרטי החשבון של איתי פרץ: דיסקונט, חשבון 5324773520. תודה",1,LEAK,diverse_positive,report,medium,div_pos_51
לתיעוד פנימי: המסמך מזכיר את איכילוב ואת משה אוחנה בהקשר אדמיניסטרטיבי,0,NON_LEAK,paired_hard_negative,memo,hard,pair_6_neg
"תזכורת: במסמך המצורף אין מידע אישי, רק סיכום משימות והחלטות. תודה",0,NON_LEAK,diverse_negative,chat,hard,div_neg_24
לתיעוד פנימי: המערכת החדשה תושק ב6/2/2026 לפי הודעה רשמית שפורסמה לכלל העובדים.,0,NON_LEAK,diverse_negative,memo,medium,div_neg_48
לתיעוד פנימי: הצוות עבר לשלב בדיקות אינטגרציה ונדרש לעדכן סטטוס עד סוף היום,0,NON_LEAK,diverse_negative,memo,medium,div_neg_19
מתוך הדוח: במצגת הופיעו שמות העובדים לצד נתוני שכר ובונוסים.,1,LEAK,paired_hard_positive,report,hard,pair_7_pos
REQ-547718 | המסמך מזכיר את אסותא ואת אילן שבתאי וכולל גם אבחנה של אלרגיה חריפה.,1,LEAK,paired_hard_positive,ticket,hard,pair_6_pos
מתוך הדוח: במצגת הופיעו שמות העובדים לצורך חלוקת משימות,0,NON_LEAK,paired_hard_negative,report,hard,pair_7_neg
מתוך הדוח: המערכת החדשה תושק ב26/3/2026 לפי הודעה רשמית שפורסמה לכלל העובדים.,0,NON_LEAK,diverse_negative,report,hard,div_neg_13
"נושא: טיפול
הפגישה עם מנהל מוצר תתקיים ביום ראשון בנתניה",0,NON_LEAK,diverse_negative,email,hard,div_neg_7
שולח - הפגישה עם משה אוחנה נקבעה ל24/10/2026 בירושלים.,0,NON_LEAK,paired_hard_negative,chat,hard,pair_2_neg
סיכום פגישה: במצגת הופיעו שמות העובדים לצורך חלוקת משימות תודה,0,NON_LEAK,paired_hard_negative,meeting_note,hard,pair_7_neg
מתוך הדוח: המסמך מזכיר את איכילוב ואת דנה דנינו בהקשר אדמיניסטרטיבי. תודה,0,NON_LEAK,paired_hard_negative,report,hard,pair_6_neg
מתוך הדוח: הפגישה עם ליאור מלכה נקבעה ל15/3/2026 בירושלים. תודה,0,NON_LEAK,paired_hard_negative,report,hard,pair_2_neg
"נושא - מעקב
יש לעדכן את טבלת ההזמנות עם חשבון הבנק 8572594308 של ניר ביטון.",1,LEAK,paired_hard_positive,email,hard,pair_5_pos
"נושא: בקשה
הלקוח ביקש עדכון על הפרויקט, אבל לא נשלחו פרטי קשר או מזהים. תודה",0,NON_LEAK,diverse_negative,email,hard,div_neg_51
לתיעוד פנימי: הצוות דן בהשקת גרסה 4.2 ביום 20/3/2026.,0,NON_LEAK,paired_hard_negative,memo,hard,pair_4_neg
"נושא: טיפול
הפגישה עם יעל לוי נקבעה ל19/4/2026 בפתח תקווה.",0,NON_LEAK,paired_hard_negative,email,hard,pair_2_neg
INC-093781 | הועבר סיכום על עמית אלקיים שעובד בקופת חולים כללית בירושלים,0,NON_LEAK,paired_hard_negative,ticket,hard,pair_1_neg
"לתיעוד פנימי: הלקוח ביקש עדכון על הפרויקט, אבל לא נשלחו פרטי קשר או מזהים.",0,NON_LEAK,diverse_negative,memo,medium,div_neg_36
"מתוך הדוח - הועבר החזר בגובה 35,502 ש""ח לחשבון 1020504007 של מאיה ביטון",1,LEAK,diverse_positive,report,medium,div_pos_17
REQ-568888 | בדוח הלקוח מופיע איש קשר בשם אלון מלכה.,0,NON_LEAK,paired_hard_negative,ticket,hard,pair_3_neg
סיכום פגישה: הסיסמה הזמנית לחשבון של משה אוחנה היא Welcome2026! ויש להחליף אותה מיד.,1,LEAK,diverse_positive,meeting_note,medium,div_pos_38
לתיעוד פנימי: שם העובד דנה דנינו מופיע במצגת הפנימית ללא פרטים נוספים.,0,NON_LEAK,diverse_negative,memo,hard,div_neg_55
סיכום פגישה: הועבר סיכום על עמית אלקיים שעובד במיקרוסופט במודיעין.,0,NON_LEAK,paired_hard_negative,meeting_note,hard,pair_1_neg
INC-622031 | הועבר סיכום על שירה אברהם שעובד ברפאל בהרצליה.,0,NON_LEAK,paired_hard_negative,ticket,hard,pair_1_neg
עדכון - נא לשמור על סודיות - תוכנית ההשקה של מודול ברק וקוד השם פרויקט ברוש מצורפים.,1,LEAK,diverse_positive,chat,medium,div_pos_4
"REQ-087029 | בנספח מופיעים פרטי החשבון של ליאור מלכה: בנק הפועלים, חשבון 3413908726.",1,LEAK,diverse_positive,ticket,medium,div_pos_29
FIN-152606 | לצורך זיהוי מול הספק הועבר מספר הזהות של ניר ביטון: 510447688.,1,LEAK,diverse_positive,ticket,medium,div_pos_48
תזכורת: בדוח הלקוח מופיע איש קשר בשם שירה אברהם.,0,NON_LEAK,paired_hard_negative,chat,hard,pair_3_neg
שולח: הצוות עבר לשלב בדיקות אינטגרציה ונדרש לעדכן סטטוס עד סוף היום.,0,NON_LEAK,diverse_negative,chat,medium,div_neg_57
לתיעוד פנימי: הועבר סיכום על יואב לוי שעובד במכבי שירותי בריאות בנתניה.,0,NON_LEAK,paired_hard_negative,memo,hard,pair_1_neg
REQ-120996 | במצגת הופיעו שמות העובדים לצורך חלוקת משימות.,0,NON_LEAK,paired_hard_negative,ticket,hard,pair_7_neg
"נושא - מעקב
יש לעדכן את טבלת ההזמנות עם חשבון הבנק 0839177095 של שרון סעדה.",1,LEAK,paired_hard_positive,email,hard,pair_5_pos
עדכון - בדוח הלקוח מופיע איש קשר בשם הילה חדד. תודה,0,NON_LEAK,paired_hard_negative,chat,hard,pair_3_neg
"נושא: בקשה
הועבר סיכום על מיכל כהן שעובד ברפאל בחיפה, כולל מספר הזהות 176183430.",1,LEAK,paired_hard_positive,email,hard,pair_1_pos
"נושא: טיפול
הלקוח ביקש עדכון על הפרויקט, אבל לא נשלחו פרטי קשר או מזהים.",0,NON_LEAK,diverse_negative,email,medium,div_neg_9
"נושא: מעקב
המסמך מזכיר את שיבא ואת ניר ביטון וכולל גם אבחנה של אלרגיה חריפה. תודה",1,LEAK,paired_hard_positive,email,hard,pair_6_pos
"שולח: הלקוח ביקש עדכון על הפרויקט, אבל לא נשלחו פרטי קשר או מזהים",0,NON_LEAK,diverse_negative,chat,hard,div_neg_55
לתיעוד פנימי: המערכת החדשה תושק ב3/9/2026 לפי הודעה רשמית שפורסמה לכלל העובדים.,0,NON_LEAK,diverse_negative,memo,hard,div_neg_43
"תזכורת: בדוח מופיע רק שם החברה בנק הפועלים ותאריך יעד 26/5/2026, ללא מידע אישי.",0,NON_LEAK,diverse_negative,chat,medium,div_neg_45
עדכון: בדוח הלקוח מופיע איש קשר בשם קרן אמסלם יחד עם כתובת המייל keren.amsalem@gmail.com.,1,LEAK,paired_hard_positive,chat,hard,pair_3_pos
לתיעוד פנימי - הצוות דן בהשקת מערכת קשת ביום 5/11/2026.,0,NON_LEAK,paired_hard_negative,memo,hard,pair_4_neg
SR-546998 | הצוות דן בהשקת גרסה 4.2 ביום 21/2/2026 במסמך מסווג פנימי שלא נועד להפצה.,1,LEAK,paired_hard_positive,ticket,hard,pair_4_pos
סיכום פגישה: לצורך זיהוי מול הספק הועבר מספר הזהות של איתי פרץ: 164674898.,1,LEAK,diverse_positive,meeting_note,medium,div_pos_8
מתוך הדוח: הפגישה עם מאיה ביטון נקבעה ל13/11/2026 במודיעין.,0,NON_LEAK,paired_hard_negative,report,hard,pair_2_neg
שולח: הפגישה עם הילה חדד נקבעה ל8/8/2026 בפתח תקווה,0,NON_LEAK,paired_hard_negative,chat,hard,pair_2_neg
INC-571424 | במצגת הופיעו שמות העובדים לצורך חלוקת משימות.,0,NON_LEAK,paired_hard_negative,ticket,hard,pair_7_neg
"נושא: טיפול
בדוח שהגיע מרמב""ם מופיעים פרטי טיפול של ליאור מלכה",1,LEAK,diverse_positive,email,medium,div_pos_54
מתוך הדוח: הפגישה עם אילן שבתאי נקבעה ל22/11/2026 בירושלים תודה,0,NON_LEAK,paired_hard_negative,report,hard,pair_2_neg
לתיעוד פנימי: יש לעדכן את טבלת ההזמנות עם מזהה פנימי 0996322805.,0,NON_LEAK,paired_hard_negative,memo,hard,pair_5_neg
לתיעוד פנימי: המסמך מזכיר את סורוקה ואת מיכל כהן בהקשר אדמיניסטרטיבי.,0,NON_LEAK,paired_hard_negative,memo,hard,pair_6_neg
לתיעוד פנימי - בדוח הלקוח מופיע איש קשר בשם דוד כהן יחד עם כתובת המייל david.cohen@gmail.com.,1,LEAK,paired_hard_positive,memo,hard,pair_3_pos
REQ-552013 | בדשבורד הציבורי מופיע סטטוס כללי של פרויקט פרויקט ברוש.,0,NON_LEAK,diverse_negative,ticket,medium,div_neg_42
"סיכום פגישה: היעד הכספי לרבעון הוא 13,914 ש""ח ולא מדובר במידע על לקוח ספציפי.",0,NON_LEAK,diverse_negative,meeting_note,hard,div_neg_21
סיכום פגישה: מספר הקריאה הוא HR-912612 ויש לעקוב אחריו מול כספים.,0,NON_LEAK,diverse_negative,meeting_note,medium,div_neg_4
לתיעוד פנימי: יש לעדכן את טבלת ההזמנות עם חשבון הבנק 9286840883 של שירה אברהם.,1,LEAK,paired_hard_positive,memo,hard,pair_5_pos
"FIN-929221 | הפגישה עם דנה דנינו נקבעה ל2/5/2026 בפתח תקווה, ובמסמך צורף גם הטלפון 0565548848.",1,LEAK,paired_hard_positive,ticket,hard,pair_2_pos
"מתוך הדוח - בנספח מופיעים פרטי החשבון של ניר ביטון - בנק הפועלים, חשבון 4014911307. תודה",1,LEAK,diverse_positive,report,medium,div_pos_57
"לתיעוד פנימי: פרטי הקשר של יואב לוי: מייל yoavlevi@companycoil, טלפון 0516079732",1,LEAK,diverse_positive,memo,hard,div_pos_31
"לתיעוד פנימי: הקובץ מכיל שם משתמש, סיסמה וגישה לסביבת הייצור",1,LEAK,diverse_positive,memo,hard,div_pos_49
"נושא: עדכון
הפגישה עם סמנכ""לית כספים תתקיים ביום ראשון בירושלים.",0,NON_LEAK,diverse_negative,email,hard,div_neg_46
"בדיקה: הפגישה עם רונית פרץ נקבעה ל15/9/2026 ברעננה, ובמסמך צורף גם הטלפון 0518525429.",1,LEAK,paired_hard_positive,chat,hard,pair_2_pos
"מתוך הדוח: היעד הכספי לרבעון הוא 9,335 ש""ח ולא מדובר במידע על לקוח ספציפי.",0,NON_LEAK,diverse_negative,report,medium,div_neg_38
לתיעוד פנימי: בדוח משאבי האנוש מופיעים נתוני השכר של עמית אלקיים עבור חודש מרץ. תודה,1,LEAK,diverse_positive,memo,hard,div_pos_26
"נושא - טיפול
הפגישה עם מנהל אבטחת מידע תתקיים ביום ראשון בבאר שבע.",0,NON_LEAK,diverse_negative,email,hard,div_neg_21
"עדכון - הקובץ מכיל שם משתמש, סיסמה וגישה לסביבת הייצור",1,LEAK,diverse_positive,chat,hard,div_pos_21
"נושא: מעקב
הפגישה עם מאיה ביטון נקבעה ל23/12/2026 ברעננה, ובמסמך צורף גם הטלפון 0526050107. תודה",1,LEAK,paired_hard_positive,email,hard,pair_2_pos
SR-011302 | במצגת הופיעו שמות העובדים לצד נתוני שכר ובונוסים.,1,LEAK,paired_hard_positive,ticket,hard,pair_7_pos
לתיעוד פנימי: שם העובד איתי פרץ מופיע במצגת הפנימית ללא פרטים נוספים.,0,NON_LEAK,diverse_negative,memo,hard,div_neg_8
"תזכורת - הועבר סיכום על אלון מלכה שעובד בבנק לאומי במודיעין, כולל מספר הזהות 182525034.",1,LEAK,paired_hard_positive,chat,hard,pair_1_pos
"נושא: טיפול
הועבר דוח עם רשימת לקוחות אסטרטגיים, הצעות מחיר ותנאי התקשרות",1,LEAK,diverse_positive,email,hard,div_pos_43
בדיקה - מספר הקריאה הוא INC-633751 ויש לעקוב אחריו מול רכש,0,NON_LEAK,diverse_negative,chat,hard,div_neg_49
מתוך הדוח: שם העובד רון חדד מופיע במצגת הפנימית ללא פרטים נוספים.,0,NON_LEAK,diverse_negative,report,medium,div_neg_25
"סיכום פגישה: הלקוח ביקש עדכון על הפרויקט, אבל לא נשלחו פרטי קשר או מזהים.",0,NON_LEAK,diverse_negative,meeting_note,hard,div_neg_3
"סיכום פגישה: פרטי הקשר של רונית פרץ: מייל ronit.peretz@example.co.il, טלפון 0569969816.",1,LEAK,diverse_positive,meeting_note,medium,div_pos_21
"מתוך הדוח - המסמך מזכיר את רמב""ם ואת אילן שבתאי וכולל גם אבחנה של דלקת ריאות.",1,LEAK,paired_hard_positive,report,hard,pair_6_pos
"נושא - טיפול
בדוח מופיע רק שם החברה אינטל ותאריך יעד 22/8/2026, ללא מידע אישי.",0,NON_LEAK,diverse_negative,email,hard,div_neg_44
"נושא: עדכון
יש לעדכן את טבלת ההזמנות עם מזהה פנימי 9242445916. תודה",0,NON_LEAK,paired_hard_negative,email,hard,pair_5_neg
סיכום פגישה: בדוח שהגיע מאיכילוב מופיעים פרטי טיפול של הילה חדד.,1,LEAK,diverse_positive,meeting_note,medium,div_pos_19
"נושא: בקשה
במצגת הופיעו שמות העובדים לצורך חלוקת משימות.",0,NON_LEAK,paired_hard_negative,email,hard,pair_7_neg
"נושא: טיפול
יש לעדכן את טבלת ההזמנות עם חשבון הבנק 7302082105 של הילה חדד.",1,LEAK,paired_hard_positive,email,hard,pair_5_pos
לתיעוד פנימי - הפגישה עם משה אוחנה נקבעה ל27/9/2026 בבאר שבע,0,NON_LEAK,paired_hard_negative,memo,hard,pair_2_neg
INC-022156 | במצגת הופיעו שמות העובדים לצורך חלוקת משימות. תודה,0,NON_LEAK,paired_hard_negative,ticket,hard,pair_7_neg
HR-039986 | במצגת הופיעו שמות העובדים לצורך חלוקת משימות. תודה,0,NON_LEAK,paired_hard_negative,ticket,hard,pair_7_neg
"בדיקה: היעד הכספי לרבעון הוא 12,982 ש""ח ולא מדובר במידע על לקוח ספציפי",0,NON_LEAK,diverse_negative,chat,hard,div_neg_10
REQ-892245 | בדוח הלקוח מופיע איש קשר בשם נועה מזרחי יחד עם כתובת המייל noa.mizrahi@example.co.il. תודה,1,LEAK,paired_hard_positive,ticket,hard,pair_3_pos
מתוך הדוח: נא לשמור על סודיות: תוכנית ההשקה של מוצר הדס וקוד השם פרויקט ברוש מצורפים,1,LEAK,diverse_positive,report,hard,div_pos_19
"לתיעוד פנימי: הועבר סיכום על הילה חדד שעובד בסלקום בהרצליה, כולל מספר הזהות 938206320. תודה",1,LEAK,paired_hard_positive,memo,hard,pair_1_pos
"שולח - הועבר החזר בגובה 27,434 ש""ח לחשבון 8615509723 של איתי פרץ.",1,LEAK,diverse_positive,chat,medium,div_pos_40
לתיעוד פנימי: שם העובד איתי פרץ מופיע במצגת הפנימית ללא פרטים נוספים.,0,NON_LEAK,diverse_negative,memo,hard,div_neg_53
מתוך הדוח: במצגת הופיעו שמות העובדים לצד נתוני שכר ובונוסים.,1,LEAK,paired_hard_positive,report,hard,pair_7_pos
"סיכום פגישה: הועבר סיכום על רון חדד שעובד בבזק בירושלים, כולל מספר הזהות 911819445.",1,LEAK,paired_hard_positive,meeting_note,hard,pair_1_pos
FIN-391952 | בדוח שהגיע משיבא מופיעים פרטי טיפול של שירה אברהם. תודה,1,LEAK,diverse_positive,ticket,medium,div_pos_37
"נושא - טיפול
הצוות דן בהשקת פלטפורמת ארז ביום 23/9/2026 במסמך מסווג פנימי שלא נועד להפצה. תודה",1,LEAK,paired_hard_positive,email,hard,pair_4_pos
"נושא: מעקב
מספר הקריאה הוא HR-013695 ויש לעקוב אחריו מול אבטחת מידע.",0,NON_LEAK,diverse_negative,email,medium,div_neg_21
"FIN-389739 | הלקוח ביקש עדכון על הפרויקט, אבל לא נשלחו פרטי קשר או מזהים.",0,NON_LEAK,diverse_negative,ticket,hard,div_neg_34
לתיעוד פנימי - בדוח הלקוח מופיע איש קשר בשם קרן אמסלם.,0,NON_LEAK,paired_hard_negative,memo,hard,pair_3_neg
"נושא: מעקב
הפגישה עם חשב שכר תתקיים ביום ראשון בפתח תקווה.",0,NON_LEAK,diverse_negative,email,medium,div_neg_5
סיכום פגישה - במצגת הופיעו שמות העובדים לצורך חלוקת משימות.,0,NON_LEAK,paired_hard_negative,meeting_note,hard,pair_7_neg
"לתיעוד פנימי: הועבר סיכום על מאיה ביטון שעובד באינטל בתל אביב, כולל מספר הזהות 393685278.",1,LEAK,paired_hard_positive,memo,hard,pair_1_pos
סיכום פגישה: הצוות דן בהשקת פרויקט נוגה ביום 21/7/2026.,0,NON_LEAK,paired_hard_negative,meeting_note,hard,pair_4_neg
מתוך הדוח - הועבר סיכום על שרון סעדה שעובד במיקרוסופט ברעננה.,0,NON_LEAK,paired_hard_negative,report,hard,pair_1_neg
שולח: במצגת הופיעו שמות העובדים לצד נתוני שכר ובונוסים.,1,LEAK,paired_hard_positive,chat,hard,pair_7_pos
עדכון: המסמך מזכיר את אסותא ואת טל אוחנה וכולל גם אבחנה של סוכרת.,1,LEAK,paired_hard_positive,chat,hard,pair_6_pos
HR-720738 | יש לעדכן את טבלת ההזמנות עם חשבון הבנק 3013184346 של עמית אלקיים. תודה,1,LEAK,paired_hard_positive,ticket,hard,pair_5_pos
"לתיעוד פנימי: הועבר סיכום על דנה דנינו שעובד באלביט בתל אביב, כולל מספר הזהות 943941449.",1,LEAK,paired_hard_positive,memo,hard,pair_1_pos
לתיעוד פנימי: הפגישה עם עמית אלקיים נקבעה ל7/2/2026 בתל אביב.,0,NON_LEAK,paired_hard_negative,memo,hard,pair_2_neg
מתוך הדוח: הצוות עבר לשלב בדיקות אינטגרציה ונדרש לעדכן סטטוס עד סוף היום.,0,NON_LEAK,diverse_negative,report,hard,div_neg_26
"REQ-370299 | במסמך המצורף אין מידע אישי, רק סיכום משימות והחלטות",0,NON_LEAK,diverse_negative,ticket,medium,div_neg_4
INC-031908 | המסמך מזכיר את אסותא ואת דנה דנינו וכולל גם אבחנה של סוכרת,1,LEAK,paired_hard_positive,ticket,hard,pair_6_pos
"נושא: עדכון
הצוות דן בהשקת מודול ברק ביום 1/4/2026 במסמך מסווג פנימי שלא נועד להפצה",1,LEAK,paired_hard_positive,email,hard,pair_4_pos
סיכום פגישה: המסמך מזכיר את שיבא ואת עמית אלקיים בהקשר אדמיניסטרטיבי.,0,NON_LEAK,paired_hard_negative,meeting_note,hard,pair_6_neg
לתיעוד פנימי: נא לשמור על סודיות: תוכנית ההשקה של מוצר אופק וקוד השם מיזם תמר מצורפים תודה,1,LEAK,diverse_positive,memo,medium,div_pos_43
לתיעוד פנימי: יש לעדכן את טבלת ההזמנות עם חשבון הבנק 3839228511 של אלון מלכה.,1,LEAK,paired_hard_positive,memo,hard,pair_5_pos
לתיעוד פנימי: המסמך מזכיר את איכילוב ואת קרן אמסלם וכולל גם אבחנה של פציעת גב.,1,LEAK,paired_hard_positive,memo,hard,pair_6_pos
"תזכורת - הפגישה עם קרן אמסלם נקבעה ל8/12/2026 ברעננה, ובמסמך צורף גם הטלפון 0559302505",1,LEAK,paired_hard_positive,chat,hard,pair_2_pos
סיכום פגישה: המסמך מזכיר את סורוקה ואת דנה דנינו בהקשר אדמיניסטרטיבי.,0,NON_LEAK,paired_hard_negative,meeting_note,hard,pair_6_neg
"מתוך הדוח - הקובץ מכיל שם משתמש, סיסמה וגישה לסביבת הייצור.",1,LEAK,diverse_positive,report,hard,div_pos_51
סיכום פגישה - הפגישה עם שירה אברהם נקבעה ל22/8/2026 בחיפה.,0,NON_LEAK,paired_hard_negative,meeting_note,hard,pair_2_neg
מתוך הדוח: שם העובד מיכל כהן מופיע במצגת הפנימית ללא פרטים נוספים,0,NON_LEAK,diverse_negative,report,hard,div_neg_7
"שולח - במסמך המצורף אין מידע אישי, רק סיכום משימות והחלטות.",0,NON_LEAK,diverse_negative,chat,medium,div_neg_41
בדיקה - הועבר סיכום על איתי פרץ שעובד בבנק לאומי ברעננה. תודה,0,NON_LEAK,paired_hard_negative,chat,hard,pair_1_neg
"SR-812096 | פרטי הקשר של ליאור מלכה - מייל liormalka@mailcom, טלפון 0543550845",1,LEAK,diverse_positive,ticket,hard,div_pos_15
לתיעוד פנימי - הצוות דן בהשקת פרויקט נוגה ביום 13/5/2026,0,NON_LEAK,paired_hard_negative,memo,hard,pair_4_neg
"לתיעוד פנימי - בנספח מופיעים פרטי החשבון של הילה חדד - בנק לאומי, חשבון 7684556858.",1,LEAK,diverse_positive,memo,hard,div_pos_10
בדיקה: הצוות דן בהשקת שירות אביב ביום 2/3/2026 במסמך מסווג פנימי שלא נועד להפצה.,1,LEAK,paired_hard_positive,chat,hard,pair_4_pos
עדכון: הועבר סיכום על דוד כהן שעובד בגוגל ישראל בהרצליה.,0,NON_LEAK,paired_hard_negative,chat,hard,pair_1_neg
"נושא: עדכון
פרטי הקשר של הילה חדד: מייל hila.hadad@gmail.com, טלפון 0530835780.",1,LEAK,diverse_positive,email,medium,div_pos_1
SR-085229 | הצוות דן בהשקת מוצר אופק ביום 8/7/2026 במסמך מסווג פנימי שלא נועד להפצה.,1,LEAK,paired_hard_positive,ticket,hard,pair_4_pos
"FIN-022613 | בדוח מופיע רק שם החברה שטראוס ותאריך יעד 17/3/2026, ללא מידע אישי.",0,NON_LEAK,diverse_negative,ticket,hard,div_neg_20
בדיקה: הצוות עבר לשלב בדיקות אינטגרציה ונדרש לעדכן סטטוס עד סוף היום.,0,NON_LEAK,diverse_negative,chat,medium,div_neg_18
לתיעוד פנימי: שם העובד מאיה ביטון מופיע במצגת הפנימית ללא פרטים נוספים. תודה,0,NON_LEAK,diverse_negative,memo,hard,div_neg_41
"נושא: מעקב
בדוח הלקוח מופיע איש קשר בשם אלון מלכה.",0,NON_LEAK,paired_hard_negative,email,hard,pair_3_neg
סיכום פגישה - לצורך זיהוי מול הספק הועבר מספר הזהות של יעל לוי - 000353194.,1,LEAK,diverse_positive,meeting_note,hard,div_pos_23
"סיכום פגישה: הפגישה עם שרון סעדה נקבעה ל22/2/2026 בתל אביב, ובמסמך צורף גם הטלפון 0542365409.",1,LEAK,paired_hard_positive,meeting_note,hard,pair_2_pos
FIN-606390 | הצוות דן בהשקת גרסה 4.2 ביום 27/6/2026.,0,NON_LEAK,paired_hard_negative,ticket,hard,pair_4_neg
"נושא: בקשה
בדוח הלקוח מופיע איש קשר בשם מיכל כהן יחד עם כתובת המייל michal.cohen@outlook.com. תודה",1,LEAK,paired_hard_positive,email,hard,pair_3_pos
מתוך הדוח: בדוח הלקוח מופיע איש קשר בשם מאיה ביטון.,0,NON_LEAK,paired_hard_negative,report,hard,pair_3_neg
לתיעוד פנימי: יש לעדכן את טבלת ההזמנות עם חשבון הבנק 2024082158 של טל אוחנה,1,LEAK,paired_hard_positive,memo,hard,pair_5_pos
"לתיעוד פנימי: בדוח מופיע רק שם החברה שטראוס ותאריך יעד 18/9/2026, ללא מידע אישי.",0,NON_LEAK,diverse_negative,memo,hard,div_neg_55
"נושא: עדכון
הועבר דוח עם רשימת לקוחות אסטרטגיים, הצעות מחיר ותנאי התקשרות",1,LEAK,diverse_positive,email,hard,div_pos_4
עדכון: נא לשמור על סודיות: תוכנית ההשקה של פלטפורמת ארז וקוד השם מיזם תמר מצורפים,1,LEAK,diverse_positive,chat,hard,div_pos_13
"נושא: מעקב
במצגת הופיעו שמות העובדים לצורך חלוקת משימות. תודה",0,NON_LEAK,paired_hard_negative,email,hard,pair_7_neg
בדיקה - במצגת הופיעו שמות העובדים לצד נתוני שכר ובונוסים,1,LEAK,paired_hard_positive,chat,hard,pair_7_pos
"עדכון: היעד הכספי לרבעון הוא 19,824 ש""ח ולא מדובר במידע על לקוח ספציפי.",0,NON_LEAK,diverse_negative,chat,hard,div_neg_5
"נושא: עדכון
המסמך מזכיר את איכילוב ואת דנה דנינו בהקשר אדמיניסטרטיבי.",0,NON_LEAK,paired_hard_negative,email,hard,pair_6_neg
סיכום פגישה: בדשבורד הציבורי מופיע סטטוס כללי של פרויקט מיזם תמר. תודה,0,NON_LEAK,diverse_negative,meeting_note,hard,div_neg_39
HR-592097 | המערכת החדשה תושק ב19/5/2026 לפי הודעה רשמית שפורסמה לכלל העובדים.,0,NON_LEAK,diverse_negative,ticket,hard,div_neg_33
מתוך הדוח: מספר הקריאה הוא HR-643294 ויש לעקוב אחריו מול פיתוח.,0,NON_LEAK,diverse_negative,report,medium,div_neg_25
לתיעוד פנימי: המסמך מזכיר את איכילוב ואת קרן אמסלם וכולל גם אבחנה של סוכרת.,1,LEAK,paired_hard_positive,memo,hard,pair_6_pos
"FIN-400987 | הועבר דוח עם רשימת לקוחות אסטרטגיים, הצעות מחיר ותנאי התקשרות. תודה",1,LEAK,diverse_positive,ticket,hard,div_pos_8
"לתיעוד פנימי: במסמך המצורף אין מידע אישי, רק סיכום משימות והחלטות.",0,NON_LEAK,diverse_negative,memo,medium,div_neg_48
מתוך הדוח - המסמך מזכיר את אסותא ואת איתי פרץ בהקשר אדמיניסטרטיבי.,0,NON_LEAK,paired_hard_negative,report,hard,pair_6_neg
SR-924306 | המערכת החדשה תושק ב23/12/2026 לפי הודעה רשמית שפורסמה לכלל העובדים. תודה,0,NON_LEAK,diverse_negative,ticket,hard,div_neg_56
FIN-178612 | המסמך מזכיר את סורוקה ואת אילן שבתאי וכולל גם אבחנה של אלרגיה חריפה.,1,LEAK,paired_hard_positive,ticket,hard,pair_6_pos
מתוך הדוח: יש לעדכן את טבלת ההזמנות עם חשבון הבנק 6650932825 של עדי שלום.,1,LEAK,paired_hard_positive,report,hard,pair_5_pos
"נושא: טיפול
במצגת הופיעו שמות העובדים לצורך חלוקת משימות.",0,NON_LEAK,paired_hard_negative,email,hard,pair_7_neg
סיכום פגישה: הועבר סיכום על משה אוחנה שעובד בשופרסל בפתח תקווה.,0,NON_LEAK,paired_hard_negative,meeting_note,hard,pair_1_neg
HR-737078 | בדוח הלקוח מופיע איש קשר בשם ניר ביטון יחד עם כתובת המייל nirbiton@gmailcom,1,LEAK,paired_hard_positive,ticket,hard,pair_3_pos
תזכורת - שם העובד יואב לוי מופיע במצגת הפנימית ללא פרטים נוספים.,0,NON_LEAK,diverse_negative,chat,medium,div_neg_53
"נושא: טיפול
הלקוח ביקש עדכון על הפרויקט, אבל לא נשלחו פרטי קשר או מזהים",0,NON_LEAK,diverse_negative,email,medium,div_neg_58
"INC-354212 | היעד הכספי לרבעון הוא 3,418 ש""ח ולא מדובר במידע על לקוח ספציפי",0,NON_LEAK,diverse_negative,ticket,medium,div_neg_14
SR-898381 | בדוח הלקוח מופיע איש קשר בשם רונית פרץ יחד עם כתובת המייל ronit.peretz@gmail.com.,1,LEAK,paired_hard_positive,ticket,hard,pair_3_pos
לתיעוד פנימי: יש לעדכן את טבלת ההזמנות עם חשבון הבנק 0479627230 של אלון מלכה.,1,LEAK,paired_hard_positive,memo,hard,pair_5_pos
לתיעוד פנימי - הצוות דן בהשקת פרויקט נוגה ביום 20/7/2026 במסמך מסווג פנימי שלא נועד להפצה. תודה,1,LEAK,paired_hard_positive,memo,hard,pair_4_pos
סיכום פגישה - הועבר סיכום על עמית אלקיים שעובד בבזק בראשון לציון. תודה,0,NON_LEAK,paired_hard_negative,meeting_note,hard,pair_1_neg
"FIN-299042 | בנספח מופיעים פרטי החשבון של רונית פרץ: בנק לאומי, חשבון 4172281810. תודה",1,LEAK,diverse_positive,ticket,medium,div_pos_11
סיכום פגישה: הסיסמה הזמנית לחשבון של רון חדד היא Welcome2026! ויש להחליף אותה מיד.,1,LEAK,diverse_positive,meeting_note,hard,div_pos_12
"סיכום פגישה - פרטי הקשר של אילן שבתאי - מייל ilan.shabtai@company.co.il, טלפון 0584155332.",1,LEAK,diverse_positive,meeting_note,hard,div_pos_17
"נושא: מעקב
במצגת הופיעו שמות העובדים לצורך חלוקת משימות. תודה",0,NON_LEAK,paired_hard_negative,email,hard,pair_7_neg
"נושא: מעקב
יש לעדכן את טבלת ההזמנות עם מזהה פנימי 3509533235.",0,NON_LEAK,paired_hard_negative,email,hard,pair_5_neg
"נושא: בקשה
שם העובד איתי פרץ מופיע במצגת הפנימית ללא פרטים נוספים.",0,NON_LEAK,diverse_negative,email,hard,div_neg_25
"לתיעוד פנימי: הועבר החזר בגובה 15,188 ש""ח לחשבון 4011277667 של יעל לוי.",1,LEAK,diverse_positive,memo,medium,div_pos_43
סיכום פגישה: יש לעדכן את טבלת ההזמנות עם מזהה פנימי 8128155750.,0,NON_LEAK,paired_hard_negative,meeting_note,hard,pair_5_neg
סיכום פגישה: הצוות עבר לשלב בדיקות אינטגרציה ונדרש לעדכן סטטוס עד סוף היום.,0,NON_LEAK,diverse_negative,meeting_note,medium,div_neg_36
SR-950767 | הפגישה עם רונית פרץ נקבעה ל28/1/2026 בבאר שבע.,0,NON_LEAK,paired_hard_negative,ticket,hard,pair_2_neg
SR-362082 | הפגישה עם מנהל פיתוח תתקיים ביום ראשון בתל אביב.,0,NON_LEAK,diverse_negative,ticket,hard,div_neg_28
לתיעוד פנימי - לצורך זיהוי מול הספק הועבר מספר הזהות של מאיה ביטון - 691167062.,1,LEAK,diverse_positive,memo,medium,div_pos_0
לתיעוד פנימי: בדוח משאבי האנוש מופיעים נתוני השכר של יעל לוי עבור חודש מרץ.,1,LEAK,diverse_positive,memo,hard,div_pos_17
"נושא - בקשה
הקובץ מכיל שם משתמש, סיסמה וגישה לסביבת הייצור",1,LEAK,diverse_positive,email,hard,div_pos_1
סיכום פגישה: מספר הקריאה הוא HR-258724 ויש לעקוב אחריו מול פיתוח,0,NON_LEAK,diverse_negative,meeting_note,hard,div_neg_16
"תזכורת: במסמך המצורף אין מידע אישי, רק סיכום משימות והחלטות.",0,NON_LEAK,diverse_negative,chat,medium,div_neg_23
מתוך הדוח: המסמך מזכיר את איכילוב ואת שרון סעדה בהקשר אדמיניסטרטיבי.,0,NON_LEAK,paired_hard_negative,report,hard,pair_6_neg
לתיעוד פנימי: לצורך זיהוי מול הספק הועבר מספר הזהות של אילן שבתאי: 336926925,1,LEAK,diverse_positive,memo,medium,div_pos_11
"בדיקה: הועבר דוח עם רשימת לקוחות אסטרטגיים, הצעות מחיר ותנאי התקשרות.",1,LEAK,diverse_positive,chat,hard,div_pos_37
סיכום פגישה: במצגת הופיעו שמות העובדים לצורך חלוקת משימות.,0,NON_LEAK,paired_hard_negative,meeting_note,hard,pair_7_neg
"עדכון: בנספח מופיעים פרטי החשבון של הילה חדד: דיסקונט, חשבון 2723469102.",1,LEAK,diverse_positive,chat,hard,div_pos_24
FIN-475651 | בדוח הלקוח מופיע איש קשר בשם איתי פרץ.,0,NON_LEAK,paired_hard_negative,ticket,hard,pair_3_neg
"נושא - טיפול
הצוות דן בהשקת מודול ברק ביום 16/4/2026 במסמך מסווג פנימי שלא נועד להפצה",1,LEAK,paired_hard_positive,email,hard,pair_4_pos
מתוך הדוח: הצוות דן בהשקת פלטפורמת ארז ביום 14/3/2026. תודה,0,NON_LEAK,paired_hard_negative,report,hard,pair_4_neg
"בדיקה: פרטי הקשר של יעל לוי: מייל yael.levi@example.co.il, טלפון 0594707608.",1,LEAK,diverse_positive,chat,hard,div_pos_18
HR-678607 | הועבר סיכום על יואב לוי שעובד בקופת חולים כללית בראשון לציון. תודה,0,NON_LEAK,paired_hard_negative,ticket,hard,pair_1_neg
"נושא: מעקב
שם העובד עדי שלום מופיע במצגת הפנימית ללא פרטים נוספים",0,NON_LEAK,diverse_negative,email,hard,div_neg_33
מתוך הדוח - הפגישה עם מנהלת משאבי אנוש תתקיים ביום ראשון בראשון לציון.,0,NON_LEAK,diverse_negative,report,medium,div_neg_58
INC-716141 | לצורך זיהוי מול הספק הועבר מספר הזהות של שרון סעדה: 345154053.,1,LEAK,diverse_positive,ticket,medium,div_pos_20
עדכון: הפגישה עם שרון סעדה נקבעה ל13/9/2026 באשדוד.,0,NON_LEAK,paired_hard_negative,chat,hard,pair_2_neg
"נושא: בקשה
היעד הכספי לרבעון הוא 27,045 ש""ח ולא מדובר במידע על לקוח ספציפי.",0,NON_LEAK,diverse_negative,email,hard,div_neg_0
לתיעוד פנימי: הצוות דן בהשקת מוצר אופק ביום 9/7/2026 במסמך מסווג פנימי שלא נועד להפצה. תודה,1,LEAK,paired_hard_positive,memo,hard,pair_4_pos
לתיעוד פנימי: המסמך מזכיר את סורוקה ואת יעל לוי וכולל גם אבחנה של חרדה.,1,LEAK,paired_hard_positive,memo,hard,pair_6_pos
"עדכון: במסמך המצורף אין מידע אישי, רק סיכום משימות והחלטות.",0,NON_LEAK,diverse_negative,chat,hard,div_neg_40
"מתוך הדוח: הלקוח ביקש עדכון על הפרויקט, אבל לא נשלחו פרטי קשר או מזהים.",0,NON_LEAK,diverse_negative,report,medium,div_neg_56
סיכום פגישה: המערכת החדשה תושק ב4/12/2026 לפי הודעה רשמית שפורסמה לכלל העובדים,0,NON_LEAK,diverse_negative,meeting_note,medium,div_neg_13
"לתיעוד פנימי - הלקוח ביקש עדכון על הפרויקט, אבל לא נשלחו פרטי קשר או מזהים",0,NON_LEAK,diverse_negative,memo,medium,div_neg_23
"נושא: טיפול
במצגת הופיעו שמות העובדים לצורך חלוקת משימות.",0,NON_LEAK,paired_hard_negative,email,hard,pair_7_neg
עדכון: המסמך מזכיר את איכילוב ואת עדי שלום וכולל גם אבחנה של דלקת ריאות.,1,LEAK,paired_hard_positive,chat,hard,pair_6_pos
"שולח: הקובץ מכיל שם משתמש, סיסמה וגישה לסביבת הייצור. תודה",1,LEAK,diverse_positive,chat,medium,div_pos_22
לתיעוד פנימי: במצגת הופיעו שמות העובדים לצד נתוני שכר ובונוסים.,1,LEAK,paired_hard_positive,memo,hard,pair_7_pos
סיכום פגישה - הפגישה עם איתי פרץ נקבעה ל11/8/2026 בראשון לציון תודה,0,NON_LEAK,paired_hard_negative,meeting_note,hard,pair_2_neg
"נושא: בקשה
יש לעדכן את טבלת ההזמנות עם מזהה פנימי 7676629863.",0,NON_LEAK,paired_hard_negative,email,hard,pair_5_neg
תזכורת: הועבר סיכום על עדי שלום שעובד בשטראוס במודיעין.,0,NON_LEAK,paired_hard_negative,chat,hard,pair_1_neg
"לתיעוד פנימי: במסמך המצורף אין מידע אישי, רק סיכום משימות והחלטות. תודה",0,NON_LEAK,diverse_negative,memo,medium,div_neg_2
מתוך הדוח: בדוח הלקוח מופיע איש קשר בשם רונית פרץ,0,NON_LEAK,paired_hard_negative,report,hard,pair_3_neg
"לתיעוד פנימי: הועבר דוח עם רשימת לקוחות אסטרטגיים, הצעות מחיר ותנאי התקשרות.",1,LEAK,diverse_positive,memo,hard,div_pos_38
לתיעוד פנימי: המסמך מזכיר את סורוקה ואת רון חדד וכולל גם אבחנה של סוכרת.,1,LEAK,paired_hard_positive,memo,hard,pair_6_pos
סיכום פגישה: במצגת הופיעו שמות העובדים לצורך חלוקת משימות.,0,NON_LEAK,paired_hard_negative,meeting_note,hard,pair_7_neg
"סיכום פגישה: הועבר החזר בגובה 40,213 ש""ח לחשבון 8274973453 של הילה חדד.",1,LEAK,diverse_positive,meeting_note,medium,div_pos_38
סיכום פגישה: הצוות דן בהשקת מוצר אופק ביום 23/9/2026 במסמך מסווג פנימי שלא נועד להפצה,1,LEAK,paired_hard_positive,meeting_note,hard,pair_4_pos
HR-963135 | בדוח הלקוח מופיע איש קשר בשם עמית אלקיים,0,NON_LEAK,paired_hard_negative,ticket,hard,pair_3_neg
"סיכום פגישה: המסמך מזכיר את רמב""ם ואת מיכל כהן וכולל גם אבחנה של אסתמה",1,LEAK,paired_hard_positive,meeting_note,hard,pair_6_pos
"לתיעוד פנימי: המסמך מזכיר את רמב""ם ואת ליאור מלכה וכולל גם אבחנה של דלקת ריאות.",1,LEAK,paired_hard_positive,memo,hard,pair_6_pos
סיכום פגישה: בדוח הלקוח מופיע איש קשר בשם יעל לוי יחד עם כתובת המייל yael.levi@company.co.il.,1,LEAK,paired_hard_positive,meeting_note,hard,pair_3_pos
"סיכום פגישה - בנספח מופיעים פרטי החשבון של טל אוחנה - בנק הפועלים, חשבון 7208272718.",1,LEAK,diverse_positive,meeting_note,medium,div_pos_22
"נושא: עדכון
הקובץ מכיל שם משתמש, סיסמה וגישה לסביבת הייצור.",1,LEAK,diverse_positive,email,hard,div_pos_21
מתוך הדוח - המערכת החדשה תושק ב2/7/2026 לפי הודעה רשמית שפורסמה לכלל העובדים.,0,NON_LEAK,diverse_negative,report,medium,div_neg_27
שולח - בדוח הלקוח מופיע איש קשר בשם אילן שבתאי יחד עם כתובת המייל ilan.shabtai@company.co.il.,1,LEAK,paired_hard_positive,chat,hard,pair_3_pos
"נושא: עדכון
פרטי הקשר של רונית פרץ: מייל ronit.peretz@gmail.com, טלפון 0572001071.",1,LEAK,diverse_positive,email,hard,div_pos_29
מתוך הדוח: במצגת הופיעו שמות העובדים לצורך חלוקת משימות.,0,NON_LEAK,paired_hard_negative,report,hard,pair_7_neg
סיכום פגישה: מספר הקריאה הוא SR-769785 ויש לעקוב אחריו מול רכש תודה,0,NON_LEAK,diverse_negative,meeting_note,hard,div_neg_26
"נושא: מעקב
במצגת הופיעו שמות העובדים לצד נתוני שכר ובונוסים.",1,LEAK,paired_hard_positive,email,hard,pair_7_pos
סיכום פגישה: בדשבורד הציבורי מופיע סטטוס כללי של פרויקט פרויקט ברוש,0,NON_LEAK,diverse_negative,meeting_note,hard,div_neg_8
לתיעוד פנימי: יש לעדכן את טבלת ההזמנות עם מזהה פנימי 5959672287.,0,NON_LEAK,paired_hard_negative,memo,hard,pair_5_neg
"נושא: טיפול
במצגת הופיעו שמות העובדים לצורך חלוקת משימות",0,NON_LEAK,paired_hard_negative,email,hard,pair_7_neg
סיכום פגישה - הצוות דן בהשקת מערכת קשת ביום 1/5/2026,0,NON_LEAK,paired_hard_negative,meeting_note,hard,pair_4_neg
