text,label,label_name,category
בכנס הטכנולוגיה הוצגו מגמות חדשות בתחום הבינה המלאכותית.,0,NON_LEAK,PUBLIC_INFO
הישיבה תתקיים בחדר הגדול בקומה השנייה.,0,NON_LEAK,LOW_RISK_CONTEXT
"הקובץ כולל פרטי חיוב של לקוחות, כולל חשבונות בנק וסכומים.",1,LEAK,FINANCIAL
"מנהל המוצר ביקש לעדכן את הלו""ז ולשתף את הסטטוס.",0,NON_LEAK,LOW_RISK_CONTEXT
הסיסמה הזמנית לחשבון של טל אוחנה היא Welcome2026!.,1,LEAK,AUTH_SECRET
הישיבה תתקיים בחדר הגדול בקומה השנייה.,0,NON_LEAK,LOW_RISK_CONTEXT
בכנס הטכנולוגיה הוצגו מגמות חדשות בתחום הבינה המלאכותית.,0,NON_LEAK,PUBLIC_INFO
הצוות סיים את פיתוח שירות אביב ועבר לשלב הבדיקות.,0,NON_LEAK,NON_SENSITIVE_GENERAL
הצוות מבקש להוסיף מסך התחברות חדש למערכת.,0,NON_LEAK,LOW_RISK_CONTEXT
הסיסמה הזמנית לחשבון של דנה דנינו היא Welcome2026!.,1,LEAK,AUTH_SECRET
רפאל פרסמה הודעה רשמית על הרחבת הפעילות ברעננה.,0,NON_LEAK,PUBLIC_INFO
בדוח הפנימי מופיעים שמות לקוחות אסטרטגיים ותנאי התקשרות.,1,LEAK,CONFIDENTIAL_BUSINESS
"המסמך מכיל מידע רפואי אישי על דוד כהן, כולל תרופות ואבחנות.",1,LEAK,HEALTH
"הועבר תשלום בגובה 47 ש""ח מחשבון 0254729284 של איתי פרץ.",1,LEAK,FINANCIAL
קוד האימות שנשלח לנועה מזרחי הוא 483921.,1,LEAK,AUTH_SECRET
"הועבר תשלום בגובה 140 ש""ח מחשבון 6088230925 של שירה אברהם.",1,LEAK,FINANCIAL
"הכתובת של ליאור מלכה היא רחוב בן גוריון 5, נתניה.",1,LEAK,PII_DIRECT
"המסמך מכיל מידע רפואי אישי על רונית פרץ, כולל תרופות ואבחנות.",1,LEAK,HEALTH
המסמך כולל פרטי חקירה פנימית ושמות עובדים מעורבים.,1,LEAK,LEGAL_HR
האתר הרשמי עודכן עם מסמכי ההדרכה החדשים למשתמשים.,0,NON_LEAK,PUBLIC_INFO
שטראוס פרסמה הודעה רשמית על הרחבת הפעילות בהרצליה.,0,NON_LEAK,PUBLIC_INFO
"הועבר תשלום בגובה 203 ש""ח מחשבון 5698570027 של דנה דנינו.",1,LEAK,FINANCIAL
יעל לוי עובד בחברת בנק לאומי בחיפה.,0,NON_LEAK,NON_SENSITIVE_GENERAL
הישיבה תתקיים בחדר הגדול בקומה השנייה.,0,NON_LEAK,LOW_RISK_CONTEXT
בדוח הרפואי של הילה חדד מבית החולים אסותא מופיע טיפול רגיש.,1,LEAK,HEALTH
"מנהל המוצר ביקש לעדכן את הלו""ז ולשתף את הסטטוס.",0,NON_LEAK,LOW_RISK_CONTEXT
נא לא לשתף את תוצאות הבדיקה של אורן אברהם שנערכו באיכילוב.,1,LEAK,HEALTH
פורסם עדכון גרסה למערכת והמשתמשים התבקשו לרענן את הדפדפן.,0,NON_LEAK,NON_SENSITIVE_GENERAL
הישיבה תתקיים בחדר הגדול בקומה השנייה.,0,NON_LEAK,LOW_RISK_CONTEXT
הצוות סיים את פיתוח מנוע זית ועבר לשלב הבדיקות.,0,NON_LEAK,NON_SENSITIVE_GENERAL
בדוח הרפואי של ניר ביטון מבית החולים איכילוב מופיע טיפול רגיש.,1,LEAK,HEALTH
"פרטי החשבון של ליאור מלכה: בנק דיסקונט, חשבון 1200471138.",1,LEAK,FINANCIAL
בפגישה עם אנליסטית סוכם כי מוצר אופק יושק ב6/11/2026.,1,LEAK,CONFIDENTIAL_BUSINESS
"הועבר תשלום בגובה 227 ש""ח מחשבון 7658575790 של שירה אברהם.",1,LEAK,FINANCIAL
"המסמך מכיל מידע רפואי אישי על ניר ביטון, כולל תרופות ואבחנות.",1,LEAK,HEALTH
נא לא לשתף את תוצאות הבדיקה של ליאור מלכה שנערכו בסורוקה.,1,LEAK,HEALTH
"הקובץ כולל פרטי חיוב של לקוחות, כולל חשבונות בנק וסכומים.",1,LEAK,FINANCIAL
האתר הרשמי עודכן עם מסמכי ההדרכה החדשים למשתמשים.,0,NON_LEAK,PUBLIC_INFO
"מנהל המוצר ביקש לעדכן את הלו""ז ולשתף את הסטטוס.",0,NON_LEAK,LOW_RISK_CONTEXT
רונית פרץ עובד בחברת גוגל ישראל בירושלים.,0,NON_LEAK,NON_SENSITIVE_GENERAL
הסיסמה הזמנית לחשבון של אלון מלכה היא Welcome2026!.,1,LEAK,AUTH_SECRET
בכנס הטכנולוגיה הוצגו מגמות חדשות בתחום הבינה המלאכותית.,0,NON_LEAK,PUBLIC_INFO
"פרטי החשבון של נועה מזרחי: בנק מזרחי טפחות, חשבון 8481703610.",1,LEAK,FINANCIAL
הצוות מבקש להוסיף מסך התחברות חדש למערכת.,0,NON_LEAK,LOW_RISK_CONTEXT
החברה הודיעה לציבור על פתיחת מרכז שירות חדש בפתח תקווה.,0,NON_LEAK,PUBLIC_INFO
התיק הרפואי של דנה דנינו מציין אבחנה של סוכרת.,1,LEAK,HEALTH
"הקובץ כולל פרטי גישה למערכת, כולל שם משתמש וסיסמה.",1,LEAK,AUTH_SECRET
המסמך מסווג פנימי וכולל את תוכנית ההשקה של מערכת קשת.,1,LEAK,CONFIDENTIAL_BUSINESS
הפגישה עם ראש צוות תתקיים ביום ראשון בהרצליה.,0,NON_LEAK,NON_SENSITIVE_GENERAL
צ'ק פוינט פרסמה הודעה רשמית על הרחבת הפעילות בהרצליה.,0,NON_LEAK,PUBLIC_INFO
יש לשלוח את הקובץ המעודכן עד סוף היום.,0,NON_LEAK,LOW_RISK_CONTEXT
קוד האימות שנשלח ליואב לוי הוא 483921.,1,LEAK,AUTH_SECRET
"מנהל המוצר ביקש לעדכן את הלו""ז ולשתף את הסטטוס.",0,NON_LEAK,LOW_RISK_CONTEXT
"נא לא לשתף את תוצאות הבדיקה של עידן דנינו שנערכו ברמב""ם.",1,LEAK,HEALTH
מיקרוסופט פרסמה הודעה רשמית על הרחבת הפעילות בפתח תקווה.,0,NON_LEAK,PUBLIC_INFO
"הקובץ כולל פרטי חיוב של לקוחות, כולל חשבונות בנק וסכומים.",1,LEAK,FINANCIAL
הקובץ כולל תלונת משמעת נגד עידן דנינו והמלצת פיטורין.,1,LEAK,LEGAL_HR
"מנהל המוצר ביקש לעדכן את הלו""ז ולשתף את הסטטוס.",0,NON_LEAK,LOW_RISK_CONTEXT
פורסם עדכון גרסה למערכת והמשתמשים התבקשו לרענן את הדפדפן.,0,NON_LEAK,NON_SENSITIVE_GENERAL
"מנהל המוצר ביקש לעדכן את הלו""ז ולשתף את הסטטוס.",0,NON_LEAK,LOW_RISK_CONTEXT
הישיבה תתקיים בחדר הגדול בקומה השנייה.,0,NON_LEAK,LOW_RISK_CONTEXT
התיק הרפואי של מאיה ביטון מציין אבחנה של חרדה.,1,LEAK,HEALTH
החברה הודיעה לציבור על פתיחת מרכז שירות חדש ברעננה.,0,NON_LEAK,PUBLIC_INFO
התיק הרפואי של אורן אברהם מציין אבחנה של חרדה.,1,LEAK,HEALTH
הקבוצה תיפגש מחר בבוקר לדיון על תכנון הרבעון הבא.,0,NON_LEAK,NON_SENSITIVE_GENERAL
מספר תעודת הזהות של הילה חדד הוא 468627288.,1,LEAK,PII_DIRECT
בכנס הטכנולוגיה הוצגו מגמות חדשות בתחום הבינה המלאכותית.,0,NON_LEAK,PUBLIC_INFO
"פרטי הקשר של הלקוחה טל אוחנה: טלפון 0598575256, מייל tal.ohana@outlook.com.",1,LEAK,PII_DIRECT
תאריך ההשקה של פרויקט נוגה נקבע ל11/8/2026.,1,LEAK,CONFIDENTIAL_BUSINESS
יש לשלוח את הקובץ המעודכן עד סוף היום.,0,NON_LEAK,LOW_RISK_CONTEXT
הועבר סיכום שימוע של משה אוחנה עם פרטים אישיים רגישים.,1,LEAK,LEGAL_HR
"פרטי החשבון של מיכל כהן: בנק בנק הפועלים, חשבון 7442054051.",1,LEAK,FINANCIAL
פורסם עדכון גרסה למערכת והמשתמשים התבקשו לרענן את הדפדפן.,0,NON_LEAK,NON_SENSITIVE_GENERAL
הפרויקט עבר לשלב האינטגרציה ונדרשת בדיקת עומסים.,0,NON_LEAK,LOW_RISK_CONTEXT
נא לא לשתף את תוצאות הבדיקה של יעל לוי שנערכו באסותא.,1,LEAK,HEALTH
משה אוחנה עובד בחברת גוגל ישראל בפתח תקווה.,0,NON_LEAK,NON_SENSITIVE_GENERAL
בכנס הטכנולוגיה הוצגו מגמות חדשות בתחום הבינה המלאכותית.,0,NON_LEAK,PUBLIC_INFO
"מנהל המוצר ביקש לעדכן את הלו""ז ולשתף את הסטטוס.",0,NON_LEAK,LOW_RISK_CONTEXT
"המסמך מכיל מידע רפואי אישי על איתי פרץ, כולל תרופות ואבחנות.",1,LEAK,HEALTH
הצעת המחיר הסופית ללקוח תישלח אחרי אישור אנליסטית.,1,LEAK,CONFIDENTIAL_BUSINESS
"הועבר תשלום בגובה 70 ש""ח מחשבון 8989774759 של ניר ביטון.",1,LEAK,FINANCIAL
התיק הרפואי של רון חדד מציין אבחנה של חרדה.,1,LEAK,HEALTH
התיק הרפואי של מיכל כהן מציין אבחנה של חרדה.,1,LEAK,HEALTH
הקובץ כולל תלונת משמעת נגד יעל לוי והמלצת פיטורין.,1,LEAK,LEGAL_HR
פורסם עדכון גרסה למערכת והמשתמשים התבקשו לרענן את הדפדפן.,0,NON_LEAK,NON_SENSITIVE_GENERAL
"הקובץ כולל פרטי גישה למערכת, כולל שם משתמש וסיסמה.",1,LEAK,AUTH_SECRET
"מנהל המוצר ביקש לעדכן את הלו""ז ולשתף את הסטטוס.",0,NON_LEAK,LOW_RISK_CONTEXT
המצגת עודכנה וכוללת את סטטוס המשימות לשבוע הקרוב.,0,NON_LEAK,NON_SENSITIVE_GENERAL
יש לשלוח את הקובץ המעודכן עד סוף היום.,0,NON_LEAK,LOW_RISK_CONTEXT
בדוח משאבי האנוש מופיעים נתוני שכר של דנה דנינו.,1,LEAK,LEGAL_HR
הסיסמה הזמנית לחשבון של דנה דנינו היא Welcome2026!.,1,LEAK,AUTH_SECRET
מיקרוסופט פרסמה הודעה רשמית על הרחבת הפעילות בהרצליה.,0,NON_LEAK,PUBLIC_INFO
רפאל פרסמה הודעה רשמית על הרחבת הפעילות בנתניה.,0,NON_LEAK,PUBLIC_INFO
בכנס הטכנולוגיה הוצגו מגמות חדשות בתחום הבינה המלאכותית.,0,NON_LEAK,PUBLIC_INFO
הסיסמה הזמנית לחשבון של רונית פרץ היא Welcome2026!.,1,LEAK,AUTH_SECRET
הפרויקט עבר לשלב האינטגרציה ונדרשת בדיקת עומסים.,0,NON_LEAK,LOW_RISK_CONTEXT
תאריך ההשקה של מודול ברק נקבע ל25/10/2026.,1,LEAK,CONFIDENTIAL_BUSINESS
מפתח ה-API של הסביבה הפנימית נשמר במסמך המצורף.,1,LEAK,AUTH_SECRET
בכנס הטכנולוגיה הוצגו מגמות חדשות בתחום הבינה המלאכותית.,0,NON_LEAK,PUBLIC_INFO
"הקובץ כולל פרטי גישה למערכת, כולל שם משתמש וסיסמה.",1,LEAK,AUTH_SECRET
"הועבר תשלום בגובה 214 ש""ח מחשבון 0111525586 של איתי פרץ.",1,LEAK,FINANCIAL
בכנס הטכנולוגיה הוצגו מגמות חדשות בתחום הבינה המלאכותית.,0,NON_LEAK,PUBLIC_INFO
הפרויקט עבר לשלב האינטגרציה ונדרשת בדיקת עומסים.,0,NON_LEAK,LOW_RISK_CONTEXT
הישיבה תתקיים בחדר הגדול בקומה השנייה.,0,NON_LEAK,LOW_RISK_CONTEXT
מספר תעודת הזהות של יואב לוי הוא 978601625.,1,LEAK,PII_DIRECT
"מנהל המוצר ביקש לעדכן את הלו""ז ולשתף את הסטטוס.",0,NON_LEAK,LOW_RISK_CONTEXT
הצוות מבקש להוסיף מסך התחברות חדש למערכת.,0,NON_LEAK,LOW_RISK_CONTEXT
בכנס הטכנולוגיה הוצגו מגמות חדשות בתחום הבינה המלאכותית.,0,NON_LEAK,PUBLIC_INFO
"הכתובת של יעל לוי היא רחוב הגליל 3, נתניה.",1,LEAK,PII_DIRECT
התיק הרפואי של מיכל כהן מציין אבחנה של דלקת ריאות.,1,LEAK,HEALTH
מיקרוסופט פרסמה הודעה רשמית על הרחבת הפעילות בפתח תקווה.,0,NON_LEAK,PUBLIC_INFO
הישיבה תתקיים בחדר הגדול בקומה השנייה.,0,NON_LEAK,LOW_RISK_CONTEXT
נא לשלוח את ההסכם אל michal.cohen@org.co.il ולוודא מול 0536890057.,1,LEAK,PII_DIRECT
החברה הודיעה לציבור על פתיחת מרכז שירות חדש בהרצליה.,0,NON_LEAK,PUBLIC_INFO
מספר כרטיס האשראי של מאיה ביטון הוא 4762538096641475.,1,LEAK,FINANCIAL
כתובת המייל האישית של ניר ביטון היא nir.biton@org.co.il.,1,LEAK,PII_DIRECT
יש לשלוח את הקובץ המעודכן עד סוף היום.,0,NON_LEAK,LOW_RISK_CONTEXT
התיק הרפואי של רונית פרץ מציין אבחנה של דלקת ריאות.,1,LEAK,HEALTH
"הכתובת של מיכל כהן היא רחוב ויצמן 18, רעננה.",1,LEAK,PII_DIRECT
הישיבה תתקיים בחדר הגדול בקומה השנייה.,0,NON_LEAK,LOW_RISK_CONTEXT
רפאל פרסמה הודעה רשמית על הרחבת הפעילות בירושלים.,0,NON_LEAK,PUBLIC_INFO
הפרויקט עבר לשלב האינטגרציה ונדרשת בדיקת עומסים.,0,NON_LEAK,LOW_RISK_CONTEXT
"מנהל המוצר ביקש לעדכן את הלו""ז ולשתף את הסטטוס.",0,NON_LEAK,LOW_RISK_CONTEXT
"מנהל המוצר ביקש לעדכן את הלו""ז ולשתף את הסטטוס.",0,NON_LEAK,LOW_RISK_CONTEXT
הקבוצה תיפגש מחר בבוקר לדיון על תכנון הרבעון הבא.,0,NON_LEAK,NON_SENSITIVE_GENERAL
"הקובץ כולל פרטי גישה למערכת, כולל שם משתמש וסיסמה.",1,LEAK,AUTH_SECRET
"נא לא לשתף את תוצאות הבדיקה של משה אוחנה שנערכו ברמב""ם.",1,LEAK,HEALTH
מספר הטלפון של נועה מזרחי הוא 0546287923.,1,LEAK,PII_DIRECT
הפרויקט עבר לשלב האינטגרציה ונדרשת בדיקת עומסים.,0,NON_LEAK,LOW_RISK_CONTEXT
המצגת עודכנה וכוללת את סטטוס המשימות לשבוע הקרוב.,0,NON_LEAK,NON_SENSITIVE_GENERAL
הפגישה עם ראש צוות תתקיים ביום ראשון ברעננה.,0,NON_LEAK,NON_SENSITIVE_GENERAL
המסמך כולל פרטי חקירה פנימית ושמות עובדים מעורבים.,1,LEAK,LEGAL_HR
"פרטי הקשר של הלקוחה עידן דנינו: טלפון 0549361832, מייל idan.danino@company.co.il.",1,LEAK,PII_DIRECT
הקבוצה תיפגש מחר בבוקר לדיון על תכנון הרבעון הבא.,0,NON_LEAK,NON_SENSITIVE_GENERAL
ליאור מלכה עובד בחברת שטראוס בבאר שבע.,0,NON_LEAK,NON_SENSITIVE_GENERAL
הקובץ כולל תלונת משמעת נגד אלון מלכה והמלצת פיטורין.,1,LEAK,LEGAL_HR
הצוות סיים את פיתוח פלטפורמת ארז ועבר לשלב הבדיקות.,0,NON_LEAK,NON_SENSITIVE_GENERAL
הצעת המחיר הסופית ללקוח תישלח אחרי אישור חשב שכר.,1,LEAK,CONFIDENTIAL_BUSINESS
יש לשלוח את הקובץ המעודכן עד סוף היום.,0,NON_LEAK,LOW_RISK_CONTEXT
"המסמך מכיל מידע רפואי אישי על מאיה ביטון, כולל תרופות ואבחנות.",1,LEAK,HEALTH
הועבר סיכום שימוע של מיכל כהן עם פרטים אישיים רגישים.,1,LEAK,LEGAL_HR
מספר כרטיס האשראי של הילה חדד הוא 5036871568910977.,1,LEAK,FINANCIAL
הקבוצה תיפגש מחר בבוקר לדיון על תכנון הרבעון הבא.,0,NON_LEAK,NON_SENSITIVE_GENERAL
התיק הרפואי של משה אוחנה מציין אבחנה של חרדה.,1,LEAK,HEALTH
כתובת המייל האישית של משה אוחנה היא moshe.ohana@company.co.il.,1,LEAK,PII_DIRECT
"מנהל המוצר ביקש לעדכן את הלו""ז ולשתף את הסטטוס.",0,NON_LEAK,LOW_RISK_CONTEXT
בדוח הפנימי מופיעים שמות לקוחות אסטרטגיים ותנאי התקשרות.,1,LEAK,CONFIDENTIAL_BUSINESS
מפתח ה-API של הסביבה הפנימית נשמר במסמך המצורף.,1,LEAK,AUTH_SECRET
מספר כרטיס האשראי של שירה אברהם הוא 5563859818284399.,1,LEAK,FINANCIAL
תאריך ההשקה של מוצר אופק נקבע ל15/7/2026.,1,LEAK,CONFIDENTIAL_BUSINESS
הישיבה תתקיים בחדר הגדול בקומה השנייה.,0,NON_LEAK,LOW_RISK_CONTEXT
"המסמך מכיל מידע רפואי אישי על מאיה ביטון, כולל תרופות ואבחנות.",1,LEAK,HEALTH
מספר תעודת הזהות של נועם מזרחי הוא 956614824.,1,LEAK,PII_DIRECT
"מנהל המוצר ביקש לעדכן את הלו""ז ולשתף את הסטטוס.",0,NON_LEAK,LOW_RISK_CONTEXT
הישיבה תתקיים בחדר הגדול בקומה השנייה.,0,NON_LEAK,LOW_RISK_CONTEXT
נועה מזרחי עובד בחברת אינטל בחיפה.,0,NON_LEAK,NON_SENSITIVE_GENERAL
בכנס הטכנולוגיה הוצגו מגמות חדשות בתחום הבינה המלאכותית.,0,NON_LEAK,PUBLIC_INFO
הישיבה תתקיים בחדר הגדול בקומה השנייה.,0,NON_LEAK,LOW_RISK_CONTEXT
קוד האימות שנשלח לליאור מלכה הוא 483921.,1,LEAK,AUTH_SECRET
הועבר סיכום שימוע של עידן דנינו עם פרטים אישיים רגישים.,1,LEAK,LEGAL_HR
האתר הרשמי עודכן עם מסמכי ההדרכה החדשים למשתמשים.,0,NON_LEAK,PUBLIC_INFO
נועם מזרחי עובד בחברת בנק לאומי באשדוד.,0,NON_LEAK,NON_SENSITIVE_GENERAL
"מנהל המוצר ביקש לעדכן את הלו""ז ולשתף את הסטטוס.",0,NON_LEAK,LOW_RISK_CONTEXT
"בפגישה עם סמנכ""לית כספים סוכם כי מוצר אופק יושק ב18/3/2026.",1,LEAK,CONFIDENTIAL_BUSINESS
הצוות מבקש להוסיף מסך התחברות חדש למערכת.,0,NON_LEAK,LOW_RISK_CONTEXT
הישיבה תתקיים בחדר הגדול בקומה השנייה.,0,NON_LEAK,LOW_RISK_CONTEXT
"מנהל המוצר ביקש לעדכן את הלו""ז ולשתף את הסטטוס.",0,NON_LEAK,LOW_RISK_CONTEXT
האתר הרשמי עודכן עם מסמכי ההדרכה החדשים למשתמשים.,0,NON_LEAK,PUBLIC_INFO
התיק הרפואי של ליאור מלכה מציין אבחנה של אסתמה.,1,LEAK,HEALTH
החברה הודיעה לציבור על פתיחת מרכז שירות חדש בבאר שבע.,0,NON_LEAK,PUBLIC_INFO
בכנס הטכנולוגיה הוצגו מגמות חדשות בתחום הבינה המלאכותית.,0,NON_LEAK,PUBLIC_INFO
התיק הרפואי של דוד כהן מציין אבחנה של אסתמה.,1,LEAK,HEALTH
"פרטי החשבון של נועם מזרחי: בנק מזרחי טפחות, חשבון 4976024986.",1,LEAK,FINANCIAL
"פרטי הקשר של הלקוחה ניר ביטון: טלפון 0517165789, מייל nir.biton@outlook.com.",1,LEAK,PII_DIRECT
מספר תעודת הזהות של משה אוחנה הוא 087027282.,1,LEAK,PII_DIRECT
הפרויקט עבר לשלב האינטגרציה ונדרשת בדיקת עומסים.,0,NON_LEAK,LOW_RISK_CONTEXT
פורסם עדכון גרסה למערכת והמשתמשים התבקשו לרענן את הדפדפן.,0,NON_LEAK,NON_SENSITIVE_GENERAL
"מנהל המוצר ביקש לעדכן את הלו""ז ולשתף את הסטטוס.",0,NON_LEAK,LOW_RISK_CONTEXT
"הקובץ כולל פרטי גישה למערכת, כולל שם משתמש וסיסמה.",1,LEAK,AUTH_SECRET
הקבוצה תיפגש מחר בבוקר לדיון על תכנון הרבעון הבא.,0,NON_LEAK,NON_SENSITIVE_GENERAL
הצוות מבקש להוסיף מסך התחברות חדש למערכת.,0,NON_LEAK,LOW_RISK_CONTEXT
הצוות סיים את פיתוח גרסה 4.2 ועבר לשלב הבדיקות.,0,NON_LEAK,NON_SENSITIVE_GENERAL
"המסמך מכיל מידע רפואי אישי על רונית פרץ, כולל תרופות ואבחנות.",1,LEAK,HEALTH
"הקובץ כולל פרטי חיוב של לקוחות, כולל חשבונות בנק וסכומים.",1,LEAK,FINANCIAL
האתר הרשמי עודכן עם מסמכי ההדרכה החדשים למשתמשים.,0,NON_LEAK,PUBLIC_INFO
"המסמך מכיל מידע רפואי אישי על נועם מזרחי, כולל תרופות ואבחנות.",1,LEAK,HEALTH
הפרויקט עבר לשלב האינטגרציה ונדרשת בדיקת עומסים.,0,NON_LEAK,LOW_RISK_CONTEXT
הקבוצה תיפגש מחר בבוקר לדיון על תכנון הרבעון הבא.,0,NON_LEAK,NON_SENSITIVE_GENERAL
התיק הרפואי של יעל לוי מציין אבחנה של אסתמה.,1,LEAK,HEALTH
"פרטי הקשר של הלקוחה איתי פרץ: טלפון 0501626008, מייל itay.peretz@gmail.com.",1,LEAK,PII_DIRECT
גוגל ישראל פרסמה הודעה רשמית על הרחבת הפעילות בהרצליה.,0,NON_LEAK,PUBLIC_INFO
הפרויקט עבר לשלב האינטגרציה ונדרשת בדיקת עומסים.,0,NON_LEAK,LOW_RISK_CONTEXT
אינטל פרסמה הודעה רשמית על הרחבת הפעילות בראשון לציון.,0,NON_LEAK,PUBLIC_INFO
הקבוצה תיפגש מחר בבוקר לדיון על תכנון הרבעון הבא.,0,NON_LEAK,NON_SENSITIVE_GENERAL
פורסם עדכון גרסה למערכת והמשתמשים התבקשו לרענן את הדפדפן.,0,NON_LEAK,NON_SENSITIVE_GENERAL
הישיבה תתקיים בחדר הגדול בקומה השנייה.,0,NON_LEAK,LOW_RISK_CONTEXT
בכנס הטכנולוגיה הוצגו מגמות חדשות בתחום הבינה המלאכותית.,0,NON_LEAK,PUBLIC_INFO
משה אוחנה עובד בחברת רפאל בחיפה.,0,NON_LEAK,NON_SENSITIVE_GENERAL
מספר כרטיס האשראי של אורן אברהם הוא 9578291146786691.,1,LEAK,FINANCIAL
האתר הרשמי עודכן עם מסמכי ההדרכה החדשים למשתמשים.,0,NON_LEAK,PUBLIC_INFO
מספר הטלפון של יעל לוי הוא 0535588234.,1,LEAK,PII_DIRECT
פורסם עדכון גרסה למערכת והמשתמשים התבקשו לרענן את הדפדפן.,0,NON_LEAK,NON_SENSITIVE_GENERAL
החברה הודיעה לציבור על פתיחת מרכז שירות חדש בחיפה.,0,NON_LEAK,PUBLIC_INFO
בדוח הרפואי של אורן אברהם מבית החולים אסותא מופיע טיפול רגיש.,1,LEAK,HEALTH
הפרויקט עבר לשלב האינטגרציה ונדרשת בדיקת עומסים.,0,NON_LEAK,LOW_RISK_CONTEXT
בדוח הפנימי מופיעים שמות לקוחות אסטרטגיים ותנאי התקשרות.,1,LEAK,CONFIDENTIAL_BUSINESS
בדוח הפנימי מופיעים שמות לקוחות אסטרטגיים ותנאי התקשרות.,1,LEAK,CONFIDENTIAL_BUSINESS
הפגישה עם מנהל פיתוח תתקיים ביום ראשון בהרצליה.,0,NON_LEAK,NON_SENSITIVE_GENERAL
המסמך כולל פרטי חקירה פנימית ושמות עובדים מעורבים.,1,LEAK,LEGAL_HR
המסמך מסווג פנימי וכולל את תוכנית ההשקה של גרסה 4.2.,1,LEAK,CONFIDENTIAL_BUSINESS
בדוח הפנימי מופיעים שמות לקוחות אסטרטגיים ותנאי התקשרות.,1,LEAK,CONFIDENTIAL_BUSINESS
המצגת עודכנה וכוללת את סטטוס המשימות לשבוע הקרוב.,0,NON_LEAK,NON_SENSITIVE_GENERAL
בכנס הטכנולוגיה הוצגו מגמות חדשות בתחום הבינה המלאכותית.,0,NON_LEAK,PUBLIC_INFO
מספר הטלפון של שירה אברהם הוא 0537817048.,1,LEAK,PII_DIRECT
הסיסמה הזמנית לחשבון של הילה חדד היא Welcome2026!.,1,LEAK,AUTH_SECRET
"הקובץ כולל פרטי חיוב של לקוחות, כולל חשבונות בנק וסכומים.",1,LEAK,FINANCIAL
נא לשלוח את ההסכם אל moshe.ohana@outlook.com ולוודא מול 0521913619.,1,LEAK,PII_DIRECT
"הועבר תשלום בגובה 170 ש""ח מחשבון 4563502000 של איתי פרץ.",1,LEAK,FINANCIAL
תאריך ההשקה של גרסה 4.2 נקבע ל8/11/2026.,1,LEAK,CONFIDENTIAL_BUSINESS
תאריך ההשקה של פלטפורמת ארז נקבע ל23/1/2026.,1,LEAK,CONFIDENTIAL_BUSINESS
המסמך מסווג פנימי וכולל את תוכנית ההשקה של פלטפורמת ארז.,1,LEAK,CONFIDENTIAL_BUSINESS
התיק הרפואי של יעל לוי מציין אבחנה של סוכרת.,1,LEAK,HEALTH
הקבוצה תיפגש מחר בבוקר לדיון על תכנון הרבעון הבא.,0,NON_LEAK,NON_SENSITIVE_GENERAL
בדוח הפנימי מופיעים שמות לקוחות אסטרטגיים ותנאי התקשרות.,1,LEAK,CONFIDENTIAL_BUSINESS
המסמך מסווג פנימי וכולל את תוכנית ההשקה של פלטפורמת ארז.,1,LEAK,CONFIDENTIAL_BUSINESS
בכנס הטכנולוגיה הוצגו מגמות חדשות בתחום הבינה המלאכותית.,0,NON_LEAK,PUBLIC_INFO
אלביט פרסמה הודעה רשמית על הרחבת הפעילות בהרצליה.,0,NON_LEAK,PUBLIC_INFO
החברה הודיעה לציבור על פתיחת מרכז שירות חדש בפתח תקווה.,0,NON_LEAK,PUBLIC_INFO
תאריך ההשקה של שירות אביב נקבע ל15/7/2026.,1,LEAK,CONFIDENTIAL_BUSINESS
מספר הטלפון של מאיה ביטון הוא 0510903267.,1,LEAK,PII_DIRECT
"מנהל המוצר ביקש לעדכן את הלו""ז ולשתף את הסטטוס.",0,NON_LEAK,LOW_RISK_CONTEXT
בפגישה עם מנהל פיתוח סוכם כי מערכת קשת יושק ב17/12/2026.,1,LEAK,CONFIDENTIAL_BUSINESS
האתר הרשמי עודכן עם מסמכי ההדרכה החדשים למשתמשים.,0,NON_LEAK,PUBLIC_INFO
החברה הודיעה לציבור על פתיחת מרכז שירות חדש בנתניה.,0,NON_LEAK,PUBLIC_INFO
המסמך מסווג פנימי וכולל את תוכנית ההשקה של פלטפורמת ארז.,1,LEAK,CONFIDENTIAL_BUSINESS
מספר תעודת הזהות של נועם מזרחי הוא 117972699.,1,LEAK,PII_DIRECT
האתר הרשמי עודכן עם מסמכי ההדרכה החדשים למשתמשים.,0,NON_LEAK,PUBLIC_INFO
המסמך כולל פרטי חקירה פנימית ושמות עובדים מעורבים.,1,LEAK,LEGAL_HR
יש לשלוח את הקובץ המעודכן עד סוף היום.,0,NON_LEAK,LOW_RISK_CONTEXT
בפגישה עם מנהל מוצר סוכם כי גרסה 4.2 יושק ב11/11/2026.,1,LEAK,CONFIDENTIAL_BUSINESS
סלקום פרסמה הודעה רשמית על הרחבת הפעילות ברעננה.,0,NON_LEAK,PUBLIC_INFO
בכנס הטכנולוגיה הוצגו מגמות חדשות בתחום הבינה המלאכותית.,0,NON_LEAK,PUBLIC_INFO
"בפגישה עם סמנכ""לית כספים סוכם כי מערכת קשת יושק ב20/7/2026.",1,LEAK,CONFIDENTIAL_BUSINESS
רונית פרץ עובד בחברת סלקום ברעננה.,0,NON_LEAK,NON_SENSITIVE_GENERAL
תאריך ההשקה של מנוע זית נקבע ל28/12/2026.,1,LEAK,CONFIDENTIAL_BUSINESS
מפתח ה-API של הסביבה הפנימית נשמר במסמך המצורף.,1,LEAK,AUTH_SECRET
הפגישה עם מנהל פיתוח תתקיים ביום ראשון בחיפה.,0,NON_LEAK,NON_SENSITIVE_GENERAL
המצגת עודכנה וכוללת את סטטוס המשימות לשבוע הקרוב.,0,NON_LEAK,NON_SENSITIVE_GENERAL
החברה הודיעה לציבור על פתיחת מרכז שירות חדש בירושלים.,0,NON_LEAK,PUBLIC_INFO
"הקובץ כולל פרטי גישה למערכת, כולל שם משתמש וסיסמה.",1,LEAK,AUTH_SECRET
הישיבה תתקיים בחדר הגדול בקומה השנייה.,0,NON_LEAK,LOW_RISK_CONTEXT
המסמך מסווג פנימי וכולל את תוכנית ההשקה של מודול ברק.,1,LEAK,CONFIDENTIAL_BUSINESS
נא לשלוח את ההסכם אל noam.mizrahi@company.co.il ולוודא מול 0581979316.,1,LEAK,PII_DIRECT
הקבוצה תיפגש מחר בבוקר לדיון על תכנון הרבעון הבא.,0,NON_LEAK,NON_SENSITIVE_GENERAL
הועבר סיכום שימוע של אלון מלכה עם פרטים אישיים רגישים.,1,LEAK,LEGAL_HR
פורסם עדכון גרסה למערכת והמשתמשים התבקשו לרענן את הדפדפן.,0,NON_LEAK,NON_SENSITIVE_GENERAL
מספר תעודת הזהות של מאיה ביטון הוא 638762157.,1,LEAK,PII_DIRECT
בדוח הרפואי של משה אוחנה מבית החולים אסותא מופיע טיפול רגיש.,1,LEAK,HEALTH
הועבר סיכום שימוע של איתי פרץ עם פרטים אישיים רגישים.,1,LEAK,LEGAL_HR
המצגת עודכנה וכוללת את סטטוס המשימות לשבוע הקרוב.,0,NON_LEAK,NON_SENSITIVE_GENERAL
"הכתובת של דנה דנינו היא רחוב הזית 11, נתניה.",1,LEAK,PII_DIRECT
הצוות מבקש להוסיף מסך התחברות חדש למערכת.,0,NON_LEAK,LOW_RISK_CONTEXT
"מנהל המוצר ביקש לעדכן את הלו""ז ולשתף את הסטטוס.",0,NON_LEAK,LOW_RISK_CONTEXT
הצוות מבקש להוסיף מסך התחברות חדש למערכת.,0,NON_LEAK,LOW_RISK_CONTEXT
כתובת המייל האישית של יעל לוי היא yael.levi@org.co.il.,1,LEAK,PII_DIRECT
איתי פרץ עובד בחברת אלביט באשדוד.,0,NON_LEAK,NON_SENSITIVE_GENERAL
הועבר סיכום שימוע של מיכל כהן עם פרטים אישיים רגישים.,1,LEAK,LEGAL_HR
דוד כהן עובד בחברת בנק הפועלים בהרצליה.,0,NON_LEAK,NON_SENSITIVE_GENERAL
הסיסמה הזמנית לחשבון של אלון מלכה היא Welcome2026!.,1,LEAK,AUTH_SECRET
התיק הרפואי של ליאור מלכה מציין אבחנה של חרדה.,1,LEAK,HEALTH
החברה הודיעה לציבור על פתיחת מרכז שירות חדש בתל אביב.,0,NON_LEAK,PUBLIC_INFO
החברה הודיעה לציבור על פתיחת מרכז שירות חדש בפתח תקווה.,0,NON_LEAK,PUBLIC_INFO
המצגת עודכנה וכוללת את סטטוס המשימות לשבוע הקרוב.,0,NON_LEAK,NON_SENSITIVE_GENERAL
הפגישה עם חשב שכר תתקיים ביום ראשון בבאר שבע.,0,NON_LEAK,NON_SENSITIVE_GENERAL
הקבוצה תיפגש מחר בבוקר לדיון על תכנון הרבעון הבא.,0,NON_LEAK,NON_SENSITIVE_GENERAL
"מנהל המוצר ביקש לעדכן את הלו""ז ולשתף את הסטטוס.",0,NON_LEAK,LOW_RISK_CONTEXT
המצגת עודכנה וכוללת את סטטוס המשימות לשבוע הקרוב.,0,NON_LEAK,NON_SENSITIVE_GENERAL
האתר הרשמי עודכן עם מסמכי ההדרכה החדשים למשתמשים.,0,NON_LEAK,PUBLIC_INFO
"מנהל המוצר ביקש לעדכן את הלו""ז ולשתף את הסטטוס.",0,NON_LEAK,LOW_RISK_CONTEXT
"הפגישה עם סמנכ""לית כספים תתקיים ביום ראשון בתל אביב.",0,NON_LEAK,NON_SENSITIVE_GENERAL
כתובת המייל האישית של יעל לוי היא yael.levi@org.co.il.,1,LEAK,PII_DIRECT
בפגישה עם אנליסטית סוכם כי שירות אביב יושק ב6/6/2026.,1,LEAK,CONFIDENTIAL_BUSINESS
נא לא לשתף את תוצאות הבדיקה של נועה מזרחי שנערכו באיכילוב.,1,LEAK,HEALTH
"הפגישה עם סמנכ""לית כספים תתקיים ביום ראשון באשדוד.",0,NON_LEAK,NON_SENSITIVE_GENERAL
הקבוצה תיפגש מחר בבוקר לדיון על תכנון הרבעון הבא.,0,NON_LEAK,NON_SENSITIVE_GENERAL
"הקובץ כולל פרטי חיוב של לקוחות, כולל חשבונות בנק וסכומים.",1,LEAK,FINANCIAL
"מנהל המוצר ביקש לעדכן את הלו""ז ולשתף את הסטטוס.",0,NON_LEAK,LOW_RISK_CONTEXT
התיק הרפואי של שירה אברהם מציין אבחנה של חרדה.,1,LEAK,HEALTH
בדוח הרפואי של נועם מזרחי מבית החולים איכילוב מופיע טיפול רגיש.,1,LEAK,HEALTH
יש לשלוח את הקובץ המעודכן עד סוף היום.,0,NON_LEAK,LOW_RISK_CONTEXT
שטראוס פרסמה הודעה רשמית על הרחבת הפעילות בתל אביב.,0,NON_LEAK,PUBLIC_INFO
מספר כרטיס האשראי של הילה חדד הוא 2743514928632702.,1,LEAK,FINANCIAL
הפרויקט עבר לשלב האינטגרציה ונדרשת בדיקת עומסים.,0,NON_LEAK,LOW_RISK_CONTEXT
הועבר סיכום שימוע של מאיה ביטון עם פרטים אישיים רגישים.,1,LEAK,LEGAL_HR
הפגישה עם חשב שכר תתקיים ביום ראשון בנתניה.,0,NON_LEAK,NON_SENSITIVE_GENERAL
בדוח הרפואי של מיכל כהן מבית החולים אסותא מופיע טיפול רגיש.,1,LEAK,HEALTH
כתובת המייל האישית של רונית פרץ היא ronit.peretz@org.co.il.,1,LEAK,PII_DIRECT
הצוות סיים את פיתוח פרויקט נוגה ועבר לשלב הבדיקות.,0,NON_LEAK,NON_SENSITIVE_GENERAL
הצוות סיים את פיתוח מודול ברק ועבר לשלב הבדיקות.,0,NON_LEAK,NON_SENSITIVE_GENERAL
גוגל ישראל פרסמה הודעה רשמית על הרחבת הפעילות בראשון לציון.,0,NON_LEAK,PUBLIC_INFO
הועבר סיכום שימוע של נועם מזרחי עם פרטים אישיים רגישים.,1,LEAK,LEGAL_HR
בדוח משאבי האנוש מופיעים נתוני שכר של אלון מלכה.,1,LEAK,LEGAL_HR
"פרטי הקשר של הלקוחה נועם מזרחי: טלפון 0522711175, מייל noam.mizrahi@org.co.il.",1,LEAK,PII_DIRECT
הקבוצה תיפגש מחר בבוקר לדיון על תכנון הרבעון הבא.,0,NON_LEAK,NON_SENSITIVE_GENERAL
מספר הטלפון של נועם מזרחי הוא 0554675914.,1,LEAK,PII_DIRECT
מפתח ה-API של הסביבה הפנימית נשמר במסמך המצורף.,1,LEAK,AUTH_SECRET
עידן דנינו עובד בחברת בנק הפועלים ברעננה.,0,NON_LEAK,NON_SENSITIVE_GENERAL
המצגת עודכנה וכוללת את סטטוס המשימות לשבוע הקרוב.,0,NON_LEAK,NON_SENSITIVE_GENERAL
האתר הרשמי עודכן עם מסמכי ההדרכה החדשים למשתמשים.,0,NON_LEAK,PUBLIC_INFO
האתר הרשמי עודכן עם מסמכי ההדרכה החדשים למשתמשים.,0,NON_LEAK,PUBLIC_INFO
האתר הרשמי עודכן עם מסמכי ההדרכה החדשים למשתמשים.,0,NON_LEAK,PUBLIC_INFO
הועבר סיכום שימוע של נועה מזרחי עם פרטים אישיים רגישים.,1,LEAK,LEGAL_HR
בכנס הטכנולוגיה הוצגו מגמות חדשות בתחום הבינה המלאכותית.,0,NON_LEAK,PUBLIC_INFO
בכנס הטכנולוגיה הוצגו מגמות חדשות בתחום הבינה המלאכותית.,0,NON_LEAK,PUBLIC_INFO
הפרויקט עבר לשלב האינטגרציה ונדרשת בדיקת עומסים.,0,NON_LEAK,LOW_RISK_CONTEXT
דנה דנינו עובד בחברת צ'ק פוינט בתל אביב.,0,NON_LEAK,NON_SENSITIVE_GENERAL
"הקובץ כולל פרטי גישה למערכת, כולל שם משתמש וסיסמה.",1,LEAK,AUTH_SECRET
המסמך מסווג פנימי וכולל את תוכנית ההשקה של פרויקט נוגה.,1,LEAK,CONFIDENTIAL_BUSINESS
"בדוח הרפואי של מיכל כהן מבית החולים רמב""ם מופיע טיפול רגיש.",1,LEAK,HEALTH
מספר כרטיס האשראי של דוד כהן הוא 8304702789027645.,1,LEAK,FINANCIAL
"הקובץ כולל פרטי גישה למערכת, כולל שם משתמש וסיסמה.",1,LEAK,AUTH_SECRET
החברה הודיעה לציבור על פתיחת מרכז שירות חדש בחיפה.,0,NON_LEAK,PUBLIC_INFO
מספר הטלפון של ליאור מלכה הוא 0547913511.,1,LEAK,PII_DIRECT
הישיבה תתקיים בחדר הגדול בקומה השנייה.,0,NON_LEAK,LOW_RISK_CONTEXT
בדוח משאבי האנוש מופיעים נתוני שכר של ניר ביטון.,1,LEAK,LEGAL_HR
כתובת המייל האישית של איתי פרץ היא itay.peretz@outlook.com.,1,LEAK,PII_DIRECT
יש לשלוח את הקובץ המעודכן עד סוף היום.,0,NON_LEAK,LOW_RISK_CONTEXT
"הועבר תשלום בגובה 107 ש""ח מחשבון 2833898881 של רונית פרץ.",1,LEAK,FINANCIAL
"הועבר תשלום בגובה 45 ש""ח מחשבון 4310907718 של עידן דנינו.",1,LEAK,FINANCIAL
"הועבר תשלום בגובה 138 ש""ח מחשבון 3950047974 של טל אוחנה.",1,LEAK,FINANCIAL
הפגישה עם מנהלת משאבי אנוש תתקיים ביום ראשון בחיפה.,0,NON_LEAK,NON_SENSITIVE_GENERAL
"נא לא לשתף את תוצאות הבדיקה של שירה אברהם שנערכו ברמב""ם.",1,LEAK,HEALTH
התיק הרפואי של איתי פרץ מציין אבחנה של לחץ דם גבוה.,1,LEAK,HEALTH
נא לא לשתף את תוצאות הבדיקה של מאיה ביטון שנערכו בסורוקה.,1,LEAK,HEALTH
המסמך כולל פרטי חקירה פנימית ושמות עובדים מעורבים.,1,LEAK,LEGAL_HR
המצגת עודכנה וכוללת את סטטוס המשימות לשבוע הקרוב.,0,NON_LEAK,NON_SENSITIVE_GENERAL
נא לא לשתף את תוצאות הבדיקה של איתי פרץ שנערכו באסותא.,1,LEAK,HEALTH
בדוח משאבי האנוש מופיעים נתוני שכר של איתי פרץ.,1,LEAK,LEGAL_HR
אינטל פרסמה הודעה רשמית על הרחבת הפעילות בראשון לציון.,0,NON_LEAK,PUBLIC_INFO
"הקובץ כולל פרטי גישה למערכת, כולל שם משתמש וסיסמה.",1,LEAK,AUTH_SECRET
מספר תעודת הזהות של נועה מזרחי הוא 070081334.,1,LEAK,PII_DIRECT
"מנהל המוצר ביקש לעדכן את הלו""ז ולשתף את הסטטוס.",0,NON_LEAK,LOW_RISK_CONTEXT
הישיבה תתקיים בחדר הגדול בקומה השנייה.,0,NON_LEAK,LOW_RISK_CONTEXT
הפרויקט עבר לשלב האינטגרציה ונדרשת בדיקת עומסים.,0,NON_LEAK,LOW_RISK_CONTEXT
החברה הודיעה לציבור על פתיחת מרכז שירות חדש בפתח תקווה.,0,NON_LEAK,PUBLIC_INFO
פורסם עדכון גרסה למערכת והמשתמשים התבקשו לרענן את הדפדפן.,0,NON_LEAK,NON_SENSITIVE_GENERAL
בדוח משאבי האנוש מופיעים נתוני שכר של הילה חדד.,1,LEAK,LEGAL_HR
"הקובץ כולל פרטי גישה למערכת, כולל שם משתמש וסיסמה.",1,LEAK,AUTH_SECRET
הישיבה תתקיים בחדר הגדול בקומה השנייה.,0,NON_LEAK,LOW_RISK_CONTEXT
בכנס הטכנולוגיה הוצגו מגמות חדשות בתחום הבינה המלאכותית.,0,NON_LEAK,PUBLIC_INFO
"הקובץ כולל פרטי חיוב של לקוחות, כולל חשבונות בנק וסכומים.",1,LEAK,FINANCIAL
האתר הרשמי עודכן עם מסמכי ההדרכה החדשים למשתמשים.,0,NON_LEAK,PUBLIC_INFO
מספר כרטיס האשראי של נועם מזרחי הוא 0732491394303250.,1,LEAK,FINANCIAL
בדוח הפנימי מופיעים שמות לקוחות אסטרטגיים ותנאי התקשרות.,1,LEAK,CONFIDENTIAL_BUSINESS
הצוות מבקש להוסיף מסך התחברות חדש למערכת.,0,NON_LEAK,LOW_RISK_CONTEXT
"מנהל המוצר ביקש לעדכן את הלו""ז ולשתף את הסטטוס.",0,NON_LEAK,LOW_RISK_CONTEXT
צ'ק פוינט פרסמה הודעה רשמית על הרחבת הפעילות בהרצליה.,0,NON_LEAK,PUBLIC_INFO
הפגישה עם אנליסטית תתקיים ביום ראשון בבאר שבע.,0,NON_LEAK,NON_SENSITIVE_GENERAL
בדוח מופיעים פרטי כרטיס של מיכל כהן ותוקף 08/27.,1,LEAK,FINANCIAL
בפגישה עם מנהלת משאבי אנוש סוכם כי שירות אביב יושק ב11/4/2026.,1,LEAK,CONFIDENTIAL_BUSINESS
מפתח ה-API של הסביבה הפנימית נשמר במסמך המצורף.,1,LEAK,AUTH_SECRET
תאריך ההשקה של מוצר אופק נקבע ל21/7/2026.,1,LEAK,CONFIDENTIAL_BUSINESS
"מנהל המוצר ביקש לעדכן את הלו""ז ולשתף את הסטטוס.",0,NON_LEAK,LOW_RISK_CONTEXT
המצגת עודכנה וכוללת את סטטוס המשימות לשבוע הקרוב.,0,NON_LEAK,NON_SENSITIVE_GENERAL
מספר הטלפון של משה אוחנה הוא 0524571815.,1,LEAK,PII_DIRECT
בכנס הטכנולוגיה הוצגו מגמות חדשות בתחום הבינה המלאכותית.,0,NON_LEAK,PUBLIC_INFO
"מנהל המוצר ביקש לעדכן את הלו""ז ולשתף את הסטטוס.",0,NON_LEAK,LOW_RISK_CONTEXT
הפרויקט עבר לשלב האינטגרציה ונדרשת בדיקת עומסים.,0,NON_LEAK,LOW_RISK_CONTEXT
התיק הרפואי של מיכל כהן מציין אבחנה של אסתמה.,1,LEAK,HEALTH
הקבוצה תיפגש מחר בבוקר לדיון על תכנון הרבעון הבא.,0,NON_LEAK,NON_SENSITIVE_GENERAL
בדוח משאבי האנוש מופיעים נתוני שכר של נועה מזרחי.,1,LEAK,LEGAL_HR
הישיבה תתקיים בחדר הגדול בקומה השנייה.,0,NON_LEAK,LOW_RISK_CONTEXT
נא לשלוח את ההסכם אל nir.biton@outlook.com ולוודא מול 0533687509.,1,LEAK,PII_DIRECT
החברה הודיעה לציבור על פתיחת מרכז שירות חדש ברעננה.,0,NON_LEAK,PUBLIC_INFO
אינטל פרסמה הודעה רשמית על הרחבת הפעילות באשדוד.,0,NON_LEAK,PUBLIC_INFO
תאריך ההשקה של מערכת קשת נקבע ל3/1/2026.,1,LEAK,CONFIDENTIAL_BUSINESS
הסיסמה הזמנית לחשבון של רון חדד היא Welcome2026!.,1,LEAK,AUTH_SECRET
האתר הרשמי עודכן עם מסמכי ההדרכה החדשים למשתמשים.,0,NON_LEAK,PUBLIC_INFO
המסמך כולל פרטי חקירה פנימית ושמות עובדים מעורבים.,1,LEAK,LEGAL_HR
החברה הודיעה לציבור על פתיחת מרכז שירות חדש בתל אביב.,0,NON_LEAK,PUBLIC_INFO
הצוות מבקש להוסיף מסך התחברות חדש למערכת.,0,NON_LEAK,LOW_RISK_CONTEXT
בכנס הטכנולוגיה הוצגו מגמות חדשות בתחום הבינה המלאכותית.,0,NON_LEAK,PUBLIC_INFO
בכנס הטכנולוגיה הוצגו מגמות חדשות בתחום הבינה המלאכותית.,0,NON_LEAK,PUBLIC_INFO
מספר כרטיס האשראי של ניר ביטון הוא 3610909824508146.,1,LEAK,FINANCIAL
המצגת עודכנה וכוללת את סטטוס המשימות לשבוע הקרוב.,0,NON_LEAK,NON_SENSITIVE_GENERAL
הועבר סיכום שימוע של אורן אברהם עם פרטים אישיים רגישים.,1,LEAK,LEGAL_HR
האתר הרשמי עודכן עם מסמכי ההדרכה החדשים למשתמשים.,0,NON_LEAK,PUBLIC_INFO
שטראוס פרסמה הודעה רשמית על הרחבת הפעילות בבאר שבע.,0,NON_LEAK,PUBLIC_INFO
הישיבה תתקיים בחדר הגדול בקומה השנייה.,0,NON_LEAK,LOW_RISK_CONTEXT
נא לא לשתף את תוצאות הבדיקה של רונית פרץ שנערכו בסורוקה.,1,LEAK,HEALTH
"פרטי החשבון של הילה חדד: בנק בנק הפועלים, חשבון 7692626543.",1,LEAK,FINANCIAL
הצוות מבקש להוסיף מסך התחברות חדש למערכת.,0,NON_LEAK,LOW_RISK_CONTEXT
הישיבה תתקיים בחדר הגדול בקומה השנייה.,0,NON_LEAK,LOW_RISK_CONTEXT
הצוות סיים את פיתוח פלטפורמת ארז ועבר לשלב הבדיקות.,0,NON_LEAK,NON_SENSITIVE_GENERAL
הצוות סיים את פיתוח מערכת קשת ועבר לשלב הבדיקות.,0,NON_LEAK,NON_SENSITIVE_GENERAL
המסמך מסווג פנימי וכולל את תוכנית ההשקה של פרויקט נוגה.,1,LEAK,CONFIDENTIAL_BUSINESS
הצוות מבקש להוסיף מסך התחברות חדש למערכת.,0,NON_LEAK,LOW_RISK_CONTEXT
בדוח מופיעים פרטי כרטיס של רון חדד ותוקף 08/27.,1,LEAK,FINANCIAL
"מנהל המוצר ביקש לעדכן את הלו""ז ולשתף את הסטטוס.",0,NON_LEAK,LOW_RISK_CONTEXT
"הועבר תשלום בגובה 236 ש""ח מחשבון 1890927532 של משה אוחנה.",1,LEAK,FINANCIAL
בדוח משאבי האנוש מופיעים נתוני שכר של מיכל כהן.,1,LEAK,LEGAL_HR
הצוות מבקש להוסיף מסך התחברות חדש למערכת.,0,NON_LEAK,LOW_RISK_CONTEXT
"פרטי הקשר של הלקוחה מיכל כהן: טלפון 0597583445, מייל michal.cohen@mail.com.",1,LEAK,PII_DIRECT
פורסם עדכון גרסה למערכת והמשתמשים התבקשו לרענן את הדפדפן.,0,NON_LEAK,NON_SENSITIVE_GENERAL
הפגישה עם אנליסטית תתקיים ביום ראשון בפתח תקווה.,0,NON_LEAK,NON_SENSITIVE_GENERAL
הישיבה תתקיים בחדר הגדול בקומה השנייה.,0,NON_LEAK,LOW_RISK_CONTEXT
הצעת המחיר הסופית ללקוח תישלח אחרי אישור חשב שכר.,1,LEAK,CONFIDENTIAL_BUSINESS
המסמך כולל פרטי חקירה פנימית ושמות עובדים מעורבים.,1,LEAK,LEGAL_HR
"פרטי החשבון של טל אוחנה: בנק דיסקונט, חשבון 4646603327.",1,LEAK,FINANCIAL
"בדוח הרפואי של רון חדד מבית החולים רמב""ם מופיע טיפול רגיש.",1,LEAK,HEALTH
הסיסמה הזמנית לחשבון של יעל לוי היא Welcome2026!.,1,LEAK,AUTH_SECRET
תאריך ההשקה של פלטפורמת ארז נקבע ל1/11/2026.,1,LEAK,CONFIDENTIAL_BUSINESS
"הקובץ כולל פרטי גישה למערכת, כולל שם משתמש וסיסמה.",1,LEAK,AUTH_SECRET
בכנס הטכנולוגיה הוצגו מגמות חדשות בתחום הבינה המלאכותית.,0,NON_LEAK,PUBLIC_INFO
"פרטי הקשר של הלקוחה דוד כהן: טלפון 0538524276, מייל david.cohen@outlook.com.",1,LEAK,PII_DIRECT
קוד האימות שנשלח למשה אוחנה הוא 483921.,1,LEAK,AUTH_SECRET
יש לשלוח את הקובץ המעודכן עד סוף היום.,0,NON_LEAK,LOW_RISK_CONTEXT
הסיסמה הזמנית לחשבון של איתי פרץ היא Welcome2026!.,1,LEAK,AUTH_SECRET
סלקום פרסמה הודעה רשמית על הרחבת הפעילות בתל אביב.,0,NON_LEAK,PUBLIC_INFO
יש לשלוח את הקובץ המעודכן עד סוף היום.,0,NON_LEAK,LOW_RISK_CONTEXT
הישיבה תתקיים בחדר הגדול בקומה השנייה.,0,NON_LEAK,LOW_RISK_CONTEXT
נא לא לשתף את תוצאות הבדיקה של דנה דנינו שנערכו בסורוקה.,1,LEAK,HEALTH
מספר תעודת הזהות של דנה דנינו הוא 558602642.,1,LEAK,PII_DIRECT
יש לשלוח את הקובץ המעודכן עד סוף היום.,0,NON_LEAK,LOW_RISK_CONTEXT
החברה הודיעה לציבור על פתיחת מרכז שירות חדש בראשון לציון.,0,NON_LEAK,PUBLIC_INFO
הישיבה תתקיים בחדר הגדול בקומה השנייה.,0,NON_LEAK,LOW_RISK_CONTEXT
התיק הרפואי של יואב לוי מציין אבחנה של סוכרת.,1,LEAK,HEALTH
הקובץ כולל תלונת משמעת נגד אורן אברהם והמלצת פיטורין.,1,LEAK,LEGAL_HR
הישיבה תתקיים בחדר הגדול בקומה השנייה.,0,NON_LEAK,LOW_RISK_CONTEXT
טל אוחנה עובד בחברת מיקרוסופט באשדוד.,0,NON_LEAK,NON_SENSITIVE_GENERAL
התיק הרפואי של מאיה ביטון מציין אבחנה של לחץ דם גבוה.,1,LEAK,HEALTH
בדוח הפנימי מופיעים שמות לקוחות אסטרטגיים ותנאי התקשרות.,1,LEAK,CONFIDENTIAL_BUSINESS
יש לשלוח את הקובץ המעודכן עד סוף היום.,0,NON_LEAK,LOW_RISK_CONTEXT
"פרטי החשבון של יעל לוי: בנק בנק הפועלים, חשבון 9255021306.",1,LEAK,FINANCIAL
החברה הודיעה לציבור על פתיחת מרכז שירות חדש בתל אביב.,0,NON_LEAK,PUBLIC_INFO
האתר הרשמי עודכן עם מסמכי ההדרכה החדשים למשתמשים.,0,NON_LEAK,PUBLIC_INFO
רפאל פרסמה הודעה רשמית על הרחבת הפעילות בראשון לציון.,0,NON_LEAK,PUBLIC_INFO
המצגת עודכנה וכוללת את סטטוס המשימות לשבוע הקרוב.,0,NON_LEAK,NON_SENSITIVE_GENERAL
הפגישה עם מנהל פיתוח תתקיים ביום ראשון בהרצליה.,0,NON_LEAK,NON_SENSITIVE_GENERAL
פורסם עדכון גרסה למערכת והמשתמשים התבקשו לרענן את הדפדפן.,0,NON_LEAK,NON_SENSITIVE_GENERAL
תאריך ההשקה של שירות אביב נקבע ל11/7/2026.,1,LEAK,CONFIDENTIAL_BUSINESS
הצעת המחיר הסופית ללקוח תישלח אחרי אישור מנהל מוצר.,1,LEAK,CONFIDENTIAL_BUSINESS
מפתח ה-API של הסביבה הפנימית נשמר במסמך המצורף.,1,LEAK,AUTH_SECRET
מספר כרטיס האשראי של עידן דנינו הוא 8527287603208778.,1,LEAK,FINANCIAL
"הפגישה עם סמנכ""לית כספים תתקיים ביום ראשון בנתניה.",0,NON_LEAK,NON_SENSITIVE_GENERAL
שטראוס פרסמה הודעה רשמית על הרחבת הפעילות בתל אביב.,0,NON_LEAK,PUBLIC_INFO
יש לשלוח את הקובץ המעודכן עד סוף היום.,0,NON_LEAK,LOW_RISK_CONTEXT
"מנהל המוצר ביקש לעדכן את הלו""ז ולשתף את הסטטוס.",0,NON_LEAK,LOW_RISK_CONTEXT
הצוות מבקש להוסיף מסך התחברות חדש למערכת.,0,NON_LEAK,LOW_RISK_CONTEXT
"הקובץ כולל פרטי חיוב של לקוחות, כולל חשבונות בנק וסכומים.",1,LEAK,FINANCIAL
המסמך מסווג פנימי וכולל את תוכנית ההשקה של מנוע זית.,1,LEAK,CONFIDENTIAL_BUSINESS
מפתח ה-API של הסביבה הפנימית נשמר במסמך המצורף.,1,LEAK,AUTH_SECRET
נועה מזרחי עובד בחברת אינטל בירושלים.,0,NON_LEAK,NON_SENSITIVE_GENERAL
בכנס הטכנולוגיה הוצגו מגמות חדשות בתחום הבינה המלאכותית.,0,NON_LEAK,PUBLIC_INFO
"מנהל המוצר ביקש לעדכן את הלו""ז ולשתף את הסטטוס.",0,NON_LEAK,LOW_RISK_CONTEXT
התיק הרפואי של דנה דנינו מציין אבחנה של חרדה.,1,LEAK,HEALTH
שטראוס פרסמה הודעה רשמית על הרחבת הפעילות ברעננה.,0,NON_LEAK,PUBLIC_INFO
"הועבר תשלום בגובה 181 ש""ח מחשבון 9659905270 של ליאור מלכה.",1,LEAK,FINANCIAL
המסמך כולל פרטי חקירה פנימית ושמות עובדים מעורבים.,1,LEAK,LEGAL_HR
הקובץ כולל תלונת משמעת נגד איתי פרץ והמלצת פיטורין.,1,LEAK,LEGAL_HR
התיק הרפואי של משה אוחנה מציין אבחנה של סוכרת.,1,LEAK,HEALTH
נא לא לשתף את תוצאות הבדיקה של דוד כהן שנערכו באיכילוב.,1,LEAK,HEALTH
בכנס הטכנולוגיה הוצגו מגמות חדשות בתחום הבינה המלאכותית.,0,NON_LEAK,PUBLIC_INFO
"הקובץ כולל פרטי גישה למערכת, כולל שם משתמש וסיסמה.",1,LEAK,AUTH_SECRET
קוד האימות שנשלח לאיתי פרץ הוא 483921.,1,LEAK,AUTH_SECRET
מספר תעודת הזהות של יעל לוי הוא 363270561.,1,LEAK,PII_DIRECT
האתר הרשמי עודכן עם מסמכי ההדרכה החדשים למשתמשים.,0,NON_LEAK,PUBLIC_INFO
הסיסמה הזמנית לחשבון של נועה מזרחי היא Welcome2026!.,1,LEAK,AUTH_SECRET
"הקובץ כולל פרטי גישה למערכת, כולל שם משתמש וסיסמה.",1,LEAK,AUTH_SECRET
מפתח ה-API של הסביבה הפנימית נשמר במסמך המצורף.,1,LEAK,AUTH_SECRET
הצוות מבקש להוסיף מסך התחברות חדש למערכת.,0,NON_LEAK,LOW_RISK_CONTEXT
קוד האימות שנשלח לשירה אברהם הוא 483921.,1,LEAK,AUTH_SECRET
מפתח ה-API של הסביבה הפנימית נשמר במסמך המצורף.,1,LEAK,AUTH_SECRET
"הועבר תשלום בגובה 33 ש""ח מחשבון 7376242662 של רון חדד.",1,LEAK,FINANCIAL
הצוות סיים את פיתוח מנוע זית ועבר לשלב הבדיקות.,0,NON_LEAK,NON_SENSITIVE_GENERAL
בנק לאומי פרסמה הודעה רשמית על הרחבת הפעילות בהרצליה.,0,NON_LEAK,PUBLIC_INFO
קוד האימות שנשלח לטל אוחנה הוא 483921.,1,LEAK,AUTH_SECRET
"הכתובת של ניר ביטון היא רחוב בן גוריון 5, אשדוד.",1,LEAK,PII_DIRECT
בכנס הטכנולוגיה הוצגו מגמות חדשות בתחום הבינה המלאכותית.,0,NON_LEAK,PUBLIC_INFO
"מנהל המוצר ביקש לעדכן את הלו""ז ולשתף את הסטטוס.",0,NON_LEAK,LOW_RISK_CONTEXT
בכנס הטכנולוגיה הוצגו מגמות חדשות בתחום הבינה המלאכותית.,0,NON_LEAK,PUBLIC_INFO
קוד האימות שנשלח לניר ביטון הוא 483921.,1,LEAK,AUTH_SECRET
"נא לא לשתף את תוצאות הבדיקה של יעל לוי שנערכו ברמב""ם.",1,LEAK,HEALTH
הישיבה תתקיים בחדר הגדול בקומה השנייה.,0,NON_LEAK,LOW_RISK_CONTEXT
החברה הודיעה לציבור על פתיחת מרכז שירות חדש בתל אביב.,0,NON_LEAK,PUBLIC_INFO
מיקרוסופט פרסמה הודעה רשמית על הרחבת הפעילות בחיפה.,0,NON_LEAK,PUBLIC_INFO
מספר תעודת הזהות של טל אוחנה הוא 977317394.,1,LEAK,PII_DIRECT
הפגישה עם אנליסטית תתקיים ביום ראשון בפתח תקווה.,0,NON_LEAK,NON_SENSITIVE_GENERAL
הצוות סיים את פיתוח גרסה 4.2 ועבר לשלב הבדיקות.,0,NON_LEAK,NON_SENSITIVE_GENERAL
הישיבה תתקיים בחדר הגדול בקומה השנייה.,0,NON_LEAK,LOW_RISK_CONTEXT
הועבר סיכום שימוע של עידן דנינו עם פרטים אישיים רגישים.,1,LEAK,LEGAL_HR
בנק הפועלים פרסמה הודעה רשמית על הרחבת הפעילות בחיפה.,0,NON_LEAK,PUBLIC_INFO
הועבר סיכום שימוע של דוד כהן עם פרטים אישיים רגישים.,1,LEAK,LEGAL_HR
הפרויקט עבר לשלב האינטגרציה ונדרשת בדיקת עומסים.,0,NON_LEAK,LOW_RISK_CONTEXT
"מנהל המוצר ביקש לעדכן את הלו""ז ולשתף את הסטטוס.",0,NON_LEAK,LOW_RISK_CONTEXT
הועבר סיכום שימוע של יעל לוי עם פרטים אישיים רגישים.,1,LEAK,LEGAL_HR
תאריך ההשקה של פרויקט נוגה נקבע ל1/11/2026.,1,LEAK,CONFIDENTIAL_BUSINESS
נא לשלוח את ההסכם אל noa.mizrahi@gmail.com ולוודא מול 0523392207.,1,LEAK,PII_DIRECT
בדוח הרפואי של טל אוחנה מבית החולים איכילוב מופיע טיפול רגיש.,1,LEAK,HEALTH
המצגת עודכנה וכוללת את סטטוס המשימות לשבוע הקרוב.,0,NON_LEAK,NON_SENSITIVE_GENERAL
בדוח מופיעים פרטי כרטיס של נועם מזרחי ותוקף 08/27.,1,LEAK,FINANCIAL
דוד כהן עובד בחברת שטראוס בבאר שבע.,0,NON_LEAK,NON_SENSITIVE_GENERAL
המסמך כולל פרטי חקירה פנימית ושמות עובדים מעורבים.,1,LEAK,LEGAL_HR
פורסם עדכון גרסה למערכת והמשתמשים התבקשו לרענן את הדפדפן.,0,NON_LEAK,NON_SENSITIVE_GENERAL
מספר הטלפון של דנה דנינו הוא 0529806865.,1,LEAK,PII_DIRECT
הועבר סיכום שימוע של מיכל כהן עם פרטים אישיים רגישים.,1,LEAK,LEGAL_HR
המסמך מסווג פנימי וכולל את תוכנית ההשקה של מוצר אופק.,1,LEAK,CONFIDENTIAL_BUSINESS
"המסמך מכיל מידע רפואי אישי על שירה אברהם, כולל תרופות ואבחנות.",1,LEAK,HEALTH
האתר הרשמי עודכן עם מסמכי ההדרכה החדשים למשתמשים.,0,NON_LEAK,PUBLIC_INFO
יש לשלוח את הקובץ המעודכן עד סוף היום.,0,NON_LEAK,LOW_RISK_CONTEXT
"הקובץ כולל פרטי חיוב של לקוחות, כולל חשבונות בנק וסכומים.",1,LEAK,FINANCIAL
משה אוחנה עובד בחברת גוגל ישראל בתל אביב.,0,NON_LEAK,NON_SENSITIVE_GENERAL
המצגת עודכנה וכוללת את סטטוס המשימות לשבוע הקרוב.,0,NON_LEAK,NON_SENSITIVE_GENERAL
מפתח ה-API של הסביבה הפנימית נשמר במסמך המצורף.,1,LEAK,AUTH_SECRET
הפרויקט עבר לשלב האינטגרציה ונדרשת בדיקת עומסים.,0,NON_LEAK,LOW_RISK_CONTEXT
בפגישה עם מנהל מוצר סוכם כי פלטפורמת ארז יושק ב28/9/2026.,1,LEAK,CONFIDENTIAL_BUSINESS
"המסמך מכיל מידע רפואי אישי על אלון מלכה, כולל תרופות ואבחנות.",1,LEAK,HEALTH
הועבר סיכום שימוע של ליאור מלכה עם פרטים אישיים רגישים.,1,LEAK,LEGAL_HR
כתובת המייל האישית של הילה חדד היא hila.hadad@outlook.com.,1,LEAK,PII_DIRECT
הסיסמה הזמנית לחשבון של דוד כהן היא Welcome2026!.,1,LEAK,AUTH_SECRET
"מנהל המוצר ביקש לעדכן את הלו""ז ולשתף את הסטטוס.",0,NON_LEAK,LOW_RISK_CONTEXT
דנה דנינו עובד בחברת רפאל בפתח תקווה.,0,NON_LEAK,NON_SENSITIVE_GENERAL
בכנס הטכנולוגיה הוצגו מגמות חדשות בתחום הבינה המלאכותית.,0,NON_LEAK,PUBLIC_INFO
כתובת המייל האישית של משה אוחנה היא moshe.ohana@outlook.com.,1,LEAK,PII_DIRECT
הצוות מבקש להוסיף מסך התחברות חדש למערכת.,0,NON_LEAK,LOW_RISK_CONTEXT
"מנהל המוצר ביקש לעדכן את הלו""ז ולשתף את הסטטוס.",0,NON_LEAK,LOW_RISK_CONTEXT
הצוות מבקש להוסיף מסך התחברות חדש למערכת.,0,NON_LEAK,LOW_RISK_CONTEXT
הפרויקט עבר לשלב האינטגרציה ונדרשת בדיקת עומסים.,0,NON_LEAK,LOW_RISK_CONTEXT
הישיבה תתקיים בחדר הגדול בקומה השנייה.,0,NON_LEAK,LOW_RISK_CONTEXT
הצוות מבקש להוסיף מסך התחברות חדש למערכת.,0,NON_LEAK,LOW_RISK_CONTEXT
הסיסמה הזמנית לחשבון של ליאור מלכה היא Welcome2026!.,1,LEAK,AUTH_SECRET
בדוח מופיעים פרטי כרטיס של נועם מזרחי ותוקף 08/27.,1,LEAK,FINANCIAL
הישיבה תתקיים בחדר הגדול בקומה השנייה.,0,NON_LEAK,LOW_RISK_CONTEXT
מספר כרטיס האשראי של עידן דנינו הוא 3612769876229579.,1,LEAK,FINANCIAL
מספר כרטיס האשראי של אלון מלכה הוא 6442624470498671.,1,LEAK,FINANCIAL
מפתח ה-API של הסביבה הפנימית נשמר במסמך המצורף.,1,LEAK,AUTH_SECRET
מספר כרטיס האשראי של ליאור מלכה הוא 3982455381518272.,1,LEAK,FINANCIAL
התיק הרפואי של שירה אברהם מציין אבחנה של אסתמה.,1,LEAK,HEALTH
יעל לוי עובד בחברת גוגל ישראל בנתניה.,0,NON_LEAK,NON_SENSITIVE_GENERAL
האתר הרשמי עודכן עם מסמכי ההדרכה החדשים למשתמשים.,0,NON_LEAK,PUBLIC_INFO
כתובת המייל האישית של אורן אברהם היא oren.avraham@company.co.il.,1,LEAK,PII_DIRECT
החברה הודיעה לציבור על פתיחת מרכז שירות חדש בחיפה.,0,NON_LEAK,PUBLIC_INFO
בכנס הטכנולוגיה הוצגו מגמות חדשות בתחום הבינה המלאכותית.,0,NON_LEAK,PUBLIC_INFO
מספר כרטיס האשראי של אלון מלכה הוא 4964990913341232.,1,LEAK,FINANCIAL
יש לשלוח את הקובץ המעודכן עד סוף היום.,0,NON_LEAK,LOW_RISK_CONTEXT
הקובץ כולל תלונת משמעת נגד רונית פרץ והמלצת פיטורין.,1,LEAK,LEGAL_HR
הקובץ כולל תלונת משמעת נגד ליאור מלכה והמלצת פיטורין.,1,LEAK,LEGAL_HR
האתר הרשמי עודכן עם מסמכי ההדרכה החדשים למשתמשים.,0,NON_LEAK,PUBLIC_INFO
הקבוצה תיפגש מחר בבוקר לדיון על תכנון הרבעון הבא.,0,NON_LEAK,NON_SENSITIVE_GENERAL
המסמך כולל פרטי חקירה פנימית ושמות עובדים מעורבים.,1,LEAK,LEGAL_HR
נא לשלוח את ההסכם אל itay.peretz@outlook.com ולוודא מול 0543087797.,1,LEAK,PII_DIRECT
"הקובץ כולל פרטי גישה למערכת, כולל שם משתמש וסיסמה.",1,LEAK,AUTH_SECRET
התיק הרפואי של ניר ביטון מציין אבחנה של לחץ דם גבוה.,1,LEAK,HEALTH
האתר הרשמי עודכן עם מסמכי ההדרכה החדשים למשתמשים.,0,NON_LEAK,PUBLIC_INFO
"הקובץ כולל פרטי גישה למערכת, כולל שם משתמש וסיסמה.",1,LEAK,AUTH_SECRET
הקבוצה תיפגש מחר בבוקר לדיון על תכנון הרבעון הבא.,0,NON_LEAK,NON_SENSITIVE_GENERAL
מספר הטלפון של איתי פרץ הוא 0522691669.,1,LEAK,PII_DIRECT
יש לשלוח את הקובץ המעודכן עד סוף היום.,0,NON_LEAK,LOW_RISK_CONTEXT
"פרטי החשבון של הילה חדד: בנק בנק הפועלים, חשבון 4695093555.",1,LEAK,FINANCIAL
"הכתובת של רון חדד היא רחוב ביאליק 7, פתח תקווה.",1,LEAK,PII_DIRECT
תאריך ההשקה של מנוע זית נקבע ל19/6/2026.,1,LEAK,CONFIDENTIAL_BUSINESS
"הצעת המחיר הסופית ללקוח תישלח אחרי אישור מנכ""ל.",1,LEAK,CONFIDENTIAL_BUSINESS
טל אוחנה עובד בחברת אינטל בפתח תקווה.,0,NON_LEAK,NON_SENSITIVE_GENERAL
"הועבר תשלום בגובה 3 ש""ח מחשבון 6453316495 של נועם מזרחי.",1,LEAK,FINANCIAL
מפתח ה-API של הסביבה הפנימית נשמר במסמך המצורף.,1,LEAK,AUTH_SECRET
החברה הודיעה לציבור על פתיחת מרכז שירות חדש בתל אביב.,0,NON_LEAK,PUBLIC_INFO
הישיבה תתקיים בחדר הגדול בקומה השנייה.,0,NON_LEAK,LOW_RISK_CONTEXT
המצגת עודכנה וכוללת את סטטוס המשימות לשבוע הקרוב.,0,NON_LEAK,NON_SENSITIVE_GENERAL
הצוות מבקש להוסיף מסך התחברות חדש למערכת.,0,NON_LEAK,LOW_RISK_CONTEXT
פורסם עדכון גרסה למערכת והמשתמשים התבקשו לרענן את הדפדפן.,0,NON_LEAK,NON_SENSITIVE_GENERAL
הצעת המחיר הסופית ללקוח תישלח אחרי אישור יועץ משפטי.,1,LEAK,CONFIDENTIAL_BUSINESS
מספר הטלפון של משה אוחנה הוא 0568646225.,1,LEAK,PII_DIRECT
הישיבה תתקיים בחדר הגדול בקומה השנייה.,0,NON_LEAK,LOW_RISK_CONTEXT
הצוות סיים את פיתוח גרסה 4.2 ועבר לשלב הבדיקות.,0,NON_LEAK,NON_SENSITIVE_GENERAL
הישיבה תתקיים בחדר הגדול בקומה השנייה.,0,NON_LEAK,LOW_RISK_CONTEXT
בנק לאומי פרסמה הודעה רשמית על הרחבת הפעילות בירושלים.,0,NON_LEAK,PUBLIC_INFO
הסיסמה הזמנית לחשבון של נועם מזרחי היא Welcome2026!.,1,LEAK,AUTH_SECRET
בדוח הפנימי מופיעים שמות לקוחות אסטרטגיים ותנאי התקשרות.,1,LEAK,CONFIDENTIAL_BUSINESS
הפרויקט עבר לשלב האינטגרציה ונדרשת בדיקת עומסים.,0,NON_LEAK,LOW_RISK_CONTEXT
הצוות סיים את פיתוח מנוע זית ועבר לשלב הבדיקות.,0,NON_LEAK,NON_SENSITIVE_GENERAL
הצוות סיים את פיתוח מוצר אופק ועבר לשלב הבדיקות.,0,NON_LEAK,NON_SENSITIVE_GENERAL
בדוח משאבי האנוש מופיעים נתוני שכר של משה אוחנה.,1,LEAK,LEGAL_HR
בדוח הפנימי מופיעים שמות לקוחות אסטרטגיים ותנאי התקשרות.,1,LEAK,CONFIDENTIAL_BUSINESS
פורסם עדכון גרסה למערכת והמשתמשים התבקשו לרענן את הדפדפן.,0,NON_LEAK,NON_SENSITIVE_GENERAL
גוגל ישראל פרסמה הודעה רשמית על הרחבת הפעילות באשדוד.,0,NON_LEAK,PUBLIC_INFO
הישיבה תתקיים בחדר הגדול בקומה השנייה.,0,NON_LEAK,LOW_RISK_CONTEXT
המסמך כולל פרטי חקירה פנימית ושמות עובדים מעורבים.,1,LEAK,LEGAL_HR
צ'ק פוינט פרסמה הודעה רשמית על הרחבת הפעילות באשדוד.,0,NON_LEAK,PUBLIC_INFO
החברה הודיעה לציבור על פתיחת מרכז שירות חדש בחיפה.,0,NON_LEAK,PUBLIC_INFO
הקבוצה תיפגש מחר בבוקר לדיון על תכנון הרבעון הבא.,0,NON_LEAK,NON_SENSITIVE_GENERAL
הצעת המחיר הסופית ללקוח תישלח אחרי אישור מנהלת משאבי אנוש.,1,LEAK,CONFIDENTIAL_BUSINESS
האתר הרשמי עודכן עם מסמכי ההדרכה החדשים למשתמשים.,0,NON_LEAK,PUBLIC_INFO
האתר הרשמי עודכן עם מסמכי ההדרכה החדשים למשתמשים.,0,NON_LEAK,PUBLIC_INFO
האתר הרשמי עודכן עם מסמכי ההדרכה החדשים למשתמשים.,0,NON_LEAK,PUBLIC_INFO
קוד האימות שנשלח לרון חדד הוא 483921.,1,LEAK,AUTH_SECRET
מספר הטלפון של דנה דנינו הוא 0580686717.,1,LEAK,PII_DIRECT
נא לשלוח את ההסכם אל ronit.peretz@org.co.il ולוודא מול 0501426203.,1,LEAK,PII_DIRECT
מפתח ה-API של הסביבה הפנימית נשמר במסמך המצורף.,1,LEAK,AUTH_SECRET
החברה הודיעה לציבור על פתיחת מרכז שירות חדש בחיפה.,0,NON_LEAK,PUBLIC_INFO
הפגישה עם מנהל מוצר תתקיים ביום ראשון באשדוד.,0,NON_LEAK,NON_SENSITIVE_GENERAL
גוגל ישראל פרסמה הודעה רשמית על הרחבת הפעילות בתל אביב.,0,NON_LEAK,PUBLIC_INFO
המצגת עודכנה וכוללת את סטטוס המשימות לשבוע הקרוב.,0,NON_LEAK,NON_SENSITIVE_GENERAL
כתובת המייל האישית של אלון מלכה היא alon.malka@gmail.com.,1,LEAK,PII_DIRECT
מספר הטלפון של ליאור מלכה הוא 0514442484.,1,LEAK,PII_DIRECT
הישיבה תתקיים בחדר הגדול בקומה השנייה.,0,NON_LEAK,LOW_RISK_CONTEXT
מפתח ה-API של הסביבה הפנימית נשמר במסמך המצורף.,1,LEAK,AUTH_SECRET
"הקובץ כולל פרטי גישה למערכת, כולל שם משתמש וסיסמה.",1,LEAK,AUTH_SECRET
"המסמך מכיל מידע רפואי אישי על יעל לוי, כולל תרופות ואבחנות.",1,LEAK,HEALTH
הצוות מבקש להוסיף מסך התחברות חדש למערכת.,0,NON_LEAK,LOW_RISK_CONTEXT
"מנהל המוצר ביקש לעדכן את הלו""ז ולשתף את הסטטוס.",0,NON_LEAK,LOW_RISK_CONTEXT
התיק הרפואי של דנה דנינו מציין אבחנה של אסתמה.,1,LEAK,HEALTH
התיק הרפואי של נועם מזרחי מציין אבחנה של אסתמה.,1,LEAK,HEALTH
מפתח ה-API של הסביבה הפנימית נשמר במסמך המצורף.,1,LEAK,AUTH_SECRET
מאיה ביטון עובד בחברת שטראוס ברעננה.,0,NON_LEAK,NON_SENSITIVE_GENERAL
הפגישה עם אנליסטית תתקיים ביום ראשון בנתניה.,0,NON_LEAK,NON_SENSITIVE_GENERAL
מפתח ה-API של הסביבה הפנימית נשמר במסמך המצורף.,1,LEAK,AUTH_SECRET
הישיבה תתקיים בחדר הגדול בקומה השנייה.,0,NON_LEAK,LOW_RISK_CONTEXT
נא לא לשתף את תוצאות הבדיקה של אורן אברהם שנערכו באיכילוב.,1,LEAK,HEALTH
האתר הרשמי עודכן עם מסמכי ההדרכה החדשים למשתמשים.,0,NON_LEAK,PUBLIC_INFO
האתר הרשמי עודכן עם מסמכי ההדרכה החדשים למשתמשים.,0,NON_LEAK,PUBLIC_INFO
"פרטי הקשר של הלקוחה יואב לוי: טלפון 0517493175, מייל yoav.levi@org.co.il.",1,LEAK,PII_DIRECT
החברה הודיעה לציבור על פתיחת מרכז שירות חדש באשדוד.,0,NON_LEAK,PUBLIC_INFO
האתר הרשמי עודכן עם מסמכי ההדרכה החדשים למשתמשים.,0,NON_LEAK,PUBLIC_INFO
בדוח הרפואי של יואב לוי מבית החולים אסותא מופיע טיפול רגיש.,1,LEAK,HEALTH
"פרטי הקשר של הלקוחה ליאור מלכה: טלפון 0570322177, מייל lior.malka@company.co.il.",1,LEAK,PII_DIRECT
הצוות סיים את פיתוח פרויקט נוגה ועבר לשלב הבדיקות.,0,NON_LEAK,NON_SENSITIVE_GENERAL
קוד האימות שנשלח לאורן אברהם הוא 483921.,1,LEAK,AUTH_SECRET
תאריך ההשקה של מנוע זית נקבע ל12/4/2026.,1,LEAK,CONFIDENTIAL_BUSINESS
הילה חדד עובד בחברת בנק הפועלים בתל אביב.,0,NON_LEAK,NON_SENSITIVE_GENERAL
בכנס הטכנולוגיה הוצגו מגמות חדשות בתחום הבינה המלאכותית.,0,NON_LEAK,PUBLIC_INFO
"הקובץ כולל פרטי חיוב של לקוחות, כולל חשבונות בנק וסכומים.",1,LEAK,FINANCIAL
קוד האימות שנשלח למאיה ביטון הוא 483921.,1,LEAK,AUTH_SECRET
אלביט פרסמה הודעה רשמית על הרחבת הפעילות בפתח תקווה.,0,NON_LEAK,PUBLIC_INFO
הסיסמה הזמנית לחשבון של איתי פרץ היא Welcome2026!.,1,LEAK,AUTH_SECRET
הצוות סיים את פיתוח גרסה 4.2 ועבר לשלב הבדיקות.,0,NON_LEAK,NON_SENSITIVE_GENERAL
הפרויקט עבר לשלב האינטגרציה ונדרשת בדיקת עומסים.,0,NON_LEAK,LOW_RISK_CONTEXT
גוגל ישראל פרסמה הודעה רשמית על הרחבת הפעילות בנתניה.,0,NON_LEAK,PUBLIC_INFO
"הקובץ כולל פרטי חיוב של לקוחות, כולל חשבונות בנק וסכומים.",1,LEAK,FINANCIAL
"הכתובת של רונית פרץ היא רחוב הגליל 3, נתניה.",1,LEAK,PII_DIRECT
המסמך כולל פרטי חקירה פנימית ושמות עובדים מעורבים.,1,LEAK,LEGAL_HR
המצגת עודכנה וכוללת את סטטוס המשימות לשבוע הקרוב.,0,NON_LEAK,NON_SENSITIVE_GENERAL
בדוח הפנימי מופיעים שמות לקוחות אסטרטגיים ותנאי התקשרות.,1,LEAK,CONFIDENTIAL_BUSINESS
האתר הרשמי עודכן עם מסמכי ההדרכה החדשים למשתמשים.,0,NON_LEAK,PUBLIC_INFO
בנק הפועלים פרסמה הודעה רשמית על הרחבת הפעילות בבאר שבע.,0,NON_LEAK,PUBLIC_INFO
התיק הרפואי של דנה דנינו מציין אבחנה של אסתמה.,1,LEAK,HEALTH
הישיבה תתקיים בחדר הגדול בקומה השנייה.,0,NON_LEAK,LOW_RISK_CONTEXT
הצוות סיים את פיתוח פרויקט נוגה ועבר לשלב הבדיקות.,0,NON_LEAK,NON_SENSITIVE_GENERAL
תאריך ההשקה של פלטפורמת ארז נקבע ל6/11/2026.,1,LEAK,CONFIDENTIAL_BUSINESS
הישיבה תתקיים בחדר הגדול בקומה השנייה.,0,NON_LEAK,LOW_RISK_CONTEXT
בכנס הטכנולוגיה הוצגו מגמות חדשות בתחום הבינה המלאכותית.,0,NON_LEAK,PUBLIC_INFO
תאריך ההשקה של מוצר אופק נקבע ל28/3/2026.,1,LEAK,CONFIDENTIAL_BUSINESS
הפגישה עם מנהל אבטחת מידע תתקיים ביום ראשון ברעננה.,0,NON_LEAK,NON_SENSITIVE_GENERAL
הסיסמה הזמנית לחשבון של הילה חדד היא Welcome2026!.,1,LEAK,AUTH_SECRET
הישיבה תתקיים בחדר הגדול בקומה השנייה.,0,NON_LEAK,LOW_RISK_CONTEXT
הצוות מבקש להוסיף מסך התחברות חדש למערכת.,0,NON_LEAK,LOW_RISK_CONTEXT
"המסמך מכיל מידע רפואי אישי על אלון מלכה, כולל תרופות ואבחנות.",1,LEAK,HEALTH
האתר הרשמי עודכן עם מסמכי ההדרכה החדשים למשתמשים.,0,NON_LEAK,PUBLIC_INFO
פורסם עדכון גרסה למערכת והמשתמשים התבקשו לרענן את הדפדפן.,0,NON_LEAK,NON_SENSITIVE_GENERAL
כתובת המייל האישית של טל אוחנה היא tal.ohana@gmail.com.,1,LEAK,PII_DIRECT
בדוח הפנימי מופיעים שמות לקוחות אסטרטגיים ותנאי התקשרות.,1,LEAK,CONFIDENTIAL_BUSINESS
מספר כרטיס האשראי של ניר ביטון הוא 5973714708272359.,1,LEAK,FINANCIAL
הקובץ כולל תלונת משמעת נגד אורן אברהם והמלצת פיטורין.,1,LEAK,LEGAL_HR
המסמך כולל פרטי חקירה פנימית ושמות עובדים מעורבים.,1,LEAK,LEGAL_HR
הסיסמה הזמנית לחשבון של ניר ביטון היא Welcome2026!.,1,LEAK,AUTH_SECRET
"הועבר תשלום בגובה 174 ש""ח מחשבון 7751401051 של נועם מזרחי.",1,LEAK,FINANCIAL
תאריך ההשקה של פלטפורמת ארז נקבע ל14/3/2026.,1,LEAK,CONFIDENTIAL_BUSINESS
"מנהל המוצר ביקש לעדכן את הלו""ז ולשתף את הסטטוס.",0,NON_LEAK,LOW_RISK_CONTEXT
כתובת המייל האישית של מאיה ביטון היא maya.biton@gmail.com.,1,LEAK,PII_DIRECT
בפגישה עם אנליסטית סוכם כי מודול ברק יושק ב8/10/2026.,1,LEAK,CONFIDENTIAL_BUSINESS
מפתח ה-API של הסביבה הפנימית נשמר במסמך המצורף.,1,LEAK,AUTH_SECRET
"הועבר תשלום בגובה 29 ש""ח מחשבון 0302413001 של אורן אברהם.",1,LEAK,FINANCIAL
הפגישה עם מנהל אבטחת מידע תתקיים ביום ראשון בפתח תקווה.,0,NON_LEAK,NON_SENSITIVE_GENERAL
בפגישה עם יועץ משפטי סוכם כי מודול ברק יושק ב4/3/2026.,1,LEAK,CONFIDENTIAL_BUSINESS
התיק הרפואי של טל אוחנה מציין אבחנה של אסתמה.,1,LEAK,HEALTH
יש לשלוח את הקובץ המעודכן עד סוף היום.,0,NON_LEAK,LOW_RISK_CONTEXT
הקובץ כולל תלונת משמעת נגד עידן דנינו והמלצת פיטורין.,1,LEAK,LEGAL_HR
קוד האימות שנשלח לרונית פרץ הוא 483921.,1,LEAK,AUTH_SECRET
נא לא לשתף את תוצאות הבדיקה של רונית פרץ שנערכו באסותא.,1,LEAK,HEALTH
הצוות סיים את פיתוח גרסה 4.2 ועבר לשלב הבדיקות.,0,NON_LEAK,NON_SENSITIVE_GENERAL
מפתח ה-API של הסביבה הפנימית נשמר במסמך המצורף.,1,LEAK,AUTH_SECRET
נא לא לשתף את תוצאות הבדיקה של ניר ביטון שנערכו באיכילוב.,1,LEAK,HEALTH
בכנס הטכנולוגיה הוצגו מגמות חדשות בתחום הבינה המלאכותית.,0,NON_LEAK,PUBLIC_INFO
הצוות סיים את פיתוח שירות אביב ועבר לשלב הבדיקות.,0,NON_LEAK,NON_SENSITIVE_GENERAL
"הקובץ כולל פרטי חיוב של לקוחות, כולל חשבונות בנק וסכומים.",1,LEAK,FINANCIAL
הקובץ כולל תלונת משמעת נגד ליאור מלכה והמלצת פיטורין.,1,LEAK,LEGAL_HR
הישיבה תתקיים בחדר הגדול בקומה השנייה.,0,NON_LEAK,LOW_RISK_CONTEXT
"פרטי הקשר של הלקוחה איתי פרץ: טלפון 0519391038, מייל itay.peretz@outlook.com.",1,LEAK,PII_DIRECT
תאריך ההשקה של פרויקט נוגה נקבע ל9/9/2026.,1,LEAK,CONFIDENTIAL_BUSINESS
בכנס הטכנולוגיה הוצגו מגמות חדשות בתחום הבינה המלאכותית.,0,NON_LEAK,PUBLIC_INFO
"הכתובת של ניר ביטון היא רחוב הזית 11, נתניה.",1,LEAK,PII_DIRECT
הפרויקט עבר לשלב האינטגרציה ונדרשת בדיקת עומסים.,0,NON_LEAK,LOW_RISK_CONTEXT
הקובץ כולל תלונת משמעת נגד דנה דנינו והמלצת פיטורין.,1,LEAK,LEGAL_HR
פורסם עדכון גרסה למערכת והמשתמשים התבקשו לרענן את הדפדפן.,0,NON_LEAK,NON_SENSITIVE_GENERAL
מספר תעודת הזהות של דנה דנינו הוא 728399921.,1,LEAK,PII_DIRECT
המצגת עודכנה וכוללת את סטטוס המשימות לשבוע הקרוב.,0,NON_LEAK,NON_SENSITIVE_GENERAL
מפתח ה-API של הסביבה הפנימית נשמר במסמך המצורף.,1,LEAK,AUTH_SECRET
האתר הרשמי עודכן עם מסמכי ההדרכה החדשים למשתמשים.,0,NON_LEAK,PUBLIC_INFO
החברה הודיעה לציבור על פתיחת מרכז שירות חדש בנתניה.,0,NON_LEAK,PUBLIC_INFO
התיק הרפואי של שירה אברהם מציין אבחנה של לחץ דם גבוה.,1,LEAK,HEALTH
נועם מזרחי עובד בחברת סלקום בירושלים.,0,NON_LEAK,NON_SENSITIVE_GENERAL
הפרויקט עבר לשלב האינטגרציה ונדרשת בדיקת עומסים.,0,NON_LEAK,LOW_RISK_CONTEXT
הקבוצה תיפגש מחר בבוקר לדיון על תכנון הרבעון הבא.,0,NON_LEAK,NON_SENSITIVE_GENERAL
נא לשלוח את ההסכם אל itay.peretz@mail.com ולוודא מול 0500634741.,1,LEAK,PII_DIRECT
מפתח ה-API של הסביבה הפנימית נשמר במסמך המצורף.,1,LEAK,AUTH_SECRET
בדוח הפנימי מופיעים שמות לקוחות אסטרטגיים ותנאי התקשרות.,1,LEAK,CONFIDENTIAL_BUSINESS
יש לשלוח את הקובץ המעודכן עד סוף היום.,0,NON_LEAK,LOW_RISK_CONTEXT
הקבוצה תיפגש מחר בבוקר לדיון על תכנון הרבעון הבא.,0,NON_LEAK,NON_SENSITIVE_GENERAL
המצגת עודכנה וכוללת את סטטוס המשימות לשבוע הקרוב.,0,NON_LEAK,NON_SENSITIVE_GENERAL
הסיסמה הזמנית לחשבון של מאיה ביטון היא Welcome2026!.,1,LEAK,AUTH_SECRET
הפגישה עם אנליסטית תתקיים ביום ראשון בפתח תקווה.,0,NON_LEAK,NON_SENSITIVE_GENERAL
מיקרוסופט פרסמה הודעה רשמית על הרחבת הפעילות בנתניה.,0,NON_LEAK,PUBLIC_INFO
הצעת המחיר הסופית ללקוח תישלח אחרי אישור ראש צוות.,1,LEAK,CONFIDENTIAL_BUSINESS
נא לא לשתף את תוצאות הבדיקה של מיכל כהן שנערכו באסותא.,1,LEAK,HEALTH
תאריך ההשקה של פלטפורמת ארז נקבע ל5/5/2026.,1,LEAK,CONFIDENTIAL_BUSINESS
הישיבה תתקיים בחדר הגדול בקומה השנייה.,0,NON_LEAK,LOW_RISK_CONTEXT
תאריך ההשקה של גרסה 4.2 נקבע ל22/12/2026.,1,LEAK,CONFIDENTIAL_BUSINESS
בדוח הרפואי של הילה חדד מבית החולים אסותא מופיע טיפול רגיש.,1,LEAK,HEALTH
הצוות סיים את פיתוח מודול ברק ועבר לשלב הבדיקות.,0,NON_LEAK,NON_SENSITIVE_GENERAL
"הועבר תשלום בגובה 73 ש""ח מחשבון 1729596390 של עידן דנינו.",1,LEAK,FINANCIAL
"הקובץ כולל פרטי גישה למערכת, כולל שם משתמש וסיסמה.",1,LEAK,AUTH_SECRET
האתר הרשמי עודכן עם מסמכי ההדרכה החדשים למשתמשים.,0,NON_LEAK,PUBLIC_INFO
מספר תעודת הזהות של עידן דנינו הוא 307372607.,1,LEAK,PII_DIRECT
בכנס הטכנולוגיה הוצגו מגמות חדשות בתחום הבינה המלאכותית.,0,NON_LEAK,PUBLIC_INFO
קוד האימות שנשלח לנועה מזרחי הוא 483921.,1,LEAK,AUTH_SECRET
פורסם עדכון גרסה למערכת והמשתמשים התבקשו לרענן את הדפדפן.,0,NON_LEAK,NON_SENSITIVE_GENERAL
האתר הרשמי עודכן עם מסמכי ההדרכה החדשים למשתמשים.,0,NON_LEAK,PUBLIC_INFO
"פרטי החשבון של איתי פרץ: בנק דיסקונט, חשבון 8903450295.",1,LEAK,FINANCIAL
בדוח מופיעים פרטי כרטיס של מאיה ביטון ותוקף 08/27.,1,LEAK,FINANCIAL
קוד האימות שנשלח למשה אוחנה הוא 483921.,1,LEAK,AUTH_SECRET
בכנס הטכנולוגיה הוצגו מגמות חדשות בתחום הבינה המלאכותית.,0,NON_LEAK,PUBLIC_INFO
בדוח הפנימי מופיעים שמות לקוחות אסטרטגיים ותנאי התקשרות.,1,LEAK,CONFIDENTIAL_BUSINESS
בדוח משאבי האנוש מופיעים נתוני שכר של רון חדד.,1,LEAK,LEGAL_HR
החברה הודיעה לציבור על פתיחת מרכז שירות חדש בירושלים.,0,NON_LEAK,PUBLIC_INFO
"פרטי החשבון של איתי פרץ: בנק דיסקונט, חשבון 0281406937.",1,LEAK,FINANCIAL
אורן אברהם עובד בחברת בנק לאומי בהרצליה.,0,NON_LEAK,NON_SENSITIVE_GENERAL
הילה חדד עובד בחברת צ'ק פוינט בחיפה.,0,NON_LEAK,NON_SENSITIVE_GENERAL
הישיבה תתקיים בחדר הגדול בקומה השנייה.,0,NON_LEAK,LOW_RISK_CONTEXT
שטראוס פרסמה הודעה רשמית על הרחבת הפעילות בחיפה.,0,NON_LEAK,PUBLIC_INFO
הצוות מבקש להוסיף מסך התחברות חדש למערכת.,0,NON_LEAK,LOW_RISK_CONTEXT
יש לשלוח את הקובץ המעודכן עד סוף היום.,0,NON_LEAK,LOW_RISK_CONTEXT
האתר הרשמי עודכן עם מסמכי ההדרכה החדשים למשתמשים.,0,NON_LEAK,PUBLIC_INFO
הפגישה עם מנהלת משאבי אנוש תתקיים ביום ראשון באשדוד.,0,NON_LEAK,NON_SENSITIVE_GENERAL
"הפגישה עם מנכ""ל תתקיים ביום ראשון בתל אביב.",0,NON_LEAK,NON_SENSITIVE_GENERAL
החברה הודיעה לציבור על פתיחת מרכז שירות חדש בפתח תקווה.,0,NON_LEAK,PUBLIC_INFO
הפרויקט עבר לשלב האינטגרציה ונדרשת בדיקת עומסים.,0,NON_LEAK,LOW_RISK_CONTEXT
"הועבר תשלום בגובה 131 ש""ח מחשבון 5034553882 של נועם מזרחי.",1,LEAK,FINANCIAL
הפגישה עם מנהלת משאבי אנוש תתקיים ביום ראשון בחיפה.,0,NON_LEAK,NON_SENSITIVE_GENERAL
האתר הרשמי עודכן עם מסמכי ההדרכה החדשים למשתמשים.,0,NON_LEAK,PUBLIC_INFO
יש לשלוח את הקובץ המעודכן עד סוף היום.,0,NON_LEAK,LOW_RISK_CONTEXT
נועם מזרחי עובד בחברת אינטל באשדוד.,0,NON_LEAK,NON_SENSITIVE_GENERAL
הישיבה תתקיים בחדר הגדול בקומה השנייה.,0,NON_LEAK,LOW_RISK_CONTEXT
האתר הרשמי עודכן עם מסמכי ההדרכה החדשים למשתמשים.,0,NON_LEAK,PUBLIC_INFO
תאריך ההשקה של מערכת קשת נקבע ל24/10/2026.,1,LEAK,CONFIDENTIAL_BUSINESS
פורסם עדכון גרסה למערכת והמשתמשים התבקשו לרענן את הדפדפן.,0,NON_LEAK,NON_SENSITIVE_GENERAL
הצוות סיים את פיתוח מודול ברק ועבר לשלב הבדיקות.,0,NON_LEAK,NON_SENSITIVE_GENERAL
תאריך ההשקה של פלטפורמת ארז נקבע ל26/4/2026.,1,LEAK,CONFIDENTIAL_BUSINESS
"הכתובת של ניר ביטון היא רחוב הגליל 3, תל אביב.",1,LEAK,PII_DIRECT
החברה הודיעה לציבור על פתיחת מרכז שירות חדש ברעננה.,0,NON_LEAK,PUBLIC_INFO
הצוות סיים את פיתוח פרויקט נוגה ועבר לשלב הבדיקות.,0,NON_LEAK,NON_SENSITIVE_GENERAL
הישיבה תתקיים בחדר הגדול בקומה השנייה.,0,NON_LEAK,LOW_RISK_CONTEXT
הפרויקט עבר לשלב האינטגרציה ונדרשת בדיקת עומסים.,0,NON_LEAK,LOW_RISK_CONTEXT
התיק הרפואי של דוד כהן מציין אבחנה של סוכרת.,1,LEAK,HEALTH
הצוות מבקש להוסיף מסך התחברות חדש למערכת.,0,NON_LEAK,LOW_RISK_CONTEXT
הפגישה עם חשב שכר תתקיים ביום ראשון בפתח תקווה.,0,NON_LEAK,NON_SENSITIVE_GENERAL
הועבר סיכום שימוע של עידן דנינו עם פרטים אישיים רגישים.,1,LEAK,LEGAL_HR
הישיבה תתקיים בחדר הגדול בקומה השנייה.,0,NON_LEAK,LOW_RISK_CONTEXT
פורסם עדכון גרסה למערכת והמשתמשים התבקשו לרענן את הדפדפן.,0,NON_LEAK,NON_SENSITIVE_GENERAL
"הקובץ כולל פרטי גישה למערכת, כולל שם משתמש וסיסמה.",1,LEAK,AUTH_SECRET
מספר תעודת הזהות של מאיה ביטון הוא 535778811.,1,LEAK,PII_DIRECT
נא לא לשתף את תוצאות הבדיקה של נועם מזרחי שנערכו בשיבא.,1,LEAK,HEALTH
תאריך ההשקה של פלטפורמת ארז נקבע ל26/2/2026.,1,LEAK,CONFIDENTIAL_BUSINESS
"המסמך מכיל מידע רפואי אישי על אלון מלכה, כולל תרופות ואבחנות.",1,LEAK,HEALTH
תאריך ההשקה של מנוע זית נקבע ל9/5/2026.,1,LEAK,CONFIDENTIAL_BUSINESS
נא לשלוח את ההסכם אל oren.avraham@gmail.com ולוודא מול 0500562607.,1,LEAK,PII_DIRECT
"המסמך מכיל מידע רפואי אישי על שירה אברהם, כולל תרופות ואבחנות.",1,LEAK,HEALTH
הצוות מבקש להוסיף מסך התחברות חדש למערכת.,0,NON_LEAK,LOW_RISK_CONTEXT
תאריך ההשקה של מערכת קשת נקבע ל25/5/2026.,1,LEAK,CONFIDENTIAL_BUSINESS
התיק הרפואי של דנה דנינו מציין אבחנה של סוכרת.,1,LEAK,HEALTH
בדוח משאבי האנוש מופיעים נתוני שכר של עידן דנינו.,1,LEAK,LEGAL_HR
נועם מזרחי עובד בחברת רפאל בראשון לציון.,0,NON_LEAK,NON_SENSITIVE_GENERAL
"הקובץ כולל פרטי גישה למערכת, כולל שם משתמש וסיסמה.",1,LEAK,AUTH_SECRET
הצוות מבקש להוסיף מסך התחברות חדש למערכת.,0,NON_LEAK,LOW_RISK_CONTEXT
בכנס הטכנולוגיה הוצגו מגמות חדשות בתחום הבינה המלאכותית.,0,NON_LEAK,PUBLIC_INFO
מספר הטלפון של אורן אברהם הוא 0539933025.,1,LEAK,PII_DIRECT
קוד האימות שנשלח לליאור מלכה הוא 483921.,1,LEAK,AUTH_SECRET
הצעת המחיר הסופית ללקוח תישלח אחרי אישור מנהלת משאבי אנוש.,1,LEAK,CONFIDENTIAL_BUSINESS
האתר הרשמי עודכן עם מסמכי ההדרכה החדשים למשתמשים.,0,NON_LEAK,PUBLIC_INFO
הפגישה עם אנליסטית תתקיים ביום ראשון בירושלים.,0,NON_LEAK,NON_SENSITIVE_GENERAL
הסיסמה הזמנית לחשבון של דנה דנינו היא Welcome2026!.,1,LEAK,AUTH_SECRET
"בפגישה עם סמנכ""לית כספים סוכם כי פרויקט נוגה יושק ב10/2/2026.",1,LEAK,CONFIDENTIAL_BUSINESS
תאריך ההשקה של מודול ברק נקבע ל23/5/2026.,1,LEAK,CONFIDENTIAL_BUSINESS
"מנהל המוצר ביקש לעדכן את הלו""ז ולשתף את הסטטוס.",0,NON_LEAK,LOW_RISK_CONTEXT
"בפגישה עם מנכ""ל סוכם כי מנוע זית יושק ב7/11/2026.",1,LEAK,CONFIDENTIAL_BUSINESS
התיק הרפואי של אלון מלכה מציין אבחנה של חרדה.,1,LEAK,HEALTH
מאיה ביטון עובד בחברת שטראוס בבאר שבע.,0,NON_LEAK,NON_SENSITIVE_GENERAL
איתי פרץ עובד בחברת סלקום בהרצליה.,0,NON_LEAK,NON_SENSITIVE_GENERAL
הישיבה תתקיים בחדר הגדול בקומה השנייה.,0,NON_LEAK,LOW_RISK_CONTEXT
בדוח מופיעים פרטי כרטיס של יואב לוי ותוקף 08/27.,1,LEAK,FINANCIAL
קוד האימות שנשלח לנועם מזרחי הוא 483921.,1,LEAK,AUTH_SECRET
הפרויקט עבר לשלב האינטגרציה ונדרשת בדיקת עומסים.,0,NON_LEAK,LOW_RISK_CONTEXT
הישיבה תתקיים בחדר הגדול בקומה השנייה.,0,NON_LEAK,LOW_RISK_CONTEXT
הצוות מבקש להוסיף מסך התחברות חדש למערכת.,0,NON_LEAK,LOW_RISK_CONTEXT
בכנס הטכנולוגיה הוצגו מגמות חדשות בתחום הבינה המלאכותית.,0,NON_LEAK,PUBLIC_INFO
הפרויקט עבר לשלב האינטגרציה ונדרשת בדיקת עומסים.,0,NON_LEAK,LOW_RISK_CONTEXT
החברה הודיעה לציבור על פתיחת מרכז שירות חדש בהרצליה.,0,NON_LEAK,PUBLIC_INFO
בדוח הרפואי של משה אוחנה מבית החולים שיבא מופיע טיפול רגיש.,1,LEAK,HEALTH
מאיה ביטון עובד בחברת בנק לאומי בתל אביב.,0,NON_LEAK,NON_SENSITIVE_GENERAL
הישיבה תתקיים בחדר הגדול בקומה השנייה.,0,NON_LEAK,LOW_RISK_CONTEXT
"הקובץ כולל פרטי גישה למערכת, כולל שם משתמש וסיסמה.",1,LEAK,AUTH_SECRET
מספר תעודת הזהות של עידן דנינו הוא 117758917.,1,LEAK,PII_DIRECT
שטראוס פרסמה הודעה רשמית על הרחבת הפעילות בתל אביב.,0,NON_LEAK,PUBLIC_INFO
בדוח הרפואי של מאיה ביטון מבית החולים שיבא מופיע טיפול רגיש.,1,LEAK,HEALTH
הפרויקט עבר לשלב האינטגרציה ונדרשת בדיקת עומסים.,0,NON_LEAK,LOW_RISK_CONTEXT
בדוח הפנימי מופיעים שמות לקוחות אסטרטגיים ותנאי התקשרות.,1,LEAK,CONFIDENTIAL_BUSINESS
"מנהל המוצר ביקש לעדכן את הלו""ז ולשתף את הסטטוס.",0,NON_LEAK,LOW_RISK_CONTEXT
קוד האימות שנשלח לאלון מלכה הוא 483921.,1,LEAK,AUTH_SECRET
בכנס הטכנולוגיה הוצגו מגמות חדשות בתחום הבינה המלאכותית.,0,NON_LEAK,PUBLIC_INFO
מספר כרטיס האשראי של יעל לוי הוא 2592833971785681.,1,LEAK,FINANCIAL
המצגת עודכנה וכוללת את סטטוס המשימות לשבוע הקרוב.,0,NON_LEAK,NON_SENSITIVE_GENERAL
הצוות מבקש להוסיף מסך התחברות חדש למערכת.,0,NON_LEAK,LOW_RISK_CONTEXT
כתובת המייל האישית של אורן אברהם היא oren.avraham@gmail.com.,1,LEAK,PII_DIRECT
"המסמך מכיל מידע רפואי אישי על איתי פרץ, כולל תרופות ואבחנות.",1,LEAK,HEALTH
המצגת עודכנה וכוללת את סטטוס המשימות לשבוע הקרוב.,0,NON_LEAK,NON_SENSITIVE_GENERAL
החברה הודיעה לציבור על פתיחת מרכז שירות חדש בתל אביב.,0,NON_LEAK,PUBLIC_INFO
המסמך כולל פרטי חקירה פנימית ושמות עובדים מעורבים.,1,LEAK,LEGAL_HR
הצוות סיים את פיתוח מערכת קשת ועבר לשלב הבדיקות.,0,NON_LEAK,NON_SENSITIVE_GENERAL
הפגישה עם אנליסטית תתקיים ביום ראשון בראשון לציון.,0,NON_LEAK,NON_SENSITIVE_GENERAL
החברה הודיעה לציבור על פתיחת מרכז שירות חדש בחיפה.,0,NON_LEAK,PUBLIC_INFO
המסמך כולל פרטי חקירה פנימית ושמות עובדים מעורבים.,1,LEAK,LEGAL_HR
הקבוצה תיפגש מחר בבוקר לדיון על תכנון הרבעון הבא.,0,NON_LEAK,NON_SENSITIVE_GENERAL
הישיבה תתקיים בחדר הגדול בקומה השנייה.,0,NON_LEAK,LOW_RISK_CONTEXT
"הועבר תשלום בגובה 63 ש""ח מחשבון 3642550353 של משה אוחנה.",1,LEAK,FINANCIAL
התיק הרפואי של משה אוחנה מציין אבחנה של דלקת ריאות.,1,LEAK,HEALTH
הצוות סיים את פיתוח פרויקט נוגה ועבר לשלב הבדיקות.,0,NON_LEAK,NON_SENSITIVE_GENERAL
"מנהל המוצר ביקש לעדכן את הלו""ז ולשתף את הסטטוס.",0,NON_LEAK,LOW_RISK_CONTEXT
המסמך מסווג פנימי וכולל את תוכנית ההשקה של שירות אביב.,1,LEAK,CONFIDENTIAL_BUSINESS
"מנהל המוצר ביקש לעדכן את הלו""ז ולשתף את הסטטוס.",0,NON_LEAK,LOW_RISK_CONTEXT
פורסם עדכון גרסה למערכת והמשתמשים התבקשו לרענן את הדפדפן.,0,NON_LEAK,NON_SENSITIVE_GENERAL
"פרטי החשבון של טל אוחנה: בנק מזרחי טפחות, חשבון 9698384572.",1,LEAK,FINANCIAL
יש לשלוח את הקובץ המעודכן עד סוף היום.,0,NON_LEAK,LOW_RISK_CONTEXT
נועה מזרחי עובד בחברת רפאל באשדוד.,0,NON_LEAK,NON_SENSITIVE_GENERAL
בדוח משאבי האנוש מופיעים נתוני שכר של איתי פרץ.,1,LEAK,LEGAL_HR
נא לא לשתף את תוצאות הבדיקה של איתי פרץ שנערכו באסותא.,1,LEAK,HEALTH
מספר תעודת הזהות של אלון מלכה הוא 516411955.,1,LEAK,PII_DIRECT
פורסם עדכון גרסה למערכת והמשתמשים התבקשו לרענן את הדפדפן.,0,NON_LEAK,NON_SENSITIVE_GENERAL
הצוות מבקש להוסיף מסך התחברות חדש למערכת.,0,NON_LEAK,LOW_RISK_CONTEXT
המסמך מסווג פנימי וכולל את תוכנית ההשקה של שירות אביב.,1,LEAK,CONFIDENTIAL_BUSINESS
הישיבה תתקיים בחדר הגדול בקומה השנייה.,0,NON_LEAK,LOW_RISK_CONTEXT
טל אוחנה עובד בחברת גוגל ישראל באשדוד.,0,NON_LEAK,NON_SENSITIVE_GENERAL
רפאל פרסמה הודעה רשמית על הרחבת הפעילות ברעננה.,0,NON_LEAK,PUBLIC_INFO
החברה הודיעה לציבור על פתיחת מרכז שירות חדש באשדוד.,0,NON_LEAK,PUBLIC_INFO
האתר הרשמי עודכן עם מסמכי ההדרכה החדשים למשתמשים.,0,NON_LEAK,PUBLIC_INFO
הקובץ כולל תלונת משמעת נגד עידן דנינו והמלצת פיטורין.,1,LEAK,LEGAL_HR
"נא לא לשתף את תוצאות הבדיקה של איתי פרץ שנערכו ברמב""ם.",1,LEAK,HEALTH
גוגל ישראל פרסמה הודעה רשמית על הרחבת הפעילות בנתניה.,0,NON_LEAK,PUBLIC_INFO
"פרטי החשבון של אלון מלכה: בנק בנק הפועלים, חשבון 4760440907.",1,LEAK,FINANCIAL
מפתח ה-API של הסביבה הפנימית נשמר במסמך המצורף.,1,LEAK,AUTH_SECRET
הפגישה עם מנהל פיתוח תתקיים ביום ראשון בבאר שבע.,0,NON_LEAK,NON_SENSITIVE_GENERAL
האתר הרשמי עודכן עם מסמכי ההדרכה החדשים למשתמשים.,0,NON_LEAK,PUBLIC_INFO
"מנהל המוצר ביקש לעדכן את הלו""ז ולשתף את הסטטוס.",0,NON_LEAK,LOW_RISK_CONTEXT
הקבוצה תיפגש מחר בבוקר לדיון על תכנון הרבעון הבא.,0,NON_LEAK,NON_SENSITIVE_GENERAL
"הועבר תשלום בגובה 245 ש""ח מחשבון 2175626996 של יעל לוי.",1,LEAK,FINANCIAL
נא לא לשתף את תוצאות הבדיקה של דוד כהן שנערכו בסורוקה.,1,LEAK,HEALTH
בדוח משאבי האנוש מופיעים נתוני שכר של נועם מזרחי.,1,LEAK,LEGAL_HR
התיק הרפואי של נועה מזרחי מציין אבחנה של חרדה.,1,LEAK,HEALTH
"המסמך מכיל מידע רפואי אישי על ניר ביטון, כולל תרופות ואבחנות.",1,LEAK,HEALTH
מספר כרטיס האשראי של מיכל כהן הוא 0667015145992016.,1,LEAK,FINANCIAL
הפרויקט עבר לשלב האינטגרציה ונדרשת בדיקת עומסים.,0,NON_LEAK,LOW_RISK_CONTEXT
"המסמך מכיל מידע רפואי אישי על נועה מזרחי, כולל תרופות ואבחנות.",1,LEAK,HEALTH
"מנהל המוצר ביקש לעדכן את הלו""ז ולשתף את הסטטוס.",0,NON_LEAK,LOW_RISK_CONTEXT
מספר תעודת הזהות של יואב לוי הוא 931027079.,1,LEAK,PII_DIRECT
הפגישה עם אנליסטית תתקיים ביום ראשון באשדוד.,0,NON_LEAK,NON_SENSITIVE_GENERAL
"פרטי הקשר של הלקוחה שירה אברהם: טלפון 0527890880, מייל shira.avraham@org.co.il.",1,LEAK,PII_DIRECT
האתר הרשמי עודכן עם מסמכי ההדרכה החדשים למשתמשים.,0,NON_LEAK,PUBLIC_INFO
הפגישה עם ראש צוות תתקיים ביום ראשון בחיפה.,0,NON_LEAK,NON_SENSITIVE_GENERAL
"מנהל המוצר ביקש לעדכן את הלו""ז ולשתף את הסטטוס.",0,NON_LEAK,LOW_RISK_CONTEXT
"הקובץ כולל פרטי חיוב של לקוחות, כולל חשבונות בנק וסכומים.",1,LEAK,FINANCIAL
בדוח הפנימי מופיעים שמות לקוחות אסטרטגיים ותנאי התקשרות.,1,LEAK,CONFIDENTIAL_BUSINESS
נא לא לשתף את תוצאות הבדיקה של טל אוחנה שנערכו בסורוקה.,1,LEAK,HEALTH
המצגת עודכנה וכוללת את סטטוס המשימות לשבוע הקרוב.,0,NON_LEAK,NON_SENSITIVE_GENERAL
הצוות מבקש להוסיף מסך התחברות חדש למערכת.,0,NON_LEAK,LOW_RISK_CONTEXT
"הועבר תשלום בגובה 170 ש""ח מחשבון 1368410132 של עידן דנינו.",1,LEAK,FINANCIAL
הסיסמה הזמנית לחשבון של ניר ביטון היא Welcome2026!.,1,LEAK,AUTH_SECRET
הפגישה עם מנהל פיתוח תתקיים ביום ראשון בנתניה.,0,NON_LEAK,NON_SENSITIVE_GENERAL
פורסם עדכון גרסה למערכת והמשתמשים התבקשו לרענן את הדפדפן.,0,NON_LEAK,NON_SENSITIVE_GENERAL
בכנס הטכנולוגיה הוצגו מגמות חדשות בתחום הבינה המלאכותית.,0,NON_LEAK,PUBLIC_INFO
האתר הרשמי עודכן עם מסמכי ההדרכה החדשים למשתמשים.,0,NON_LEAK,PUBLIC_INFO
שירה אברהם עובד בחברת שטראוס בהרצליה.,0,NON_LEAK,NON_SENSITIVE_GENERAL
בדוח הרפואי של נועם מזרחי מבית החולים שיבא מופיע טיפול רגיש.,1,LEAK,HEALTH
"פרטי הקשר של הלקוחה יעל לוי: טלפון 0540092319, מייל yael.levi@company.co.il.",1,LEAK,PII_DIRECT
"הפגישה עם סמנכ""לית כספים תתקיים ביום ראשון בראשון לציון.",0,NON_LEAK,NON_SENSITIVE_GENERAL
"המסמך מכיל מידע רפואי אישי על עידן דנינו, כולל תרופות ואבחנות.",1,LEAK,HEALTH
"הועבר תשלום בגובה 152 ש""ח מחשבון 0254550054 של עידן דנינו.",1,LEAK,FINANCIAL
"המסמך מכיל מידע רפואי אישי על נועה מזרחי, כולל תרופות ואבחנות.",1,LEAK,HEALTH
בדוח מופיעים פרטי כרטיס של דוד כהן ותוקף 08/27.,1,LEAK,FINANCIAL
"המסמך מכיל מידע רפואי אישי על ליאור מלכה, כולל תרופות ואבחנות.",1,LEAK,HEALTH
יש לשלוח את הקובץ המעודכן עד סוף היום.,0,NON_LEAK,LOW_RISK_CONTEXT
"הקובץ כולל פרטי חיוב של לקוחות, כולל חשבונות בנק וסכומים.",1,LEAK,FINANCIAL
מפתח ה-API של הסביבה הפנימית נשמר במסמך המצורף.,1,LEAK,AUTH_SECRET
הצוות מבקש להוסיף מסך התחברות חדש למערכת.,0,NON_LEAK,LOW_RISK_CONTEXT
יש לשלוח את הקובץ המעודכן עד סוף היום.,0,NON_LEAK,LOW_RISK_CONTEXT
הצוות מבקש להוסיף מסך התחברות חדש למערכת.,0,NON_LEAK,LOW_RISK_CONTEXT
פורסם עדכון גרסה למערכת והמשתמשים התבקשו לרענן את הדפדפן.,0,NON_LEAK,NON_SENSITIVE_GENERAL
בדוח הפנימי מופיעים שמות לקוחות אסטרטגיים ותנאי התקשרות.,1,LEAK,CONFIDENTIAL_BUSINESS
הסיסמה הזמנית לחשבון של שירה אברהם היא Welcome2026!.,1,LEAK,AUTH_SECRET
"הקובץ כולל פרטי חיוב של לקוחות, כולל חשבונות בנק וסכומים.",1,LEAK,FINANCIAL
נא לשלוח את ההסכם אל ron.hadad@org.co.il ולוודא מול 0598343018.,1,LEAK,PII_DIRECT
הסיסמה הזמנית לחשבון של נועה מזרחי היא Welcome2026!.,1,LEAK,AUTH_SECRET
האתר הרשמי עודכן עם מסמכי ההדרכה החדשים למשתמשים.,0,NON_LEAK,PUBLIC_INFO
הקובץ כולל תלונת משמעת נגד הילה חדד והמלצת פיטורין.,1,LEAK,LEGAL_HR
בדוח משאבי האנוש מופיעים נתוני שכר של דנה דנינו.,1,LEAK,LEGAL_HR
"הקובץ כולל פרטי חיוב של לקוחות, כולל חשבונות בנק וסכומים.",1,LEAK,FINANCIAL
פורסם עדכון גרסה למערכת והמשתמשים התבקשו לרענן את הדפדפן.,0,NON_LEAK,NON_SENSITIVE_GENERAL
הפרויקט עבר לשלב האינטגרציה ונדרשת בדיקת עומסים.,0,NON_LEAK,LOW_RISK_CONTEXT
הקובץ כולל תלונת משמעת נגד מאיה ביטון והמלצת פיטורין.,1,LEAK,LEGAL_HR
המסמך כולל פרטי חקירה פנימית ושמות עובדים מעורבים.,1,LEAK,LEGAL_HR
התיק הרפואי של נועם מזרחי מציין אבחנה של חרדה.,1,LEAK,HEALTH
הקובץ כולל תלונת משמעת נגד איתי פרץ והמלצת פיטורין.,1,LEAK,LEGAL_HR
הפגישה עם ראש צוות תתקיים ביום ראשון בבאר שבע.,0,NON_LEAK,NON_SENSITIVE_GENERAL
האתר הרשמי עודכן עם מסמכי ההדרכה החדשים למשתמשים.,0,NON_LEAK,PUBLIC_INFO
מספר הטלפון של משה אוחנה הוא 0579251362.,1,LEAK,PII_DIRECT
הועבר סיכום שימוע של ניר ביטון עם פרטים אישיים רגישים.,1,LEAK,LEGAL_HR
"מנהל המוצר ביקש לעדכן את הלו""ז ולשתף את הסטטוס.",0,NON_LEAK,LOW_RISK_CONTEXT
הקבוצה תיפגש מחר בבוקר לדיון על תכנון הרבעון הבא.,0,NON_LEAK,NON_SENSITIVE_GENERAL
הפרויקט עבר לשלב האינטגרציה ונדרשת בדיקת עומסים.,0,NON_LEAK,LOW_RISK_CONTEXT
יש לשלוח את הקובץ המעודכן עד סוף היום.,0,NON_LEAK,LOW_RISK_CONTEXT
"הכתובת של יעל לוי היא רחוב הרצל 12, ירושלים.",1,LEAK,PII_DIRECT
הצוות מבקש להוסיף מסך התחברות חדש למערכת.,0,NON_LEAK,LOW_RISK_CONTEXT
"הכתובת של מאיה ביטון היא רחוב הנביאים 14, הרצליה.",1,LEAK,PII_DIRECT
כתובת המייל האישית של שירה אברהם היא shira.avraham@outlook.com.,1,LEAK,PII_DIRECT
תאריך ההשקה של מנוע זית נקבע ל24/3/2026.,1,LEAK,CONFIDENTIAL_BUSINESS
"הכתובת של איתי פרץ היא רחוב בן גוריון 5, תל אביב.",1,LEAK,PII_DIRECT
"הקובץ כולל פרטי גישה למערכת, כולל שם משתמש וסיסמה.",1,LEAK,AUTH_SECRET
המצגת עודכנה וכוללת את סטטוס המשימות לשבוע הקרוב.,0,NON_LEAK,NON_SENSITIVE_GENERAL
"פרטי החשבון של רון חדד: בנק דיסקונט, חשבון 8701462638.",1,LEAK,FINANCIAL
החברה הודיעה לציבור על פתיחת מרכז שירות חדש באשדוד.,0,NON_LEAK,PUBLIC_INFO
החברה הודיעה לציבור על פתיחת מרכז שירות חדש בבאר שבע.,0,NON_LEAK,PUBLIC_INFO
בפגישה עם ראש צוות סוכם כי מערכת קשת יושק ב18/6/2026.,1,LEAK,CONFIDENTIAL_BUSINESS
"הכתובת של אלון מלכה היא רחוב העצמאות 44, פתח תקווה.",1,LEAK,PII_DIRECT
"מנהל המוצר ביקש לעדכן את הלו""ז ולשתף את הסטטוס.",0,NON_LEAK,LOW_RISK_CONTEXT
כתובת המייל האישית של שירה אברהם היא shira.avraham@company.co.il.,1,LEAK,PII_DIRECT
"המסמך מכיל מידע רפואי אישי על נועה מזרחי, כולל תרופות ואבחנות.",1,LEAK,HEALTH
"פרטי החשבון של מיכל כהן: בנק דיסקונט, חשבון 9108296561.",1,LEAK,FINANCIAL
הפגישה עם חשב שכר תתקיים ביום ראשון בראשון לציון.,0,NON_LEAK,NON_SENSITIVE_GENERAL
גוגל ישראל פרסמה הודעה רשמית על הרחבת הפעילות בבאר שבע.,0,NON_LEAK,PUBLIC_INFO
האתר הרשמי עודכן עם מסמכי ההדרכה החדשים למשתמשים.,0,NON_LEAK,PUBLIC_INFO
הישיבה תתקיים בחדר הגדול בקומה השנייה.,0,NON_LEAK,LOW_RISK_CONTEXT
המסמך מסווג פנימי וכולל את תוכנית ההשקה של מודול ברק.,1,LEAK,CONFIDENTIAL_BUSINESS
המסמך כולל פרטי חקירה פנימית ושמות עובדים מעורבים.,1,LEAK,LEGAL_HR
בדוח הפנימי מופיעים שמות לקוחות אסטרטגיים ותנאי התקשרות.,1,LEAK,CONFIDENTIAL_BUSINESS
פורסם עדכון גרסה למערכת והמשתמשים התבקשו לרענן את הדפדפן.,0,NON_LEAK,NON_SENSITIVE_GENERAL
בדוח משאבי האנוש מופיעים נתוני שכר של עידן דנינו.,1,LEAK,LEGAL_HR
יש לשלוח את הקובץ המעודכן עד סוף היום.,0,NON_LEAK,LOW_RISK_CONTEXT
המסמך כולל פרטי חקירה פנימית ושמות עובדים מעורבים.,1,LEAK,LEGAL_HR
הקבוצה תיפגש מחר בבוקר לדיון על תכנון הרבעון הבא.,0,NON_LEAK,NON_SENSITIVE_GENERAL
בדוח מופיעים פרטי כרטיס של טל אוחנה ותוקף 08/27.,1,LEAK,FINANCIAL
החברה הודיעה לציבור על פתיחת מרכז שירות חדש בבאר שבע.,0,NON_LEAK,PUBLIC_INFO
נא לשלוח את ההסכם אל ronit.peretz@mail.com ולוודא מול 0536314931.,1,LEAK,PII_DIRECT
בכנס הטכנולוגיה הוצגו מגמות חדשות בתחום הבינה המלאכותית.,0,NON_LEAK,PUBLIC_INFO
המסמך כולל פרטי חקירה פנימית ושמות עובדים מעורבים.,1,LEAK,LEGAL_HR
האתר הרשמי עודכן עם מסמכי ההדרכה החדשים למשתמשים.,0,NON_LEAK,PUBLIC_INFO
מפתח ה-API של הסביבה הפנימית נשמר במסמך המצורף.,1,LEAK,AUTH_SECRET
מספר תעודת הזהות של עידן דנינו הוא 770673682.,1,LEAK,PII_DIRECT
תאריך ההשקה של פלטפורמת ארז נקבע ל13/1/2026.,1,LEAK,CONFIDENTIAL_BUSINESS
המצגת עודכנה וכוללת את סטטוס המשימות לשבוע הקרוב.,0,NON_LEAK,NON_SENSITIVE_GENERAL
נא לשלוח את ההסכם אל tal.ohana@company.co.il ולוודא מול 0514117393.,1,LEAK,PII_DIRECT
האתר הרשמי עודכן עם מסמכי ההדרכה החדשים למשתמשים.,0,NON_LEAK,PUBLIC_INFO
בפגישה עם ראש צוות סוכם כי מנוע זית יושק ב27/8/2026.,1,LEAK,CONFIDENTIAL_BUSINESS
מספר כרטיס האשראי של יואב לוי הוא 8924418328113724.,1,LEAK,FINANCIAL
גוגל ישראל פרסמה הודעה רשמית על הרחבת הפעילות בירושלים.,0,NON_LEAK,PUBLIC_INFO
האתר הרשמי עודכן עם מסמכי ההדרכה החדשים למשתמשים.,0,NON_LEAK,PUBLIC_INFO
"המסמך מכיל מידע רפואי אישי על נועה מזרחי, כולל תרופות ואבחנות.",1,LEAK,HEALTH
מספר כרטיס האשראי של משה אוחנה הוא 0956321740039101.,1,LEAK,FINANCIAL
"המסמך מכיל מידע רפואי אישי על דוד כהן, כולל תרופות ואבחנות.",1,LEAK,HEALTH
"המסמך מכיל מידע רפואי אישי על נועם מזרחי, כולל תרופות ואבחנות.",1,LEAK,HEALTH
"הכתובת של נועם מזרחי היא רחוב העצמאות 44, הרצליה.",1,LEAK,PII_DIRECT
מספר כרטיס האשראי של טל אוחנה הוא 1979797245284135.,1,LEAK,FINANCIAL
הסיסמה הזמנית לחשבון של אורן אברהם היא Welcome2026!.,1,LEAK,AUTH_SECRET
"הקובץ כולל פרטי חיוב של לקוחות, כולל חשבונות בנק וסכומים.",1,LEAK,FINANCIAL
הקבוצה תיפגש מחר בבוקר לדיון על תכנון הרבעון הבא.,0,NON_LEAK,NON_SENSITIVE_GENERAL
תאריך ההשקה של מודול ברק נקבע ל18/3/2026.,1,LEAK,CONFIDENTIAL_BUSINESS
התיק הרפואי של הילה חדד מציין אבחנה של אסתמה.,1,LEAK,HEALTH
"הכתובת של הילה חדד היא רחוב הנביאים 14, תל אביב.",1,LEAK,PII_DIRECT
הקובץ כולל תלונת משמעת נגד מיכל כהן והמלצת פיטורין.,1,LEAK,LEGAL_HR
"הקובץ כולל פרטי חיוב של לקוחות, כולל חשבונות בנק וסכומים.",1,LEAK,FINANCIAL
המצגת עודכנה וכוללת את סטטוס המשימות לשבוע הקרוב.,0,NON_LEAK,NON_SENSITIVE_GENERAL
פורסם עדכון גרסה למערכת והמשתמשים התבקשו לרענן את הדפדפן.,0,NON_LEAK,NON_SENSITIVE_GENERAL
"המסמך מכיל מידע רפואי אישי על רון חדד, כולל תרופות ואבחנות.",1,LEAK,HEALTH
מספר הטלפון של איתי פרץ הוא 0574907539.,1,LEAK,PII_DIRECT
הסיסמה הזמנית לחשבון של שירה אברהם היא Welcome2026!.,1,LEAK,AUTH_SECRET
"הקובץ כולל פרטי חיוב של לקוחות, כולל חשבונות בנק וסכומים.",1,LEAK,FINANCIAL
האתר הרשמי עודכן עם מסמכי ההדרכה החדשים למשתמשים.,0,NON_LEAK,PUBLIC_INFO
קוד האימות שנשלח למאיה ביטון הוא 483921.,1,LEAK,AUTH_SECRET
יש לשלוח את הקובץ המעודכן עד סוף היום.,0,NON_LEAK,LOW_RISK_CONTEXT
הצעת המחיר הסופית ללקוח תישלח אחרי אישור מנהל פיתוח.,1,LEAK,CONFIDENTIAL_BUSINESS
בכנס הטכנולוגיה הוצגו מגמות חדשות בתחום הבינה המלאכותית.,0,NON_LEAK,PUBLIC_INFO
"הקובץ כולל פרטי גישה למערכת, כולל שם משתמש וסיסמה.",1,LEAK,AUTH_SECRET
בכנס הטכנולוגיה הוצגו מגמות חדשות בתחום הבינה המלאכותית.,0,NON_LEAK,PUBLIC_INFO
הועבר סיכום שימוע של דוד כהן עם פרטים אישיים רגישים.,1,LEAK,LEGAL_HR
בכנס הטכנולוגיה הוצגו מגמות חדשות בתחום הבינה המלאכותית.,0,NON_LEAK,PUBLIC_INFO
גוגל ישראל פרסמה הודעה רשמית על הרחבת הפעילות ברעננה.,0,NON_LEAK,PUBLIC_INFO
האתר הרשמי עודכן עם מסמכי ההדרכה החדשים למשתמשים.,0,NON_LEAK,PUBLIC_INFO
גוגל ישראל פרסמה הודעה רשמית על הרחבת הפעילות בירושלים.,0,NON_LEAK,PUBLIC_INFO
"מנהל המוצר ביקש לעדכן את הלו""ז ולשתף את הסטטוס.",0,NON_LEAK,LOW_RISK_CONTEXT
משה אוחנה עובד בחברת סלקום בהרצליה.,0,NON_LEAK,NON_SENSITIVE_GENERAL
החברה הודיעה לציבור על פתיחת מרכז שירות חדש בתל אביב.,0,NON_LEAK,PUBLIC_INFO
הפרויקט עבר לשלב האינטגרציה ונדרשת בדיקת עומסים.,0,NON_LEAK,LOW_RISK_CONTEXT
מפתח ה-API של הסביבה הפנימית נשמר במסמך המצורף.,1,LEAK,AUTH_SECRET
הפרויקט עבר לשלב האינטגרציה ונדרשת בדיקת עומסים.,0,NON_LEAK,LOW_RISK_CONTEXT
המסמך כולל פרטי חקירה פנימית ושמות עובדים מעורבים.,1,LEAK,LEGAL_HR
הישיבה תתקיים בחדר הגדול בקומה השנייה.,0,NON_LEAK,LOW_RISK_CONTEXT
רפאל פרסמה הודעה רשמית על הרחבת הפעילות בבאר שבע.,0,NON_LEAK,PUBLIC_INFO
הישיבה תתקיים בחדר הגדול בקומה השנייה.,0,NON_LEAK,LOW_RISK_CONTEXT
בדוח הרפואי של משה אוחנה מבית החולים שיבא מופיע טיפול רגיש.,1,LEAK,HEALTH
נא לא לשתף את תוצאות הבדיקה של מיכל כהן שנערכו בשיבא.,1,LEAK,HEALTH
האתר הרשמי עודכן עם מסמכי ההדרכה החדשים למשתמשים.,0,NON_LEAK,PUBLIC_INFO
יש לשלוח את הקובץ המעודכן עד סוף היום.,0,NON_LEAK,LOW_RISK_CONTEXT
בדוח משאבי האנוש מופיעים נתוני שכר של אורן אברהם.,1,LEAK,LEGAL_HR
בכנס הטכנולוגיה הוצגו מגמות חדשות בתחום הבינה המלאכותית.,0,NON_LEAK,PUBLIC_INFO
הפגישה עם מנהלת משאבי אנוש תתקיים ביום ראשון באשדוד.,0,NON_LEAK,NON_SENSITIVE_GENERAL
הצוות מבקש להוסיף מסך התחברות חדש למערכת.,0,NON_LEAK,LOW_RISK_CONTEXT
"הקובץ כולל פרטי חיוב של לקוחות, כולל חשבונות בנק וסכומים.",1,LEAK,FINANCIAL
החברה הודיעה לציבור על פתיחת מרכז שירות חדש בהרצליה.,0,NON_LEAK,PUBLIC_INFO
תאריך ההשקה של מנוע זית נקבע ל4/10/2026.,1,LEAK,CONFIDENTIAL_BUSINESS
בדוח משאבי האנוש מופיעים נתוני שכר של שירה אברהם.,1,LEAK,LEGAL_HR
"הועבר תשלום בגובה 214 ש""ח מחשבון 0762969652 של יואב לוי.",1,LEAK,FINANCIAL
פורסם עדכון גרסה למערכת והמשתמשים התבקשו לרענן את הדפדפן.,0,NON_LEAK,NON_SENSITIVE_GENERAL
"מנהל המוצר ביקש לעדכן את הלו""ז ולשתף את הסטטוס.",0,NON_LEAK,LOW_RISK_CONTEXT
"הועבר תשלום בגובה 10 ש""ח מחשבון 6023547224 של אלון מלכה.",1,LEAK,FINANCIAL
המצגת עודכנה וכוללת את סטטוס המשימות לשבוע הקרוב.,0,NON_LEAK,NON_SENSITIVE_GENERAL
מפתח ה-API של הסביבה הפנימית נשמר במסמך המצורף.,1,LEAK,AUTH_SECRET
הקבוצה תיפגש מחר בבוקר לדיון על תכנון הרבעון הבא.,0,NON_LEAK,NON_SENSITIVE_GENERAL
"מנהל המוצר ביקש לעדכן את הלו""ז ולשתף את הסטטוס.",0,NON_LEAK,LOW_RISK_CONTEXT
החברה הודיעה לציבור על פתיחת מרכז שירות חדש בראשון לציון.,0,NON_LEAK,PUBLIC_INFO
אינטל פרסמה הודעה רשמית על הרחבת הפעילות בחיפה.,0,NON_LEAK,PUBLIC_INFO
"בפגישה עם מנכ""ל סוכם כי מודול ברק יושק ב25/7/2026.",1,LEAK,CONFIDENTIAL_BUSINESS
הצוות מבקש להוסיף מסך התחברות חדש למערכת.,0,NON_LEAK,LOW_RISK_CONTEXT
כתובת המייל האישית של אורן אברהם היא oren.avraham@org.co.il.,1,LEAK,PII_DIRECT
בדוח מופיעים פרטי כרטיס של נועה מזרחי ותוקף 08/27.,1,LEAK,FINANCIAL
"הקובץ כולל פרטי גישה למערכת, כולל שם משתמש וסיסמה.",1,LEAK,AUTH_SECRET
המסמך כולל פרטי חקירה פנימית ושמות עובדים מעורבים.,1,LEAK,LEGAL_HR
הישיבה תתקיים בחדר הגדול בקומה השנייה.,0,NON_LEAK,LOW_RISK_CONTEXT
הצוות סיים את פיתוח פלטפורמת ארז ועבר לשלב הבדיקות.,0,NON_LEAK,NON_SENSITIVE_GENERAL
הקובץ כולל תלונת משמעת נגד שירה אברהם והמלצת פיטורין.,1,LEAK,LEGAL_HR
מספר תעודת הזהות של רונית פרץ הוא 874587120.,1,LEAK,PII_DIRECT
הצוות סיים את פיתוח מודול ברק ועבר לשלב הבדיקות.,0,NON_LEAK,NON_SENSITIVE_GENERAL
הקובץ כולל תלונת משמעת נגד אלון מלכה והמלצת פיטורין.,1,LEAK,LEGAL_HR
"פרטי החשבון של הילה חדד: בנק בנק הפועלים, חשבון 8120546475.",1,LEAK,FINANCIAL
המסמך כולל פרטי חקירה פנימית ושמות עובדים מעורבים.,1,LEAK,LEGAL_HR
המצגת עודכנה וכוללת את סטטוס המשימות לשבוע הקרוב.,0,NON_LEAK,NON_SENSITIVE_GENERAL
"המסמך מכיל מידע רפואי אישי על נועה מזרחי, כולל תרופות ואבחנות.",1,LEAK,HEALTH
נא לשלוח את ההסכם אל dana.danino@org.co.il ולוודא מול 0576618306.,1,LEAK,PII_DIRECT
האתר הרשמי עודכן עם מסמכי ההדרכה החדשים למשתמשים.,0,NON_LEAK,PUBLIC_INFO
"פרטי הקשר של הלקוחה יעל לוי: טלפון 0597224228, מייל yael.levi@company.co.il.",1,LEAK,PII_DIRECT
המצגת עודכנה וכוללת את סטטוס המשימות לשבוע הקרוב.,0,NON_LEAK,NON_SENSITIVE_GENERAL
הישיבה תתקיים בחדר הגדול בקומה השנייה.,0,NON_LEAK,LOW_RISK_CONTEXT
הישיבה תתקיים בחדר הגדול בקומה השנייה.,0,NON_LEAK,LOW_RISK_CONTEXT
הסיסמה הזמנית לחשבון של מיכל כהן היא Welcome2026!.,1,LEAK,AUTH_SECRET
יש לשלוח את הקובץ המעודכן עד סוף היום.,0,NON_LEAK,LOW_RISK_CONTEXT
החברה הודיעה לציבור על פתיחת מרכז שירות חדש בבאר שבע.,0,NON_LEAK,PUBLIC_INFO
הפרויקט עבר לשלב האינטגרציה ונדרשת בדיקת עומסים.,0,NON_LEAK,LOW_RISK_CONTEXT
בדוח משאבי האנוש מופיעים נתוני שכר של יואב לוי.,1,LEAK,LEGAL_HR
המסמך מסווג פנימי וכולל את תוכנית ההשקה של פלטפורמת ארז.,1,LEAK,CONFIDENTIAL_BUSINESS
המצגת עודכנה וכוללת את סטטוס המשימות לשבוע הקרוב.,0,NON_LEAK,NON_SENSITIVE_GENERAL
החברה הודיעה לציבור על פתיחת מרכז שירות חדש בתל אביב.,0,NON_LEAK,PUBLIC_INFO
"הקובץ כולל פרטי גישה למערכת, כולל שם משתמש וסיסמה.",1,LEAK,AUTH_SECRET
החברה הודיעה לציבור על פתיחת מרכז שירות חדש בירושלים.,0,NON_LEAK,PUBLIC_INFO
פורסם עדכון גרסה למערכת והמשתמשים התבקשו לרענן את הדפדפן.,0,NON_LEAK,NON_SENSITIVE_GENERAL
בדוח מופיעים פרטי כרטיס של אלון מלכה ותוקף 08/27.,1,LEAK,FINANCIAL
הפרויקט עבר לשלב האינטגרציה ונדרשת בדיקת עומסים.,0,NON_LEAK,LOW_RISK_CONTEXT
"הכתובת של רון חדד היא רחוב הנביאים 14, נתניה.",1,LEAK,PII_DIRECT
בדוח מופיעים פרטי כרטיס של ליאור מלכה ותוקף 08/27.,1,LEAK,FINANCIAL
"הקובץ כולל פרטי חיוב של לקוחות, כולל חשבונות בנק וסכומים.",1,LEAK,FINANCIAL
החברה הודיעה לציבור על פתיחת מרכז שירות חדש באשדוד.,0,NON_LEAK,PUBLIC_INFO
"הקובץ כולל פרטי חיוב של לקוחות, כולל חשבונות בנק וסכומים.",1,LEAK,FINANCIAL
"הקובץ כולל פרטי גישה למערכת, כולל שם משתמש וסיסמה.",1,LEAK,AUTH_SECRET
בדוח הפנימי מופיעים שמות לקוחות אסטרטגיים ותנאי התקשרות.,1,LEAK,CONFIDENTIAL_BUSINESS
נא לא לשתף את תוצאות הבדיקה של ניר ביטון שנערכו באסותא.,1,LEAK,HEALTH
בדוח הפנימי מופיעים שמות לקוחות אסטרטגיים ותנאי התקשרות.,1,LEAK,CONFIDENTIAL_BUSINESS
"פרטי החשבון של מיכל כהן: בנק מזרחי טפחות, חשבון 2229993621.",1,LEAK,FINANCIAL
נא לא לשתף את תוצאות הבדיקה של משה אוחנה שנערכו בשיבא.,1,LEAK,HEALTH
תאריך ההשקה של מודול ברק נקבע ל27/7/2026.,1,LEAK,CONFIDENTIAL_BUSINESS
"הקובץ כולל פרטי גישה למערכת, כולל שם משתמש וסיסמה.",1,LEAK,AUTH_SECRET
קוד האימות שנשלח לנועה מזרחי הוא 483921.,1,LEAK,AUTH_SECRET
הצוות סיים את פיתוח מודול ברק ועבר לשלב הבדיקות.,0,NON_LEAK,NON_SENSITIVE_GENERAL
"בדוח הרפואי של יעל לוי מבית החולים רמב""ם מופיע טיפול רגיש.",1,LEAK,HEALTH
בכנס הטכנולוגיה הוצגו מגמות חדשות בתחום הבינה המלאכותית.,0,NON_LEAK,PUBLIC_INFO
קוד האימות שנשלח למאיה ביטון הוא 483921.,1,LEAK,AUTH_SECRET
כתובת המייל האישית של אורן אברהם היא oren.avraham@outlook.com.,1,LEAK,PII_DIRECT
בכנס הטכנולוגיה הוצגו מגמות חדשות בתחום הבינה המלאכותית.,0,NON_LEAK,PUBLIC_INFO
הקבוצה תיפגש מחר בבוקר לדיון על תכנון הרבעון הבא.,0,NON_LEAK,NON_SENSITIVE_GENERAL
הסיסמה הזמנית לחשבון של אלון מלכה היא Welcome2026!.,1,LEAK,AUTH_SECRET
בדוח הרפואי של דנה דנינו מבית החולים אסותא מופיע טיפול רגיש.,1,LEAK,HEALTH
מספר כרטיס האשראי של נועם מזרחי הוא 2256787188822378.,1,LEAK,FINANCIAL
מאיה ביטון עובד בחברת צ'ק פוינט בבאר שבע.,0,NON_LEAK,NON_SENSITIVE_GENERAL
מספר תעודת הזהות של רונית פרץ הוא 692476883.,1,LEAK,PII_DIRECT
הצוות סיים את פיתוח פלטפורמת ארז ועבר לשלב הבדיקות.,0,NON_LEAK,NON_SENSITIVE_GENERAL
בכנס הטכנולוגיה הוצגו מגמות חדשות בתחום הבינה המלאכותית.,0,NON_LEAK,PUBLIC_INFO
"הועבר תשלום בגובה 229 ש""ח מחשבון 0894374812 של אלון מלכה.",1,LEAK,FINANCIAL
הצוות מבקש להוסיף מסך התחברות חדש למערכת.,0,NON_LEAK,LOW_RISK_CONTEXT
"הועבר תשלום בגובה 225 ש""ח מחשבון 0422464069 של ליאור מלכה.",1,LEAK,FINANCIAL
נא לשלוח את ההסכם אל maya.biton@org.co.il ולוודא מול 0515673446.,1,LEAK,PII_DIRECT
החברה הודיעה לציבור על פתיחת מרכז שירות חדש ברעננה.,0,NON_LEAK,PUBLIC_INFO
"הועבר תשלום בגובה 188 ש""ח מחשבון 2195693205 של רון חדד.",1,LEAK,FINANCIAL
ניר ביטון עובד בחברת מיקרוסופט באשדוד.,0,NON_LEAK,NON_SENSITIVE_GENERAL
האתר הרשמי עודכן עם מסמכי ההדרכה החדשים למשתמשים.,0,NON_LEAK,PUBLIC_INFO
בכנס הטכנולוגיה הוצגו מגמות חדשות בתחום הבינה המלאכותית.,0,NON_LEAK,PUBLIC_INFO
בדוח משאבי האנוש מופיעים נתוני שכר של רון חדד.,1,LEAK,LEGAL_HR
"הקובץ כולל פרטי גישה למערכת, כולל שם משתמש וסיסמה.",1,LEAK,AUTH_SECRET
"הקובץ כולל פרטי גישה למערכת, כולל שם משתמש וסיסמה.",1,LEAK,AUTH_SECRET
הישיבה תתקיים בחדר הגדול בקומה השנייה.,0,NON_LEAK,LOW_RISK_CONTEXT
מספר הטלפון של שירה אברהם הוא 0581149216.,1,LEAK,PII_DIRECT
פורסם עדכון גרסה למערכת והמשתמשים התבקשו לרענן את הדפדפן.,0,NON_LEAK,NON_SENSITIVE_GENERAL
הקובץ כולל תלונת משמעת נגד אלון מלכה והמלצת פיטורין.,1,LEAK,LEGAL_HR
הקבוצה תיפגש מחר בבוקר לדיון על תכנון הרבעון הבא.,0,NON_LEAK,NON_SENSITIVE_GENERAL
אינטל פרסמה הודעה רשמית על הרחבת הפעילות בירושלים.,0,NON_LEAK,PUBLIC_INFO
"פרטי החשבון של דוד כהן: בנק בנק הפועלים, חשבון 5109334653.",1,LEAK,FINANCIAL
בדוח הרפואי של איתי פרץ מבית החולים איכילוב מופיע טיפול רגיש.,1,LEAK,HEALTH
בדוח הפנימי מופיעים שמות לקוחות אסטרטגיים ותנאי התקשרות.,1,LEAK,CONFIDENTIAL_BUSINESS
מספר כרטיס האשראי של הילה חדד הוא 7483173066293151.,1,LEAK,FINANCIAL
נא לא לשתף את תוצאות הבדיקה של אורן אברהם שנערכו באסותא.,1,LEAK,HEALTH
המצגת עודכנה וכוללת את סטטוס המשימות לשבוע הקרוב.,0,NON_LEAK,NON_SENSITIVE_GENERAL
המצגת עודכנה וכוללת את סטטוס המשימות לשבוע הקרוב.,0,NON_LEAK,NON_SENSITIVE_GENERAL
יש לשלוח את הקובץ המעודכן עד סוף היום.,0,NON_LEAK,LOW_RISK_CONTEXT
התיק הרפואי של משה אוחנה מציין אבחנה של דלקת ריאות.,1,LEAK,HEALTH
אינטל פרסמה הודעה רשמית על הרחבת הפעילות בירושלים.,0,NON_LEAK,PUBLIC_INFO
בדוח משאבי האנוש מופיעים נתוני שכר של ניר ביטון.,1,LEAK,LEGAL_HR
פורסם עדכון גרסה למערכת והמשתמשים התבקשו לרענן את הדפדפן.,0,NON_LEAK,NON_SENSITIVE_GENERAL
מספר כרטיס האשראי של יואב לוי הוא 0650761222830564.,1,LEAK,FINANCIAL
כתובת המייל האישית של ליאור מלכה היא lior.malka@outlook.com.,1,LEAK,PII_DIRECT
מספר כרטיס האשראי של רונית פרץ הוא 2776746958819468.,1,LEAK,FINANCIAL
בכנס הטכנולוגיה הוצגו מגמות חדשות בתחום הבינה המלאכותית.,0,NON_LEAK,PUBLIC_INFO
הישיבה תתקיים בחדר הגדול בקומה השנייה.,0,NON_LEAK,LOW_RISK_CONTEXT
הסיסמה הזמנית לחשבון של רונית פרץ היא Welcome2026!.,1,LEAK,AUTH_SECRET
בדוח הרפואי של רונית פרץ מבית החולים איכילוב מופיע טיפול רגיש.,1,LEAK,HEALTH
בכנס הטכנולוגיה הוצגו מגמות חדשות בתחום הבינה המלאכותית.,0,NON_LEAK,PUBLIC_INFO
הישיבה תתקיים בחדר הגדול בקומה השנייה.,0,NON_LEAK,LOW_RISK_CONTEXT
הפרויקט עבר לשלב האינטגרציה ונדרשת בדיקת עומסים.,0,NON_LEAK,LOW_RISK_CONTEXT
פורסם עדכון גרסה למערכת והמשתמשים התבקשו לרענן את הדפדפן.,0,NON_LEAK,NON_SENSITIVE_GENERAL
הועבר סיכום שימוע של נועה מזרחי עם פרטים אישיים רגישים.,1,LEAK,LEGAL_HR
מספר תעודת הזהות של שירה אברהם הוא 676991507.,1,LEAK,PII_DIRECT
סלקום פרסמה הודעה רשמית על הרחבת הפעילות בחיפה.,0,NON_LEAK,PUBLIC_INFO
מספר תעודת הזהות של שירה אברהם הוא 785294563.,1,LEAK,PII_DIRECT
הקבוצה תיפגש מחר בבוקר לדיון על תכנון הרבעון הבא.,0,NON_LEAK,NON_SENSITIVE_GENERAL
"המסמך מכיל מידע רפואי אישי על דוד כהן, כולל תרופות ואבחנות.",1,LEAK,HEALTH
המצגת עודכנה וכוללת את סטטוס המשימות לשבוע הקרוב.,0,NON_LEAK,NON_SENSITIVE_GENERAL
הקבוצה תיפגש מחר בבוקר לדיון על תכנון הרבעון הבא.,0,NON_LEAK,NON_SENSITIVE_GENERAL
החברה הודיעה לציבור על פתיחת מרכז שירות חדש בחיפה.,0,NON_LEAK,PUBLIC_INFO
תאריך ההשקה של מוצר אופק נקבע ל16/12/2026.,1,LEAK,CONFIDENTIAL_BUSINESS
בכנס הטכנולוגיה הוצגו מגמות חדשות בתחום הבינה המלאכותית.,0,NON_LEAK,PUBLIC_INFO
בנק לאומי פרסמה הודעה רשמית על הרחבת הפעילות ברעננה.,0,NON_LEAK,PUBLIC_INFO
מספר כרטיס האשראי של נועם מזרחי הוא 9384478167663420.,1,LEAK,FINANCIAL
המסמך כולל פרטי חקירה פנימית ושמות עובדים מעורבים.,1,LEAK,LEGAL_HR
בדוח משאבי האנוש מופיעים נתוני שכר של דוד כהן.,1,LEAK,LEGAL_HR
התיק הרפואי של ניר ביטון מציין אבחנה של לחץ דם גבוה.,1,LEAK,HEALTH
הסיסמה הזמנית לחשבון של יואב לוי היא Welcome2026!.,1,LEAK,AUTH_SECRET
הפרויקט עבר לשלב האינטגרציה ונדרשת בדיקת עומסים.,0,NON_LEAK,LOW_RISK_CONTEXT
"המסמך מכיל מידע רפואי אישי על מאיה ביטון, כולל תרופות ואבחנות.",1,LEAK,HEALTH
המסמך מסווג פנימי וכולל את תוכנית ההשקה של גרסה 4.2.,1,LEAK,CONFIDENTIAL_BUSINESS
הפרויקט עבר לשלב האינטגרציה ונדרשת בדיקת עומסים.,0,NON_LEAK,LOW_RISK_CONTEXT
"הקובץ כולל פרטי גישה למערכת, כולל שם משתמש וסיסמה.",1,LEAK,AUTH_SECRET
בנק לאומי פרסמה הודעה רשמית על הרחבת הפעילות בהרצליה.,0,NON_LEAK,PUBLIC_INFO
הועבר סיכום שימוע של נועם מזרחי עם פרטים אישיים רגישים.,1,LEAK,LEGAL_HR
"המסמך מכיל מידע רפואי אישי על דוד כהן, כולל תרופות ואבחנות.",1,LEAK,HEALTH
הצוות מבקש להוסיף מסך התחברות חדש למערכת.,0,NON_LEAK,LOW_RISK_CONTEXT
מפתח ה-API של הסביבה הפנימית נשמר במסמך המצורף.,1,LEAK,AUTH_SECRET
הצוות מבקש להוסיף מסך התחברות חדש למערכת.,0,NON_LEAK,LOW_RISK_CONTEXT
קוד האימות שנשלח לאלון מלכה הוא 483921.,1,LEAK,AUTH_SECRET
בפגישה עם חשב שכר סוכם כי מנוע זית יושק ב26/1/2026.,1,LEAK,CONFIDENTIAL_BUSINESS
יש לשלוח את הקובץ המעודכן עד סוף היום.,0,NON_LEAK,LOW_RISK_CONTEXT
הקבוצה תיפגש מחר בבוקר לדיון על תכנון הרבעון הבא.,0,NON_LEAK,NON_SENSITIVE_GENERAL
בדוח הפנימי מופיעים שמות לקוחות אסטרטגיים ותנאי התקשרות.,1,LEAK,CONFIDENTIAL_BUSINESS
מפתח ה-API של הסביבה הפנימית נשמר במסמך המצורף.,1,LEAK,AUTH_SECRET
הישיבה תתקיים בחדר הגדול בקומה השנייה.,0,NON_LEAK,LOW_RISK_CONTEXT
החברה הודיעה לציבור על פתיחת מרכז שירות חדש בבאר שבע.,0,NON_LEAK,PUBLIC_INFO
התיק הרפואי של מאיה ביטון מציין אבחנה של דלקת ריאות.,1,LEAK,HEALTH
הצוות מבקש להוסיף מסך התחברות חדש למערכת.,0,NON_LEAK,LOW_RISK_CONTEXT
תאריך ההשקה של מנוע זית נקבע ל25/8/2026.,1,LEAK,CONFIDENTIAL_BUSINESS
בכנס הטכנולוגיה הוצגו מגמות חדשות בתחום הבינה המלאכותית.,0,NON_LEAK,PUBLIC_INFO
יואב לוי עובד בחברת צ'ק פוינט בהרצליה.,0,NON_LEAK,NON_SENSITIVE_GENERAL
הקובץ כולל תלונת משמעת נגד רונית פרץ והמלצת פיטורין.,1,LEAK,LEGAL_HR
בכנס הטכנולוגיה הוצגו מגמות חדשות בתחום הבינה המלאכותית.,0,NON_LEAK,PUBLIC_INFO
הצוות סיים את פיתוח מוצר אופק ועבר לשלב הבדיקות.,0,NON_LEAK,NON_SENSITIVE_GENERAL
"הצעת המחיר הסופית ללקוח תישלח אחרי אישור מנכ""ל.",1,LEAK,CONFIDENTIAL_BUSINESS
בכנס הטכנולוגיה הוצגו מגמות חדשות בתחום הבינה המלאכותית.,0,NON_LEAK,PUBLIC_INFO
החברה הודיעה לציבור על פתיחת מרכז שירות חדש בתל אביב.,0,NON_LEAK,PUBLIC_INFO
הצוות סיים את פיתוח מנוע זית ועבר לשלב הבדיקות.,0,NON_LEAK,NON_SENSITIVE_GENERAL
פורסם עדכון גרסה למערכת והמשתמשים התבקשו לרענן את הדפדפן.,0,NON_LEAK,NON_SENSITIVE_GENERAL
נא לשלוח את ההסכם אל dana.danino@outlook.com ולוודא מול 0588754394.,1,LEAK,PII_DIRECT
המסמך כולל פרטי חקירה פנימית ושמות עובדים מעורבים.,1,LEAK,LEGAL_HR
"המסמך מכיל מידע רפואי אישי על ניר ביטון, כולל תרופות ואבחנות.",1,LEAK,HEALTH
המסמך כולל פרטי חקירה פנימית ושמות עובדים מעורבים.,1,LEAK,LEGAL_HR
"הקובץ כולל פרטי גישה למערכת, כולל שם משתמש וסיסמה.",1,LEAK,AUTH_SECRET
מפתח ה-API של הסביבה הפנימית נשמר במסמך המצורף.,1,LEAK,AUTH_SECRET
"הקובץ כולל פרטי חיוב של לקוחות, כולל חשבונות בנק וסכומים.",1,LEAK,FINANCIAL
הישיבה תתקיים בחדר הגדול בקומה השנייה.,0,NON_LEAK,LOW_RISK_CONTEXT
"נא לא לשתף את תוצאות הבדיקה של יעל לוי שנערכו ברמב""ם.",1,LEAK,HEALTH
בדוח הרפואי של יואב לוי מבית החולים סורוקה מופיע טיפול רגיש.,1,LEAK,HEALTH
הצוות סיים את פיתוח פלטפורמת ארז ועבר לשלב הבדיקות.,0,NON_LEAK,NON_SENSITIVE_GENERAL
הישיבה תתקיים בחדר הגדול בקומה השנייה.,0,NON_LEAK,LOW_RISK_CONTEXT
בכנס הטכנולוגיה הוצגו מגמות חדשות בתחום הבינה המלאכותית.,0,NON_LEAK,PUBLIC_INFO
"פרטי הקשר של הלקוחה יואב לוי: טלפון 0517026952, מייל yoav.levi@company.co.il.",1,LEAK,PII_DIRECT
בכנס הטכנולוגיה הוצגו מגמות חדשות בתחום הבינה המלאכותית.,0,NON_LEAK,PUBLIC_INFO
התיק הרפואי של נועם מזרחי מציין אבחנה של דלקת ריאות.,1,LEAK,HEALTH
המצגת עודכנה וכוללת את סטטוס המשימות לשבוע הקרוב.,0,NON_LEAK,NON_SENSITIVE_GENERAL
האתר הרשמי עודכן עם מסמכי ההדרכה החדשים למשתמשים.,0,NON_LEAK,PUBLIC_INFO
פורסם עדכון גרסה למערכת והמשתמשים התבקשו לרענן את הדפדפן.,0,NON_LEAK,NON_SENSITIVE_GENERAL
המסמך כולל פרטי חקירה פנימית ושמות עובדים מעורבים.,1,LEAK,LEGAL_HR
האתר הרשמי עודכן עם מסמכי ההדרכה החדשים למשתמשים.,0,NON_LEAK,PUBLIC_INFO
בנק הפועלים פרסמה הודעה רשמית על הרחבת הפעילות בתל אביב.,0,NON_LEAK,PUBLIC_INFO
הקבוצה תיפגש מחר בבוקר לדיון על תכנון הרבעון הבא.,0,NON_LEAK,NON_SENSITIVE_GENERAL
"הכתובת של נועה מזרחי היא רחוב ויצמן 18, רעננה.",1,LEAK,PII_DIRECT
שטראוס פרסמה הודעה רשמית על הרחבת הפעילות בתל אביב.,0,NON_LEAK,PUBLIC_INFO
הצוות מבקש להוסיף מסך התחברות חדש למערכת.,0,NON_LEAK,LOW_RISK_CONTEXT
"פרטי הקשר של הלקוחה יעל לוי: טלפון 0580097140, מייל yael.levi@mail.com.",1,LEAK,PII_DIRECT
הפגישה עם מנהל פיתוח תתקיים ביום ראשון בחיפה.,0,NON_LEAK,NON_SENSITIVE_GENERAL
בדוח הפנימי מופיעים שמות לקוחות אסטרטגיים ותנאי התקשרות.,1,LEAK,CONFIDENTIAL_BUSINESS
צ'ק פוינט פרסמה הודעה רשמית על הרחבת הפעילות בראשון לציון.,0,NON_LEAK,PUBLIC_INFO
טל אוחנה עובד בחברת אינטל באשדוד.,0,NON_LEAK,NON_SENSITIVE_GENERAL
בפגישה עם מנהל מוצר סוכם כי מוצר אופק יושק ב6/6/2026.,1,LEAK,CONFIDENTIAL_BUSINESS
"מנהל המוצר ביקש לעדכן את הלו""ז ולשתף את הסטטוס.",0,NON_LEAK,LOW_RISK_CONTEXT
סלקום פרסמה הודעה רשמית על הרחבת הפעילות בבאר שבע.,0,NON_LEAK,PUBLIC_INFO
האתר הרשמי עודכן עם מסמכי ההדרכה החדשים למשתמשים.,0,NON_LEAK,PUBLIC_INFO
אינטל פרסמה הודעה רשמית על הרחבת הפעילות באשדוד.,0,NON_LEAK,PUBLIC_INFO
נא לא לשתף את תוצאות הבדיקה של דנה דנינו שנערכו בסורוקה.,1,LEAK,HEALTH
"המסמך מכיל מידע רפואי אישי על אורן אברהם, כולל תרופות ואבחנות.",1,LEAK,HEALTH
בכנס הטכנולוגיה הוצגו מגמות חדשות בתחום הבינה המלאכותית.,0,NON_LEAK,PUBLIC_INFO
"הקובץ כולל פרטי גישה למערכת, כולל שם משתמש וסיסמה.",1,LEAK,AUTH_SECRET
שטראוס פרסמה הודעה רשמית על הרחבת הפעילות בנתניה.,0,NON_LEAK,PUBLIC_INFO
המסמך מסווג פנימי וכולל את תוכנית ההשקה של מנוע זית.,1,LEAK,CONFIDENTIAL_BUSINESS
גוגל ישראל פרסמה הודעה רשמית על הרחבת הפעילות בבאר שבע.,0,NON_LEAK,PUBLIC_INFO
יעל לוי עובד בחברת אינטל בראשון לציון.,0,NON_LEAK,NON_SENSITIVE_GENERAL
מפתח ה-API של הסביבה הפנימית נשמר במסמך המצורף.,1,LEAK,AUTH_SECRET
"פרטי החשבון של יואב לוי: בנק בנק הפועלים, חשבון 5292383522.",1,LEAK,FINANCIAL
הצוות סיים את פיתוח מערכת קשת ועבר לשלב הבדיקות.,0,NON_LEAK,NON_SENSITIVE_GENERAL
בדוח משאבי האנוש מופיעים נתוני שכר של משה אוחנה.,1,LEAK,LEGAL_HR
נא לא לשתף את תוצאות הבדיקה של איתי פרץ שנערכו בסורוקה.,1,LEAK,HEALTH
התיק הרפואי של אורן אברהם מציין אבחנה של סוכרת.,1,LEAK,HEALTH
"המסמך מכיל מידע רפואי אישי על משה אוחנה, כולל תרופות ואבחנות.",1,LEAK,HEALTH
הקבוצה תיפגש מחר בבוקר לדיון על תכנון הרבעון הבא.,0,NON_LEAK,NON_SENSITIVE_GENERAL
הצוות סיים את פיתוח שירות אביב ועבר לשלב הבדיקות.,0,NON_LEAK,NON_SENSITIVE_GENERAL
"הועבר תשלום בגובה 55 ש""ח מחשבון 3543788260 של שירה אברהם.",1,LEAK,FINANCIAL
הצוות מבקש להוסיף מסך התחברות חדש למערכת.,0,NON_LEAK,LOW_RISK_CONTEXT
בכנס הטכנולוגיה הוצגו מגמות חדשות בתחום הבינה המלאכותית.,0,NON_LEAK,PUBLIC_INFO
הועבר סיכום שימוע של נועם מזרחי עם פרטים אישיים רגישים.,1,LEAK,LEGAL_HR
קוד האימות שנשלח למאיה ביטון הוא 483921.,1,LEAK,AUTH_SECRET
יש לשלוח את הקובץ המעודכן עד סוף היום.,0,NON_LEAK,LOW_RISK_CONTEXT
"נא לא לשתף את תוצאות הבדיקה של מיכל כהן שנערכו ברמב""ם.",1,LEAK,HEALTH
המצגת עודכנה וכוללת את סטטוס המשימות לשבוע הקרוב.,0,NON_LEAK,NON_SENSITIVE_GENERAL
המסמך כולל פרטי חקירה פנימית ושמות עובדים מעורבים.,1,LEAK,LEGAL_HR
הצוות סיים את פיתוח מערכת קשת ועבר לשלב הבדיקות.,0,NON_LEAK,NON_SENSITIVE_GENERAL
כתובת המייל האישית של יעל לוי היא yael.levi@outlook.com.,1,LEAK,PII_DIRECT
הצוות סיים את פיתוח מודול ברק ועבר לשלב הבדיקות.,0,NON_LEAK,NON_SENSITIVE_GENERAL
הפרויקט עבר לשלב האינטגרציה ונדרשת בדיקת עומסים.,0,NON_LEAK,LOW_RISK_CONTEXT
בנק הפועלים פרסמה הודעה רשמית על הרחבת הפעילות בהרצליה.,0,NON_LEAK,PUBLIC_INFO
יש לשלוח את הקובץ המעודכן עד סוף היום.,0,NON_LEAK,LOW_RISK_CONTEXT
נא לא לשתף את תוצאות הבדיקה של ליאור מלכה שנערכו בשיבא.,1,LEAK,HEALTH
הצוות סיים את פיתוח גרסה 4.2 ועבר לשלב הבדיקות.,0,NON_LEAK,NON_SENSITIVE_GENERAL
הפרויקט עבר לשלב האינטגרציה ונדרשת בדיקת עומסים.,0,NON_LEAK,LOW_RISK_CONTEXT
"הקובץ כולל פרטי גישה למערכת, כולל שם משתמש וסיסמה.",1,LEAK,AUTH_SECRET
הועבר סיכום שימוע של נועה מזרחי עם פרטים אישיים רגישים.,1,LEAK,LEGAL_HR
הישיבה תתקיים בחדר הגדול בקומה השנייה.,0,NON_LEAK,LOW_RISK_CONTEXT
פורסם עדכון גרסה למערכת והמשתמשים התבקשו לרענן את הדפדפן.,0,NON_LEAK,NON_SENSITIVE_GENERAL
הצעת המחיר הסופית ללקוח תישלח אחרי אישור מנהל מוצר.,1,LEAK,CONFIDENTIAL_BUSINESS
הצוות סיים את פיתוח שירות אביב ועבר לשלב הבדיקות.,0,NON_LEAK,NON_SENSITIVE_GENERAL
"פרטי הקשר של הלקוחה ליאור מלכה: טלפון 0500778428, מייל lior.malka@company.co.il.",1,LEAK,PII_DIRECT
"הקובץ כולל פרטי גישה למערכת, כולל שם משתמש וסיסמה.",1,LEAK,AUTH_SECRET
רפאל פרסמה הודעה רשמית על הרחבת הפעילות בנתניה.,0,NON_LEAK,PUBLIC_INFO
יש לשלוח את הקובץ המעודכן עד סוף היום.,0,NON_LEAK,LOW_RISK_CONTEXT
"המסמך מכיל מידע רפואי אישי על אלון מלכה, כולל תרופות ואבחנות.",1,LEAK,HEALTH
הועבר סיכום שימוע של דנה דנינו עם פרטים אישיים רגישים.,1,LEAK,LEGAL_HR
המסמך כולל פרטי חקירה פנימית ושמות עובדים מעורבים.,1,LEAK,LEGAL_HR
הצוות מבקש להוסיף מסך התחברות חדש למערכת.,0,NON_LEAK,LOW_RISK_CONTEXT
"פרטי הקשר של הלקוחה משה אוחנה: טלפון 0505591698, מייל moshe.ohana@outlook.com.",1,LEAK,PII_DIRECT
המצגת עודכנה וכוללת את סטטוס המשימות לשבוע הקרוב.,0,NON_LEAK,NON_SENSITIVE_GENERAL
נא לא לשתף את תוצאות הבדיקה של דנה דנינו שנערכו באסותא.,1,LEAK,HEALTH
יואב לוי עובד בחברת אינטל באשדוד.,0,NON_LEAK,NON_SENSITIVE_GENERAL
הצוות מבקש להוסיף מסך התחברות חדש למערכת.,0,NON_LEAK,LOW_RISK_CONTEXT
הסיסמה הזמנית לחשבון של ניר ביטון היא Welcome2026!.,1,LEAK,AUTH_SECRET
הסיסמה הזמנית לחשבון של עידן דנינו היא Welcome2026!.,1,LEAK,AUTH_SECRET
החברה הודיעה לציבור על פתיחת מרכז שירות חדש באשדוד.,0,NON_LEAK,PUBLIC_INFO
כתובת המייל האישית של איתי פרץ היא itay.peretz@gmail.com.,1,LEAK,PII_DIRECT
יש לשלוח את הקובץ המעודכן עד סוף היום.,0,NON_LEAK,LOW_RISK_CONTEXT
אינטל פרסמה הודעה רשמית על הרחבת הפעילות בנתניה.,0,NON_LEAK,PUBLIC_INFO
נא לשלוח את ההסכם אל tal.ohana@company.co.il ולוודא מול 0593187810.,1,LEAK,PII_DIRECT
הפגישה עם יועץ משפטי תתקיים ביום ראשון בהרצליה.,0,NON_LEAK,NON_SENSITIVE_GENERAL
הפגישה עם ראש צוות תתקיים ביום ראשון בחיפה.,0,NON_LEAK,NON_SENSITIVE_GENERAL
"מנהל המוצר ביקש לעדכן את הלו""ז ולשתף את הסטטוס.",0,NON_LEAK,LOW_RISK_CONTEXT
בדוח משאבי האנוש מופיעים נתוני שכר של נועם מזרחי.,1,LEAK,LEGAL_HR
מספר הטלפון של איתי פרץ הוא 0503208234.,1,LEAK,PII_DIRECT
הקבוצה תיפגש מחר בבוקר לדיון על תכנון הרבעון הבא.,0,NON_LEAK,NON_SENSITIVE_GENERAL
קוד האימות שנשלח לשירה אברהם הוא 483921.,1,LEAK,AUTH_SECRET
"המסמך מכיל מידע רפואי אישי על אלון מלכה, כולל תרופות ואבחנות.",1,LEAK,HEALTH
המסמך כולל פרטי חקירה פנימית ושמות עובדים מעורבים.,1,LEAK,LEGAL_HR
"הועבר תשלום בגובה 204 ש""ח מחשבון 7116456059 של נועה מזרחי.",1,LEAK,FINANCIAL
הפגישה עם מנהלת משאבי אנוש תתקיים ביום ראשון בתל אביב.,0,NON_LEAK,NON_SENSITIVE_GENERAL
הצוות מבקש להוסיף מסך התחברות חדש למערכת.,0,NON_LEAK,LOW_RISK_CONTEXT
"פרטי החשבון של טל אוחנה: בנק מזרחי טפחות, חשבון 8593918536.",1,LEAK,FINANCIAL
הסיסמה הזמנית לחשבון של רון חדד היא Welcome2026!.,1,LEAK,AUTH_SECRET
"מנהל המוצר ביקש לעדכן את הלו""ז ולשתף את הסטטוס.",0,NON_LEAK,LOW_RISK_CONTEXT
התיק הרפואי של נועם מזרחי מציין אבחנה של לחץ דם גבוה.,1,LEAK,HEALTH
"הקובץ כולל פרטי חיוב של לקוחות, כולל חשבונות בנק וסכומים.",1,LEAK,FINANCIAL
הצוות מבקש להוסיף מסך התחברות חדש למערכת.,0,NON_LEAK,LOW_RISK_CONTEXT
"המסמך מכיל מידע רפואי אישי על טל אוחנה, כולל תרופות ואבחנות.",1,LEAK,HEALTH
הקבוצה תיפגש מחר בבוקר לדיון על תכנון הרבעון הבא.,0,NON_LEAK,NON_SENSITIVE_GENERAL
"הקובץ כולל פרטי גישה למערכת, כולל שם משתמש וסיסמה.",1,LEAK,AUTH_SECRET
הצעת המחיר הסופית ללקוח תישלח אחרי אישור יועץ משפטי.,1,LEAK,CONFIDENTIAL_BUSINESS
בדוח משאבי האנוש מופיעים נתוני שכר של נועה מזרחי.,1,LEAK,LEGAL_HR
הפגישה עם חשב שכר תתקיים ביום ראשון בראשון לציון.,0,NON_LEAK,NON_SENSITIVE_GENERAL
משה אוחנה עובד בחברת צ'ק פוינט בתל אביב.,0,NON_LEAK,NON_SENSITIVE_GENERAL
שטראוס פרסמה הודעה רשמית על הרחבת הפעילות בתל אביב.,0,NON_LEAK,PUBLIC_INFO
החברה הודיעה לציבור על פתיחת מרכז שירות חדש בבאר שבע.,0,NON_LEAK,PUBLIC_INFO
החברה הודיעה לציבור על פתיחת מרכז שירות חדש בנתניה.,0,NON_LEAK,PUBLIC_INFO
המצגת עודכנה וכוללת את סטטוס המשימות לשבוע הקרוב.,0,NON_LEAK,NON_SENSITIVE_GENERAL
מפתח ה-API של הסביבה הפנימית נשמר במסמך המצורף.,1,LEAK,AUTH_SECRET
"פרטי החשבון של מיכל כהן: בנק בנק הפועלים, חשבון 6677095218.",1,LEAK,FINANCIAL
הועבר סיכום שימוע של טל אוחנה עם פרטים אישיים רגישים.,1,LEAK,LEGAL_HR
הפגישה עם ראש צוות תתקיים ביום ראשון בפתח תקווה.,0,NON_LEAK,NON_SENSITIVE_GENERAL
הסיסמה הזמנית לחשבון של נועם מזרחי היא Welcome2026!.,1,LEAK,AUTH_SECRET
הישיבה תתקיים בחדר הגדול בקומה השנייה.,0,NON_LEAK,LOW_RISK_CONTEXT
מיכל כהן עובד בחברת צ'ק פוינט בראשון לציון.,0,NON_LEAK,NON_SENSITIVE_GENERAL
מספר תעודת הזהות של רונית פרץ הוא 953774926.,1,LEAK,PII_DIRECT
בדוח משאבי האנוש מופיעים נתוני שכר של טל אוחנה.,1,LEAK,LEGAL_HR
הפגישה עם ראש צוות תתקיים ביום ראשון בבאר שבע.,0,NON_LEAK,NON_SENSITIVE_GENERAL
הצעת המחיר הסופית ללקוח תישלח אחרי אישור מנהל פיתוח.,1,LEAK,CONFIDENTIAL_BUSINESS
הפרויקט עבר לשלב האינטגרציה ונדרשת בדיקת עומסים.,0,NON_LEAK,LOW_RISK_CONTEXT
"המסמך מכיל מידע רפואי אישי על רון חדד, כולל תרופות ואבחנות.",1,LEAK,HEALTH
המצגת עודכנה וכוללת את סטטוס המשימות לשבוע הקרוב.,0,NON_LEAK,NON_SENSITIVE_GENERAL
בכנס הטכנולוגיה הוצגו מגמות חדשות בתחום הבינה המלאכותית.,0,NON_LEAK,PUBLIC_INFO
"הקובץ כולל פרטי חיוב של לקוחות, כולל חשבונות בנק וסכומים.",1,LEAK,FINANCIAL
נא לא לשתף את תוצאות הבדיקה של רונית פרץ שנערכו בשיבא.,1,LEAK,HEALTH
האתר הרשמי עודכן עם מסמכי ההדרכה החדשים למשתמשים.,0,NON_LEAK,PUBLIC_INFO
בדוח משאבי האנוש מופיעים נתוני שכר של אורן אברהם.,1,LEAK,LEGAL_HR
"המסמך מכיל מידע רפואי אישי על יעל לוי, כולל תרופות ואבחנות.",1,LEAK,HEALTH
מספר הטלפון של רון חדד הוא 0518417326.,1,LEAK,PII_DIRECT
"הכתובת של מיכל כהן היא רחוב ביאליק 7, באר שבע.",1,LEAK,PII_DIRECT
בכנס הטכנולוגיה הוצגו מגמות חדשות בתחום הבינה המלאכותית.,0,NON_LEAK,PUBLIC_INFO
הקובץ כולל תלונת משמעת נגד יעל לוי והמלצת פיטורין.,1,LEAK,LEGAL_HR
סלקום פרסמה הודעה רשמית על הרחבת הפעילות בירושלים.,0,NON_LEAK,PUBLIC_INFO
יש לשלוח את הקובץ המעודכן עד סוף היום.,0,NON_LEAK,LOW_RISK_CONTEXT
כתובת המייל האישית של רונית פרץ היא ronit.peretz@outlook.com.,1,LEAK,PII_DIRECT
בכנס הטכנולוגיה הוצגו מגמות חדשות בתחום הבינה המלאכותית.,0,NON_LEAK,PUBLIC_INFO
הפרויקט עבר לשלב האינטגרציה ונדרשת בדיקת עומסים.,0,NON_LEAK,LOW_RISK_CONTEXT
בדוח הרפואי של יואב לוי מבית החולים סורוקה מופיע טיפול רגיש.,1,LEAK,HEALTH
"מנהל המוצר ביקש לעדכן את הלו""ז ולשתף את הסטטוס.",0,NON_LEAK,LOW_RISK_CONTEXT
"פרטי הקשר של הלקוחה אורן אברהם: טלפון 0531660076, מייל oren.avraham@org.co.il.",1,LEAK,PII_DIRECT
בנק לאומי פרסמה הודעה רשמית על הרחבת הפעילות בתל אביב.,0,NON_LEAK,PUBLIC_INFO
"מנהל המוצר ביקש לעדכן את הלו""ז ולשתף את הסטטוס.",0,NON_LEAK,LOW_RISK_CONTEXT
"הקובץ כולל פרטי גישה למערכת, כולל שם משתמש וסיסמה.",1,LEAK,AUTH_SECRET
הסיסמה הזמנית לחשבון של איתי פרץ היא Welcome2026!.,1,LEAK,AUTH_SECRET
הצעת המחיר הסופית ללקוח תישלח אחרי אישור מנהלת משאבי אנוש.,1,LEAK,CONFIDENTIAL_BUSINESS
המסמך כולל פרטי חקירה פנימית ושמות עובדים מעורבים.,1,LEAK,LEGAL_HR
האתר הרשמי עודכן עם מסמכי ההדרכה החדשים למשתמשים.,0,NON_LEAK,PUBLIC_INFO
החברה הודיעה לציבור על פתיחת מרכז שירות חדש ברעננה.,0,NON_LEAK,PUBLIC_INFO
הישיבה תתקיים בחדר הגדול בקומה השנייה.,0,NON_LEAK,LOW_RISK_CONTEXT
בדוח הרפואי של רון חדד מבית החולים שיבא מופיע טיפול רגיש.,1,LEAK,HEALTH
יש לשלוח את הקובץ המעודכן עד סוף היום.,0,NON_LEAK,LOW_RISK_CONTEXT
"נא לא לשתף את תוצאות הבדיקה של עידן דנינו שנערכו ברמב""ם.",1,LEAK,HEALTH
נא לשלוח את ההסכם אל noam.mizrahi@mail.com ולוודא מול 0522514557.,1,LEAK,PII_DIRECT
הפרויקט עבר לשלב האינטגרציה ונדרשת בדיקת עומסים.,0,NON_LEAK,LOW_RISK_CONTEXT
הקבוצה תיפגש מחר בבוקר לדיון על תכנון הרבעון הבא.,0,NON_LEAK,NON_SENSITIVE_GENERAL
ניר ביטון עובד בחברת בנק הפועלים בבאר שבע.,0,NON_LEAK,NON_SENSITIVE_GENERAL
נא לא לשתף את תוצאות הבדיקה של עידן דנינו שנערכו בסורוקה.,1,LEAK,HEALTH
המסמך כולל פרטי חקירה פנימית ושמות עובדים מעורבים.,1,LEAK,LEGAL_HR
התיק הרפואי של יעל לוי מציין אבחנה של סוכרת.,1,LEAK,HEALTH
בכנס הטכנולוגיה הוצגו מגמות חדשות בתחום הבינה המלאכותית.,0,NON_LEAK,PUBLIC_INFO
"מנהל המוצר ביקש לעדכן את הלו""ז ולשתף את הסטטוס.",0,NON_LEAK,LOW_RISK_CONTEXT
כתובת המייל האישית של נועה מזרחי היא noa.mizrahi@company.co.il.,1,LEAK,PII_DIRECT
בדוח הפנימי מופיעים שמות לקוחות אסטרטגיים ותנאי התקשרות.,1,LEAK,CONFIDENTIAL_BUSINESS
בדוח הרפואי של מיכל כהן מבית החולים אסותא מופיע טיפול רגיש.,1,LEAK,HEALTH
האתר הרשמי עודכן עם מסמכי ההדרכה החדשים למשתמשים.,0,NON_LEAK,PUBLIC_INFO
האתר הרשמי עודכן עם מסמכי ההדרכה החדשים למשתמשים.,0,NON_LEAK,PUBLIC_INFO
יש לשלוח את הקובץ המעודכן עד סוף היום.,0,NON_LEAK,LOW_RISK_CONTEXT
"המסמך מכיל מידע רפואי אישי על משה אוחנה, כולל תרופות ואבחנות.",1,LEAK,HEALTH
הצוות מבקש להוסיף מסך התחברות חדש למערכת.,0,NON_LEAK,LOW_RISK_CONTEXT
יש לשלוח את הקובץ המעודכן עד סוף היום.,0,NON_LEAK,LOW_RISK_CONTEXT
הצוות מבקש להוסיף מסך התחברות חדש למערכת.,0,NON_LEAK,LOW_RISK_CONTEXT
"פרטי הקשר של הלקוחה משה אוחנה: טלפון 0503565942, מייל moshe.ohana@mail.com.",1,LEAK,PII_DIRECT
"מנהל המוצר ביקש לעדכן את הלו""ז ולשתף את הסטטוס.",0,NON_LEAK,LOW_RISK_CONTEXT
"הועבר תשלום בגובה 207 ש""ח מחשבון 6605342816 של עידן דנינו.",1,LEAK,FINANCIAL
התיק הרפואי של דנה דנינו מציין אבחנה של דלקת ריאות.,1,LEAK,HEALTH
הצוות מבקש להוסיף מסך התחברות חדש למערכת.,0,NON_LEAK,LOW_RISK_CONTEXT
צ'ק פוינט פרסמה הודעה רשמית על הרחבת הפעילות בתל אביב.,0,NON_LEAK,PUBLIC_INFO
פורסם עדכון גרסה למערכת והמשתמשים התבקשו לרענן את הדפדפן.,0,NON_LEAK,NON_SENSITIVE_GENERAL
"הקובץ כולל פרטי גישה למערכת, כולל שם משתמש וסיסמה.",1,LEAK,AUTH_SECRET
בנק לאומי פרסמה הודעה רשמית על הרחבת הפעילות ברעננה.,0,NON_LEAK,PUBLIC_INFO
פורסם עדכון גרסה למערכת והמשתמשים התבקשו לרענן את הדפדפן.,0,NON_LEAK,NON_SENSITIVE_GENERAL
נא לא לשתף את תוצאות הבדיקה של נועם מזרחי שנערכו באסותא.,1,LEAK,HEALTH
"נא לא לשתף את תוצאות הבדיקה של נועה מזרחי שנערכו ברמב""ם.",1,LEAK,HEALTH
קוד האימות שנשלח לליאור מלכה הוא 483921.,1,LEAK,AUTH_SECRET
נא לשלוח את ההסכם אל moshe.ohana@mail.com ולוודא מול 0561195530.,1,LEAK,PII_DIRECT
יש לשלוח את הקובץ המעודכן עד סוף היום.,0,NON_LEAK,LOW_RISK_CONTEXT
הפרויקט עבר לשלב האינטגרציה ונדרשת בדיקת עומסים.,0,NON_LEAK,LOW_RISK_CONTEXT
המצגת עודכנה וכוללת את סטטוס המשימות לשבוע הקרוב.,0,NON_LEAK,NON_SENSITIVE_GENERAL
"הכתובת של מיכל כהן היא רחוב הנביאים 14, הרצליה.",1,LEAK,PII_DIRECT
התיק הרפואי של מיכל כהן מציין אבחנה של לחץ דם גבוה.,1,LEAK,HEALTH
"הכתובת של נועה מזרחי היא רחוב הזית 11, הרצליה.",1,LEAK,PII_DIRECT
המסמך כולל פרטי חקירה פנימית ושמות עובדים מעורבים.,1,LEAK,LEGAL_HR
האתר הרשמי עודכן עם מסמכי ההדרכה החדשים למשתמשים.,0,NON_LEAK,PUBLIC_INFO
יעל לוי עובד בחברת צ'ק פוינט בפתח תקווה.,0,NON_LEAK,NON_SENSITIVE_GENERAL
המסמך מסווג פנימי וכולל את תוכנית ההשקה של גרסה 4.2.,1,LEAK,CONFIDENTIAL_BUSINESS
בדוח מופיעים פרטי כרטיס של נועם מזרחי ותוקף 08/27.,1,LEAK,FINANCIAL
"הועבר תשלום בגובה 228 ש""ח מחשבון 1845235426 של מאיה ביטון.",1,LEAK,FINANCIAL
הקובץ כולל תלונת משמעת נגד אלון מלכה והמלצת פיטורין.,1,LEAK,LEGAL_HR
הקובץ כולל תלונת משמעת נגד איתי פרץ והמלצת פיטורין.,1,LEAK,LEGAL_HR
הצוות מבקש להוסיף מסך התחברות חדש למערכת.,0,NON_LEAK,LOW_RISK_CONTEXT
יש לשלוח את הקובץ המעודכן עד סוף היום.,0,NON_LEAK,LOW_RISK_CONTEXT
הועבר סיכום שימוע של אלון מלכה עם פרטים אישיים רגישים.,1,LEAK,LEGAL_HR
הסיסמה הזמנית לחשבון של נועם מזרחי היא Welcome2026!.,1,LEAK,AUTH_SECRET
הקבוצה תיפגש מחר בבוקר לדיון על תכנון הרבעון הבא.,0,NON_LEAK,NON_SENSITIVE_GENERAL
הפרויקט עבר לשלב האינטגרציה ונדרשת בדיקת עומסים.,0,NON_LEAK,LOW_RISK_CONTEXT
בדוח משאבי האנוש מופיעים נתוני שכר של משה אוחנה.,1,LEAK,LEGAL_HR
"מנהל המוצר ביקש לעדכן את הלו""ז ולשתף את הסטטוס.",0,NON_LEAK,LOW_RISK_CONTEXT
"מנהל המוצר ביקש לעדכן את הלו""ז ולשתף את הסטטוס.",0,NON_LEAK,LOW_RISK_CONTEXT
האתר הרשמי עודכן עם מסמכי ההדרכה החדשים למשתמשים.,0,NON_LEAK,PUBLIC_INFO
מספר תעודת הזהות של ניר ביטון הוא 117614215.,1,LEAK,PII_DIRECT
קוד האימות שנשלח לאורן אברהם הוא 483921.,1,LEAK,AUTH_SECRET
המצגת עודכנה וכוללת את סטטוס המשימות לשבוע הקרוב.,0,NON_LEAK,NON_SENSITIVE_GENERAL
הפרויקט עבר לשלב האינטגרציה ונדרשת בדיקת עומסים.,0,NON_LEAK,LOW_RISK_CONTEXT
בכנס הטכנולוגיה הוצגו מגמות חדשות בתחום הבינה המלאכותית.,0,NON_LEAK,PUBLIC_INFO
המסמך כולל פרטי חקירה פנימית ושמות עובדים מעורבים.,1,LEAK,LEGAL_HR
"הכתובת של יואב לוי היא רחוב בן גוריון 5, חיפה.",1,LEAK,PII_DIRECT
הפרויקט עבר לשלב האינטגרציה ונדרשת בדיקת עומסים.,0,NON_LEAK,LOW_RISK_CONTEXT
בדוח מופיעים פרטי כרטיס של דנה דנינו ותוקף 08/27.,1,LEAK,FINANCIAL
הפגישה עם יועץ משפטי תתקיים ביום ראשון באשדוד.,0,NON_LEAK,NON_SENSITIVE_GENERAL
"הקובץ כולל פרטי גישה למערכת, כולל שם משתמש וסיסמה.",1,LEAK,AUTH_SECRET
בדוח משאבי האנוש מופיעים נתוני שכר של יעל לוי.,1,LEAK,LEGAL_HR
"הכתובת של עידן דנינו היא רחוב ויצמן 18, באר שבע.",1,LEAK,PII_DIRECT
המסמך כולל פרטי חקירה פנימית ושמות עובדים מעורבים.,1,LEAK,LEGAL_HR
"הקובץ כולל פרטי חיוב של לקוחות, כולל חשבונות בנק וסכומים.",1,LEAK,FINANCIAL
הקבוצה תיפגש מחר בבוקר לדיון על תכנון הרבעון הבא.,0,NON_LEAK,NON_SENSITIVE_GENERAL
הישיבה תתקיים בחדר הגדול בקומה השנייה.,0,NON_LEAK,LOW_RISK_CONTEXT
התיק הרפואי של מאיה ביטון מציין אבחנה של סוכרת.,1,LEAK,HEALTH
הפרויקט עבר לשלב האינטגרציה ונדרשת בדיקת עומסים.,0,NON_LEAK,LOW_RISK_CONTEXT
החברה הודיעה לציבור על פתיחת מרכז שירות חדש בחיפה.,0,NON_LEAK,PUBLIC_INFO
תאריך ההשקה של פרויקט נוגה נקבע ל1/6/2026.,1,LEAK,CONFIDENTIAL_BUSINESS
הסיסמה הזמנית לחשבון של דוד כהן היא Welcome2026!.,1,LEAK,AUTH_SECRET
הפגישה עם מנהלת משאבי אנוש תתקיים ביום ראשון בבאר שבע.,0,NON_LEAK,NON_SENSITIVE_GENERAL
"פרטי הקשר של הלקוחה נועה מזרחי: טלפון 0536038917, מייל noa.mizrahi@outlook.com.",1,LEAK,PII_DIRECT
יש לשלוח את הקובץ המעודכן עד סוף היום.,0,NON_LEAK,LOW_RISK_CONTEXT
המסמך מסווג פנימי וכולל את תוכנית ההשקה של מנוע זית.,1,LEAK,CONFIDENTIAL_BUSINESS
בדוח משאבי האנוש מופיעים נתוני שכר של ניר ביטון.,1,LEAK,LEGAL_HR
האתר הרשמי עודכן עם מסמכי ההדרכה החדשים למשתמשים.,0,NON_LEAK,PUBLIC_INFO
"הקובץ כולל פרטי גישה למערכת, כולל שם משתמש וסיסמה.",1,LEAK,AUTH_SECRET
הישיבה תתקיים בחדר הגדול בקומה השנייה.,0,NON_LEAK,LOW_RISK_CONTEXT
הצעת המחיר הסופית ללקוח תישלח אחרי אישור מנהל אבטחת מידע.,1,LEAK,CONFIDENTIAL_BUSINESS
המצגת עודכנה וכוללת את סטטוס המשימות לשבוע הקרוב.,0,NON_LEAK,NON_SENSITIVE_GENERAL
יש לשלוח את הקובץ המעודכן עד סוף היום.,0,NON_LEAK,LOW_RISK_CONTEXT
האתר הרשמי עודכן עם מסמכי ההדרכה החדשים למשתמשים.,0,NON_LEAK,PUBLIC_INFO
"מנהל המוצר ביקש לעדכן את הלו""ז ולשתף את הסטטוס.",0,NON_LEAK,LOW_RISK_CONTEXT
"הקובץ כולל פרטי גישה למערכת, כולל שם משתמש וסיסמה.",1,LEAK,AUTH_SECRET
אינטל פרסמה הודעה רשמית על הרחבת הפעילות בחיפה.,0,NON_LEAK,PUBLIC_INFO
בדוח מופיעים פרטי כרטיס של נועם מזרחי ותוקף 08/27.,1,LEAK,FINANCIAL
הישיבה תתקיים בחדר הגדול בקומה השנייה.,0,NON_LEAK,LOW_RISK_CONTEXT
בדוח הרפואי של נועה מזרחי מבית החולים איכילוב מופיע טיפול רגיש.,1,LEAK,HEALTH
הקבוצה תיפגש מחר בבוקר לדיון על תכנון הרבעון הבא.,0,NON_LEAK,NON_SENSITIVE_GENERAL
הפרויקט עבר לשלב האינטגרציה ונדרשת בדיקת עומסים.,0,NON_LEAK,LOW_RISK_CONTEXT
נא לא לשתף את תוצאות הבדיקה של הילה חדד שנערכו בשיבא.,1,LEAK,HEALTH
בדוח מופיעים פרטי כרטיס של טל אוחנה ותוקף 08/27.,1,LEAK,FINANCIAL
הפרויקט עבר לשלב האינטגרציה ונדרשת בדיקת עומסים.,0,NON_LEAK,LOW_RISK_CONTEXT
החברה הודיעה לציבור על פתיחת מרכז שירות חדש באשדוד.,0,NON_LEAK,PUBLIC_INFO
בדוח משאבי האנוש מופיעים נתוני שכר של ליאור מלכה.,1,LEAK,LEGAL_HR
בדוח הפנימי מופיעים שמות לקוחות אסטרטגיים ותנאי התקשרות.,1,LEAK,CONFIDENTIAL_BUSINESS
"פרטי הקשר של הלקוחה דנה דנינו: טלפון 0590807595, מייל dana.danino@org.co.il.",1,LEAK,PII_DIRECT
יש לשלוח את הקובץ המעודכן עד סוף היום.,0,NON_LEAK,LOW_RISK_CONTEXT
האתר הרשמי עודכן עם מסמכי ההדרכה החדשים למשתמשים.,0,NON_LEAK,PUBLIC_INFO
בדוח משאבי האנוש מופיעים נתוני שכר של אלון מלכה.,1,LEAK,LEGAL_HR
הועבר סיכום שימוע של נועם מזרחי עם פרטים אישיים רגישים.,1,LEAK,LEGAL_HR
מספר הטלפון של רון חדד הוא 0598373540.,1,LEAK,PII_DIRECT
יש לשלוח את הקובץ המעודכן עד סוף היום.,0,NON_LEAK,LOW_RISK_CONTEXT
קוד האימות שנשלח לעידן דנינו הוא 483921.,1,LEAK,AUTH_SECRET
"הקובץ כולל פרטי גישה למערכת, כולל שם משתמש וסיסמה.",1,LEAK,AUTH_SECRET
מספר תעודת הזהות של ניר ביטון הוא 421751887.,1,LEAK,PII_DIRECT
כתובת המייל האישית של רון חדד היא ron.hadad@org.co.il.,1,LEAK,PII_DIRECT
הפגישה עם מנהלת משאבי אנוש תתקיים ביום ראשון בפתח תקווה.,0,NON_LEAK,NON_SENSITIVE_GENERAL
מפתח ה-API של הסביבה הפנימית נשמר במסמך המצורף.,1,LEAK,AUTH_SECRET
המצגת עודכנה וכוללת את סטטוס המשימות לשבוע הקרוב.,0,NON_LEAK,NON_SENSITIVE_GENERAL
בדוח הרפואי של שירה אברהם מבית החולים איכילוב מופיע טיפול רגיש.,1,LEAK,HEALTH
הסיסמה הזמנית לחשבון של איתי פרץ היא Welcome2026!.,1,LEAK,AUTH_SECRET
האתר הרשמי עודכן עם מסמכי ההדרכה החדשים למשתמשים.,0,NON_LEAK,PUBLIC_INFO
"הקובץ כולל פרטי חיוב של לקוחות, כולל חשבונות בנק וסכומים.",1,LEAK,FINANCIAL
הפרויקט עבר לשלב האינטגרציה ונדרשת בדיקת עומסים.,0,NON_LEAK,LOW_RISK_CONTEXT
"פרטי החשבון של שירה אברהם: בנק בנק לאומי, חשבון 2584679017.",1,LEAK,FINANCIAL
"המסמך מכיל מידע רפואי אישי על עידן דנינו, כולל תרופות ואבחנות.",1,LEAK,HEALTH
הועבר סיכום שימוע של ליאור מלכה עם פרטים אישיים רגישים.,1,LEAK,LEGAL_HR
מספר הטלפון של מאיה ביטון הוא 0501707568.,1,LEAK,PII_DIRECT
הצוות מבקש להוסיף מסך התחברות חדש למערכת.,0,NON_LEAK,LOW_RISK_CONTEXT
הצעת המחיר הסופית ללקוח תישלח אחרי אישור אנליסטית.,1,LEAK,CONFIDENTIAL_BUSINESS
בדוח הפנימי מופיעים שמות לקוחות אסטרטגיים ותנאי התקשרות.,1,LEAK,CONFIDENTIAL_BUSINESS
הפרויקט עבר לשלב האינטגרציה ונדרשת בדיקת עומסים.,0,NON_LEAK,LOW_RISK_CONTEXT
הצוות סיים את פיתוח מערכת קשת ועבר לשלב הבדיקות.,0,NON_LEAK,NON_SENSITIVE_GENERAL
המסמך כולל פרטי חקירה פנימית ושמות עובדים מעורבים.,1,LEAK,LEGAL_HR
בדוח משאבי האנוש מופיעים נתוני שכר של יעל לוי.,1,LEAK,LEGAL_HR
"הקובץ כולל פרטי חיוב של לקוחות, כולל חשבונות בנק וסכומים.",1,LEAK,FINANCIAL
החברה הודיעה לציבור על פתיחת מרכז שירות חדש בירושלים.,0,NON_LEAK,PUBLIC_INFO
"המסמך מכיל מידע רפואי אישי על ניר ביטון, כולל תרופות ואבחנות.",1,LEAK,HEALTH
המסמך מסווג פנימי וכולל את תוכנית ההשקה של פרויקט נוגה.,1,LEAK,CONFIDENTIAL_BUSINESS
הסיסמה הזמנית לחשבון של רון חדד היא Welcome2026!.,1,LEAK,AUTH_SECRET
"בדוח הרפואי של איתי פרץ מבית החולים רמב""ם מופיע טיפול רגיש.",1,LEAK,HEALTH
נא לשלוח את ההסכם אל dana.danino@gmail.com ולוודא מול 0573983666.,1,LEAK,PII_DIRECT
"מנהל המוצר ביקש לעדכן את הלו""ז ולשתף את הסטטוס.",0,NON_LEAK,LOW_RISK_CONTEXT
הישיבה תתקיים בחדר הגדול בקומה השנייה.,0,NON_LEAK,LOW_RISK_CONTEXT
הפרויקט עבר לשלב האינטגרציה ונדרשת בדיקת עומסים.,0,NON_LEAK,LOW_RISK_CONTEXT
החברה הודיעה לציבור על פתיחת מרכז שירות חדש בחיפה.,0,NON_LEAK,PUBLIC_INFO
המצגת עודכנה וכוללת את סטטוס המשימות לשבוע הקרוב.,0,NON_LEAK,NON_SENSITIVE_GENERAL
האתר הרשמי עודכן עם מסמכי ההדרכה החדשים למשתמשים.,0,NON_LEAK,PUBLIC_INFO
פורסם עדכון גרסה למערכת והמשתמשים התבקשו לרענן את הדפדפן.,0,NON_LEAK,NON_SENSITIVE_GENERAL
בכנס הטכנולוגיה הוצגו מגמות חדשות בתחום הבינה המלאכותית.,0,NON_LEAK,PUBLIC_INFO
בדוח הרפואי של טל אוחנה מבית החולים אסותא מופיע טיפול רגיש.,1,LEAK,HEALTH
בנק הפועלים פרסמה הודעה רשמית על הרחבת הפעילות בתל אביב.,0,NON_LEAK,PUBLIC_INFO
הצוות מבקש להוסיף מסך התחברות חדש למערכת.,0,NON_LEAK,LOW_RISK_CONTEXT
"פרטי הקשר של הלקוחה דנה דנינו: טלפון 0550409370, מייל dana.danino@gmail.com.",1,LEAK,PII_DIRECT
הצוות מבקש להוסיף מסך התחברות חדש למערכת.,0,NON_LEAK,LOW_RISK_CONTEXT
כתובת המייל האישית של ניר ביטון היא nir.biton@mail.com.,1,LEAK,PII_DIRECT
הקבוצה תיפגש מחר בבוקר לדיון על תכנון הרבעון הבא.,0,NON_LEAK,NON_SENSITIVE_GENERAL
בפגישה עם מנהל פיתוח סוכם כי פרויקט נוגה יושק ב26/10/2026.,1,LEAK,CONFIDENTIAL_BUSINESS
החברה הודיעה לציבור על פתיחת מרכז שירות חדש בתל אביב.,0,NON_LEAK,PUBLIC_INFO
יש לשלוח את הקובץ המעודכן עד סוף היום.,0,NON_LEAK,LOW_RISK_CONTEXT
בדוח הרפואי של ליאור מלכה מבית החולים איכילוב מופיע טיפול רגיש.,1,LEAK,HEALTH
בכנס הטכנולוגיה הוצגו מגמות חדשות בתחום הבינה המלאכותית.,0,NON_LEAK,PUBLIC_INFO
"הועבר תשלום בגובה 26 ש""ח מחשבון 8068179224 של רונית פרץ.",1,LEAK,FINANCIAL
הצוות סיים את פיתוח מוצר אופק ועבר לשלב הבדיקות.,0,NON_LEAK,NON_SENSITIVE_GENERAL
שטראוס פרסמה הודעה רשמית על הרחבת הפעילות בחיפה.,0,NON_LEAK,PUBLIC_INFO
בדוח הרפואי של נועם מזרחי מבית החולים סורוקה מופיע טיפול רגיש.,1,LEAK,HEALTH
בכנס הטכנולוגיה הוצגו מגמות חדשות בתחום הבינה המלאכותית.,0,NON_LEAK,PUBLIC_INFO
הקבוצה תיפגש מחר בבוקר לדיון על תכנון הרבעון הבא.,0,NON_LEAK,NON_SENSITIVE_GENERAL
יש לשלוח את הקובץ המעודכן עד סוף היום.,0,NON_LEAK,LOW_RISK_CONTEXT
בדוח הפנימי מופיעים שמות לקוחות אסטרטגיים ותנאי התקשרות.,1,LEAK,CONFIDENTIAL_BUSINESS
החברה הודיעה לציבור על פתיחת מרכז שירות חדש בירושלים.,0,NON_LEAK,PUBLIC_INFO
מספר כרטיס האשראי של ליאור מלכה הוא 6395136899065741.,1,LEAK,FINANCIAL
הקובץ כולל תלונת משמעת נגד טל אוחנה והמלצת פיטורין.,1,LEAK,LEGAL_HR
"מנהל המוצר ביקש לעדכן את הלו""ז ולשתף את הסטטוס.",0,NON_LEAK,LOW_RISK_CONTEXT
"פרטי הקשר של הלקוחה נועם מזרחי: טלפון 0523399821, מייל noam.mizrahi@company.co.il.",1,LEAK,PII_DIRECT
החברה הודיעה לציבור על פתיחת מרכז שירות חדש בראשון לציון.,0,NON_LEAK,PUBLIC_INFO
בדוח מופיעים פרטי כרטיס של ליאור מלכה ותוקף 08/27.,1,LEAK,FINANCIAL
פורסם עדכון גרסה למערכת והמשתמשים התבקשו לרענן את הדפדפן.,0,NON_LEAK,NON_SENSITIVE_GENERAL
החברה הודיעה לציבור על פתיחת מרכז שירות חדש בירושלים.,0,NON_LEAK,PUBLIC_INFO
הצעת המחיר הסופית ללקוח תישלח אחרי אישור מנהלת משאבי אנוש.,1,LEAK,CONFIDENTIAL_BUSINESS
"מנהל המוצר ביקש לעדכן את הלו""ז ולשתף את הסטטוס.",0,NON_LEAK,LOW_RISK_CONTEXT
קוד האימות שנשלח לרון חדד הוא 483921.,1,LEAK,AUTH_SECRET
"הפגישה עם מנכ""ל תתקיים ביום ראשון באשדוד.",0,NON_LEAK,NON_SENSITIVE_GENERAL
"מנהל המוצר ביקש לעדכן את הלו""ז ולשתף את הסטטוס.",0,NON_LEAK,LOW_RISK_CONTEXT
"הועבר תשלום בגובה 154 ש""ח מחשבון 4447048878 של איתי פרץ.",1,LEAK,FINANCIAL
פורסם עדכון גרסה למערכת והמשתמשים התבקשו לרענן את הדפדפן.,0,NON_LEAK,NON_SENSITIVE_GENERAL
הילה חדד עובד בחברת שטראוס בפתח תקווה.,0,NON_LEAK,NON_SENSITIVE_GENERAL
המסמך כולל פרטי חקירה פנימית ושמות עובדים מעורבים.,1,LEAK,LEGAL_HR
"הועבר תשלום בגובה 203 ש""ח מחשבון 2047598358 של רון חדד.",1,LEAK,FINANCIAL
התיק הרפואי של נועה מזרחי מציין אבחנה של לחץ דם גבוה.,1,LEAK,HEALTH
בדוח מופיעים פרטי כרטיס של מאיה ביטון ותוקף 08/27.,1,LEAK,FINANCIAL
הצוות סיים את פיתוח שירות אביב ועבר לשלב הבדיקות.,0,NON_LEAK,NON_SENSITIVE_GENERAL
בדוח מופיעים פרטי כרטיס של ניר ביטון ותוקף 08/27.,1,LEAK,FINANCIAL
הישיבה תתקיים בחדר הגדול בקומה השנייה.,0,NON_LEAK,LOW_RISK_CONTEXT
בדוח מופיעים פרטי כרטיס של נועה מזרחי ותוקף 08/27.,1,LEAK,FINANCIAL
"פרטי הקשר של הלקוחה נועה מזרחי: טלפון 0510197535, מייל noa.mizrahi@mail.com.",1,LEAK,PII_DIRECT
הצוות מבקש להוסיף מסך התחברות חדש למערכת.,0,NON_LEAK,LOW_RISK_CONTEXT
"מנהל המוצר ביקש לעדכן את הלו""ז ולשתף את הסטטוס.",0,NON_LEAK,LOW_RISK_CONTEXT
הישיבה תתקיים בחדר הגדול בקומה השנייה.,0,NON_LEAK,LOW_RISK_CONTEXT
הפרויקט עבר לשלב האינטגרציה ונדרשת בדיקת עומסים.,0,NON_LEAK,LOW_RISK_CONTEXT
בדוח הפנימי מופיעים שמות לקוחות אסטרטגיים ותנאי התקשרות.,1,LEAK,CONFIDENTIAL_BUSINESS
הצעת המחיר הסופית ללקוח תישלח אחרי אישור ראש צוות.,1,LEAK,CONFIDENTIAL_BUSINESS
פורסם עדכון גרסה למערכת והמשתמשים התבקשו לרענן את הדפדפן.,0,NON_LEAK,NON_SENSITIVE_GENERAL
הקבוצה תיפגש מחר בבוקר לדיון על תכנון הרבעון הבא.,0,NON_LEAK,NON_SENSITIVE_GENERAL
הצוות סיים את פיתוח מנוע זית ועבר לשלב הבדיקות.,0,NON_LEAK,NON_SENSITIVE_GENERAL
"הקובץ כולל פרטי חיוב של לקוחות, כולל חשבונות בנק וסכומים.",1,LEAK,FINANCIAL
הפרויקט עבר לשלב האינטגרציה ונדרשת בדיקת עומסים.,0,NON_LEAK,LOW_RISK_CONTEXT
האתר הרשמי עודכן עם מסמכי ההדרכה החדשים למשתמשים.,0,NON_LEAK,PUBLIC_INFO
הקבוצה תיפגש מחר בבוקר לדיון על תכנון הרבעון הבא.,0,NON_LEAK,NON_SENSITIVE_GENERAL
"הכתובת של טל אוחנה היא רחוב העצמאות 44, באר שבע.",1,LEAK,PII_DIRECT
התיק הרפואי של ניר ביטון מציין אבחנה של סוכרת.,1,LEAK,HEALTH
החברה הודיעה לציבור על פתיחת מרכז שירות חדש בחיפה.,0,NON_LEAK,PUBLIC_INFO
"מנהל המוצר ביקש לעדכן את הלו""ז ולשתף את הסטטוס.",0,NON_LEAK,LOW_RISK_CONTEXT
הקובץ כולל תלונת משמעת נגד דנה דנינו והמלצת פיטורין.,1,LEAK,LEGAL_HR
יש לשלוח את הקובץ המעודכן עד סוף היום.,0,NON_LEAK,LOW_RISK_CONTEXT
הצוות סיים את פיתוח מנוע זית ועבר לשלב הבדיקות.,0,NON_LEAK,NON_SENSITIVE_GENERAL
מספר הטלפון של רונית פרץ הוא 0573759493.,1,LEAK,PII_DIRECT
הקבוצה תיפגש מחר בבוקר לדיון על תכנון הרבעון הבא.,0,NON_LEAK,NON_SENSITIVE_GENERAL
בכנס הטכנולוגיה הוצגו מגמות חדשות בתחום הבינה המלאכותית.,0,NON_LEAK,PUBLIC_INFO
מספר כרטיס האשראי של רון חדד הוא 5903177569000191.,1,LEAK,FINANCIAL
נא לשלוח את ההסכם אל alon.malka@org.co.il ולוודא מול 0521410527.,1,LEAK,PII_DIRECT
"פרטי החשבון של יעל לוי: בנק מזרחי טפחות, חשבון 9419715755.",1,LEAK,FINANCIAL
אלון מלכה עובד בחברת שטראוס בירושלים.,0,NON_LEAK,NON_SENSITIVE_GENERAL
גוגל ישראל פרסמה הודעה רשמית על הרחבת הפעילות בירושלים.,0,NON_LEAK,PUBLIC_INFO
הועבר סיכום שימוע של יואב לוי עם פרטים אישיים רגישים.,1,LEAK,LEGAL_HR
"הועבר תשלום בגובה 195 ש""ח מחשבון 4953006776 של טל אוחנה.",1,LEAK,FINANCIAL
הפרויקט עבר לשלב האינטגרציה ונדרשת בדיקת עומסים.,0,NON_LEAK,LOW_RISK_CONTEXT
הצוות מבקש להוסיף מסך התחברות חדש למערכת.,0,NON_LEAK,LOW_RISK_CONTEXT
נא לשלוח את ההסכם אל ronit.peretz@org.co.il ולוודא מול 0518133595.,1,LEAK,PII_DIRECT
"הקובץ כולל פרטי חיוב של לקוחות, כולל חשבונות בנק וסכומים.",1,LEAK,FINANCIAL
הסיסמה הזמנית לחשבון של מאיה ביטון היא Welcome2026!.,1,LEAK,AUTH_SECRET
הצוות סיים את פיתוח שירות אביב ועבר לשלב הבדיקות.,0,NON_LEAK,NON_SENSITIVE_GENERAL
"מנהל המוצר ביקש לעדכן את הלו""ז ולשתף את הסטטוס.",0,NON_LEAK,LOW_RISK_CONTEXT
בכנס הטכנולוגיה הוצגו מגמות חדשות בתחום הבינה המלאכותית.,0,NON_LEAK,PUBLIC_INFO
"פרטי החשבון של שירה אברהם: בנק בנק לאומי, חשבון 1816793235.",1,LEAK,FINANCIAL
"הועבר תשלום בגובה 28 ש""ח מחשבון 5466226540 של הילה חדד.",1,LEAK,FINANCIAL
הקובץ כולל תלונת משמעת נגד משה אוחנה והמלצת פיטורין.,1,LEAK,LEGAL_HR
כתובת המייל האישית של רון חדד היא ron.hadad@gmail.com.,1,LEAK,PII_DIRECT
פורסם עדכון גרסה למערכת והמשתמשים התבקשו לרענן את הדפדפן.,0,NON_LEAK,NON_SENSITIVE_GENERAL
תאריך ההשקה של פלטפורמת ארז נקבע ל6/11/2026.,1,LEAK,CONFIDENTIAL_BUSINESS
המסמך כולל פרטי חקירה פנימית ושמות עובדים מעורבים.,1,LEAK,LEGAL_HR
מספר הטלפון של נועה מזרחי הוא 0527143593.,1,LEAK,PII_DIRECT
האתר הרשמי עודכן עם מסמכי ההדרכה החדשים למשתמשים.,0,NON_LEAK,PUBLIC_INFO
המסמך מסווג פנימי וכולל את תוכנית ההשקה של שירות אביב.,1,LEAK,CONFIDENTIAL_BUSINESS
"הפגישה עם סמנכ""לית כספים תתקיים ביום ראשון בתל אביב.",0,NON_LEAK,NON_SENSITIVE_GENERAL
הצוות מבקש להוסיף מסך התחברות חדש למערכת.,0,NON_LEAK,LOW_RISK_CONTEXT
"מנהל המוצר ביקש לעדכן את הלו""ז ולשתף את הסטטוס.",0,NON_LEAK,LOW_RISK_CONTEXT
הצוות מבקש להוסיף מסך התחברות חדש למערכת.,0,NON_LEAK,LOW_RISK_CONTEXT
בדוח הרפואי של דנה דנינו מבית החולים אסותא מופיע טיפול רגיש.,1,LEAK,HEALTH
מפתח ה-API של הסביבה הפנימית נשמר במסמך המצורף.,1,LEAK,AUTH_SECRET
איתי פרץ עובד בחברת סלקום ברעננה.,0,NON_LEAK,NON_SENSITIVE_GENERAL
הישיבה תתקיים בחדר הגדול בקומה השנייה.,0,NON_LEAK,LOW_RISK_CONTEXT
פורסם עדכון גרסה למערכת והמשתמשים התבקשו לרענן את הדפדפן.,0,NON_LEAK,NON_SENSITIVE_GENERAL
יש לשלוח את הקובץ המעודכן עד סוף היום.,0,NON_LEAK,LOW_RISK_CONTEXT
הפרויקט עבר לשלב האינטגרציה ונדרשת בדיקת עומסים.,0,NON_LEAK,LOW_RISK_CONTEXT
נא לא לשתף את תוצאות הבדיקה של מיכל כהן שנערכו באסותא.,1,LEAK,HEALTH
משה אוחנה עובד בחברת גוגל ישראל בנתניה.,0,NON_LEAK,NON_SENSITIVE_GENERAL
אינטל פרסמה הודעה רשמית על הרחבת הפעילות בחיפה.,0,NON_LEAK,PUBLIC_INFO
"פרטי החשבון של טל אוחנה: בנק בנק הפועלים, חשבון 6335693929.",1,LEAK,FINANCIAL
החברה הודיעה לציבור על פתיחת מרכז שירות חדש בהרצליה.,0,NON_LEAK,PUBLIC_INFO
"הועבר תשלום בגובה 177 ש""ח מחשבון 1701277063 של עידן דנינו.",1,LEAK,FINANCIAL
"מנהל המוצר ביקש לעדכן את הלו""ז ולשתף את הסטטוס.",0,NON_LEAK,LOW_RISK_CONTEXT
יש לשלוח את הקובץ המעודכן עד סוף היום.,0,NON_LEAK,LOW_RISK_CONTEXT
"הועבר תשלום בגובה 184 ש""ח מחשבון 1966760150 של רון חדד.",1,LEAK,FINANCIAL
הקבוצה תיפגש מחר בבוקר לדיון על תכנון הרבעון הבא.,0,NON_LEAK,NON_SENSITIVE_GENERAL
הועבר סיכום שימוע של יואב לוי עם פרטים אישיים רגישים.,1,LEAK,LEGAL_HR
מפתח ה-API של הסביבה הפנימית נשמר במסמך המצורף.,1,LEAK,AUTH_SECRET
כתובת המייל האישית של דוד כהן היא david.cohen@company.co.il.,1,LEAK,PII_DIRECT
הקבוצה תיפגש מחר בבוקר לדיון על תכנון הרבעון הבא.,0,NON_LEAK,NON_SENSITIVE_GENERAL
קוד האימות שנשלח לליאור מלכה הוא 483921.,1,LEAK,AUTH_SECRET
האתר הרשמי עודכן עם מסמכי ההדרכה החדשים למשתמשים.,0,NON_LEAK,PUBLIC_INFO
בפגישה עם מנהל פיתוח סוכם כי פרויקט נוגה יושק ב13/1/2026.,1,LEAK,CONFIDENTIAL_BUSINESS
בדוח הרפואי של הילה חדד מבית החולים שיבא מופיע טיפול רגיש.,1,LEAK,HEALTH
"הועבר תשלום בגובה 5 ש""ח מחשבון 8579282629 של רון חדד.",1,LEAK,FINANCIAL
בפגישה עם מנהל מוצר סוכם כי מנוע זית יושק ב5/9/2026.,1,LEAK,CONFIDENTIAL_BUSINESS
מספר כרטיס האשראי של נועם מזרחי הוא 3893595382804056.,1,LEAK,FINANCIAL
האתר הרשמי עודכן עם מסמכי ההדרכה החדשים למשתמשים.,0,NON_LEAK,PUBLIC_INFO
הקבוצה תיפגש מחר בבוקר לדיון על תכנון הרבעון הבא.,0,NON_LEAK,NON_SENSITIVE_GENERAL
"מנהל המוצר ביקש לעדכן את הלו""ז ולשתף את הסטטוס.",0,NON_LEAK,LOW_RISK_CONTEXT
בדוח משאבי האנוש מופיעים נתוני שכר של מיכל כהן.,1,LEAK,LEGAL_HR
פורסם עדכון גרסה למערכת והמשתמשים התבקשו לרענן את הדפדפן.,0,NON_LEAK,NON_SENSITIVE_GENERAL
בכנס הטכנולוגיה הוצגו מגמות חדשות בתחום הבינה המלאכותית.,0,NON_LEAK,PUBLIC_INFO
בדוח הרפואי של יואב לוי מבית החולים אסותא מופיע טיפול רגיש.,1,LEAK,HEALTH
האתר הרשמי עודכן עם מסמכי ההדרכה החדשים למשתמשים.,0,NON_LEAK,PUBLIC_INFO
"פרטי החשבון של מיכל כהן: בנק בנק הפועלים, חשבון 6744716392.",1,LEAK,FINANCIAL
המצגת עודכנה וכוללת את סטטוס המשימות לשבוע הקרוב.,0,NON_LEAK,NON_SENSITIVE_GENERAL
"הפגישה עם מנכ""ל תתקיים ביום ראשון בפתח תקווה.",0,NON_LEAK,NON_SENSITIVE_GENERAL
דנה דנינו עובד בחברת רפאל באשדוד.,0,NON_LEAK,NON_SENSITIVE_GENERAL
נא לא לשתף את תוצאות הבדיקה של יואב לוי שנערכו בסורוקה.,1,LEAK,HEALTH
הצוות סיים את פיתוח שירות אביב ועבר לשלב הבדיקות.,0,NON_LEAK,NON_SENSITIVE_GENERAL
הפגישה עם יועץ משפטי תתקיים ביום ראשון באשדוד.,0,NON_LEAK,NON_SENSITIVE_GENERAL
הקובץ כולל תלונת משמעת נגד משה אוחנה והמלצת פיטורין.,1,LEAK,LEGAL_HR
"הכתובת של שירה אברהם היא רחוב ביאליק 7, באר שבע.",1,LEAK,PII_DIRECT
גוגל ישראל פרסמה הודעה רשמית על הרחבת הפעילות בבאר שבע.,0,NON_LEAK,PUBLIC_INFO
המסמך מסווג פנימי וכולל את תוכנית ההשקה של פלטפורמת ארז.,1,LEAK,CONFIDENTIAL_BUSINESS
הקובץ כולל תלונת משמעת נגד נועה מזרחי והמלצת פיטורין.,1,LEAK,LEGAL_HR
הישיבה תתקיים בחדר הגדול בקומה השנייה.,0,NON_LEAK,LOW_RISK_CONTEXT
"מנהל המוצר ביקש לעדכן את הלו""ז ולשתף את הסטטוס.",0,NON_LEAK,LOW_RISK_CONTEXT
המצגת עודכנה וכוללת את סטטוס המשימות לשבוע הקרוב.,0,NON_LEAK,NON_SENSITIVE_GENERAL
"הועבר תשלום בגובה 176 ש""ח מחשבון 5643436970 של נועה מזרחי.",1,LEAK,FINANCIAL
המצגת עודכנה וכוללת את סטטוס המשימות לשבוע הקרוב.,0,NON_LEAK,NON_SENSITIVE_GENERAL
בנק לאומי פרסמה הודעה רשמית על הרחבת הפעילות בבאר שבע.,0,NON_LEAK,PUBLIC_INFO
מיקרוסופט פרסמה הודעה רשמית על הרחבת הפעילות באשדוד.,0,NON_LEAK,PUBLIC_INFO
"בפגישה עם מנכ""ל סוכם כי גרסה 4.2 יושק ב19/4/2026.",1,LEAK,CONFIDENTIAL_BUSINESS
פורסם עדכון גרסה למערכת והמשתמשים התבקשו לרענן את הדפדפן.,0,NON_LEAK,NON_SENSITIVE_GENERAL
ניר ביטון עובד בחברת צ'ק פוינט בהרצליה.,0,NON_LEAK,NON_SENSITIVE_GENERAL
מספר כרטיס האשראי של טל אוחנה הוא 5530153030440778.,1,LEAK,FINANCIAL
בדוח הרפואי של ניר ביטון מבית החולים אסותא מופיע טיפול רגיש.,1,LEAK,HEALTH
הפגישה עם מנהל מוצר תתקיים ביום ראשון בהרצליה.,0,NON_LEAK,NON_SENSITIVE_GENERAL
הצוות מבקש להוסיף מסך התחברות חדש למערכת.,0,NON_LEAK,LOW_RISK_CONTEXT
גוגל ישראל פרסמה הודעה רשמית על הרחבת הפעילות בנתניה.,0,NON_LEAK,PUBLIC_INFO
הצעת המחיר הסופית ללקוח תישלח אחרי אישור ראש צוות.,1,LEAK,CONFIDENTIAL_BUSINESS
"מנהל המוצר ביקש לעדכן את הלו""ז ולשתף את הסטטוס.",0,NON_LEAK,LOW_RISK_CONTEXT
מספר תעודת הזהות של עידן דנינו הוא 787036860.,1,LEAK,PII_DIRECT
טל אוחנה עובד בחברת מיקרוסופט בהרצליה.,0,NON_LEAK,NON_SENSITIVE_GENERAL
בדוח הרפואי של עידן דנינו מבית החולים איכילוב מופיע טיפול רגיש.,1,LEAK,HEALTH
נא לשלוח את ההסכם אל nir.biton@gmail.com ולוודא מול 0523242348.,1,LEAK,PII_DIRECT
הצוות סיים את פיתוח שירות אביב ועבר לשלב הבדיקות.,0,NON_LEAK,NON_SENSITIVE_GENERAL
האתר הרשמי עודכן עם מסמכי ההדרכה החדשים למשתמשים.,0,NON_LEAK,PUBLIC_INFO
הפגישה עם מנהל פיתוח תתקיים ביום ראשון בחיפה.,0,NON_LEAK,NON_SENSITIVE_GENERAL
"המסמך מכיל מידע רפואי אישי על איתי פרץ, כולל תרופות ואבחנות.",1,LEAK,HEALTH
"הועבר תשלום בגובה 164 ש""ח מחשבון 9688680589 של יעל לוי.",1,LEAK,FINANCIAL
הישיבה תתקיים בחדר הגדול בקומה השנייה.,0,NON_LEAK,LOW_RISK_CONTEXT
דוד כהן עובד בחברת גוגל ישראל בראשון לציון.,0,NON_LEAK,NON_SENSITIVE_GENERAL
אינטל פרסמה הודעה רשמית על הרחבת הפעילות בחיפה.,0,NON_LEAK,PUBLIC_INFO
הצעת המחיר הסופית ללקוח תישלח אחרי אישור מנהלת משאבי אנוש.,1,LEAK,CONFIDENTIAL_BUSINESS
"הקובץ כולל פרטי חיוב של לקוחות, כולל חשבונות בנק וסכומים.",1,LEAK,FINANCIAL
"הקובץ כולל פרטי גישה למערכת, כולל שם משתמש וסיסמה.",1,LEAK,AUTH_SECRET
החברה הודיעה לציבור על פתיחת מרכז שירות חדש בתל אביב.,0,NON_LEAK,PUBLIC_INFO
בכנס הטכנולוגיה הוצגו מגמות חדשות בתחום הבינה המלאכותית.,0,NON_LEAK,PUBLIC_INFO
"נא לא לשתף את תוצאות הבדיקה של יואב לוי שנערכו ברמב""ם.",1,LEAK,HEALTH
בכנס הטכנולוגיה הוצגו מגמות חדשות בתחום הבינה המלאכותית.,0,NON_LEAK,PUBLIC_INFO
"הצעת המחיר הסופית ללקוח תישלח אחרי אישור מנכ""ל.",1,LEAK,CONFIDENTIAL_BUSINESS
"הקובץ כולל פרטי חיוב של לקוחות, כולל חשבונות בנק וסכומים.",1,LEAK,FINANCIAL
פורסם עדכון גרסה למערכת והמשתמשים התבקשו לרענן את הדפדפן.,0,NON_LEAK,NON_SENSITIVE_GENERAL
בדוח מופיעים פרטי כרטיס של טל אוחנה ותוקף 08/27.,1,LEAK,FINANCIAL
אלביט פרסמה הודעה רשמית על הרחבת הפעילות בהרצליה.,0,NON_LEAK,PUBLIC_INFO
"מנהל המוצר ביקש לעדכן את הלו""ז ולשתף את הסטטוס.",0,NON_LEAK,LOW_RISK_CONTEXT
"מנהל המוצר ביקש לעדכן את הלו""ז ולשתף את הסטטוס.",0,NON_LEAK,LOW_RISK_CONTEXT
גוגל ישראל פרסמה הודעה רשמית על הרחבת הפעילות בראשון לציון.,0,NON_LEAK,PUBLIC_INFO
"הועבר תשלום בגובה 130 ש""ח מחשבון 0771199180 של משה אוחנה.",1,LEAK,FINANCIAL
"מנהל המוצר ביקש לעדכן את הלו""ז ולשתף את הסטטוס.",0,NON_LEAK,LOW_RISK_CONTEXT
"הקובץ כולל פרטי חיוב של לקוחות, כולל חשבונות בנק וסכומים.",1,LEAK,FINANCIAL
קוד האימות שנשלח לטל אוחנה הוא 483921.,1,LEAK,AUTH_SECRET
הפרויקט עבר לשלב האינטגרציה ונדרשת בדיקת עומסים.,0,NON_LEAK,LOW_RISK_CONTEXT
האתר הרשמי עודכן עם מסמכי ההדרכה החדשים למשתמשים.,0,NON_LEAK,PUBLIC_INFO
החברה הודיעה לציבור על פתיחת מרכז שירות חדש בבאר שבע.,0,NON_LEAK,PUBLIC_INFO
בכנס הטכנולוגיה הוצגו מגמות חדשות בתחום הבינה המלאכותית.,0,NON_LEAK,PUBLIC_INFO
יש לשלוח את הקובץ המעודכן עד סוף היום.,0,NON_LEAK,LOW_RISK_CONTEXT
הצוות מבקש להוסיף מסך התחברות חדש למערכת.,0,NON_LEAK,LOW_RISK_CONTEXT
תאריך ההשקה של מערכת קשת נקבע ל25/11/2026.,1,LEAK,CONFIDENTIAL_BUSINESS
הקובץ כולל תלונת משמעת נגד דנה דנינו והמלצת פיטורין.,1,LEAK,LEGAL_HR
הצוות סיים את פיתוח פרויקט נוגה ועבר לשלב הבדיקות.,0,NON_LEAK,NON_SENSITIVE_GENERAL
בדוח הרפואי של ליאור מלכה מבית החולים סורוקה מופיע טיפול רגיש.,1,LEAK,HEALTH
הצוות מבקש להוסיף מסך התחברות חדש למערכת.,0,NON_LEAK,LOW_RISK_CONTEXT
"המסמך מכיל מידע רפואי אישי על רון חדד, כולל תרופות ואבחנות.",1,LEAK,HEALTH
"מנהל המוצר ביקש לעדכן את הלו""ז ולשתף את הסטטוס.",0,NON_LEAK,LOW_RISK_CONTEXT
המצגת עודכנה וכוללת את סטטוס המשימות לשבוע הקרוב.,0,NON_LEAK,NON_SENSITIVE_GENERAL
"הקובץ כולל פרטי חיוב של לקוחות, כולל חשבונות בנק וסכומים.",1,LEAK,FINANCIAL
מפתח ה-API של הסביבה הפנימית נשמר במסמך המצורף.,1,LEAK,AUTH_SECRET
יש לשלוח את הקובץ המעודכן עד סוף היום.,0,NON_LEAK,LOW_RISK_CONTEXT
המסמך מסווג פנימי וכולל את תוכנית ההשקה של מודול ברק.,1,LEAK,CONFIDENTIAL_BUSINESS
הצוות מבקש להוסיף מסך התחברות חדש למערכת.,0,NON_LEAK,LOW_RISK_CONTEXT
הצוות סיים את פיתוח מודול ברק ועבר לשלב הבדיקות.,0,NON_LEAK,NON_SENSITIVE_GENERAL
יעל לוי עובד בחברת בנק הפועלים בראשון לציון.,0,NON_LEAK,NON_SENSITIVE_GENERAL
הקובץ כולל תלונת משמעת נגד משה אוחנה והמלצת פיטורין.,1,LEAK,LEGAL_HR
בכנס הטכנולוגיה הוצגו מגמות חדשות בתחום הבינה המלאכותית.,0,NON_LEAK,PUBLIC_INFO
"פרטי הקשר של הלקוחה נועה מזרחי: טלפון 0549701693, מייל noa.mizrahi@company.co.il.",1,LEAK,PII_DIRECT
נא לא לשתף את תוצאות הבדיקה של מאיה ביטון שנערכו באסותא.,1,LEAK,HEALTH
החברה הודיעה לציבור על פתיחת מרכז שירות חדש בפתח תקווה.,0,NON_LEAK,PUBLIC_INFO
קוד האימות שנשלח לדוד כהן הוא 483921.,1,LEAK,AUTH_SECRET
הקובץ כולל תלונת משמעת נגד מאיה ביטון והמלצת פיטורין.,1,LEAK,LEGAL_HR
"הכתובת של עידן דנינו היא רחוב הזית 11, ראשון לציון.",1,LEAK,PII_DIRECT
הצוות סיים את פיתוח פרויקט נוגה ועבר לשלב הבדיקות.,0,NON_LEAK,NON_SENSITIVE_GENERAL
הצוות סיים את פיתוח מוצר אופק ועבר לשלב הבדיקות.,0,NON_LEAK,NON_SENSITIVE_GENERAL
"המסמך מכיל מידע רפואי אישי על נועה מזרחי, כולל תרופות ואבחנות.",1,LEAK,HEALTH
רונית פרץ עובד בחברת מיקרוסופט בהרצליה.,0,NON_LEAK,NON_SENSITIVE_GENERAL
החברה הודיעה לציבור על פתיחת מרכז שירות חדש בנתניה.,0,NON_LEAK,PUBLIC_INFO
רפאל פרסמה הודעה רשמית על הרחבת הפעילות בהרצליה.,0,NON_LEAK,PUBLIC_INFO
התיק הרפואי של רון חדד מציין אבחנה של אסתמה.,1,LEAK,HEALTH
המצגת עודכנה וכוללת את סטטוס המשימות לשבוע הקרוב.,0,NON_LEAK,NON_SENSITIVE_GENERAL
הסיסמה הזמנית לחשבון של משה אוחנה היא Welcome2026!.,1,LEAK,AUTH_SECRET
הפרויקט עבר לשלב האינטגרציה ונדרשת בדיקת עומסים.,0,NON_LEAK,LOW_RISK_CONTEXT
הצוות מבקש להוסיף מסך התחברות חדש למערכת.,0,NON_LEAK,LOW_RISK_CONTEXT
בכנס הטכנולוגיה הוצגו מגמות חדשות בתחום הבינה המלאכותית.,0,NON_LEAK,PUBLIC_INFO
הצוות סיים את פיתוח מנוע זית ועבר לשלב הבדיקות.,0,NON_LEAK,NON_SENSITIVE_GENERAL
הצוות סיים את פיתוח מוצר אופק ועבר לשלב הבדיקות.,0,NON_LEAK,NON_SENSITIVE_GENERAL
בדוח משאבי האנוש מופיעים נתוני שכר של מאיה ביטון.,1,LEAK,LEGAL_HR
המצגת עודכנה וכוללת את סטטוס המשימות לשבוע הקרוב.,0,NON_LEAK,NON_SENSITIVE_GENERAL
תאריך ההשקה של מודול ברק נקבע ל7/4/2026.,1,LEAK,CONFIDENTIAL_BUSINESS
יש לשלוח את הקובץ המעודכן עד סוף היום.,0,NON_LEAK,LOW_RISK_CONTEXT
הצוות סיים את פיתוח מודול ברק ועבר לשלב הבדיקות.,0,NON_LEAK,NON_SENSITIVE_GENERAL
דנה דנינו עובד בחברת שטראוס ברעננה.,0,NON_LEAK,NON_SENSITIVE_GENERAL
בכנס הטכנולוגיה הוצגו מגמות חדשות בתחום הבינה המלאכותית.,0,NON_LEAK,PUBLIC_INFO
האתר הרשמי עודכן עם מסמכי ההדרכה החדשים למשתמשים.,0,NON_LEAK,PUBLIC_INFO
התיק הרפואי של מאיה ביטון מציין אבחנה של דלקת ריאות.,1,LEAK,HEALTH
מספר כרטיס האשראי של נועם מזרחי הוא 6764979741636560.,1,LEAK,FINANCIAL
"הועבר תשלום בגובה 211 ש""ח מחשבון 0561648408 של טל אוחנה.",1,LEAK,FINANCIAL
בפגישה עם מנהלת משאבי אנוש סוכם כי שירות אביב יושק ב21/7/2026.,1,LEAK,CONFIDENTIAL_BUSINESS
אינטל פרסמה הודעה רשמית על הרחבת הפעילות ברעננה.,0,NON_LEAK,PUBLIC_INFO
"מנהל המוצר ביקש לעדכן את הלו""ז ולשתף את הסטטוס.",0,NON_LEAK,LOW_RISK_CONTEXT
בדוח משאבי האנוש מופיעים נתוני שכר של אורן אברהם.,1,LEAK,LEGAL_HR
בפגישה עם ראש צוות סוכם כי מוצר אופק יושק ב27/9/2026.,1,LEAK,CONFIDENTIAL_BUSINESS
"מנהל המוצר ביקש לעדכן את הלו""ז ולשתף את הסטטוס.",0,NON_LEAK,LOW_RISK_CONTEXT
אלביט פרסמה הודעה רשמית על הרחבת הפעילות בירושלים.,0,NON_LEAK,PUBLIC_INFO
בנק לאומי פרסמה הודעה רשמית על הרחבת הפעילות בחיפה.,0,NON_LEAK,PUBLIC_INFO
הועבר סיכום שימוע של רונית פרץ עם פרטים אישיים רגישים.,1,LEAK,LEGAL_HR
מפתח ה-API של הסביבה הפנימית נשמר במסמך המצורף.,1,LEAK,AUTH_SECRET
בפגישה עם יועץ משפטי סוכם כי פרויקט נוגה יושק ב19/2/2026.,1,LEAK,CONFIDENTIAL_BUSINESS
מספר כרטיס האשראי של ליאור מלכה הוא 3071821821606392.,1,LEAK,FINANCIAL
הישיבה תתקיים בחדר הגדול בקומה השנייה.,0,NON_LEAK,LOW_RISK_CONTEXT
"מנהל המוצר ביקש לעדכן את הלו""ז ולשתף את הסטטוס.",0,NON_LEAK,LOW_RISK_CONTEXT
תאריך ההשקה של שירות אביב נקבע ל12/12/2026.,1,LEAK,CONFIDENTIAL_BUSINESS
"מנהל המוצר ביקש לעדכן את הלו""ז ולשתף את הסטטוס.",0,NON_LEAK,LOW_RISK_CONTEXT
נא לא לשתף את תוצאות הבדיקה של הילה חדד שנערכו בשיבא.,1,LEAK,HEALTH
נא לא לשתף את תוצאות הבדיקה של אורן אברהם שנערכו באסותא.,1,LEAK,HEALTH
בדוח משאבי האנוש מופיעים נתוני שכר של שירה אברהם.,1,LEAK,LEGAL_HR
שטראוס פרסמה הודעה רשמית על הרחבת הפעילות ברעננה.,0,NON_LEAK,PUBLIC_INFO
הקובץ כולל תלונת משמעת נגד רון חדד והמלצת פיטורין.,1,LEAK,LEGAL_HR
שירה אברהם עובד בחברת אלביט בתל אביב.,0,NON_LEAK,NON_SENSITIVE_GENERAL
מפתח ה-API של הסביבה הפנימית נשמר במסמך המצורף.,1,LEAK,AUTH_SECRET
הישיבה תתקיים בחדר הגדול בקומה השנייה.,0,NON_LEAK,LOW_RISK_CONTEXT
הצעת המחיר הסופית ללקוח תישלח אחרי אישור מנהל אבטחת מידע.,1,LEAK,CONFIDENTIAL_BUSINESS
בנק הפועלים פרסמה הודעה רשמית על הרחבת הפעילות בבאר שבע.,0,NON_LEAK,PUBLIC_INFO
החברה הודיעה לציבור על פתיחת מרכז שירות חדש בנתניה.,0,NON_LEAK,PUBLIC_INFO
הקבוצה תיפגש מחר בבוקר לדיון על תכנון הרבעון הבא.,0,NON_LEAK,NON_SENSITIVE_GENERAL
הפרויקט עבר לשלב האינטגרציה ונדרשת בדיקת עומסים.,0,NON_LEAK,LOW_RISK_CONTEXT
אלביט פרסמה הודעה רשמית על הרחבת הפעילות בתל אביב.,0,NON_LEAK,PUBLIC_INFO
כתובת המייל האישית של ניר ביטון היא nir.biton@mail.com.,1,LEAK,PII_DIRECT
הפגישה עם יועץ משפטי תתקיים ביום ראשון באשדוד.,0,NON_LEAK,NON_SENSITIVE_GENERAL
נא לא לשתף את תוצאות הבדיקה של טל אוחנה שנערכו באיכילוב.,1,LEAK,HEALTH
הצוות מבקש להוסיף מסך התחברות חדש למערכת.,0,NON_LEAK,LOW_RISK_CONTEXT
מספר תעודת הזהות של טל אוחנה הוא 912944314.,1,LEAK,PII_DIRECT
בדוח משאבי האנוש מופיעים נתוני שכר של אורן אברהם.,1,LEAK,LEGAL_HR
"הועבר תשלום בגובה 218 ש""ח מחשבון 6199062344 של מאיה ביטון.",1,LEAK,FINANCIAL
בדוח הרפואי של הילה חדד מבית החולים איכילוב מופיע טיפול רגיש.,1,LEAK,HEALTH
נא לא לשתף את תוצאות הבדיקה של עידן דנינו שנערכו בסורוקה.,1,LEAK,HEALTH
מספר תעודת הזהות של אורן אברהם הוא 219620710.,1,LEAK,PII_DIRECT
הועבר סיכום שימוע של נועם מזרחי עם פרטים אישיים רגישים.,1,LEAK,LEGAL_HR
המצגת עודכנה וכוללת את סטטוס המשימות לשבוע הקרוב.,0,NON_LEAK,NON_SENSITIVE_GENERAL
"הכתובת של אורן אברהם היא רחוב הנביאים 14, רעננה.",1,LEAK,PII_DIRECT
אינטל פרסמה הודעה רשמית על הרחבת הפעילות בירושלים.,0,NON_LEAK,PUBLIC_INFO
המסמך כולל פרטי חקירה פנימית ושמות עובדים מעורבים.,1,LEAK,LEGAL_HR
"הקובץ כולל פרטי חיוב של לקוחות, כולל חשבונות בנק וסכומים.",1,LEAK,FINANCIAL
הקבוצה תיפגש מחר בבוקר לדיון על תכנון הרבעון הבא.,0,NON_LEAK,NON_SENSITIVE_GENERAL
הצוות סיים את פיתוח מודול ברק ועבר לשלב הבדיקות.,0,NON_LEAK,NON_SENSITIVE_GENERAL
הצוות סיים את פיתוח מודול ברק ועבר לשלב הבדיקות.,0,NON_LEAK,NON_SENSITIVE_GENERAL
"המסמך מכיל מידע רפואי אישי על נועה מזרחי, כולל תרופות ואבחנות.",1,LEAK,HEALTH
יש לשלוח את הקובץ המעודכן עד סוף היום.,0,NON_LEAK,LOW_RISK_CONTEXT
בדוח משאבי האנוש מופיעים נתוני שכר של ניר ביטון.,1,LEAK,LEGAL_HR
הפרויקט עבר לשלב האינטגרציה ונדרשת בדיקת עומסים.,0,NON_LEAK,LOW_RISK_CONTEXT
הפרויקט עבר לשלב האינטגרציה ונדרשת בדיקת עומסים.,0,NON_LEAK,LOW_RISK_CONTEXT
בדוח מופיעים פרטי כרטיס של נועם מזרחי ותוקף 08/27.,1,LEAK,FINANCIAL
הצעת המחיר הסופית ללקוח תישלח אחרי אישור מנהל פיתוח.,1,LEAK,CONFIDENTIAL_BUSINESS
פורסם עדכון גרסה למערכת והמשתמשים התבקשו לרענן את הדפדפן.,0,NON_LEAK,NON_SENSITIVE_GENERAL
הצוות סיים את פיתוח מערכת קשת ועבר לשלב הבדיקות.,0,NON_LEAK,NON_SENSITIVE_GENERAL
הסיסמה הזמנית לחשבון של נועם מזרחי היא Welcome2026!.,1,LEAK,AUTH_SECRET
המסמך כולל פרטי חקירה פנימית ושמות עובדים מעורבים.,1,LEAK,LEGAL_HR
האתר הרשמי עודכן עם מסמכי ההדרכה החדשים למשתמשים.,0,NON_LEAK,PUBLIC_INFO
"הפגישה עם מנכ""ל תתקיים ביום ראשון ברעננה.",0,NON_LEAK,NON_SENSITIVE_GENERAL
הקבוצה תיפגש מחר בבוקר לדיון על תכנון הרבעון הבא.,0,NON_LEAK,NON_SENSITIVE_GENERAL
הפרויקט עבר לשלב האינטגרציה ונדרשת בדיקת עומסים.,0,NON_LEAK,LOW_RISK_CONTEXT
תאריך ההשקה של מוצר אופק נקבע ל11/12/2026.,1,LEAK,CONFIDENTIAL_BUSINESS
הועבר סיכום שימוע של דנה דנינו עם פרטים אישיים רגישים.,1,LEAK,LEGAL_HR
המצגת עודכנה וכוללת את סטטוס המשימות לשבוע הקרוב.,0,NON_LEAK,NON_SENSITIVE_GENERAL
"מנהל המוצר ביקש לעדכן את הלו""ז ולשתף את הסטטוס.",0,NON_LEAK,LOW_RISK_CONTEXT
דנה דנינו עובד בחברת בנק לאומי בבאר שבע.,0,NON_LEAK,NON_SENSITIVE_GENERAL
אלון מלכה עובד בחברת בנק הפועלים בהרצליה.,0,NON_LEAK,NON_SENSITIVE_GENERAL
פורסם עדכון גרסה למערכת והמשתמשים התבקשו לרענן את הדפדפן.,0,NON_LEAK,NON_SENSITIVE_GENERAL
"הכתובת של דנה דנינו היא רחוב בן גוריון 5, אשדוד.",1,LEAK,PII_DIRECT
אינטל פרסמה הודעה רשמית על הרחבת הפעילות בבאר שבע.,0,NON_LEAK,PUBLIC_INFO
"פרטי החשבון של רון חדד: בנק בנק לאומי, חשבון 2797245723.",1,LEAK,FINANCIAL
החברה הודיעה לציבור על פתיחת מרכז שירות חדש בפתח תקווה.,0,NON_LEAK,PUBLIC_INFO
פורסם עדכון גרסה למערכת והמשתמשים התבקשו לרענן את הדפדפן.,0,NON_LEAK,NON_SENSITIVE_GENERAL
החברה הודיעה לציבור על פתיחת מרכז שירות חדש בפתח תקווה.,0,NON_LEAK,PUBLIC_INFO
האתר הרשמי עודכן עם מסמכי ההדרכה החדשים למשתמשים.,0,NON_LEAK,PUBLIC_INFO
תאריך ההשקה של מנוע זית נקבע ל15/8/2026.,1,LEAK,CONFIDENTIAL_BUSINESS
הפרויקט עבר לשלב האינטגרציה ונדרשת בדיקת עומסים.,0,NON_LEAK,LOW_RISK_CONTEXT
"בדוח הרפואי של הילה חדד מבית החולים רמב""ם מופיע טיפול רגיש.",1,LEAK,HEALTH
בדוח הפנימי מופיעים שמות לקוחות אסטרטגיים ותנאי התקשרות.,1,LEAK,CONFIDENTIAL_BUSINESS
הקובץ כולל תלונת משמעת נגד אלון מלכה והמלצת פיטורין.,1,LEAK,LEGAL_HR
הישיבה תתקיים בחדר הגדול בקומה השנייה.,0,NON_LEAK,LOW_RISK_CONTEXT
בפגישה עם אנליסטית סוכם כי מוצר אופק יושק ב20/9/2026.,1,LEAK,CONFIDENTIAL_BUSINESS
המצגת עודכנה וכוללת את סטטוס המשימות לשבוע הקרוב.,0,NON_LEAK,NON_SENSITIVE_GENERAL
הישיבה תתקיים בחדר הגדול בקומה השנייה.,0,NON_LEAK,LOW_RISK_CONTEXT
התיק הרפואי של טל אוחנה מציין אבחנה של חרדה.,1,LEAK,HEALTH
בדוח משאבי האנוש מופיעים נתוני שכר של ניר ביטון.,1,LEAK,LEGAL_HR
המסמך מסווג פנימי וכולל את תוכנית ההשקה של פלטפורמת ארז.,1,LEAK,CONFIDENTIAL_BUSINESS
הצוות מבקש להוסיף מסך התחברות חדש למערכת.,0,NON_LEAK,LOW_RISK_CONTEXT
"המסמך מכיל מידע רפואי אישי על משה אוחנה, כולל תרופות ואבחנות.",1,LEAK,HEALTH
כתובת המייל האישית של נועה מזרחי היא noa.mizrahi@gmail.com.,1,LEAK,PII_DIRECT
בפגישה עם מנהל מוצר סוכם כי פרויקט נוגה יושק ב26/2/2026.,1,LEAK,CONFIDENTIAL_BUSINESS
"מנהל המוצר ביקש לעדכן את הלו""ז ולשתף את הסטטוס.",0,NON_LEAK,LOW_RISK_CONTEXT
בדוח הפנימי מופיעים שמות לקוחות אסטרטגיים ותנאי התקשרות.,1,LEAK,CONFIDENTIAL_BUSINESS
בנק הפועלים פרסמה הודעה רשמית על הרחבת הפעילות באשדוד.,0,NON_LEAK,PUBLIC_INFO
המצגת עודכנה וכוללת את סטטוס המשימות לשבוע הקרוב.,0,NON_LEAK,NON_SENSITIVE_GENERAL
האתר הרשמי עודכן עם מסמכי ההדרכה החדשים למשתמשים.,0,NON_LEAK,PUBLIC_INFO
הועבר סיכום שימוע של ניר ביטון עם פרטים אישיים רגישים.,1,LEAK,LEGAL_HR
"הקובץ כולל פרטי גישה למערכת, כולל שם משתמש וסיסמה.",1,LEAK,AUTH_SECRET
מפתח ה-API של הסביבה הפנימית נשמר במסמך המצורף.,1,LEAK,AUTH_SECRET
בפגישה עם יועץ משפטי סוכם כי מערכת קשת יושק ב20/7/2026.,1,LEAK,CONFIDENTIAL_BUSINESS
הצוות סיים את פיתוח מודול ברק ועבר לשלב הבדיקות.,0,NON_LEAK,NON_SENSITIVE_GENERAL
"הקובץ כולל פרטי גישה למערכת, כולל שם משתמש וסיסמה.",1,LEAK,AUTH_SECRET
בכנס הטכנולוגיה הוצגו מגמות חדשות בתחום הבינה המלאכותית.,0,NON_LEAK,PUBLIC_INFO
הסיסמה הזמנית לחשבון של הילה חדד היא Welcome2026!.,1,LEAK,AUTH_SECRET
כתובת המייל האישית של ליאור מלכה היא lior.malka@org.co.il.,1,LEAK,PII_DIRECT
בדוח מופיעים פרטי כרטיס של איתי פרץ ותוקף 08/27.,1,LEAK,FINANCIAL
התיק הרפואי של רון חדד מציין אבחנה של לחץ דם גבוה.,1,LEAK,HEALTH
נא לא לשתף את תוצאות הבדיקה של ליאור מלכה שנערכו בסורוקה.,1,LEAK,HEALTH
החברה הודיעה לציבור על פתיחת מרכז שירות חדש ברעננה.,0,NON_LEAK,PUBLIC_INFO
הישיבה תתקיים בחדר הגדול בקומה השנייה.,0,NON_LEAK,LOW_RISK_CONTEXT
האתר הרשמי עודכן עם מסמכי ההדרכה החדשים למשתמשים.,0,NON_LEAK,PUBLIC_INFO
"הקובץ כולל פרטי חיוב של לקוחות, כולל חשבונות בנק וסכומים.",1,LEAK,FINANCIAL
החברה הודיעה לציבור על פתיחת מרכז שירות חדש בהרצליה.,0,NON_LEAK,PUBLIC_INFO
בדוח מופיעים פרטי כרטיס של שירה אברהם ותוקף 08/27.,1,LEAK,FINANCIAL
נא לשלוח את ההסכם אל yoav.levi@outlook.com ולוודא מול 0572587339.,1,LEAK,PII_DIRECT
הקובץ כולל תלונת משמעת נגד דנה דנינו והמלצת פיטורין.,1,LEAK,LEGAL_HR
החברה הודיעה לציבור על פתיחת מרכז שירות חדש בבאר שבע.,0,NON_LEAK,PUBLIC_INFO
מספר הטלפון של רון חדד הוא 0593449076.,1,LEAK,PII_DIRECT
יש לשלוח את הקובץ המעודכן עד סוף היום.,0,NON_LEAK,LOW_RISK_CONTEXT
הצוות סיים את פיתוח מערכת קשת ועבר לשלב הבדיקות.,0,NON_LEAK,NON_SENSITIVE_GENERAL
"הקובץ כולל פרטי גישה למערכת, כולל שם משתמש וסיסמה.",1,LEAK,AUTH_SECRET
יש לשלוח את הקובץ המעודכן עד סוף היום.,0,NON_LEAK,LOW_RISK_CONTEXT
הפרויקט עבר לשלב האינטגרציה ונדרשת בדיקת עומסים.,0,NON_LEAK,LOW_RISK_CONTEXT
האתר הרשמי עודכן עם מסמכי ההדרכה החדשים למשתמשים.,0,NON_LEAK,PUBLIC_INFO
האתר הרשמי עודכן עם מסמכי ההדרכה החדשים למשתמשים.,0,NON_LEAK,PUBLIC_INFO
"מנהל המוצר ביקש לעדכן את הלו""ז ולשתף את הסטטוס.",0,NON_LEAK,LOW_RISK_CONTEXT
נא לא לשתף את תוצאות הבדיקה של שירה אברהם שנערכו בסורוקה.,1,LEAK,HEALTH
בכנס הטכנולוגיה הוצגו מגמות חדשות בתחום הבינה המלאכותית.,0,NON_LEAK,PUBLIC_INFO
"פרטי החשבון של הילה חדד: בנק בנק לאומי, חשבון 8862912799.",1,LEAK,FINANCIAL
יש לשלוח את הקובץ המעודכן עד סוף היום.,0,NON_LEAK,LOW_RISK_CONTEXT
מספר תעודת הזהות של דנה דנינו הוא 175694307.,1,LEAK,PII_DIRECT
"מנהל המוצר ביקש לעדכן את הלו""ז ולשתף את הסטטוס.",0,NON_LEAK,LOW_RISK_CONTEXT
בכנס הטכנולוגיה הוצגו מגמות חדשות בתחום הבינה המלאכותית.,0,NON_LEAK,PUBLIC_INFO
המצגת עודכנה וכוללת את סטטוס המשימות לשבוע הקרוב.,0,NON_LEAK,NON_SENSITIVE_GENERAL
"בפגישה עם סמנכ""לית כספים סוכם כי מערכת קשת יושק ב16/6/2026.",1,LEAK,CONFIDENTIAL_BUSINESS
"פרטי החשבון של נועם מזרחי: בנק בנק הפועלים, חשבון 3831006433.",1,LEAK,FINANCIAL
הצוות מבקש להוסיף מסך התחברות חדש למערכת.,0,NON_LEAK,LOW_RISK_CONTEXT
נא לשלוח את ההסכם אל yael.levi@gmail.com ולוודא מול 0588444372.,1,LEAK,PII_DIRECT
כתובת המייל האישית של ליאור מלכה היא lior.malka@company.co.il.,1,LEAK,PII_DIRECT
"מנהל המוצר ביקש לעדכן את הלו""ז ולשתף את הסטטוס.",0,NON_LEAK,LOW_RISK_CONTEXT
האתר הרשמי עודכן עם מסמכי ההדרכה החדשים למשתמשים.,0,NON_LEAK,PUBLIC_INFO
"המסמך מכיל מידע רפואי אישי על אלון מלכה, כולל תרופות ואבחנות.",1,LEAK,HEALTH
בדוח משאבי האנוש מופיעים נתוני שכר של נועה מזרחי.,1,LEAK,LEGAL_HR
הפרויקט עבר לשלב האינטגרציה ונדרשת בדיקת עומסים.,0,NON_LEAK,LOW_RISK_CONTEXT
הועבר סיכום שימוע של נועם מזרחי עם פרטים אישיים רגישים.,1,LEAK,LEGAL_HR
הועבר סיכום שימוע של נועם מזרחי עם פרטים אישיים רגישים.,1,LEAK,LEGAL_HR
התיק הרפואי של הילה חדד מציין אבחנה של לחץ דם גבוה.,1,LEAK,HEALTH
"פרטי הקשר של הלקוחה אורן אברהם: טלפון 0508267734, מייל oren.avraham@company.co.il.",1,LEAK,PII_DIRECT
"פרטי החשבון של טל אוחנה: בנק בנק הפועלים, חשבון 5672617362.",1,LEAK,FINANCIAL
"המסמך מכיל מידע רפואי אישי על מיכל כהן, כולל תרופות ואבחנות.",1,LEAK,HEALTH
אלביט פרסמה הודעה רשמית על הרחבת הפעילות בפתח תקווה.,0,NON_LEAK,PUBLIC_INFO
"פרטי הקשר של הלקוחה רונית פרץ: טלפון 0559574988, מייל ronit.peretz@company.co.il.",1,LEAK,PII_DIRECT
המסמך כולל פרטי חקירה פנימית ושמות עובדים מעורבים.,1,LEAK,LEGAL_HR
"מנהל המוצר ביקש לעדכן את הלו""ז ולשתף את הסטטוס.",0,NON_LEAK,LOW_RISK_CONTEXT
הועבר סיכום שימוע של יואב לוי עם פרטים אישיים רגישים.,1,LEAK,LEGAL_HR
הסיסמה הזמנית לחשבון של רון חדד היא Welcome2026!.,1,LEAK,AUTH_SECRET
בדוח הפנימי מופיעים שמות לקוחות אסטרטגיים ותנאי התקשרות.,1,LEAK,CONFIDENTIAL_BUSINESS
החברה הודיעה לציבור על פתיחת מרכז שירות חדש בראשון לציון.,0,NON_LEAK,PUBLIC_INFO
פורסם עדכון גרסה למערכת והמשתמשים התבקשו לרענן את הדפדפן.,0,NON_LEAK,NON_SENSITIVE_GENERAL
האתר הרשמי עודכן עם מסמכי ההדרכה החדשים למשתמשים.,0,NON_LEAK,PUBLIC_INFO
אורן אברהם עובד בחברת אלביט בחיפה.,0,NON_LEAK,NON_SENSITIVE_GENERAL
המסמך כולל פרטי חקירה פנימית ושמות עובדים מעורבים.,1,LEAK,LEGAL_HR
רפאל פרסמה הודעה רשמית על הרחבת הפעילות בחיפה.,0,NON_LEAK,PUBLIC_INFO
הפרויקט עבר לשלב האינטגרציה ונדרשת בדיקת עומסים.,0,NON_LEAK,LOW_RISK_CONTEXT
המצגת עודכנה וכוללת את סטטוס המשימות לשבוע הקרוב.,0,NON_LEAK,NON_SENSITIVE_GENERAL
בדוח משאבי האנוש מופיעים נתוני שכר של רונית פרץ.,1,LEAK,LEGAL_HR
כתובת המייל האישית של מאיה ביטון היא maya.biton@gmail.com.,1,LEAK,PII_DIRECT
מספר הטלפון של נועם מזרחי הוא 0583948232.,1,LEAK,PII_DIRECT
הסיסמה הזמנית לחשבון של משה אוחנה היא Welcome2026!.,1,LEAK,AUTH_SECRET
"מנהל המוצר ביקש לעדכן את הלו""ז ולשתף את הסטטוס.",0,NON_LEAK,LOW_RISK_CONTEXT
"המסמך מכיל מידע רפואי אישי על דוד כהן, כולל תרופות ואבחנות.",1,LEAK,HEALTH
בכנס הטכנולוגיה הוצגו מגמות חדשות בתחום הבינה המלאכותית.,0,NON_LEAK,PUBLIC_INFO
הסיסמה הזמנית לחשבון של דוד כהן היא Welcome2026!.,1,LEAK,AUTH_SECRET
"הקובץ כולל פרטי גישה למערכת, כולל שם משתמש וסיסמה.",1,LEAK,AUTH_SECRET
תאריך ההשקה של שירות אביב נקבע ל22/2/2026.,1,LEAK,CONFIDENTIAL_BUSINESS
"הועבר תשלום בגובה 174 ש""ח מחשבון 3984648442 של רונית פרץ.",1,LEAK,FINANCIAL
החברה הודיעה לציבור על פתיחת מרכז שירות חדש בחיפה.,0,NON_LEAK,PUBLIC_INFO
יואב לוי עובד בחברת בנק הפועלים בתל אביב.,0,NON_LEAK,NON_SENSITIVE_GENERAL
מספר כרטיס האשראי של מיכל כהן הוא 4591966395517208.,1,LEAK,FINANCIAL
המצגת עודכנה וכוללת את סטטוס המשימות לשבוע הקרוב.,0,NON_LEAK,NON_SENSITIVE_GENERAL
תאריך ההשקה של מוצר אופק נקבע ל6/4/2026.,1,LEAK,CONFIDENTIAL_BUSINESS
תאריך ההשקה של פרויקט נוגה נקבע ל25/5/2026.,1,LEAK,CONFIDENTIAL_BUSINESS
"פרטי החשבון של יעל לוי: בנק מזרחי טפחות, חשבון 2833728756.",1,LEAK,FINANCIAL
הצוות מבקש להוסיף מסך התחברות חדש למערכת.,0,NON_LEAK,LOW_RISK_CONTEXT
כתובת המייל האישית של שירה אברהם היא shira.avraham@mail.com.,1,LEAK,PII_DIRECT
גוגל ישראל פרסמה הודעה רשמית על הרחבת הפעילות בנתניה.,0,NON_LEAK,PUBLIC_INFO
הסיסמה הזמנית לחשבון של אורן אברהם היא Welcome2026!.,1,LEAK,AUTH_SECRET
מפתח ה-API של הסביבה הפנימית נשמר במסמך המצורף.,1,LEAK,AUTH_SECRET
"פרטי הקשר של הלקוחה דוד כהן: טלפון 0569637491, מייל david.cohen@outlook.com.",1,LEAK,PII_DIRECT
אינטל פרסמה הודעה רשמית על הרחבת הפעילות בהרצליה.,0,NON_LEAK,PUBLIC_INFO
הצוות סיים את פיתוח פרויקט נוגה ועבר לשלב הבדיקות.,0,NON_LEAK,NON_SENSITIVE_GENERAL
מספר כרטיס האשראי של מאיה ביטון הוא 5243772942095481.,1,LEAK,FINANCIAL
האתר הרשמי עודכן עם מסמכי ההדרכה החדשים למשתמשים.,0,NON_LEAK,PUBLIC_INFO
האתר הרשמי עודכן עם מסמכי ההדרכה החדשים למשתמשים.,0,NON_LEAK,PUBLIC_INFO
אלביט פרסמה הודעה רשמית על הרחבת הפעילות בתל אביב.,0,NON_LEAK,PUBLIC_INFO
יש לשלוח את הקובץ המעודכן עד סוף היום.,0,NON_LEAK,LOW_RISK_CONTEXT
בדוח הרפואי של הילה חדד מבית החולים סורוקה מופיע טיפול רגיש.,1,LEAK,HEALTH
פורסם עדכון גרסה למערכת והמשתמשים התבקשו לרענן את הדפדפן.,0,NON_LEAK,NON_SENSITIVE_GENERAL
הקבוצה תיפגש מחר בבוקר לדיון על תכנון הרבעון הבא.,0,NON_LEAK,NON_SENSITIVE_GENERAL
"מנהל המוצר ביקש לעדכן את הלו""ז ולשתף את הסטטוס.",0,NON_LEAK,LOW_RISK_CONTEXT
תאריך ההשקה של מערכת קשת נקבע ל10/2/2026.,1,LEAK,CONFIDENTIAL_BUSINESS
"בדוח הרפואי של אורן אברהם מבית החולים רמב""ם מופיע טיפול רגיש.",1,LEAK,HEALTH
כתובת המייל האישית של הילה חדד היא hila.hadad@org.co.il.,1,LEAK,PII_DIRECT
הועבר סיכום שימוע של ליאור מלכה עם פרטים אישיים רגישים.,1,LEAK,LEGAL_HR
המסמך כולל פרטי חקירה פנימית ושמות עובדים מעורבים.,1,LEAK,LEGAL_HR
הקובץ כולל תלונת משמעת נגד דוד כהן והמלצת פיטורין.,1,LEAK,LEGAL_HR
הועבר סיכום שימוע של איתי פרץ עם פרטים אישיים רגישים.,1,LEAK,LEGAL_HR
"הכתובת של מיכל כהן היא רחוב ביאליק 7, הרצליה.",1,LEAK,PII_DIRECT
יש לשלוח את הקובץ המעודכן עד סוף היום.,0,NON_LEAK,LOW_RISK_CONTEXT
הפגישה עם מנהל פיתוח תתקיים ביום ראשון באשדוד.,0,NON_LEAK,NON_SENSITIVE_GENERAL
כתובת המייל האישית של רון חדד היא ron.hadad@mail.com.,1,LEAK,PII_DIRECT
"פרטי הקשר של הלקוחה עידן דנינו: טלפון 0571181519, מייל idan.danino@mail.com.",1,LEAK,PII_DIRECT
"נא לא לשתף את תוצאות הבדיקה של אלון מלכה שנערכו ברמב""ם.",1,LEAK,HEALTH
"המסמך מכיל מידע רפואי אישי על רון חדד, כולל תרופות ואבחנות.",1,LEAK,HEALTH
מספר הטלפון של איתי פרץ הוא 0548324096.,1,LEAK,PII_DIRECT
"הועבר תשלום בגובה 68 ש""ח מחשבון 5245787158 של יעל לוי.",1,LEAK,FINANCIAL
הפגישה עם מנהל פיתוח תתקיים ביום ראשון בנתניה.,0,NON_LEAK,NON_SENSITIVE_GENERAL
"הקובץ כולל פרטי גישה למערכת, כולל שם משתמש וסיסמה.",1,LEAK,AUTH_SECRET
הישיבה תתקיים בחדר הגדול בקומה השנייה.,0,NON_LEAK,LOW_RISK_CONTEXT
המסמך כולל פרטי חקירה פנימית ושמות עובדים מעורבים.,1,LEAK,LEGAL_HR
"הועבר תשלום בגובה 8 ש""ח מחשבון 1480263257 של משה אוחנה.",1,LEAK,FINANCIAL
מספר תעודת הזהות של אלון מלכה הוא 834695449.,1,LEAK,PII_DIRECT
הצוות סיים את פיתוח שירות אביב ועבר לשלב הבדיקות.,0,NON_LEAK,NON_SENSITIVE_GENERAL
"בדוח הרפואי של מיכל כהן מבית החולים רמב""ם מופיע טיפול רגיש.",1,LEAK,HEALTH
"המסמך מכיל מידע רפואי אישי על עידן דנינו, כולל תרופות ואבחנות.",1,LEAK,HEALTH
פורסם עדכון גרסה למערכת והמשתמשים התבקשו לרענן את הדפדפן.,0,NON_LEAK,NON_SENSITIVE_GENERAL
"הכתובת של שירה אברהם היא רחוב הרצל 12, ירושלים.",1,LEAK,PII_DIRECT
בדוח משאבי האנוש מופיעים נתוני שכר של שירה אברהם.,1,LEAK,LEGAL_HR
"מנהל המוצר ביקש לעדכן את הלו""ז ולשתף את הסטטוס.",0,NON_LEAK,LOW_RISK_CONTEXT
הצוות מבקש להוסיף מסך התחברות חדש למערכת.,0,NON_LEAK,LOW_RISK_CONTEXT
בדוח הפנימי מופיעים שמות לקוחות אסטרטגיים ותנאי התקשרות.,1,LEAK,CONFIDENTIAL_BUSINESS
הישיבה תתקיים בחדר הגדול בקומה השנייה.,0,NON_LEAK,LOW_RISK_CONTEXT
"הכתובת של מיכל כהן היא רחוב הזית 11, הרצליה.",1,LEAK,PII_DIRECT
קוד האימות שנשלח לדוד כהן הוא 483921.,1,LEAK,AUTH_SECRET
נא לא לשתף את תוצאות הבדיקה של רונית פרץ שנערכו בשיבא.,1,LEAK,HEALTH
החברה הודיעה לציבור על פתיחת מרכז שירות חדש בנתניה.,0,NON_LEAK,PUBLIC_INFO
"הועבר תשלום בגובה 173 ש""ח מחשבון 4870929516 של רון חדד.",1,LEAK,FINANCIAL
הקבוצה תיפגש מחר בבוקר לדיון על תכנון הרבעון הבא.,0,NON_LEAK,NON_SENSITIVE_GENERAL
יש לשלוח את הקובץ המעודכן עד סוף היום.,0,NON_LEAK,LOW_RISK_CONTEXT
תאריך ההשקה של פלטפורמת ארז נקבע ל28/5/2026.,1,LEAK,CONFIDENTIAL_BUSINESS
המצגת עודכנה וכוללת את סטטוס המשימות לשבוע הקרוב.,0,NON_LEAK,NON_SENSITIVE_GENERAL
